sample,circuit_state,global_z,resamples,circuit_delay_ns,wns_ns,tns_ns,violation,critical_path_id,critical_path
1,pre_optimization,-0.6551853536430725,0,0.3196505292332762,-0.0046505292332761905,-0.0046505292332761905,True,A:rise|G1[0]|G2[0]|G3[0]|G7[0]|OUT:rise,A -> G1 -> G2 -> G3 -> G7
1,post_optimization,-0.6551853536430725,0,0.3080631225208652,0.006936877479134795,0,False,A:rise|G1[0]|G2[0]|G3[0]|G7[0]|OUT:rise,A -> G1 -> G2 -> G3 -> G7
2,pre_optimization,0.786336974405439,0,0.3223759397965179,-0.007375939796517905,-0.007375939796517905,True,D:rise|G4[0]|G5[0]|G6[0]|G7[1]|OUT:rise,D -> G4 -> G5 -> G6 -> G7
2,post_optimization,0.786336974405439,0,0.3098435829288095,0.005156417071190522,0,False,A:rise|G1[0]|G2[0]|G3[0]|G7[0]|OUT:rise,A -> G1 -> G2 -> G3 -> G7
3,pre_optimization,-1.185601867364901,0,0.2917225422044273,0.02327745779557272,0,False,D:rise|G4[0]|G5[0]|G6[0]|G7[1]|OUT:rise,D -> G4 -> G5 -> G6 -> G7
3,post_optimization,-1.185601867364901,0,0.27781277045103364,0.03718722954896636,0,False,D:rise|G4[0]|G5[0]|G6[0]|G7[1]|OUT:rise,D -> G4 -> G5 -> G6 -> G7
4,pre_optimization,-0.3019538153383101,0,0.3053208075702332,0.00967919242976678,0,False,D:rise|G4[0]|G5[0]|G6[0]|G7[1]|OUT:rise,D -> G4 -> G5 -> G6 -> G7
4,post_optimization,-0.3019538153383101,0,0.28744254410850706,0.027557455891492944,0,False,D:rise|G4[0]|G5[0]|G6[0]|G7[1]|OUT:rise,D -> G4 -> G5 -> G6 -> G7
5,pre_optimization,0.6609486836384235,0,0.33603821652541604,-0.021038216525416042,-0.021038216525416042,True,D:rise|G4[0]|G5[0]|G6[0]|G7[1]|OUT:rise,D -> G4 -> G5 -> G6 -> G7
5,post_optimization,0.6609486836384235,0,0.31476078977592414,0.00023921022407585868,0,False,D:rise|G4[0]|G5[0]|G6[0]|G7[1]|OUT:rise,D -> G4 -> G5 -> G6 -> G7
6,pre_optimization,-0.7580166300500291,0,0.3167758096991564,-0.0017758096991564165,-0.0017758096991564165,True,A:rise|G1[0]|G2[0]|G3[0]|G7[0]|OUT:rise,A -> G1 -> G2 -> G3 -> G7
6,post_optimization,-0.7580166300500291,0,0.30404000394648933,0.010959996053510668,0,False,A:rise|G1[0]|G2[0]|G3[0]|G7[0]|OUT:rise,A -> G1 -> G2 -> G3 -> G7
7,pre_optimization,0.29193650077935557,0,0.3222695649104995,-0.007269564910499515,-0.007269564910499515,True,D:rise|G4[0]|G5[0]|G6[0]|G7[1]|OUT:rise,D -> G4 -> G5 -> G6 -> G7
7,post_optimization,0.29193650077935557,0,0.30418854432374187,0.01081145567625813,0,False,D:rise|G4[0]|G5[0]|G6[0]|G7[1]|OUT:rise,D -> G4 -> G5 -> G6 -> G7
8,pre_optimization,0.319075818234384,0,0.3234523276930107,-0.008452327693010686,-0.008452327693010686,True,D:rise|G4[0]|G5[0]|G6[0]|G7[1]|OUT:rise,D -> G4 -> G5 -> G6 -> G7
8,post_optimization,0.319075818234384,0,0.3070192898849573,0.0079807101150427,0,False,A:rise|G1[0]|G2[0]|G3[0]|G7[0]|OUT:rise,A -> G1 -> G2 -> G3 -> G7
9,pre_optimization,-1.1376978446294268,0,0.30552360390781946,0.009476396092180539,0,False,D:rise|G4[0]|G5[0]|G6[0]|G7[1]|OUT:rise,D -> G4 -> G5 -> G6 -> G7
9,post_optimization,-1.1376978446294268,0,0.28842585538938653,0.02657414461061347,0,False,A:rise|G1[0]|G2[0]|G3[0]|G7[0]|OUT:rise,A -> G1 -> G2 -> G3 -> G7
10,pre_optimization,-2.844765951486734,0,0.2948499061059181,0.0201500938940819,0,False,D:rise|G4[0]|G5[0]|G6[0]|G7[1]|OUT:rise,D -> G4 -> G5 -> G6 -> G7
10,post_optimization,-2.844765951486734,0,0.27936033012759665,0.03563966987240336,0,False,D:rise|G4[0]|G5[0]|G6[0]|G7[1]|OUT:rise,D -> G4 -> G5 -> G6 -> G7
11,pre_optimization,2.6083359940940136,0,0.35975888560093017,-0.044758885600930165,-0.056105711685868975,True,A:rise|G1[0]|G2[0]|G3[0]|G7[0]|OUT:rise,A -> G1 -> G2 -> G3 -> G7
11,post_optimization,2.6083359940940136,0,0.345804238471794,-0.030804238471793977,-0.032170894760529256,True,A:rise|G1[0]|G2[0]|G3[0]|G7[0]|OUT:rise,A -> G1 -> G2 -> G3 -> G7
12,pre_optimization,-0.5584561506911465,0,0.31476224140302556,0.00023775859697444668,0,False,A:rise|G1[0]|G2[0]|G3[0]|G7[0]|OUT:rise,A -> G1 -> G2 -> G3 -> G7
12,post_optimization,-0.5584561506911465,0,0.3016430587044111,0.013356941295588898,0,False,A:rise|G1[0]|G2[0]|G3[0]|G7[0]|OUT:rise,A -> G1 -> G2 -> G3 -> G7
13,pre_optimization,1.4904575933461206,0,0.3303537425635588,-0.015353742563558814,-0.015353742563558814,True,A:rise|G1[0]|G2[0]|G3[0]|G7[0]|OUT:rise,A -> G1 -> G2 -> G3 -> G7
13,post_optimization,1.4904575933461206,0,0.31681020900246537,-0.0018102090024653683,-0.0018102090024653683,True,A:rise|G1[0]|G2[0]|G3[0]|G7[0]|OUT:rise,A -> G1 -> G2 -> G3 -> G7
14,pre_optimization,-0.27510369273509633,0,0.3154397398375598,-0.00043973983755979384,-0.00043973983755979384,True,D:rise|G4[0]|G5[0]|G6[0]|G7[1]|OUT:rise,D -> G4 -> G5 -> G6 -> G7
14,post_optimization,-0.27510369273509633,0,0.29923072967158126,0.01576927032841874,0,False,D:rise|G4[0]|G5[0]|G6[0]|G7[1]|OUT:rise,D -> G4 -> G5 -> G6 -> G7
15,pre_optimization,-0.9447470176581674,0,0.31157571309952126,0.0034242869004787457,0,False,A:rise|G1[0]|G2[0]|G3[0]|G7[0]|OUT:rise,A -> G1 -> G2 -> G3 -> G7
15,post_optimization,-0.9447470176581674,0,0.3009203805601627,0.014079619439837321,0,False,A:rise|G1[0]|G2[0]|G3[0]|G7[0]|OUT:rise,A -> G1 -> G2 -> G3 -> G7
16,pre_optimization,1.989287495341615,0,0.32952419308919967,-0.014524193089199666,-0.014524193089199666,True,D:rise|G4[0]|G5[0]|G6[0]|G7[1]|OUT:rise,D -> G4 -> G5 -> G6 -> G7
16,post_optimization,1.989287495341615,0,0.3107802973500639,0.004219702649936097,0,False,D:rise|G4[0]|G5[0]|G6[0]|G7[1]|OUT:rise,D -> G4 -> G5 -> G6 -> G7
17,pre_optimization,-0.044756291978913225,0,0.320027454347665,-0.005027454347664995,-0.005027454347664995,True,A:rise|G1[0]|G2[0]|G3[0]|G7[0]|OUT:rise,A -> G1 -> G2 -> G3 -> G7
17,post_optimization,-0.044756291978913225,0,0.30707420437353705,0.00792579562646295,0,False,A:rise|G1[0]|G2[0]|G3[0]|G7[0]|OUT:rise,A -> G1 -> G2 -> G3 -> G7
18,pre_optimization,0.03075226181804944,0,0.3242022952507969,-0.00920229525079691,-0.00920229525079691,True,A:rise|G1[0]|G2[0]|G3[0]|G7[0]|OUT:rise,A -> G1 -> G2 -> G3 -> G7
18,post_optimization,0.03075226181804944,0,0.30946133036255247,0.005538669637447535,0,False,A:rise|G1[0]|G2[0]|G3[0]|G7[0]|OUT:rise,A -> G1 -> G2 -> G3 -> G7
19,pre_optimization,1.0361569177651613,0,0.3329288218409953,-0.017928821840995313,-0.017928821840995313,True,D:rise|G4[0]|G5[0]|G6[0]|G7[1]|OUT:rise,D -> G4 -> G5 -> G6 -> G7
19,post_optimization,1.0361569177651613,0,0.31587154676957313,-0.0008715467695731283,-0.0008715467695731283,True,D:rise|G4[0]|G5[0]|G6[0]|G7[1]|OUT:rise,D -> G4 -> G5 -> G6 -> G7
20,pre_optimization,0.12885463749147502,0,0.3133865282778145,0.001613471722185511,0,False,D:rise|G4[0]|G5[0]|G6[0]|G7[1]|OUT:rise,D -> G4 -> G5 -> G6 -> G7
20,post_optimization,0.12885463749147502,0,0.2998164763830561,0.015183523616943917,0,False,A:rise|G1[0]|G2[0]|G3[0]|G7[0]|OUT:rise,A -> G1 -> G2 -> G3 -> G7
21,pre_optimization,-1.9749410212328513,0,0.29381765111246994,0.021182348887530067,0,False,A:rise|G1[0]|G2[0]|G3[0]|G7[0]|OUT:rise,A -> G1 -> G2 -> G3 -> G7
21,post_optimization,-1.9749410212328513,0,0.28592571884604784,0.029074281153952164,0,False,A:rise|G1[0]|G2[0]|G3[0]|G7[0]|OUT:rise,A -> G1 -> G2 -> G3 -> G7
22,pre_optimization,-1.354118674529134,0,0.2982036704685351,0.016796329531464926,0,False,A:rise|G1[0]|G2[0]|G3[0]|G7[0]|OUT:rise,A -> G1 -> G2 -> G3 -> G7
22,post_optimization,-1.354118674529134,0,0.28647520688204614,0.02852479311795386,0,False,A:rise|G1[0]|G2[0]|G3[0]|G7[0]|OUT:rise,A -> G1 -> G2 -> G3 -> G7
23,pre_optimization,0.26325786916579164,0,0.3279827653605087,-0.012982765360508686,-0.012982765360508686,True,D:rise|G4[0]|G5[0]|G6[0]|G7[1]|OUT:rise,D -> G4 -> G5 -> G6 -> G7
23,post_optimization,0.26325786916579164,0,0.3132073153086624,0.0017926846913375871,0,False,A:rise|G1[0]|G2[0]|G3[0]|G7[0]|OUT:rise,A -> G1 -> G2 -> G3 -> G7
24,pre_optimization,0.7978810912808859,0,0.328149174254472,-0.013149174254471985,-0.013149174254471985,True,D:rise|G4[0]|G5[0]|G6[0]|G7[1]|OUT:rise,D -> G4 -> G5 -> G6 -> G7
24,post_optimization,0.7978810912808859,0,0.3110212214318704,0.003978778568129615,0,False,D:rise|G4[0]|G5[0]|G6[0]|G7[1]|OUT:rise,D -> G4 -> G5 -> G6 -> G7
25,pre_optimization,0.7777806938223101,0,0.3214963594401494,-0.006496359440149424,-0.006496359440149424,True,D:rise|G4[0]|G5[0]|G6[0]|G7[1]|OUT:rise,D -> G4 -> G5 -> G6 -> G7
25,post_optimization,0.7777806938223101,0,0.30443653133297705,0.010563468667022957,0,False,A:rise|G1[0]|G2[0]|G3[0]|G7[0]|OUT:rise,A -> G1 -> G2 -> G3 -> G7
26,pre_optimization,-1.8958473932509736,0,0.3078966119044816,0.007103388095518415,0,False,D:rise|G4[0]|G5[0]|G6[0]|G7[1]|OUT:rise,D -> G4 -> G5 -> G6 -> G7
26,post_optimization,-1.8958473932509736,0,0.28902861532090895,0.025971384679091047,0,False,D:rise|G4[0]|G5[0]|G6[0]|G7[1]|OUT:rise,D -> G4 -> G5 -> G6 -> G7
27,pre_optimization,0.2066003062283895,0,0.3192693247409568,-0.004269324740956815,-0.004269324740956815,True,D:rise|G4[0]|G5[0]|G6[0]|G7[1]|OUT:rise,D -> G4 -> G5 -> G6 -> G7
27,post_optimization,0.2066003062283895,0,0.3018647581443904,0.013135241855609603,0,False,D:rise|G4[0]|G5[0]|G6[0]|G7[1]|OUT:rise,D -> G4 -> G5 -> G6 -> G7
28,pre_optimization,1.1366059593133988,0,0.32766415870695254,-0.012664158706952533,-0.012664158706952533,True,A:rise|G1[0]|G2[0]|G3[0]|G7[0]|OUT:rise,A -> G1 -> G2 -> G3 -> G7
28,post_optimization,1.1366059593133988,0,0.3166719641364308,-0.0016719641364307813,-0.0016719641364307813,True,A:rise|G1[0]|G2[0]|G3[0]|G7[0]|OUT:rise,A -> G1 -> G2 -> G3 -> G7
29,pre_optimization,0.5723722882300474,0,0.3085421777799092,0.006457822220090781,0,False,D:rise|G4[0]|G5[0]|G6[0]|G7[1]|OUT:rise,D -> G4 -> G5 -> G6 -> G7
29,post_optimization,0.5723722882300474,0,0.2928011150430685,0.02219888495693151,0,False,D:rise|G4[0]|G5[0]|G6[0]|G7[1]|OUT:rise,D -> G4 -> G5 -> G6 -> G7
30,pre_optimization,0.2848491093712273,0,0.33657397326054883,-0.02157397326054883,-0.02157397326054883,True,A:rise|G1[0]|G2[0]|G3[0]|G7[0]|OUT:rise,A -> G1 -> G2 -> G3 -> G7
30,post_optimization,0.2848491093712273,0,0.32280342696068287,-0.007803426960682869,-0.007803426960682869,True,A:rise|G1[0]|G2[0]|G3[0]|G7[0]|OUT:rise,A -> G1 -> G2 -> G3 -> G7
31,pre_optimization,-1.0224568444634294,0,0.31414527811741694,0.0008547218825830649,0,False,D:rise|G4[0]|G5[0]|G6[0]|G7[1]|OUT:rise,D -> G4 -> G5 -> G6 -> G7
31,post_optimization,-1.0224568444634294,0,0.2972427451587327,0.017757254841267278,0,False,D:rise|G4[0]|G5[0]|G6[0]|G7[1]|OUT:rise,D -> G4 -> G5 -> G6 -> G7
32,pre_optimization,-0.6742291910532251,0,0.3148577449391622,0.0001422550608378148,0,False,D:rise|G4[0]|G5[0]|G6[0]|G7[1]|OUT:rise,D -> G4 -> G5 -> G6 -> G7
32,post_optimization,-0.6742291910532251,0,0.29914434067298684,0.01585565932701316,0,False,D:rise|G4[0]|G5[0]|G6[0]|G7[1]|OUT:rise,D -> G4 -> G5 -> G6 -> G7
33,pre_optimization,-0.25257867132861744,0,0.315009149181676,-9.149181675993656e-06,-9.149181675993656e-06,True,D:rise|G4[0]|G5[0]|G6[0]|G7[1]|OUT:rise,D -> G4 -> G5 -> G6 -> G7
33,post_optimization,-0.25257867132861744,0,0.2970481437242062,0.01795185627579382,0,False,D:rise|G4[0]|G5[0]|G6[0]|G7[1]|OUT:rise,D -> G4 -> G5 -> G6 -> G7
34,pre_optimization,-0.7406875209131326,0,0.34057430650411696,-0.02557430650411696,-0.02557430650411696,True,D:rise|G4[0]|G5[0]|G6[0]|G7[1]|OUT:rise,D -> G4 -> G5 -> G6 -> G7
34,post_optimization,-0.7406875209131326,0,0.32342900251696677,-0.008429002516966766,-0.008429002516966766,True,D:rise|G4[0]|G5[0]|G6[0]|G7[1]|OUT:rise,D -> G4 -> G5 -> G6 -> G7
35,pre_optimization,-0.5281067311228883,0,0.31760273617057055,-0.002602736170570552,-0.002602736170570552,True,D:rise|G4[0]|G5[0]|G6[0]|G7[1]|OUT:rise,D -> G4 -> G5 -> G6 -> G7
35,post_optimization,-0.5281067311228883,0,0.298884622707727,0.016115377292273025,0,False,D:rise|G4[0]|G5[0]|G6[0]|G7[1]|OUT:rise,D -> G4 -> G5 -> G6 -> G7
36,pre_optimization,-0.3536870760678929,0,0.32348763864442415,-0.008487638644424145,-0.008487638644424145,True,D:rise|G4[0]|G5[0]|G6[0]|G7[1]|OUT:rise,D -> G4 -> G5 -> G6 -> G7
36,post_optimization,-0.3536870760678929,0,0.30428345475625873,0.010716545243741271,0,False,D:rise|G4[0]|G5[0]|G6[0]|G7[1]|OUT:rise,D -> G4 -> G5 -> G6 -> G7
37,pre_optimization,0.31678962386636605,0,0.3324238550250086,-0.017423855025008594,-0.017423855025008594,True,D:rise|G4[0]|G5[0]|G6[0]|G7[1]|OUT:rise,D -> G4 -> G5 -> G6 -> G7
37,post_optimization,0.31678962386636605,0,0.31453756895777657,0.00046243104222343234,0,False,A:rise|G1[0]|G2[0]|G3[0]|G7[0]|OUT:rise,A -> G1 -> G2 -> G3 -> G7
38,pre_optimization,0.35797069704827855,0,0.314155761862311,0.000844238137689024,0,False,A:rise|G1[0]|G2[0]|G3[0]|G7[0]|OUT:rise,A -> G1 -> G2 -> G3 -> G7
38,post_optimization,0.35797069704827855,0,0.30245420450012683,0.012545795499873169,0,False,A:rise|G1[0]|G2[0]|G3[0]|G7[0]|OUT:rise,A -> G1 -> G2 -> G3 -> G7
39,pre_optimization,0.12441482653403985,0,0.31130632062800484,0.003693679371995162,0,False,A:rise|G1[0]|G2[0]|G3[0]|G7[0]|OUT:rise,A -> G1 -> G2 -> G3 -> G7
39,post_optimization,0.12441482653403985,0,0.2987184393364853,0.016281560663514716,0,False,A:rise|G1[0]|G2[0]|G3[0]|G7[0]|OUT:rise,A -> G1 -> G2 -> G3 -> G7
40,pre_optimization,-1.3219933353240614,0,0.2964240615374122,0.018575938462587815,0,False,D:rise|G4[0]|G5[0]|G6[0]|G7[1]|OUT:rise,D -> G4 -> G5 -> G6 -> G7
40,post_optimization,-1.3219933353240614,0,0.28030943629324623,0.034690563706753774,0,False,D:rise|G4[0]|G5[0]|G6[0]|G7[1]|OUT:rise,D -> G4 -> G5 -> G6 -> G7
41,pre_optimization,-0.634476707603801,0,0.30032172325219575,0.014678276747804253,0,False,D:rise|G4[0]|G5[0]|G6[0]|G7[1]|OUT:rise,D -> G4 -> G5 -> G6 -> G7
41,post_optimization,-0.634476707603801,0,0.2863948763901702,0.028605123609829808,0,False,D:rise|G4[0]|G5[0]|G6[0]|G7[1]|OUT:rise,D -> G4 -> G5 -> G6 -> G7
42,pre_optimization,-0.19161574678140927,0,0.30783626063008707,0.007163739369912936,0,False,D:rise|G4[0]|G5[0]|G6[0]|G7[1]|OUT:rise,D -> G4 -> G5 -> G6 -> G7
42,post_optimization,-0.19161574678140927,0,0.29180704861976053,0.023192951380239468,0,False,D:rise|G4[0]|G5[0]|G6[0]|G7[1]|OUT:rise,D -> G4 -> G5 -> G6 -> G7
43,pre_optimization,-0.6243447120439684,0,0.31349196991580036,0.0015080300841996408,0,False,D:rise|G4[0]|G5[0]|G6[0]|G7[1]|OUT:rise,D -> G4 -> G5 -> G6 -> G7
43,post_optimization,-0.6243447120439684,0,0.29429298684021094,0.020707013159789067,0,False,D:rise|G4[0]|G5[0]|G6[0]|G7[1]|OUT:rise,D -> G4 -> G5 -> G6 -> G7
44,pre_optimization,0.9947473982666822,0,0.3177640621710881,-0.0027640621710880997,-0.0027640621710880997,True,D:rise|G4[0]|G5[0]|G6[0]|G7[1]|OUT:rise,D -> G4 -> G5 -> G6 -> G7
44,post_optimization,0.9947473982666822,0,0.304367069355317,0.010632930644683014,0,False,A:rise|G1[0]|G2[0]|G3[0]|G7[0]|OUT:rise,A -> G1 -> G2 -> G3 -> G7
45,pre_optimization,-1.127136766017187,0,0.31721834695828244,-0.0022183469582824356,-0.0022183469582824356,True,D:rise|G4[0]|G5[0]|G6[0]|G7[1]|OUT:rise,D -> G4 -> G5 -> G6 -> G7
45,post_optimization,-1.127136766017187,0,0.2978146263192413,0.017185373680758675,0,False,D:rise|G4[0]|G5[0]|G6[0]|G7[1]|OUT:rise,D -> G4 -> G5 -> G6 -> G7
46,pre_optimization,0.024618463470067166,0,0.3139779288452993,0.00102207115470071,0,False,A:rise|G1[0]|G2[0]|G3[0]|G7[0]|OUT:rise,A -> G1 -> G2 -> G3 -> G7
46,post_optimization,0.024618463470067166,0,0.3022825110286296,0.012717488971370428,0,False,A:rise|G1[0]|G2[0]|G3[0]|G7[0]|OUT:rise,A -> G1 -> G2 -> G3 -> G7
47,pre_optimization,0.9033752915956631,0,0.3206854101676331,-0.005685410167633076,-0.005685410167633076,True,D:rise|G4[0]|G5[0]|G6[0]|G7[1]|OUT:rise,D -> G4 -> G5 -> G6 -> G7
47,post_optimization,0.9033752915956631,0,0.3046738478729463,0.010326152127053678,0,False,A:rise|G1[0]|G2[0]|G3[0]|G7[0]|OUT:rise,A -> G1 -> G2 -> G3 -> G7
48,pre_optimization,-1.64489165433433,0,0.3014662435354535,0.01353375646454652,0,False,D:rise|G4[0]|G5[0]|G6[0]|G7[1]|OUT:rise,D -> G4 -> G5 -> G6 -> G7
48,post_optimization,-1.64489165433433,0,0.2862993972887591,0.02870060271124092,0,False,D:rise|G4[0]|G5[0]|G6[0]|G7[1]|OUT:rise,D -> G4 -> G5 -> G6 -> G7
49,pre_optimization,-1.1183679917841858,0,0.30633930478113486,0.008660695218865144,0,False,D:rise|G4[0]|G5[0]|G6[0]|G7[1]|OUT:rise,D -> G4 -> G5 -> G6 -> G7
49,post_optimization,-1.1183679917841858,0,0.28957830750232627,0.02542169249767373,0,False,D:rise|G4[0]|G5[0]|G6[0]|G7[1]|OUT:rise,D -> G4 -> G5 -> G6 -> G7
50,pre_optimization,0.031423102822089884,0,0.33025589073229783,-0.015255890732297828,-0.015255890732297828,True,D:rise|G4[0]|G5[0]|G6[0]|G7[1]|OUT:rise,D -> G4 -> G5 -> G6 -> G7
50,post_optimization,0.031423102822089884,0,0.3121449201898316,0.002855079810168415,0,False,D:rise|G4[0]|G5[0]|G6[0]|G7[1]|OUT:rise,D -> G4 -> G5 -> G6 -> G7
51,pre_optimization,-0.15181762297788662,0,0.31838725713137783,-0.00338725713137783,-0.00338725713137783,True,D:rise|G4[0]|G5[0]|G6[0]|G7[1]|OUT:rise,D -> G4 -> G5 -> G6 -> G7
51,post_optimization,-0.15181762297788662,0,0.2991070351380099,0.0158929648619901,0,False,D:rise|G4[0]|G5[0]|G6[0]|G7[1]|OUT:rise,D -> G4 -> G5 -> G6 -> G7
52,pre_optimization,-0.2458594117524566,0,0.32059134807733436,-0.005591348077334357,-0.005591348077334357,True,D:rise|G4[0]|G5[0]|G6[0]|G7[1]|OUT:rise,D -> G4 -> G5 -> G6 -> G7
52,post_optimization,-0.2458594117524566,0,0.303632710597321,0.011367289402679004,0,False,A:rise|G1[0]|G2[0]|G3[0]|G7[0]|OUT:rise,A -> G1 -> G2 -> G3 -> G7
53,pre_optimization,0.38757804168210563,0,0.3171667423319992,-0.002166742331999205,-0.002166742331999205,True,D:rise|G4[0]|G5[0]|G6[0]|G7[1]|OUT:rise,D -> G4 -> G5 -> G6 -> G7
53,post_optimization,0.38757804168210563,0,0.30335146377723615,0.01164853622276385,0,False,A:rise|G1[0]|G2[0]|G3[0]|G7[0]|OUT:rise,A -> G1 -> G2 -> G3 -> G7
54,pre_optimization,-0.695090965820881,0,0.3029801081103959,0.012019891889604117,0,False,D:rise|G4[0]|G5[0]|G6[0]|G7[1]|OUT:rise,D -> G4 -> G5 -> G6 -> G7
54,post_optimization,-0.695090965820881,0,0.2925639572813638,0.022436042718636195,0,False,A:rise|G1[0]|G2[0]|G3[0]|G7[0]|OUT:rise,A -> G1 -> G2 -> G3 -> G7
55,pre_optimization,-2.162650395257644,0,0.2965176360622949,0.018482363937705082,0,False,D:rise|G4[0]|G5[0]|G6[0]|G7[1]|OUT:rise,D -> G4 -> G5 -> G6 -> G7
55,post_optimization,-2.162650395257644,0,0.28143039353241206,0.03356960646758794,0,False,A:rise|G1[0]|G2[0]|G3[0]|G7[0]|OUT:rise,A -> G1 -> G2 -> G3 -> G7
56,pre_optimization,0.23405615365173793,0,0.30757794127234417,0.007422058727655834,0,False,D:rise|G4[0]|G5[0]|G6[0]|G7[1]|OUT:rise,D -> G4 -> G5 -> G6 -> G7
56,post_optimization,0.23405615365173793,0,0.29543138323823726,0.019568616761762747,0,False,A:rise|G1[0]|G2[0]|G3[0]|G7[0]|OUT:rise,A -> G1 -> G2 -> G3 -> G7
57,pre_optimization,-2.805612562118389,0,0.27913293000930084,0.03586706999069916,0,False,D:rise|G4[0]|G5[0]|G6[0]|G7[1]|OUT:rise,D -> G4 -> G5 -> G6 -> G7
57,post_optimization,-2.805612562118389,0,0.26391647333758367,0.051083526662416334,0,False,D:rise|G4[0]|G5[0]|G6[0]|G7[1]|OUT:rise,D -> G4 -> G5 -> G6 -> G7
58,pre_optimization,-0.6276300280036133,0,0.32161897676035694,-0.006618976760356943,-0.006618976760356943,True,D:rise|G4[0]|G5[0]|G6[0]|G7[1]|OUT:rise,D -> G4 -> G5 -> G6 -> G7
58,post_optimization,-0.6276300280036133,0,0.301176679788702,0.013823320211298007,0,False,A:rise|G1[0]|G2[0]|G3[0]|G7[0]|OUT:rise,A -> G1 -> G2 -> G3 -> G7
59,pre_optimization,-0.20560994145398115,0,0.32444159451732973,-0.009441594517329732,-0.009441594517329732,True,A:rise|G1[0]|G2[0]|G3[0]|G7[0]|OUT:rise,A -> G1 -> G2 -> G3 -> G7
59,post_optimization,-0.20560994145398115,0,0.310502386526855,0.004497613473144979,0,False,A:rise|G1[0]|G2[0]|G3[0]|G7[0]|OUT:rise,A -> G1 -> G2 -> G3 -> G7
60,pre_optimization,-0.15373708799040164,0,0.31787398111887,-0.002873981118869995,-0.002873981118869995,True,D:rise|G4[0]|G5[0]|G6[0]|G7[1]|OUT:rise,D -> G4 -> G5 -> G6 -> G7
60,post_optimization,-0.15373708799040164,0,0.29890097810049276,0.016099021899507238,0,False,A:rise|G1[0]|G2[0]|G3[0]|G7[0]|OUT:rise,A -> G1 -> G2 -> G3 -> G7
61,pre_optimization,-0.12810108297558495,0,0.3119809267287227,0.003019073271277317,0,False,A:rise|G1[0]|G2[0]|G3[0]|G7[0]|OUT:rise,A -> G1 -> G2 -> G3 -> G7
61,post_optimization,-0.12810108297558495,0,0.3015581352028941,0.013441864797105907,0,False,A:rise|G1[0]|G2[0]|G3[0]|G7[0]|OUT:rise,A -> G1 -> G2 -> G3 -> G7
62,pre_optimization,0.20873271342288724,0,0.3385394532660402,-0.023539453266040178,-0.023539453266040178,True,D:rise|G4[0]|G5[0]|G6[0]|G7[1]|OUT:rise,D -> G4 -> G5 -> G6 -> G7
62,post_optimization,0.20873271342288724,0,0.31967467222984614,-0.004674672229846133,-0.004674672229846133,True,D:rise|G4[0]|G5[0]|G6[0]|G7[1]|OUT:rise,D -> G4 -> G5 -> G6 -> G7
63,pre_optimization,1.044391092805325,0,0.32946944286614055,-0.014469442866140547,-0.014469442866140547,True,A:rise|G1[0]|G2[0]|G3[0]|G7[0]|OUT:rise,A -> G1 -> G2 -> G3 -> G7
63,post_optimization,1.044391092805325,0,0.3155272312801055,-0.0005272312801055112,-0.0005272312801055112,True,A:rise|G1[0]|G2[0]|G3[0]|G7[0]|OUT:rise,A -> G1 -> G2 -> G3 -> G7
64,pre_optimization,-0.7505216669721334,0,0.31948504661204696,-0.004485046612046961,-0.004485046612046961,True,A:rise|G1[0]|G2[0]|G3[0]|G7[0]|OUT:rise,A -> G1 -> G2 -> G3 -> G7
64,post_optimization,-0.7505216669721334,0,0.30487072737729176,0.01012927262270824,0,False,A:rise|G1[0]|G2[0]|G3[0]|G7[0]|OUT:rise,A -> G1 -> G2 -> G3 -> G7
65,pre_optimization,-1.2682192998942938,0,0.30243460017321305,0.01256539982678695,0,False,D:rise|G4[0]|G5[0]|G6[0]|G7[1]|OUT:rise,D -> G4 -> G5 -> G6 -> G7
65,post_optimization,-1.2682192998942938,0,0.2854068733338582,0.029593126666141778,0,False,D:rise|G4[0]|G5[0]|G6[0]|G7[1]|OUT:rise,D -> G4 -> G5 -> G6 -> G7
66,pre_optimization,0.7331375085423022,0,0.32015303268346845,-0.00515303268346845,-0.00515303268346845,True,D:rise|G4[0]|G5[0]|G6[0]|G7[1]|OUT:rise,D -> G4 -> G5 -> G6 -> G7
66,post_optimization,0.7331375085423022,0,0.30193895769845275,0.013061042301547254,0,False,D:rise|G4[0]|G5[0]|G6[0]|G7[1]|OUT:rise,D -> G4 -> G5 -> G6 -> G7
67,pre_optimization,0.5614539596355326,0,0.3120434886658123,0.002956511334187728,0,False,A:rise|G1[0]|G2[0]|G3[0]|G7[0]|OUT:rise,A -> G1 -> G2 -> G3 -> G7
67,post_optimization,0.5614539596355326,0,0.30037020143189663,0.01462979856810337,0,False,A:rise|G1[0]|G2[0]|G3[0]|G7[0]|OUT:rise,A -> G1 -> G2 -> G3 -> G7
68,pre_optimization,1.0484225919714034,0,0.32243894455949074,-0.007438944559490734,-0.007438944559490734,True,A:rise|G1[0]|G2[0]|G3[0]|G7[0]|OUT:rise,A -> G1 -> G2 -> G3 -> G7
68,post_optimization,1.0484225919714034,0,0.3096475150465242,0.005352484953475789,0,False,A:rise|G1[0]|G2[0]|G3[0]|G7[0]|OUT:rise,A -> G1 -> G2 -> G3 -> G7
69,pre_optimization,-1.7619663228582405,0,0.3091273362530018,0.005872663746998186,0,False,D:rise|G4[0]|G5[0]|G6[0]|G7[1]|OUT:rise,D -> G4 -> G5 -> G6 -> G7
69,post_optimization,-1.7619663228582405,0,0.2925971202618453,0.02240287973815469,0,False,A:rise|G1[0]|G2[0]|G3[0]|G7[0]|OUT:rise,A -> G1 -> G2 -> G3 -> G7
70,pre_optimization,0.9147969163276017,0,0.3248613430260641,-0.009861343026064118,-0.009861343026064118,True,A:rise|G1[0]|G2[0]|G3[0]|G7[0]|OUT:rise,A -> G1 -> G2 -> G3 -> G7
70,post_optimization,0.9147969163276017,0,0.3124288302620698,0.002571169737930201,0,False,A:rise|G1[0]|G2[0]|G3[0]|G7[0]|OUT:rise,A -> G1 -> G2 -> G3 -> G7
71,pre_optimization,1.3459179168184463,0,0.33255657416967066,-0.017556574169670658,-0.017556574169670658,True,D:rise|G4[0]|G5[0]|G6[0]|G7[1]|OUT:rise,D -> G4 -> G5 -> G6 -> G7
71,post_optimization,1.3459179168184463,0,0.31458694637367335,0.00041305362632665377,0,False,D:rise|G4[0]|G5[0]|G6[0]|G7[1]|OUT:rise,D -> G4 -> G5 -> G6 -> G7
72,pre_optimization,-0.24441647813960846,0,0.32320287204779297,-0.008202872047792964,-0.008202872047792964,True,D:rise|G4[0]|G5[0]|G6[0]|G7[1]|OUT:rise,D -> G4 -> G5 -> G6 -> G7
72,post_optimization,-0.24441647813960846,0,0.3061390837827796,0.008860916217220405,0,False,A:rise|G1[0]|G2[0]|G3[0]|G7[0]|OUT:rise,A -> G1 -> G2 -> G3 -> G7
73,pre_optimization,0.7960232510539105,0,0.32570144060000905,-0.010701440600009049,-0.010701440600009049,True,D:rise|G4[0]|G5[0]|G6[0]|G7[1]|OUT:rise,D -> G4 -> G5 -> G6 -> G7
73,post_optimization,0.7960232510539105,0,0.30772131141935316,0.0072786885806468415,0,False,D:rise|G4[0]|G5[0]|G6[0]|G7[1]|OUT:rise,D -> G4 -> G5 -> G6 -> G7
74,pre_optimization,-0.9739523848649495,0,0.31766578197327283,-0.0026657819732728294,-0.0026657819732728294,True,D:rise|G4[0]|G5[0]|G6[0]|G7[1]|OUT:rise,D -> G4 -> G5 -> G6 -> G7
74,post_optimization,-0.9739523848649495,0,0.2987716131138134,0.016228386886186608,0,False,D:rise|G4[0]|G5[0]|G6[0]|G7[1]|OUT:rise,D -> G4 -> G5 -> G6 -> G7
75,pre_optimization,-0.36413539232227377,0,0.3182434476479057,-0.003243447647905684,-0.003243447647905684,True,D:rise|G4[0]|G5[0]|G6[0]|G7[1]|OUT:rise,D -> G4 -> G5 -> G6 -> G7
75,post_optimization,-0.36413539232227377,0,0.29948717646598444,0.015512823534015563,0,False,D:rise|G4[0]|G5[0]|G6[0]|G7[1]|OUT:rise,D -> G4 -> G5 -> G6 -> G7
76,pre_optimization,1.0341127587086814,0,0.33510572655800164,-0.020105726558001635,-0.020105726558001635,True,D:rise|G4[0]|G5[0]|G6[0]|G7[1]|OUT:rise,D -> G4 -> G5 -> G6 -> G7
76,post_optimization,1.0341127587086814,0,0.3193067660425678,-0.0043067660425678,-0.0043067660425678,True,D:rise|G4[0]|G5[0]|G6[0]|G7[1]|OUT:rise,D -> G4 -> G5 -> G6 -> G7
77,pre_optimization,2.1392145532417493,0,0.33100117343178526,-0.016001173431785254,-0.016001173431785254,True,D:rise|G4[0]|G5[0]|G6[0]|G7[1]|OUT:rise,D -> G4 -> G5 -> G6 -> G7
77,post_optimization,2.1392145532417493,0,0.31396901190227,0.0010309880977300012,0,False,A:rise|G1[0]|G2[0]|G3[0]|G7[0]|OUT:rise,A -> G1 -> G2 -> G3 -> G7
78,pre_optimization,-1.0351437306980533,0,0.2982839427428536,0.01671605725714642,0,False,A:rise|G1[0]|G2[0]|G3[0]|G7[0]|OUT:rise,A -> G1 -> G2 -> G3 -> G7
78,post_optimization,-1.0351437306980533,0,0.28861274151346616,0.026387258486533838,0,False,A:rise|G1[0]|G2[0]|G3[0]|G7[0]|OUT:rise,A -> G1 -> G2 -> G3 -> G7
79,pre_optimization,-2.583434524971774,0,0.30476112116918835,0.010238878830811649,0,False,D:rise|G4[0]|G5[0]|G6[0]|G7[1]|OUT:rise,D -> G4 -> G5 -> G6 -> G7
79,post_optimization,-2.583434524971774,0,0.2864855534137255,0.0285144465862745,0,False,D:rise|G4[0]|G5[0]|G6[0]|G7[1]|OUT:rise,D -> G4 -> G5 -> G6 -> G7
80,pre_optimization,-0.3707177664094577,0,0.30900204893392513,0.005997951066074869,0,False,A:rise|G1[0]|G2[0]|G3[0]|G7[0]|OUT:rise,A -> G1 -> G2 -> G3 -> G7
80,post_optimization,-0.3707177664094577,0,0.29787266055303663,0.017127339446963374,0,False,A:rise|G1[0]|G2[0]|G3[0]|G7[0]|OUT:rise,A -> G1 -> G2 -> G3 -> G7
81,pre_optimization,1.0031923125232551,0,0.32693513641917904,-0.011935136419179038,-0.011935136419179038,True,D:rise|G4[0]|G5[0]|G6[0]|G7[1]|OUT:rise,D -> G4 -> G5 -> G6 -> G7
81,post_optimization,1.0031923125232551,0,0.3133726896043667,0.0016273103956332968,0,False,A:rise|G1[0]|G2[0]|G3[0]|G7[0]|OUT:rise,A -> G1 -> G2 -> G3 -> G7
82,pre_optimization,1.4516142876733837,0,0.3235079634678322,-0.008507963467832225,-0.008507963467832225,True,A:rise|G1[0]|G2[0]|G3[0]|G7[0]|OUT:rise,A -> G1 -> G2 -> G3 -> G7
82,post_optimization,1.4516142876733837,0,0.3102211017219777,0.004778898278022303,0,False,A:rise|G1[0]|G2[0]|G3[0]|G7[0]|OUT:rise,A -> G1 -> G2 -> G3 -> G7
83,pre_optimization,1.1650951169462882,0,0.33134277703875487,-0.016342777038754863,-0.016342777038754863,True,D:rise|G4[0]|G5[0]|G6[0]|G7[1]|OUT:rise,D -> G4 -> G5 -> G6 -> G7
83,post_optimization,1.1650951169462882,0,0.31424605738928335,0.0007539426107166514,0,False,D:rise|G4[0]|G5[0]|G6[0]|G7[1]|OUT:rise,D -> G4 -> G5 -> G6 -> G7
84,pre_optimization,-1.0060927661995853,0,0.32061015909114204,-0.005610159091142042,-0.005610159091142042,True,D:rise|G4[0]|G5[0]|G6[0]|G7[1]|OUT:rise,D -> G4 -> G5 -> G6 -> G7
84,post_optimization,-1.0060927661995853,0,0.3049528929659724,0.010047107034027614,0,False,A:rise|G1[0]|G2[0]|G3[0]|G7[0]|OUT:rise,A -> G1 -> G2 -> G3 -> G7
85,pre_optimization,0.18055567970584996,0,0.3256463961222148,-0.010646396122214796,-0.010646396122214796,True,D:rise|G4[0]|G5[0]|G6[0]|G7[1]|OUT:rise,D -> G4 -> G5 -> G6 -> G7
85,post_optimization,0.18055567970584996,0,0.3080018793270718,0.00699812067292821,0,False,D:rise|G4[0]|G5[0]|G6[0]|G7[1]|OUT:rise,D -> G4 -> G5 -> G6 -> G7
86,pre_optimization,-1.3531673783082037,0,0.3042620844944637,0.010737915505536322,0,False,A:rise|G1[0]|G2[0]|G3[0]|G7[0]|OUT:rise,A -> G1 -> G2 -> G3 -> G7
86,post_optimization,-1.3531673783082037,0,0.29215999816556826,0.022840001834431745,0,False,A:rise|G1[0]|G2[0]|G3[0]|G7[0]|OUT:rise,A -> G1 -> G2 -> G3 -> G7
87,pre_optimization,-1.7540688526990762,0,0.31670549930623226,-0.001705499306232261,-0.001705499306232261,True,D:rise|G4[0]|G5[0]|G6[0]|G7[1]|OUT:rise,D -> G4 -> G5 -> G6 -> G7
87,post_optimization,-1.7540688526990762,0,0.2989903038643791,0.01600969613562092,0,False,A:rise|G1[0]|G2[0]|G3[0]|G7[0]|OUT:rise,A -> G1 -> G2 -> G3 -> G7
88,pre_optimization,-0.09900844296480336,0,0.31566625170556173,-0.0006662517055617267,-0.0006662517055617267,True,D:rise|G4[0]|G5[0]|G6[0]|G7[1]|OUT:rise,D -> G4 -> G5 -> G6 -> G7
88,post_optimization,-0.09900844296480336,0,0.3001810383432064,0.014818961656793583,0,False,A:rise|G1[0]|G2[0]|G3[0]|G7[0]|OUT:rise,A -> G1 -> G2 -> G3 -> G7
89,pre_optimization,1.1584523317102586,0,0.33190336767459216,-0.016903367674592162,-0.016903367674592162,True,A:rise|G1[0]|G2[0]|G3[0]|G7[0]|OUT:rise,A -> G1 -> G2 -> G3 -> G7
89,post_optimization,1.1584523317102586,0,0.3175509069711961,-0.0025509069711960874,-0.0025509069711960874,True,A:rise|G1[0]|G2[0]|G3[0]|G7[0]|OUT:rise,A -> G1 -> G2 -> G3 -> G7
90,pre_optimization,1.2181437361080745,0,0.34241650278943003,-0.02741650278943003,-0.02741650278943003,True,D:rise|G4[0]|G5[0]|G6[0]|G7[1]|OUT:rise,D -> G4 -> G5 -> G6 -> G7
90,post_optimization,1.2181437361080745,0,0.32247125556989065,-0.007471255569890645,-0.007471255569890645,True,D:rise|G4[0]|G5[0]|G6[0]|G7[1]|OUT:rise,D -> G4 -> G5 -> G6 -> G7
91,pre_optimization,-1.2281967850752542,0,0.30532243926820174,0.009677560731798263,0,False,D:rise|G4[0]|G5[0]|G6[0]|G7[1]|OUT:rise,D -> G4 -> G5 -> G6 -> G7
91,post_optimization,-1.2281967850752542,0,0.2876249838424609,0.027375016157539123,0,False,D:rise|G4[0]|G5[0]|G6[0]|G7[1]|OUT:rise,D -> G4 -> G5 -> G6 -> G7
92,pre_optimization,2.1214513046209555,0,0.35139754720583904,-0.03639754720583904,-0.03639754720583904,True,D:rise|G4[0]|G5[0]|G6[0]|G7[1]|OUT:rise,D -> G4 -> G5 -> G6 -> G7
92,post_optimization,2.1214513046209555,0,0.32990586376630554,-0.014905863766305538,-0.014905863766305538,True,D:rise|G4[0]|G5[0]|G6[0]|G7[1]|OUT:rise,D -> G4 -> G5 -> G6 -> G7
93,pre_optimization,-0.2108257299880673,0,0.30523681391074164,0.009763186089258358,0,False,D:rise|G4[0]|G5[0]|G6[0]|G7[1]|OUT:rise,D -> G4 -> G5 -> G6 -> G7
93,post_optimization,-0.2108257299880673,0,0.2917131248590713,0.023286875140928698,0,False,A:rise|G1[0]|G2[0]|G3[0]|G7[0]|OUT:rise,A -> G1 -> G2 -> G3 -> G7
94,pre_optimization,1.064401589129336,0,0.32749211686622576,-0.012492116866225755,-0.012492116866225755,True,A:rise|G1[0]|G2[0]|G3[0]|G7[0]|OUT:rise,A -> G1 -> G2 -> G3 -> G7
94,post_optimization,1.064401589129336,0,0.3138062790576449,0.001193720942355092,0,False,A:rise|G1[0]|G2[0]|G3[0]|G7[0]|OUT:rise,A -> G1 -> G2 -> G3 -> G7
95,pre_optimization,0.22760618149967557,0,0.32165172290165905,-0.006651722901659052,-0.006651722901659052,True,D:rise|G4[0]|G5[0]|G6[0]|G7[1]|OUT:rise,D -> G4 -> G5 -> G6 -> G7
95,post_optimization,0.22760618149967557,0,0.30283612907085833,0.012163870929141674,0,False,D:rise|G4[0]|G5[0]|G6[0]|G7[1]|OUT:rise,D -> G4 -> G5 -> G6 -> G7
96,pre_optimization,-0.21411546072747895,0,0.31751794433524383,-0.002517944335243827,-0.002517944335243827,True,A:rise|G1[0]|G2[0]|G3[0]|G7[0]|OUT:rise,A -> G1 -> G2 -> G3 -> G7
96,post_optimization,-0.21411546072747895,0,0.30425029018386873,0.01074970981613127,0,False,A:rise|G1[0]|G2[0]|G3[0]|G7[0]|OUT:rise,A -> G1 -> G2 -> G3 -> G7
97,pre_optimization,0.44277860489940507,0,0.3331481636276429,-0.018148163627642877,-0.018148163627642877,True,D:rise|G4[0]|G5[0]|G6[0]|G7[1]|OUT:rise,D -> G4 -> G5 -> G6 -> G7
97,post_optimization,0.44277860489940507,0,0.31382876210828153,0.0011712378917184685,0,False,D:rise|G4[0]|G5[0]|G6[0]|G7[1]|OUT:rise,D -> G4 -> G5 -> G6 -> G7
98,pre_optimization,-0.37559956725427157,0,0.32579295702044875,-0.010792957020448746,-0.010792957020448746,True,D:rise|G4[0]|G5[0]|G6[0]|G7[1]|OUT:rise,D -> G4 -> G5 -> G6 -> G7
98,post_optimization,-0.37559956725427157,0,0.3086903825139199,0.00630961748608011,0,False,A:rise|G1[0]|G2[0]|G3[0]|G7[0]|OUT:rise,A -> G1 -> G2 -> G3 -> G7
99,pre_optimization,-0.537528166128134,0,0.32168338561539656,-0.006683385615396553,-0.006683385615396553,True,D:rise|G4[0]|G5[0]|G6[0]|G7[1]|OUT:rise,D -> G4 -> G5 -> G6 -> G7
99,post_optimization,-0.537528166128134,0,0.30143699709385796,0.013563002906142041,0,False,A:rise|G1[0]|G2[0]|G3[0]|G7[0]|OUT:rise,A -> G1 -> G2 -> G3 -> G7
100,pre_optimization,-1.2583266516828666,0,0.3062821305367443,0.0087178694632557,0,False,D:rise|G4[0]|G5[0]|G6[0]|G7[1]|OUT:rise,D -> G4 -> G5 -> G6 -> G7
100,post_optimization,-1.2583266516828666,0,0.29028249976841447,0.024717500231585532,0,False,D:rise|G4[0]|G5[0]|G6[0]|G7[1]|OUT:rise,D -> G4 -> G5 -> G6 -> G7
101,pre_optimization,-1.231723447281533,0,0.3031625139841343,0.011837486015865706,0,False,D:rise|G4[0]|G5[0]|G6[0]|G7[1]|OUT:rise,D -> G4 -> G5 -> G6 -> G7
101,post_optimization,-1.231723447281533,0,0.28470165054161645,0.030298349458383556,0,False,D:rise|G4[0]|G5[0]|G6[0]|G7[1]|OUT:rise,D -> G4 -> G5 -> G6 -> G7
102,pre_optimization,0.5773839068734505,0,0.3217692578362352,-0.006769257836235221,-0.006769257836235221,True,D:rise|G4[0]|G5[0]|G6[0]|G7[1]|OUT:rise,D -> G4 -> G5 -> G6 -> G7
102,post_optimization,0.5773839068734505,0,0.3019488157528128,0.013051184247187209,0,False,D:rise|G4[0]|G5[0]|G6[0]|G7[1]|OUT:rise,D -> G4 -> G5 -> G6 -> G7
103,pre_optimization,-1.6242981278479391,0,0.3023596201752502,0.012640379824749803,0,False,D:rise|G4[0]|G5[0]|G6[0]|G7[1]|OUT:rise,D -> G4 -> G5 -> G6 -> G7
103,post_optimization,-1.6242981278479391,0,0.285665959405178,0.029334040594821975,0,False,D:rise|G4[0]|G5[0]|G6[0]|G7[1]|OUT:rise,D -> G4 -> G5 -> G6 -> G7
104,pre_optimization,0.5175876782663309,0,0.31976561913712415,-0.004765619137124144,-0.004765619137124144,True,D:rise|G4[0]|G5[0]|G6[0]|G7[1]|OUT:rise,D -> G4 -> G5 -> G6 -> G7
104,post_optimization,0.5175876782663309,0,0.3076195178324981,0.007380482167501923,0,False,A:rise|G1[0]|G2[0]|G3[0]|G7[0]|OUT:rise,A -> G1 -> G2 -> G3 -> G7
105,pre_optimization,0.9157540830118571,0,0.3286871135644346,-0.013687113564434583,-0.013687113564434583,True,D:rise|G4[0]|G5[0]|G6[0]|G7[1]|OUT:rise,D -> G4 -> G5 -> G6 -> G7
105,post_optimization,0.9157540830118571,0,0.31072639016216996,0.004273609837830039,0,False,A:rise|G1[0]|G2[0]|G3[0]|G7[0]|OUT:rise,A -> G1 -> G2 -> G3 -> G7
106,pre_optimization,0.42593057556720043,0,0.317404928983227,-0.0024049289832269727,-0.0024049289832269727,True,A:rise|G1[0]|G2[0]|G3[0]|G7[0]|OUT:rise,A -> G1 -> G2 -> G3 -> G7
106,post_optimization,0.42593057556720043,0,0.30459125963254446,0.010408740367455538,0,False,A:rise|G1[0]|G2[0]|G3[0]|G7[0]|OUT:rise,A -> G1 -> G2 -> G3 -> G7
107,pre_optimization,0.27991258253955204,0,0.31276976912293186,0.00223023087706814,0,False,A:rise|G1[0]|G2[0]|G3[0]|G7[0]|OUT:rise,A -> G1 -> G2 -> G3 -> G7
107,post_optimization,0.27991258253955204,0,0.30096626894016143,0.014033731059838572,0,False,A:rise|G1[0]|G2[0]|G3[0]|G7[0]|OUT:rise,A -> G1 -> G2 -> G3 -> G7
108,pre_optimization,-0.1741781220821264,0,0.33514164748044456,-0.020141647480444558,-0.020141647480444558,True,A:rise|G1[0]|G2[0]|G3[0]|G7[0]|OUT:rise,A -> G1 -> G2 -> G3 -> G7
108,post_optimization,-0.1741781220821264,0,0.3219099332584387,-0.006909933258438694,-0.006909933258438694,True,A:rise|G1[0]|G2[0]|G3[0]|G7[0]|OUT:rise,A -> G1 -> G2 -> G3 -> G7
109,pre_optimization,-0.5437707374569157,0,0.2955441632645499,0.019455836735450094,0,False,A:rise|G1[0]|G2[0]|G3[0]|G7[0]|OUT:rise,A -> G1 -> G2 -> G3 -> G7
109,post_optimization,-0.5437707374569157,0,0.28620749011128144,0.028792509888718565,0,False,A:rise|G1[0]|G2[0]|G3[0]|G7[0]|OUT:rise,A -> G1 -> G2 -> G3 -> G7
110,pre_optimization,-1.8632520094312586,0,0.3011341245283991,0.013865875471600897,0,False,D:rise|G4[0]|G5[0]|G6[0]|G7[1]|OUT:rise,D -> G4 -> G5 -> G6 -> G7
110,post_optimization,-1.8632520094312586,0,0.2842182178826654,0.030781782117334622,0,False,A:rise|G1[0]|G2[0]|G3[0]|G7[0]|OUT:rise,A -> G1 -> G2 -> G3 -> G7
111,pre_optimization,-1.7234478524615666,0,0.29267725375221343,0.022322746247786573,0,False,D:rise|G4[0]|G5[0]|G6[0]|G7[1]|OUT:rise,D -> G4 -> G5 -> G6 -> G7
111,post_optimization,-1.7234478524615666,0,0.2763536754720345,0.038646324527965514,0,False,D:rise|G4[0]|G5[0]|G6[0]|G7[1]|OUT:rise,D -> G4 -> G5 -> G6 -> G7
112,pre_optimization,0.8726515791452115,0,0.32813092451777565,-0.013130924517775644,-0.013130924517775644,True,D:rise|G4[0]|G5[0]|G6[0]|G7[1]|OUT:rise,D -> G4 -> G5 -> G6 -> G7
112,post_optimization,0.8726515791452115,0,0.3113494339377696,0.0036505660622304092,0,False,D:rise|G4[0]|G5[0]|G6[0]|G7[1]|OUT:rise,D -> G4 -> G5 -> G6 -> G7
113,pre_optimization,-0.8881343504684637,0,0.31292773987023403,0.002072260129765968,0,False,D:rise|G4[0]|G5[0]|G6[0]|G7[1]|OUT:rise,D -> G4 -> G5 -> G6 -> G7
113,post_optimization,-0.8881343504684637,0,0.2944390241838205,0.020560975816179494,0,False,D:rise|G4[0]|G5[0]|G6[0]|G7[1]|OUT:rise,D -> G4 -> G5 -> G6 -> G7
114,pre_optimization,0.7924979361031016,0,0.32284855329250917,-0.007848553292509164,-0.007848553292509164,True,A:rise|G1[0]|G2[0]|G3[0]|G7[0]|OUT:rise,A -> G1 -> G2 -> G3 -> G7
114,post_optimization,0.7924979361031016,0,0.30916493889912317,0.005835061100876837,0,False,A:rise|G1[0]|G2[0]|G3[0]|G7[0]|OUT:rise,A -> G1 -> G2 -> G3 -> G7
115,pre_optimization,-1.9023765624261715,0,0.3150038927261675,-3.892726167520344e-06,-3.892726167520344e-06,True,A:rise|G1[0]|G2[0]|G3[0]|G7[0]|OUT:rise,A -> G1 -> G2 -> G3 -> G7
115,post_optimization,-1.9023765624261715,0,0.3014096257629445,0.013590374237055503,0,False,A:rise|G1[0]|G2[0]|G3[0]|G7[0]|OUT:rise,A -> G1 -> G2 -> G3 -> G7
116,pre_optimization,1.1056977073795056,0,0.32866688142207245,-0.013666881422072452,-0.013666881422072452,True,A:rise|G1[0]|G2[0]|G3[0]|G7[0]|OUT:rise,A -> G1 -> G2 -> G3 -> G7
116,post_optimization,1.1056977073795056,0,0.31727995855315966,-0.0022799585531596556,-0.0022799585531596556,True,A:rise|G1[0]|G2[0]|G3[0]|G7[0]|OUT:rise,A -> G1 -> G2 -> G3 -> G7
117,pre_optimization,0.3165803134335414,0,0.3301026096895684,-0.015102609689568391,-0.015102609689568391,True,D:rise|G4[0]|G5[0]|G6[0]|G7[1]|OUT:rise,D -> G4 -> G5 -> G6 -> G7
117,post_optimization,0.3165803134335414,0,0.3123324631799525,0.0026675368200475003,0,False,A:rise|G1[0]|G2[0]|G3[0]|G7[0]|OUT:rise,A -> G1 -> G2 -> G3 -> G7
118,pre_optimization,0.1937341937425559,0,0.3264325665877568,-0.01143256658775682,-0.01143256658775682,True,D:rise|G4[0]|G5[0]|G6[0]|G7[1]|OUT:rise,D -> G4 -> G5 -> G6 -> G7
118,post_optimization,0.1937341937425559,0,0.3091210328193752,0.005878967180624806,0,False,D:rise|G4[0]|G5[0]|G6[0]|G7[1]|OUT:rise,D -> G4 -> G5 -> G6 -> G7
119,pre_optimization,-0.6212790793588419,0,0.3254725157374814,-0.010472515737481425,-0.010472515737481425,True,A:rise|G1[0]|G2[0]|G3[0]|G7[0]|OUT:rise,A -> G1 -> G2 -> G3 -> G7
119,post_optimization,-0.6212790793588419,0,0.31082482114614823,0.004175178853851769,0,False,A:rise|G1[0]|G2[0]|G3[0]|G7[0]|OUT:rise,A -> G1 -> G2 -> G3 -> G7
120,pre_optimization,-0.8122274809502867,0,0.3161447310906777,-0.0011447310906776975,-0.0011447310906776975,True,D:rise|G4[0]|G5[0]|G6[0]|G7[1]|OUT:rise,D -> G4 -> G5 -> G6 -> G7
120,post_optimization,-0.8122274809502867,0,0.296610187419171,0.018389812580829,0,False,D:rise|G4[0]|G5[0]|G6[0]|G7[1]|OUT:rise,D -> G4 -> G5 -> G6 -> G7
121,pre_optimization,0.028099347195269173,0,0.31981227509609156,-0.004812275096091556,-0.004812275096091556,True,D:rise|G4[0]|G5[0]|G6[0]|G7[1]|OUT:rise,D -> G4 -> G5 -> G6 -> G7
121,post_optimization,0.028099347195269173,0,0.30286580126791085,0.012134198732089152,0,False,D:rise|G4[0]|G5[0]|G6[0]|G7[1]|OUT:rise,D -> G4 -> G5 -> G6 -> G7
122,pre_optimization,-0.4030980635860272,0,0.3164088996351366,-0.0014088996351365735,-0.0014088996351365735,True,D:rise|G4[0]|G5[0]|G6[0]|G7[1]|OUT:rise,D -> G4 -> G5 -> G6 -> G7
122,post_optimization,-0.4030980635860272,0,0.30066946046006926,0.014330539539930742,0,False,A:rise|G1[0]|G2[0]|G3[0]|G7[0]|OUT:rise,A -> G1 -> G2 -> G3 -> G7
123,pre_optimization,-0.4241170404199698,0,0.3061132314980093,0.008886768501990716,0,False,A:rise|G1[0]|G2[0]|G3[0]|G7[0]|OUT:rise,A -> G1 -> G2 -> G3 -> G7
123,post_optimization,-0.4241170404199698,0,0.29933145262616856,0.015668547373831443,0,False,A:rise|G1[0]|G2[0]|G3[0]|G7[0]|OUT:rise,A -> G1 -> G2 -> G3 -> G7
124,pre_optimization,0.8736061003757214,0,0.3269108220498001,-0.011910822049800096,-0.011910822049800096,True,A:rise|G1[0]|G2[0]|G3[0]|G7[0]|OUT:rise,A -> G1 -> G2 -> G3 -> G7
124,post_optimization,0.8736061003757214,0,0.31305187280234015,0.0019481271976598546,0,False,A:rise|G1[0]|G2[0]|G3[0]|G7[0]|OUT:rise,A -> G1 -> G2 -> G3 -> G7
125,pre_optimization,-0.5446850074144486,0,0.31137195832577047,0.003628041674229532,0,False,D:rise|G4[0]|G5[0]|G6[0]|G7[1]|OUT:rise,D -> G4 -> G5 -> G6 -> G7
125,post_optimization,-0.5446850074144486,0,0.2947688917406388,0.020231108259361197,0,False,D:rise|G4[0]|G5[0]|G6[0]|G7[1]|OUT:rise,D -> G4 -> G5 -> G6 -> G7
126,pre_optimization,-1.1561187833626256,0,0.31334331518236475,0.0016566848176352567,0,False,D:rise|G4[0]|G5[0]|G6[0]|G7[1]|OUT:rise,D -> G4 -> G5 -> G6 -> G7
126,post_optimization,-1.1561187833626256,0,0.29342778286065097,0.021572217139349037,0,False,D:rise|G4[0]|G5[0]|G6[0]|G7[1]|OUT:rise,D -> G4 -> G5 -> G6 -> G7
127,pre_optimization,-0.200044800926347,0,0.29991176986852935,0.015088230131470648,0,False,D:rise|G4[0]|G5[0]|G6[0]|G7[1]|OUT:rise,D -> G4 -> G5 -> G6 -> G7
127,post_optimization,-0.200044800926347,0,0.28658229776521527,0.028417702234784736,0,False,A:rise|G1[0]|G2[0]|G3[0]|G7[0]|OUT:rise,A -> G1 -> G2 -> G3 -> G7
128,pre_optimization,0.1665832342708808,0,0.3031976508829567,0.01180234911704331,0,False,A:rise|G1[0]|G2[0]|G3[0]|G7[0]|OUT:rise,A -> G1 -> G2 -> G3 -> G7
128,post_optimization,0.1665832342708808,0,0.2942868832767024,0.02071311672329762,0,False,A:rise|G1[0]|G2[0]|G3[0]|G7[0]|OUT:rise,A -> G1 -> G2 -> G3 -> G7
129,pre_optimization,-0.365157793988061,0,0.3106665254972353,0.004333474502764723,0,False,A:rise|G1[0]|G2[0]|G3[0]|G7[0]|OUT:rise,A -> G1 -> G2 -> G3 -> G7
129,post_optimization,-0.365157793988061,0,0.2967653519485434,0.01823464805145658,0,False,A:rise|G1[0]|G2[0]|G3[0]|G7[0]|OUT:rise,A -> G1 -> G2 -> G3 -> G7
130,pre_optimization,0.33669440985960486,0,0.3082502341991251,0.006749765800874885,0,False,D:rise|G4[0]|G5[0]|G6[0]|G7[1]|OUT:rise,D -> G4 -> G5 -> G6 -> G7
130,post_optimization,0.33669440985960486,0,0.29225892982084,0.022741070179159995,0,False,D:rise|G4[0]|G5[0]|G6[0]|G7[1]|OUT:rise,D -> G4 -> G5 -> G6 -> G7
131,pre_optimization,0.15874452715778023,0,0.3175633002799449,-0.002563300279944891,-0.002563300279944891,True,A:rise|G1[0]|G2[0]|G3[0]|G7[0]|OUT:rise,A -> G1 -> G2 -> G3 -> G7
131,post_optimization,0.15874452715778023,0,0.3047968058508255,0.010203194149174477,0,False,A:rise|G1[0]|G2[0]|G3[0]|G7[0]|OUT:rise,A -> G1 -> G2 -> G3 -> G7
132,pre_optimization,0.47628910998964674,0,0.3129593031779012,0.0020406968220987864,0,False,A:rise|G1[0]|G2[0]|G3[0]|G7[0]|OUT:rise,A -> G1 -> G2 -> G3 -> G7
132,post_optimization,0.47628910998964674,0,0.29975680439760977,0.015243195602390236,0,False,A:rise|G1[0]|G2[0]|G3[0]|G7[0]|OUT:rise,A -> G1 -> G2 -> G3 -> G7
133,pre_optimization,0.4574705410271391,0,0.3124746308740881,0.0025253691259118916,0,False,D:rise|G4[0]|G5[0]|G6[0]|G7[1]|OUT:rise,D -> G4 -> G5 -> G6 -> G7
133,post_optimization,0.4574705410271391,0,0.30126499675852697,0.013735003241473032,0,False,A:rise|G1[0]|G2[0]|G3[0]|G7[0]|OUT:rise,A -> G1 -> G2 -> G3 -> G7
134,pre_optimization,-0.30420545296467266,0,0.325379665148445,-0.010379665148445016,-0.010379665148445016,True,D:rise|G4[0]|G5[0]|G6[0]|G7[1]|OUT:rise,D -> G4 -> G5 -> G6 -> G7
134,post_optimization,-0.30420545296467266,0,0.30520452825179883,0.009795471748201168,0,False,D:rise|G4[0]|G5[0]|G6[0]|G7[1]|OUT:rise,D -> G4 -> G5 -> G6 -> G7
135,pre_optimization,1.1475253112169634,0,0.3231305413415039,-0.008130541341503872,-0.008130541341503872,True,A:rise|G1[0]|G2[0]|G3[0]|G7[0]|OUT:rise,A -> G1 -> G2 -> G3 -> G7
135,post_optimization,1.1475253112169634,0,0.3140948507592132,0.0009051492407868289,0,False,A:rise|G1[0]|G2[0]|G3[0]|G7[0]|OUT:rise,A -> G1 -> G2 -> G3 -> G7
136,pre_optimization,1.4561600947354574,0,0.31630162252318206,-0.0013016225231820555,-0.0013016225231820555,True,D:rise|G4[0]|G5[0]|G6[0]|G7[1]|OUT:rise,D -> G4 -> G5 -> G6 -> G7
136,post_optimization,1.4561600947354574,0,0.3019710986925504,0.013028901307449603,0,False,A:rise|G1[0]|G2[0]|G3[0]|G7[0]|OUT:rise,A -> G1 -> G2 -> G3 -> G7
137,pre_optimization,0.5808288783657551,0,0.328662478963192,-0.013662478963192004,-0.013662478963192004,True,D:rise|G4[0]|G5[0]|G6[0]|G7[1]|OUT:rise,D -> G4 -> G5 -> G6 -> G7
137,post_optimization,0.5808288783657551,0,0.31057554295175205,0.004424457048247954,0,False,D:rise|G4[0]|G5[0]|G6[0]|G7[1]|OUT:rise,D -> G4 -> G5 -> G6 -> G7
138,pre_optimization,0.7148245454711131,0,0.339839108710497,-0.024839108710496993,-0.024839108710496993,True,D:rise|G4[0]|G5[0]|G6[0]|G7[1]|OUT:rise,D -> G4 -> G5 -> G6 -> G7
138,post_optimization,0.7148245454711131,0,0.32038313714940225,-0.005383137149402251,-0.005383137149402251,True,D:rise|G4[0]|G5[0]|G6[0]|G7[1]|OUT:rise,D -> G4 -> G5 -> G6 -> G7
139,pre_optimization,-0.3375553103821165,0,0.30908338691628523,0.005916613083714772,0,False,D:rise|G4[0]|G5[0]|G6[0]|G7[1]|OUT:rise,D -> G4 -> G5 -> G6 -> G7
139,post_optimization,-0.3375553103821165,0,0.2926043663546212,0.022395633645378776,0,False,A:rise|G1[0]|G2[0]|G3[0]|G7[0]|OUT:rise,A -> G1 -> G2 -> G3 -> G7
140,pre_optimization,-0.04324103766928352,0,0.3200289173213288,-0.0050289173213288185,-0.0050289173213288185,True,D:rise|G4[0]|G5[0]|G6[0]|G7[1]|OUT:rise,D -> G4 -> G5 -> G6 -> G7
140,post_optimization,-0.04324103766928352,0,0.30714342478004786,0.007856575219952144,0,False,A:rise|G1[0]|G2[0]|G3[0]|G7[0]|OUT:rise,A -> G1 -> G2 -> G3 -> G7
141,pre_optimization,2.1450964398890973,0,0.3394165329717139,-0.024416532971713922,-0.024416532971713922,True,A:rise|G1[0]|G2[0]|G3[0]|G7[0]|OUT:rise,A -> G1 -> G2 -> G3 -> G7
141,post_optimization,2.1450964398890973,0,0.32375440637585584,-0.008754406375855839,-0.008754406375855839,True,A:rise|G1[0]|G2[0]|G3[0]|G7[0]|OUT:rise,A -> G1 -> G2 -> G3 -> G7
142,pre_optimization,2.0457803473023874,0,0.3488508731800858,-0.03385087318008578,-0.035711173427920295,True,A:rise|G1[0]|G2[0]|G3[0]|G7[0]|OUT:rise,A -> G1 -> G2 -> G3 -> G7
142,post_optimization,2.0457803473023874,0,0.3352340884225991,-0.020234088422599106,-0.020234088422599106,True,A:rise|G1[0]|G2[0]|G3[0]|G7[0]|OUT:rise,A -> G1 -> G2 -> G3 -> G7
143,pre_optimization,-2.653355138552615,0,0.3125750480208713,0.0024249519791286755,0,False,D:rise|G4[0]|G5[0]|G6[0]|G7[1]|OUT:rise,D -> G4 -> G5 -> G6 -> G7
143,post_optimization,-2.653355138552615,0,0.2958581743243593,0.01914182567564071,0,False,D:rise|G4[0]|G5[0]|G6[0]|G7[1]|OUT:rise,D -> G4 -> G5 -> G6 -> G7
144,pre_optimization,0.5095564885253749,0,0.33537796176015583,-0.020377961760155827,-0.020377961760155827,True,D:rise|G4[0]|G5[0]|G6[0]|G7[1]|OUT:rise,D -> G4 -> G5 -> G6 -> G7
144,post_optimization,0.5095564885253749,0,0.3150246952152081,-2.469521520809259e-05,-2.469521520809259e-05,True,D:rise|G4[0]|G5[0]|G6[0]|G7[1]|OUT:rise,D -> G4 -> G5 -> G6 -> G7
145,pre_optimization,-0.8218490647173997,0,0.3091448736288407,0.005855126371159314,0,False,D:rise|G4[0]|G5[0]|G6[0]|G7[1]|OUT:rise,D -> G4 -> G5 -> G6 -> G7
145,post_optimization,-0.8218490647173997,0,0.2956222203956157,0.019377779604384304,0,False,A:rise|G1[0]|G2[0]|G3[0]|G7[0]|OUT:rise,A -> G1 -> G2 -> G3 -> G7
146,pre_optimization,-1.0506974227040144,0,0.30918917032202226,0.005810829677977747,0,False,A:rise|G1[0]|G2[0]|G3[0]|G7[0]|OUT:rise,A -> G1 -> G2 -> G3 -> G7
146,post_optimization,-1.0506974227040144,0,0.2959071682355913,0.01909283176440868,0,False,A:rise|G1[0]|G2[0]|G3[0]|G7[0]|OUT:rise,A -> G1 -> G2 -> G3 -> G7
147,pre_optimization,-0.3105913444630897,0,0.33537286576618996,-0.020372865766189963,-0.020372865766189963,True,A:rise|G1[0]|G2[0]|G3[0]|G7[0]|OUT:rise,A -> G1 -> G2 -> G3 -> G7
147,post_optimization,-0.3105913444630897,0,0.32201502338729404,-0.007015023387294039,-0.007015023387294039,True,A:rise|G1[0]|G2[0]|G3[0]|G7[0]|OUT:rise,A -> G1 -> G2 -> G3 -> G7
148,pre_optimization,0.7574513197783818,0,0.3328712682331539,-0.01787126823315388,-0.01787126823315388,True,D:rise|G4[0]|G5[0]|G6[0]|G7[1]|OUT:rise,D -> G4 -> G5 -> G6 -> G7
148,post_optimization,0.7574513197783818,0,0.312605547085143,0.002394452914857015,0,False,D:rise|G4[0]|G5[0]|G6[0]|G7[1]|OUT:rise,D -> G4 -> G5 -> G6 -> G7
149,pre_optimization,-0.10203596802888303,0,0.32274677848988953,-0.0077467784898895276,-0.0077467784898895276,True,A:rise|G1[0]|G2[0]|G3[0]|G7[0]|OUT:rise,A -> G1 -> G2 -> G3 -> G7
149,post_optimization,-0.10203596802888303,0,0.3119523720928819,0.0030476279071181,0,False,A:rise|G1[0]|G2[0]|G3[0]|G7[0]|OUT:rise,A -> G1 -> G2 -> G3 -> G7
150,pre_optimization,0.647617267918573,0,0.3209642452114788,-0.005964245211478814,-0.005964245211478814,True,D:rise|G4[0]|G5[0]|G6[0]|G7[1]|OUT:rise,D -> G4 -> G5 -> G6 -> G7
150,post_optimization,0.647617267918573,0,0.30263652453726814,0.012363475462731865,0,False,D:rise|G4[0]|G5[0]|G6[0]|G7[1]|OUT:rise,D -> G4 -> G5 -> G6 -> G7
151,pre_optimization,-0.8889737187071405,0,0.3085690701519903,0.006430929848009692,0,False,D:rise|G4[0]|G5[0]|G6[0]|G7[1]|OUT:rise,D -> G4 -> G5 -> G6 -> G7
151,post_optimization,-0.8889737187071405,0,0.29483832940268073,0.02016167059731927,0,False,A:rise|G1[0]|G2[0]|G3[0]|G7[0]|OUT:rise,A -> G1 -> G2 -> G3 -> G7
152,pre_optimization,0.32728742061337845,0,0.33841134123217576,-0.023411341232175753,-0.023411341232175753,True,D:rise|G4[0]|G5[0]|G6[0]|G7[1]|OUT:rise,D -> G4 -> G5 -> G6 -> G7
152,post_optimization,0.32728742061337845,0,0.31942432191327774,-0.00442432191327774,-0.00442432191327774,True,D:rise|G4[0]|G5[0]|G6[0]|G7[1]|OUT:rise,D -> G4 -> G5 -> G6 -> G7
153,pre_optimization,-0.33147297591808,0,0.3096912350564049,0.005308764943595112,0,False,A:rise|G1[0]|G2[0]|G3[0]|G7[0]|OUT:rise,A -> G1 -> G2 -> G3 -> G7
153,post_optimization,-0.33147297591808,0,0.2976798499413469,0.017320150058653117,0,False,A:rise|G1[0]|G2[0]|G3[0]|G7[0]|OUT:rise,A -> G1 -> G2 -> G3 -> G7
154,pre_optimization,0.06680160507426271,0,0.3249195366616644,-0.009919536661664397,-0.009919536661664397,True,D:rise|G4[0]|G5[0]|G6[0]|G7[1]|OUT:rise,D -> G4 -> G5 -> G6 -> G7
154,post_optimization,0.06680160507426271,0,0.30719826498779373,0.007801735012206268,0,False,D:rise|G4[0]|G5[0]|G6[0]|G7[1]|OUT:rise,D -> G4 -> G5 -> G6 -> G7
155,pre_optimization,-0.1642010560498687,0,0.3138838034429014,0.0011161965570986032,0,False,D:rise|G4[0]|G5[0]|G6[0]|G7[1]|OUT:rise,D -> G4 -> G5 -> G6 -> G7
155,post_optimization,-0.1642010560498687,0,0.29690296912659037,0.018097030873409636,0,False,D:rise|G4[0]|G5[0]|G6[0]|G7[1]|OUT:rise,D -> G4 -> G5 -> G6 -> G7
156,pre_optimization,-0.31101345660331897,0,0.31368125622559384,0.0013187437744061614,0,False,D:rise|G4[0]|G5[0]|G6[0]|G7[1]|OUT:rise,D -> G4 -> G5 -> G6 -> G7
156,post_optimization,-0.31101345660331897,0,0.296981512031302,0.018018487968697983,0,False,D:rise|G4[0]|G5[0]|G6[0]|G7[1]|OUT:rise,D -> G4 -> G5 -> G6 -> G7
157,pre_optimization,-0.40141413244319374,0,0.3307564459720679,-0.01575644597206788,-0.01575644597206788,True,D:rise|G4[0]|G5[0]|G6[0]|G7[1]|OUT:rise,D -> G4 -> G5 -> G6 -> G7
157,post_optimization,-0.40141413244319374,0,0.3106129067680388,0.004387093231961181,0,False,D:rise|G4[0]|G5[0]|G6[0]|G7[1]|OUT:rise,D -> G4 -> G5 -> G6 -> G7
158,pre_optimization,0.024909089670728118,0,0.3173593343773653,-0.0023593343773652964,-0.0023593343773652964,True,D:rise|G4[0]|G5[0]|G6[0]|G7[1]|OUT:rise,D -> G4 -> G5 -> G6 -> G7
158,post_optimization,0.024909089670728118,0,0.3023656500896475,0.012634349910352505,0,False,A:rise|G1[0]|G2[0]|G3[0]|G7[0]|OUT:rise,A -> G1 -> G2 -> G3 -> G7
159,pre_optimization,-0.2754027382411763,0,0.3253736178746368,-0.010373617874636809,-0.010373617874636809,True,A:rise|G1[0]|G2[0]|G3[0]|G7[0]|OUT:rise,A -> G1 -> G2 -> G3 -> G7
159,post_optimization,-0.2754027382411763,0,0.3115091291487406,0.0034908708512593756,0,False,A:rise|G1[0]|G2[0]|G3[0]|G7[0]|OUT:rise,A -> G1 -> G2 -> G3 -> G7
160,pre_optimization,-1.2836982361190732,0,0.31314150334508634,0.0018584966549136661,0,False,A:rise|G1[0]|G2[0]|G3[0]|G7[0]|OUT:rise,A -> G1 -> G2 -> G3 -> G7
160,post_optimization,-1.2836982361190732,0,0.29919530833479435,0.01580469166520565,0,False,A:rise|G1[0]|G2[0]|G3[0]|G7[0]|OUT:rise,A -> G1 -> G2 -> G3 -> G7
161,pre_optimization,1.3457966203255984,0,0.3290085378390577,-0.0140085378390577,-0.0140085378390577,True,D:rise|G4[0]|G5[0]|G6[0]|G7[1]|OUT:rise,D -> G4 -> G5 -> G6 -> G7
161,post_optimization,1.3457966203255984,0,0.30856459436846,0.006435405631539992,0,False,D:rise|G4[0]|G5[0]|G6[0]|G7[1]|OUT:rise,D -> G4 -> G5 -> G6 -> G7
162,pre_optimization,1.2751593368966134,0,0.3310375675423472,-0.016037567542347198,-0.016037567542347198,True,A:rise|G1[0]|G2[0]|G3[0]|G7[0]|OUT:rise,A -> G1 -> G2 -> G3 -> G7
162,post_optimization,1.2751593368966134,0,0.318208948247066,-0.0032089482470660236,-0.0032089482470660236,True,A:rise|G1[0]|G2[0]|G3[0]|G7[0]|OUT:rise,A -> G1 -> G2 -> G3 -> G7
163,pre_optimization,-0.27332263795321576,0,0.3064960864193938,0.008503913580606204,0,False,D:rise|G4[0]|G5[0]|G6[0]|G7[1]|OUT:rise,D -> G4 -> G5 -> G6 -> G7
163,post_optimization,-0.27332263795321576,0,0.2907062281365328,0.024293771863467206,0,False,D:rise|G4[0]|G5[0]|G6[0]|G7[1]|OUT:rise,D -> G4 -> G5 -> G6 -> G7
164,pre_optimization,0.9493026844619249,0,0.32509156545895124,-0.010091565458951235,-0.010091565458951235,True,D:rise|G4[0]|G5[0]|G6[0]|G7[1]|OUT:rise,D -> G4 -> G5 -> G6 -> G7
164,post_optimization,0.9493026844619249,0,0.30823574777115714,0.00676425222884286,0,False,A:rise|G1[0]|G2[0]|G3[0]|G7[0]|OUT:rise,A -> G1 -> G2 -> G3 -> G7
165,pre_optimization,-1.4877344623490014,0,0.3074782878788888,0.00752171212111119,0,False,A:rise|G1[0]|G2[0]|G3[0]|G7[0]|OUT:rise,A -> G1 -> G2 -> G3 -> G7
165,post_optimization,-1.4877344623490014,0,0.2940674301702912,0.020932569829708814,0,False,A:rise|G1[0]|G2[0]|G3[0]|G7[0]|OUT:rise,A -> G1 -> G2 -> G3 -> G7
166,pre_optimization,-0.34668305264468957,0,0.3175506996806171,-0.002550699680617108,-0.002550699680617108,True,A:rise|G1[0]|G2[0]|G3[0]|G7[0]|OUT:rise,A -> G1 -> G2 -> G3 -> G7
166,post_optimization,-0.34668305264468957,0,0.30716253482201555,0.007837465177984448,0,False,A:rise|G1[0]|G2[0]|G3[0]|G7[0]|OUT:rise,A -> G1 -> G2 -> G3 -> G7
167,pre_optimization,0.7235847991555744,0,0.330167550078302,-0.015167550078302006,-0.015167550078302006,True,D:rise|G4[0]|G5[0]|G6[0]|G7[1]|OUT:rise,D -> G4 -> G5 -> G6 -> G7
167,post_optimization,0.7235847991555744,0,0.313197208604672,0.0018027913953280184,0,False,D:rise|G4[0]|G5[0]|G6[0]|G7[1]|OUT:rise,D -> G4 -> G5 -> G6 -> G7
168,pre_optimization,0.511100771195342,0,0.3196971396518895,-0.004697139651889504,-0.004697139651889504,True,A:rise|G1[0]|G2[0]|G3[0]|G7[0]|OUT:rise,A -> G1 -> G2 -> G3 -> G7
168,post_optimization,0.511100771195342,0,0.3074416923420976,0.007558307657902386,0,False,A:rise|G1[0]|G2[0]|G3[0]|G7[0]|OUT:rise,A -> G1 -> G2 -> G3 -> G7
169,pre_optimization,1.7148483402502843,0,0.33293978887274944,-0.01793978887274944,-0.01793978887274944,True,D:rise|G4[0]|G5[0]|G6[0]|G7[1]|OUT:rise,D -> G4 -> G5 -> G6 -> G7
169,post_optimization,1.7148483402502843,0,0.31496064220557224,3.935779442776344e-05,0,False,A:rise|G1[0]|G2[0]|G3[0]|G7[0]|OUT:rise,A -> G1 -> G2 -> G3 -> G7
170,pre_optimization,0.0621208389498173,0,0.31770767658496873,-0.0027076765849687323,-0.0027076765849687323,True,A:rise|G1[0]|G2[0]|G3[0]|G7[0]|OUT:rise,A -> G1 -> G2 -> G3 -> G7
170,post_optimization,0.0621208389498173,0,0.3064804441863741,0.0085195558136259,0,False,A:rise|G1[0]|G2[0]|G3[0]|G7[0]|OUT:rise,A -> G1 -> G2 -> G3 -> G7
171,pre_optimization,-0.4296773093172408,0,0.3139249396288173,0.0010750603711827122,0,False,D:rise|G4[0]|G5[0]|G6[0]|G7[1]|OUT:rise,D -> G4 -> G5 -> G6 -> G7
171,post_optimization,-0.4296773093172408,0,0.29714123024775574,0.017858769752244263,0,False,A:rise|G1[0]|G2[0]|G3[0]|G7[0]|OUT:rise,A -> G1 -> G2 -> G3 -> G7
172,pre_optimization,1.4967185935088734,0,0.34023217469878564,-0.025232174698785637,-0.025232174698785637,True,D:rise|G4[0]|G5[0]|G6[0]|G7[1]|OUT:rise,D -> G4 -> G5 -> G6 -> G7
172,post_optimization,1.4967185935088734,0,0.32160028548360203,-0.006600285483602031,-0.006600285483602031,True,D:rise|G4[0]|G5[0]|G6[0]|G7[1]|OUT:rise,D -> G4 -> G5 -> G6 -> G7
173,pre_optimization,-1.5532032343596152,0,0.31242190488371663,0.0025780951162833743,0,False,D:rise|G4[0]|G5[0]|G6[0]|G7[1]|OUT:rise,D -> G4 -> G5 -> G6 -> G7
173,post_optimization,-1.5532032343596152,0,0.2957067803386725,0.01929321966132752,0,False,D:rise|G4[0]|G5[0]|G6[0]|G7[1]|OUT:rise,D -> G4 -> G5 -> G6 -> G7
174,pre_optimization,-0.19647237430769435,0,0.30749786152164005,0.007502138478359954,0,False,D:rise|G4[0]|G5[0]|G6[0]|G7[1]|OUT:rise,D -> G4 -> G5 -> G6 -> G7
174,post_optimization,-0.19647237430769435,0,0.2896657776700015,0.02533422232999849,0,False,D:rise|G4[0]|G5[0]|G6[0]|G7[1]|OUT:rise,D -> G4 -> G5 -> G6 -> G7
175,pre_optimization,1.5283917235656967,0,0.3263073885628891,-0.011307388562889098,-0.011307388562889098,True,A:rise|G1[0]|G2[0]|G3[0]|G7[0]|OUT:rise,A -> G1 -> G2 -> G3 -> G7
175,post_optimization,1.5283917235656967,0,0.31451958241694455,0.000480417583055448,0,False,A:rise|G1[0]|G2[0]|G3[0]|G7[0]|OUT:rise,A -> G1 -> G2 -> G3 -> G7
176,pre_optimization,0.5551136398493879,0,0.3188089596185687,-0.003808959618568697,-0.003808959618568697,True,A:rise|G1[0]|G2[0]|G3[0]|G7[0]|OUT:rise,A -> G1 -> G2 -> G3 -> G7
176,post_optimization,0.5551136398493879,0,0.3046783859253845,0.010321614074615515,0,False,A:rise|G1[0]|G2[0]|G3[0]|G7[0]|OUT:rise,A -> G1 -> G2 -> G3 -> G7
177,pre_optimization,-0.2374568514678308,0,0.3097833784340883,0.005216621565911683,0,False,D:rise|G4[0]|G5[0]|G6[0]|G7[1]|OUT:rise,D -> G4 -> G5 -> G6 -> G7
177,post_optimization,-0.2374568514678308,0,0.2950738178221803,0.019926182177819718,0,False,A:rise|G1[0]|G2[0]|G3[0]|G7[0]|OUT:rise,A -> G1 -> G2 -> G3 -> G7
178,pre_optimization,0.13948868924825075,0,0.31456609209770414,0.0004339079022958603,0,False,A:rise|G1[0]|G2[0]|G3[0]|G7[0]|OUT:rise,A -> G1 -> G2 -> G3 -> G7
178,post_optimization,0.13948868924825075,0,0.3001362390998401,0.014863760900159895,0,False,A:rise|G1[0]|G2[0]|G3[0]|G7[0]|OUT:rise,A -> G1 -> G2 -> G3 -> G7
179,pre_optimization,0.7823123136069157,0,0.3228163961679088,-0.007816396167908801,-0.007816396167908801,True,A:rise|G1[0]|G2[0]|G3[0]|G7[0]|OUT:rise,A -> G1 -> G2 -> G3 -> G7
179,post_optimization,0.7823123136069157,0,0.31091603529529205,0.004083964704707954,0,False,A:rise|G1[0]|G2[0]|G3[0]|G7[0]|OUT:rise,A -> G1 -> G2 -> G3 -> G7
180,pre_optimization,-0.8290492451388972,0,0.29668722579344103,0.018312774206558968,0,False,D:rise|G4[0]|G5[0]|G6[0]|G7[1]|OUT:rise,D -> G4 -> G5 -> G6 -> G7
180,post_optimization,-0.8290492451388972,0,0.28671941604235723,0.02828058395764277,0,False,A:rise|G1[0]|G2[0]|G3[0]|G7[0]|OUT:rise,A -> G1 -> G2 -> G3 -> G7
181,pre_optimization,-0.33755677969074055,0,0.32210266793731324,-0.007102667937313234,-0.007102667937313234,True,D:rise|G4[0]|G5[0]|G6[0]|G7[1]|OUT:rise,D -> G4 -> G5 -> G6 -> G7
181,post_optimization,-0.33755677969074055,0,0.3039716596750266,0.011028340324973407,0,False,D:rise|G4[0]|G5[0]|G6[0]|G7[1]|OUT:rise,D -> G4 -> G5 -> G6 -> G7
182,pre_optimization,0.013966526254068802,0,0.31720079115633093,-0.002200791156330928,-0.002200791156330928,True,A:rise|G1[0]|G2[0]|G3[0]|G7[0]|OUT:rise,A -> G1 -> G2 -> G3 -> G7
182,post_optimization,0.013966526254068802,0,0.3044114951708012,0.01058850482919882,0,False,A:rise|G1[0]|G2[0]|G3[0]|G7[0]|OUT:rise,A -> G1 -> G2 -> G3 -> G7
183,pre_optimization,-0.965139317449066,0,0.31642487782650575,-0.0014248778265057438,-0.0014248778265057438,True,A:rise|G1[0]|G2[0]|G3[0]|G7[0]|OUT:rise,A -> G1 -> G2 -> G3 -> G7
183,post_optimization,-0.965139317449066,0,0.3016444209621948,0.01335557903780521,0,False,A:rise|G1[0]|G2[0]|G3[0]|G7[0]|OUT:rise,A -> G1 -> G2 -> G3 -> G7
184,pre_optimization,0.7508531489194966,0,0.3137239982578464,0.0012760017421535874,0,False,D:rise|G4[0]|G5[0]|G6[0]|G7[1]|OUT:rise,D -> G4 -> G5 -> G6 -> G7
184,post_optimization,0.7508531489194966,0,0.2980319291322958,0.016968070867704188,0,False,D:rise|G4[0]|G5[0]|G6[0]|G7[1]|OUT:rise,D -> G4 -> G5 -> G6 -> G7
185,pre_optimization,-0.3658361529981361,0,0.31569802073294095,-0.0006980207329409516,-0.0006980207329409516,True,A:rise|G1[0]|G2[0]|G3[0]|G7[0]|OUT:rise,A -> G1 -> G2 -> G3 -> G7
185,post_optimization,-0.3658361529981361,0,0.30131242635015,0.013687573649850016,0,False,A:rise|G1[0]|G2[0]|G3[0]|G7[0]|OUT:rise,A -> G1 -> G2 -> G3 -> G7
186,pre_optimization,-0.7971890258641532,0,0.31161118273666616,0.003388817263333843,0,False,D:rise|G4[0]|G5[0]|G6[0]|G7[1]|OUT:rise,D -> G4 -> G5 -> G6 -> G7
186,post_optimization,-0.7971890258641532,0,0.2966460683380818,0.018353931661918177,0,False,D:rise|G4[0]|G5[0]|G6[0]|G7[1]|OUT:rise,D -> G4 -> G5 -> G6 -> G7
187,pre_optimization,0.7610359598070531,0,0.3262289127107479,-0.011228912710747885,-0.011228912710747885,True,A:rise|G1[0]|G2[0]|G3[0]|G7[0]|OUT:rise,A -> G1 -> G2 -> G3 -> G7
187,post_optimization,0.7610359598070531,0,0.3134324508317261,0.0015675491682738962,0,False,A:rise|G1[0]|G2[0]|G3[0]|G7[0]|OUT:rise,A -> G1 -> G2 -> G3 -> G7
188,pre_optimization,1.3424213712052748,0,0.32138687051838744,-0.006386870518387433,-0.006386870518387433,True,D:rise|G4[0]|G5[0]|G6[0]|G7[1]|OUT:rise,D -> G4 -> G5 -> G6 -> G7
188,post_optimization,1.3424213712052748,0,0.30807884348176406,0.006921156518235938,0,False,A:rise|G1[0]|G2[0]|G3[0]|G7[0]|OUT:rise,A -> G1 -> G2 -> G3 -> G7
189,pre_optimization,-0.3953305246472792,0,0.32358229980708625,-0.008582299807086247,-0.008582299807086247,True,A:rise|G1[0]|G2[0]|G3[0]|G7[0]|OUT:rise,A -> G1 -> G2 -> G3 -> G7
189,post_optimization,-0.3953305246472792,0,0.308650071465865,0.006349928534135019,0,False,A:rise|G1[0]|G2[0]|G3[0]|G7[0]|OUT:rise,A -> G1 -> G2 -> G3 -> G7
190,pre_optimization,0.1852445688942146,0,0.32541374876520585,-0.010413748765205844,-0.010413748765205844,True,D:rise|G4[0]|G5[0]|G6[0]|G7[1]|OUT:rise,D -> G4 -> G5 -> G6 -> G7
190,post_optimization,0.1852445688942146,0,0.3081090973997155,0.006890902600284521,0,False,A:rise|G1[0]|G2[0]|G3[0]|G7[0]|OUT:rise,A -> G1 -> G2 -> G3 -> G7
191,pre_optimization,-1.6229381882573959,0,0.3171495195484175,-0.0021495195484175222,-0.0021495195484175222,True,D:rise|G4[0]|G5[0]|G6[0]|G7[1]|OUT:rise,D -> G4 -> G5 -> G6 -> G7
191,post_optimization,-1.6229381882573959,0,0.2964778481948216,0.01852215180517841,0,False,D:rise|G4[0]|G5[0]|G6[0]|G7[1]|OUT:rise,D -> G4 -> G5 -> G6 -> G7
192,pre_optimization,-1.0674845258025967,0,0.31087382033046274,0.0041261796695372666,0,False,A:rise|G1[0]|G2[0]|G3[0]|G7[0]|OUT:rise,A -> G1 -> G2 -> G3 -> G7
192,post_optimization,-1.0674845258025967,0,0.29879028360198406,0.01620971639801594,0,False,A:rise|G1[0]|G2[0]|G3[0]|G7[0]|OUT:rise,A -> G1 -> G2 -> G3 -> G7
193,pre_optimization,-0.7619422202342929,0,0.32361891475042265,-0.008618914750422646,-0.008618914750422646,True,D:rise|G4[0]|G5[0]|G6[0]|G7[1]|OUT:rise,D -> G4 -> G5 -> G6 -> G7
193,post_optimization,-0.7619422202342929,0,0.30528760286496026,0.009712397135039741,0,False,D:rise|G4[0]|G5[0]|G6[0]|G7[1]|OUT:rise,D -> G4 -> G5 -> G6 -> G7
194,pre_optimization,2.6284972798516097,0,0.34235805330902835,-0.027358053309028352,-0.027358053309028352,True,A:rise|G1[0]|G2[0]|G3[0]|G7[0]|OUT:rise,A -> G1 -> G2 -> G3 -> G7
194,post_optimization,2.6284972798516097,0,0.325380121440239,-0.010380121440238976,-0.010380121440238976,True,A:rise|G1[0]|G2[0]|G3[0]|G7[0]|OUT:rise,A -> G1 -> G2 -> G3 -> G7
195,pre_optimization,0.8127614907456626,0,0.3214146092002297,-0.006414609200229682,-0.006414609200229682,True,A:rise|G1[0]|G2[0]|G3[0]|G7[0]|OUT:rise,A -> G1 -> G2 -> G3 -> G7
195,post_optimization,0.8127614907456626,0,0.30764537646868434,0.007354623531315663,0,False,A:rise|G1[0]|G2[0]|G3[0]|G7[0]|OUT:rise,A -> G1 -> G2 -> G3 -> G7
196,pre_optimization,1.6143300112023813,0,0.3272640490113733,-0.01226404901137329,-0.01226404901137329,True,D:rise|G4[0]|G5[0]|G6[0]|G7[1]|OUT:rise,D -> G4 -> G5 -> G6 -> G7
196,post_optimization,1.6143300112023813,0,0.31217106638415193,0.0028289336158480727,0,False,A:rise|G1[0]|G2[0]|G3[0]|G7[0]|OUT:rise,A -> G1 -> G2 -> G3 -> G7
197,pre_optimization,0.0688402344897469,0,0.31560125979606474,-0.0006012597960647348,-0.0006012597960647348,True,A:rise|G1[0]|G2[0]|G3[0]|G7[0]|OUT:rise,A -> G1 -> G2 -> G3 -> G7
197,post_optimization,0.0688402344897469,0,0.30256528750968786,0.012434712490312139,0,False,A:rise|G1[0]|G2[0]|G3[0]|G7[0]|OUT:rise,A -> G1 -> G2 -> G3 -> G7
198,pre_optimization,0.5597344863465001,0,0.32119549140399517,-0.006195491403995168,-0.006195491403995168,True,D:rise|G4[0]|G5[0]|G6[0]|G7[1]|OUT:rise,D -> G4 -> G5 -> G6 -> G7
198,post_optimization,0.5597344863465001,0,0.3064095142223621,0.00859048577763788,0,False,D:rise|G4[0]|G5[0]|G6[0]|G7[1]|OUT:rise,D -> G4 -> G5 -> G6 -> G7
199,pre_optimization,0.46003519133423526,0,0.31397092386417014,0.001029076135829865,0,False,D:rise|G4[0]|G5[0]|G6[0]|G7[1]|OUT:rise,D -> G4 -> G5 -> G6 -> G7
199,post_optimization,0.46003519133423526,0,0.29589879200836694,0.019101207991633062,0,False,D:rise|G4[0]|G5[0]|G6[0]|G7[1]|OUT:rise,D -> G4 -> G5 -> G6 -> G7
200,pre_optimization,-0.2844576599252787,0,0.32643242727702054,-0.01143242727702054,-0.01143242727702054,True,D:rise|G4[0]|G5[0]|G6[0]|G7[1]|OUT:rise,D -> G4 -> G5 -> G6 -> G7
200,post_optimization,-0.2844576599252787,0,0.30733481742956176,0.007665182570438245,0,False,D:rise|G4[0]|G5[0]|G6[0]|G7[1]|OUT:rise,D -> G4 -> G5 -> G6 -> G7
201,pre_optimization,0.07887364511150233,0,0.3171368541861162,-0.0021368541861161994,-0.0021368541861161994,True,D:rise|G4[0]|G5[0]|G6[0]|G7[1]|OUT:rise,D -> G4 -> G5 -> G6 -> G7
201,post_optimization,0.07887364511150233,0,0.30224570587988486,0.01275429412011514,0,False,D:rise|G4[0]|G5[0]|G6[0]|G7[1]|OUT:rise,D -> G4 -> G5 -> G6 -> G7
202,pre_optimization,-1.3427152131690652,0,0.3004254940439432,0.014574505956056805,0,False,D:rise|G4[0]|G5[0]|G6[0]|G7[1]|OUT:rise,D -> G4 -> G5 -> G6 -> G7
202,post_optimization,-1.3427152131690652,0,0.2870952157590295,0.02790478424097048,0,False,A:rise|G1[0]|G2[0]|G3[0]|G7[0]|OUT:rise,A -> G1 -> G2 -> G3 -> G7
203,pre_optimization,2.1250918760569473,0,0.3420971343132645,-0.027097134313264493,-0.027097134313264493,True,D:rise|G4[0]|G5[0]|G6[0]|G7[1]|OUT:rise,D -> G4 -> G5 -> G6 -> G7
203,post_optimization,2.1250918760569473,0,0.32440052922850826,-0.009400529228508259,-0.009400529228508259,True,A:rise|G1[0]|G2[0]|G3[0]|G7[0]|OUT:rise,A -> G1 -> G2 -> G3 -> G7
204,pre_optimization,1.658914617968009,0,0.3278147308153731,-0.012814730815373099,-0.012814730815373099,True,A:rise|G1[0]|G2[0]|G3[0]|G7[0]|OUT:rise,A -> G1 -> G2 -> G3 -> G7
204,post_optimization,1.658914617968009,0,0.315171529256999,-0.00017152925699898125,-0.00017152925699898125,True,A:rise|G1[0]|G2[0]|G3[0]|G7[0]|OUT:rise,A -> G1 -> G2 -> G3 -> G7
205,pre_optimization,0.879425361496579,0,0.3029983681961265,0.01200163180387348,0,False,A:rise|G1[0]|G2[0]|G3[0]|G7[0]|OUT:rise,A -> G1 -> G2 -> G3 -> G7
205,post_optimization,0.879425361496579,0,0.2918533945045194,0.023146605495480588,0,False,A:rise|G1[0]|G2[0]|G3[0]|G7[0]|OUT:rise,A -> G1 -> G2 -> G3 -> G7
206,pre_optimization,-0.5708960196477242,0,0.30286115855081697,0.012138841449183035,0,False,A:rise|G1[0]|G2[0]|G3[0]|G7[0]|OUT:rise,A -> G1 -> G2 -> G3 -> G7
206,post_optimization,-0.5708960196477242,0,0.29209220475714115,0.022907795242858853,0,False,A:rise|G1[0]|G2[0]|G3[0]|G7[0]|OUT:rise,A -> G1 -> G2 -> G3 -> G7
207,pre_optimization,0.9208219147565719,0,0.32591694362418866,-0.010916943624188657,-0.010916943624188657,True,D:rise|G4[0]|G5[0]|G6[0]|G7[1]|OUT:rise,D -> G4 -> G5 -> G6 -> G7
207,post_optimization,0.9208219147565719,0,0.31163443465353974,0.003365565346460264,0,False,A:rise|G1[0]|G2[0]|G3[0]|G7[0]|OUT:rise,A -> G1 -> G2 -> G3 -> G7
208,pre_optimization,-0.31194698180400077,0,0.31939025276879646,-0.004390252768796454,-0.004390252768796454,True,A:rise|G1[0]|G2[0]|G3[0]|G7[0]|OUT:rise,A -> G1 -> G2 -> G3 -> G7
208,post_optimization,-0.31194698180400077,0,0.3063838744290598,0.008616125570940214,0,False,A:rise|G1[0]|G2[0]|G3[0]|G7[0]|OUT:rise,A -> G1 -> G2 -> G3 -> G7
209,pre_optimization,1.0174123217559332,0,0.33150030249607204,-0.01650030249607204,-0.01650030249607204,True,D:rise|G4[0]|G5[0]|G6[0]|G7[1]|OUT:rise,D -> G4 -> G5 -> G6 -> G7
209,post_optimization,1.0174123217559332,0,0.31212102946134895,0.002878970538651049,0,False,D:rise|G4[0]|G5[0]|G6[0]|G7[1]|OUT:rise,D -> G4 -> G5 -> G6 -> G7
210,pre_optimization,0.8026440000156548,0,0.3313649673391142,-0.01636496733911419,-0.01636496733911419,True,D:rise|G4[0]|G5[0]|G6[0]|G7[1]|OUT:rise,D -> G4 -> G5 -> G6 -> G7
210,post_optimization,0.8026440000156548,0,0.31355031221153,0.0014496877884699888,0,False,D:rise|G4[0]|G5[0]|G6[0]|G7[1]|OUT:rise,D -> G4 -> G5 -> G6 -> G7
211,pre_optimization,-1.618420984472371,0,0.30537856938258917,0.009621430617410831,0,False,A:rise|G1[0]|G2[0]|G3[0]|G7[0]|OUT:rise,A -> G1 -> G2 -> G3 -> G7
211,post_optimization,-1.618420984472371,0,0.29377418365998,0.02122581634002002,0,False,A:rise|G1[0]|G2[0]|G3[0]|G7[0]|OUT:rise,A -> G1 -> G2 -> G3 -> G7
212,pre_optimization,1.7473876621171311,0,0.3350248009934356,-0.02002480099343562,-0.02002480099343562,True,D:rise|G4[0]|G5[0]|G6[0]|G7[1]|OUT:rise,D -> G4 -> G5 -> G6 -> G7
212,post_optimization,1.7473876621171311,0,0.31574345111513186,-0.0007434511151318546,-0.0007434511151318546,True,D:rise|G4[0]|G5[0]|G6[0]|G7[1]|OUT:rise,D -> G4 -> G5 -> G6 -> G7
213,pre_optimization,0.35746349863484284,0,0.31899598624367154,-0.003995986243671534,-0.003995986243671534,True,D:rise|G4[0]|G5[0]|G6[0]|G7[1]|OUT:rise,D -> G4 -> G5 -> G6 -> G7
213,post_optimization,0.35746349863484284,0,0.29925406743065414,0.015745932569345866,0,False,D:rise|G4[0]|G5[0]|G6[0]|G7[1]|OUT:rise,D -> G4 -> G5 -> G6 -> G7
214,pre_optimization,-0.5684531938430681,0,0.3154307788476961,-0.00043077884769610053,-0.00043077884769610053,True,D:rise|G4[0]|G5[0]|G6[0]|G7[1]|OUT:rise,D -> G4 -> G5 -> G6 -> G7
214,post_optimization,-0.5684531938430681,0,0.2969271568110255,0.018072843188974508,0,False,A:rise|G1[0]|G2[0]|G3[0]|G7[0]|OUT:rise,A -> G1 -> G2 -> G3 -> G7
215,pre_optimization,0.7513777683395794,0,0.31786439817085693,-0.00286439817085693,-0.00286439817085693,True,D:rise|G4[0]|G5[0]|G6[0]|G7[1]|OUT:rise,D -> G4 -> G5 -> G6 -> G7
215,post_optimization,0.7513777683395794,0,0.3044657144525223,0.010534285547477706,0,False,A:rise|G1[0]|G2[0]|G3[0]|G7[0]|OUT:rise,A -> G1 -> G2 -> G3 -> G7
216,pre_optimization,-0.939460467410738,0,0.31423248096129053,0.0007675190387094744,0,False,A:rise|G1[0]|G2[0]|G3[0]|G7[0]|OUT:rise,A -> G1 -> G2 -> G3 -> G7
216,post_optimization,-0.939460467410738,0,0.30110567933867194,0.013894320661328063,0,False,A:rise|G1[0]|G2[0]|G3[0]|G7[0]|OUT:rise,A -> G1 -> G2 -> G3 -> G7
217,pre_optimization,1.0971156391253194,0,0.34001195399633444,-0.025011953996334435,-0.025011953996334435,True,D:rise|G4[0]|G5[0]|G6[0]|G7[1]|OUT:rise,D -> G4 -> G5 -> G6 -> G7
217,post_optimization,1.0971156391253194,0,0.3203917268579921,-0.005391726857992107,-0.005391726857992107,True,D:rise|G4[0]|G5[0]|G6[0]|G7[1]|OUT:rise,D -> G4 -> G5 -> G6 -> G7
218,pre_optimization,-0.3720895820316414,0,0.3169422248336921,-0.0019422248336921077,-0.0019422248336921077,True,D:rise|G4[0]|G5[0]|G6[0]|G7[1]|OUT:rise,D -> G4 -> G5 -> G6 -> G7
218,post_optimization,-0.3720895820316414,0,0.2990913423374358,0.01590865766256422,0,False,D:rise|G4[0]|G5[0]|G6[0]|G7[1]|OUT:rise,D -> G4 -> G5 -> G6 -> G7
219,pre_optimization,0.5794891784394853,0,0.3288554932243912,-0.013855493224391224,-0.013855493224391224,True,D:rise|G4[0]|G5[0]|G6[0]|G7[1]|OUT:rise,D -> G4 -> G5 -> G6 -> G7
219,post_optimization,0.5794891784394853,0,0.30938680328665585,0.0056131967133441485,0,False,D:rise|G4[0]|G5[0]|G6[0]|G7[1]|OUT:rise,D -> G4 -> G5 -> G6 -> G7
220,pre_optimization,-0.3048137579733191,0,0.31477871454696504,0.0002212854530349584,0,False,A:rise|G1[0]|G2[0]|G3[0]|G7[0]|OUT:rise,A -> G1 -> G2 -> G3 -> G7
220,post_optimization,-0.3048137579733191,0,0.3035219487753984,0.011478051224601604,0,False,A:rise|G1[0]|G2[0]|G3[0]|G7[0]|OUT:rise,A -> G1 -> G2 -> G3 -> G7
221,pre_optimization,0.9708071965601635,0,0.3358303320267525,-0.020830332026752496,-0.020830332026752496,True,A:rise|G1[0]|G2[0]|G3[0]|G7[0]|OUT:rise,A -> G1 -> G2 -> G3 -> G7
221,post_optimization,0.9708071965601635,0,0.32093215073471304,-0.0059321507347130376,-0.0059321507347130376,True,A:rise|G1[0]|G2[0]|G3[0]|G7[0]|OUT:rise,A -> G1 -> G2 -> G3 -> G7
222,pre_optimization,0.5532510008874426,0,0.3090436313299665,0.005956368670033518,0,False,A:rise|G1[0]|G2[0]|G3[0]|G7[0]|OUT:rise,A -> G1 -> G2 -> G3 -> G7
222,post_optimization,0.5532510008874426,0,0.2980514974406858,0.016948502559314182,0,False,A:rise|G1[0]|G2[0]|G3[0]|G7[0]|OUT:rise,A -> G1 -> G2 -> G3 -> G7
223,pre_optimization,0.24442662852315616,0,0.310747882608442,0.004252117391558008,0,False,D:rise|G4[0]|G5[0]|G6[0]|G7[1]|OUT:rise,D -> G4 -> G5 -> G6 -> G7
223,post_optimization,0.24442662852315616,0,0.2936291468162721,0.02137085318372789,0,False,D:rise|G4[0]|G5[0]|G6[0]|G7[1]|OUT:rise,D -> G4 -> G5 -> G6 -> G7
224,pre_optimization,0.7539625304986322,0,0.33065739542432665,-0.015657395424326648,-0.015657395424326648,True,A:rise|G1[0]|G2[0]|G3[0]|G7[0]|OUT:rise,A -> G1 -> G2 -> G3 -> G7
224,post_optimization,0.7539625304986322,0,0.31756671917710516,-0.002566719177105159,-0.002566719177105159,True,A:rise|G1[0]|G2[0]|G3[0]|G7[0]|OUT:rise,A -> G1 -> G2 -> G3 -> G7
225,pre_optimization,0.8117071769450094,0,0.32464996800344215,-0.009649968003442144,-0.009649968003442144,True,D:rise|G4[0]|G5[0]|G6[0]|G7[1]|OUT:rise,D -> G4 -> G5 -> G6 -> G7
225,post_optimization,0.8117071769450094,0,0.3091907724390536,0.005809227560946428,0,False,A:rise|G1[0]|G2[0]|G3[0]|G7[0]|OUT:rise,A -> G1 -> G2 -> G3 -> G7
226,pre_optimization,1.3082356705697697,0,0.3441310645284721,-0.029131064528472084,-0.029131064528472084,True,D:rise|G4[0]|G5[0]|G6[0]|G7[1]|OUT:rise,D -> G4 -> G5 -> G6 -> G7
226,post_optimization,1.3082356705697697,0,0.32459182109928686,-0.009591821099286857,-0.009591821099286857,True,D:rise|G4[0]|G5[0]|G6[0]|G7[1]|OUT:rise,D -> G4 -> G5 -> G6 -> G7
227,pre_optimization,-0.6261524239622004,0,0.3117609565098929,0.0032390434901071186,0,False,A:rise|G1[0]|G2[0]|G3[0]|G7[0]|OUT:rise,A -> G1 -> G2 -> G3 -> G7
227,post_optimization,-0.6261524239622004,0,0.30088724329746863,0.01411275670253137,0,False,A:rise|G1[0]|G2[0]|G3[0]|G7[0]|OUT:rise,A -> G1 -> G2 -> G3 -> G7
228,pre_optimization,-0.7278436063992518,0,0.32106313974448,-0.006063139744479973,-0.006063139744479973,True,D:rise|G4[0]|G5[0]|G6[0]|G7[1]|OUT:rise,D -> G4 -> G5 -> G6 -> G7
228,post_optimization,-0.7278436063992518,0,0.30404054547893467,0.010959454521065337,0,False,D:rise|G4[0]|G5[0]|G6[0]|G7[1]|OUT:rise,D -> G4 -> G5 -> G6 -> G7
229,pre_optimization,-2.3194225923687695,0,0.3009124732360501,0.01408752676394992,0,False,D:rise|G4[0]|G5[0]|G6[0]|G7[1]|OUT:rise,D -> G4 -> G5 -> G6 -> G7
229,post_optimization,-2.3194225923687695,0,0.284678383755815,0.030321616244185,0,False,A:rise|G1[0]|G2[0]|G3[0]|G7[0]|OUT:rise,A -> G1 -> G2 -> G3 -> G7
230,pre_optimization,1.7599502047393494,0,0.33421514096996263,-0.01921514096996263,-0.01921514096996263,True,D:rise|G4[0]|G5[0]|G6[0]|G7[1]|OUT:rise,D -> G4 -> G5 -> G6 -> G7
230,post_optimization,1.7599502047393494,0,0.31619275991302875,-0.0011927599130287514,-0.0011927599130287514,True,D:rise|G4[0]|G5[0]|G6[0]|G7[1]|OUT:rise,D -> G4 -> G5 -> G6 -> G7
231,pre_optimization,-1.1429513030233522,0,0.3242558179112459,-0.009255817911245912,-0.009255817911245912,True,D:rise|G4[0]|G5[0]|G6[0]|G7[1]|OUT:rise,D -> G4 -> G5 -> G6 -> G7
231,post_optimization,-1.1429513030233522,0,0.30310790739464377,0.01189209260535623,0,False,D:rise|G4[0]|G5[0]|G6[0]|G7[1]|OUT:rise,D -> G4 -> G5 -> G6 -> G7
232,pre_optimization,-0.732296458126404,0,0.3086413626823722,0.006358637317627813,0,False,D:rise|G4[0]|G5[0]|G6[0]|G7[1]|OUT:rise,D -> G4 -> G5 -> G6 -> G7
232,post_optimization,-0.732296458126404,0,0.29018792758561146,0.024812072414388542,0,False,D:rise|G4[0]|G5[0]|G6[0]|G7[1]|OUT:rise,D -> G4 -> G5 -> G6 -> G7
233,pre_optimization,-1.0619369652977246,0,0.3059855951479398,0.009014404852060176,0,False,D:rise|G4[0]|G5[0]|G6[0]|G7[1]|OUT:rise,D -> G4 -> G5 -> G6 -> G7
233,post_optimization,-1.0619369652977246,0,0.2911724446713871,0.023827555328612915,0,False,A:rise|G1[0]|G2[0]|G3[0]|G7[0]|OUT:rise,A -> G1 -> G2 -> G3 -> G7
234,pre_optimization,1.5660577848577568,0,0.3227770819192573,-0.0077770819192573,-0.0077770819192573,True,D:rise|G4[0]|G5[0]|G6[0]|G7[1]|OUT:rise,D -> G4 -> G5 -> G6 -> G7
234,post_optimization,1.5660577848577568,0,0.30483551473713116,0.010164485262868839,0,False,D:rise|G4[0]|G5[0]|G6[0]|G7[1]|OUT:rise,D -> G4 -> G5 -> G6 -> G7
235,pre_optimization,-0.5999702654348678,0,0.3221232105511057,-0.0071232105511057076,-0.0071232105511057076,True,A:rise|G1[0]|G2[0]|G3[0]|G7[0]|OUT:rise,A -> G1 -> G2 -> G3 -> G7
235,post_optimization,-0.5999702654348678,0,0.3090853785421538,0.005914621457846214,0,False,A:rise|G1[0]|G2[0]|G3[0]|G7[0]|OUT:rise,A -> G1 -> G2 -> G3 -> G7
236,pre_optimization,0.21024154890440075,0,0.31495532601573745,4.467398426255542e-05,0,False,A:rise|G1[0]|G2[0]|G3[0]|G7[0]|OUT:rise,A -> G1 -> G2 -> G3 -> G7
236,post_optimization,0.21024154890440075,0,0.30293486277143794,0.012065137228562062,0,False,A:rise|G1[0]|G2[0]|G3[0]|G7[0]|OUT:rise,A -> G1 -> G2 -> G3 -> G7
237,pre_optimization,0.0639762637641514,0,0.3321021154541962,-0.01710211545419621,-0.01710211545419621,True,D:rise|G4[0]|G5[0]|G6[0]|G7[1]|OUT:rise,D -> G4 -> G5 -> G6 -> G7
237,post_optimization,0.0639762637641514,0,0.31370036732583506,0.001299632674164941,0,False,D:rise|G4[0]|G5[0]|G6[0]|G7[1]|OUT:rise,D -> G4 -> G5 -> G6 -> G7
238,pre_optimization,-2.1436137936021775,0,0.2908181490092821,0.0241818509907179,0,False,A:rise|G1[0]|G2[0]|G3[0]|G7[0]|OUT:rise,A -> G1 -> G2 -> G3 -> G7
238,post_optimization,-2.1436137936021775,0,0.2785861857434174,0.03641381425658258,0,False,A:rise|G1[0]|G2[0]|G3[0]|G7[0]|OUT:rise,A -> G1 -> G2 -> G3 -> G7
239,pre_optimization,-1.664577712209271,0,0.31649341774286316,-0.0014934177428631568,-0.0014934177428631568,True,A:rise|G1[0]|G2[0]|G3[0]|G7[0]|OUT:rise,A -> G1 -> G2 -> G3 -> G7
239,post_optimization,-1.664577712209271,0,0.30590242430059167,0.009097575699408333,0,False,A:rise|G1[0]|G2[0]|G3[0]|G7[0]|OUT:rise,A -> G1 -> G2 -> G3 -> G7
240,pre_optimization,-0.5506393509153217,0,0.31851903887184807,-0.003519038871848068,-0.003519038871848068,True,A:rise|G1[0]|G2[0]|G3[0]|G7[0]|OUT:rise,A -> G1 -> G2 -> G3 -> G7
240,post_optimization,-0.5506393509153217,0,0.30669163038237346,0.008308369617626543,0,False,A:rise|G1[0]|G2[0]|G3[0]|G7[0]|OUT:rise,A -> G1 -> G2 -> G3 -> G7
241,pre_optimization,-0.8020596939162857,0,0.3226589897471048,-0.007658989747104772,-0.007658989747104772,True,A:rise|G1[0]|G2[0]|G3[0]|G7[0]|OUT:rise,A -> G1 -> G2 -> G3 -> G7
241,post_optimization,-0.8020596939162857,0,0.309101829681664,0.005898170318336005,0,False,A:rise|G1[0]|G2[0]|G3[0]|G7[0]|OUT:rise,A -> G1 -> G2 -> G3 -> G7
242,pre_optimization,-1.028049138957302,0,0.3077620968431309,0.007237903156869119,0,False,D:rise|G4[0]|G5[0]|G6[0]|G7[1]|OUT:rise,D -> G4 -> G5 -> G6 -> G7
242,post_optimization,-1.028049138957302,0,0.2913398370848982,0.023660162915101812,0,False,D:rise|G4[0]|G5[0]|G6[0]|G7[1]|OUT:rise,D -> G4 -> G5 -> G6 -> G7
243,pre_optimization,1.5748426028269227,0,0.3340420851653687,-0.019042085165368705,-0.019042085165368705,True,A:rise|G1[0]|G2[0]|G3[0]|G7[0]|OUT:rise,A -> G1 -> G2 -> G3 -> G7
243,post_optimization,1.5748426028269227,0,0.3226002522847142,-0.007600252284714171,-0.007600252284714171,True,A:rise|G1[0]|G2[0]|G3[0]|G7[0]|OUT:rise,A -> G1 -> G2 -> G3 -> G7
244,pre_optimization,-0.149331195817009,0,0.31665840494396563,-0.00165840494396563,-0.00165840494396563,True,A:rise|G1[0]|G2[0]|G3[0]|G7[0]|OUT:rise,A -> G1 -> G2 -> G3 -> G7
244,post_optimization,-0.149331195817009,0,0.30467019275437107,0.01032980724562893,0,False,A:rise|G1[0]|G2[0]|G3[0]|G7[0]|OUT:rise,A -> G1 -> G2 -> G3 -> G7
245,pre_optimization,-0.8672051754976651,0,0.31636580418456195,-0.0013658041845619473,-0.0013658041845619473,True,D:rise|G4[0]|G5[0]|G6[0]|G7[1]|OUT:rise,D -> G4 -> G5 -> G6 -> G7
245,post_optimization,-0.8672051754976651,0,0.2997791354102842,0.015220864589715777,0,False,A:rise|G1[0]|G2[0]|G3[0]|G7[0]|OUT:rise,A -> G1 -> G2 -> G3 -> G7
246,pre_optimization,-0.5115344628551906,0,0.30746557729874446,0.007534422701255539,0,False,A:rise|G1[0]|G2[0]|G3[0]|G7[0]|OUT:rise,A -> G1 -> G2 -> G3 -> G7
246,post_optimization,-0.5115344628551906,0,0.29285554110211975,0.022144458897880248,0,False,A:rise|G1[0]|G2[0]|G3[0]|G7[0]|OUT:rise,A -> G1 -> G2 -> G3 -> G7
247,pre_optimization,-1.5747387270494422,0,0.300584767504297,0.014415232495702979,0,False,D:rise|G4[0]|G5[0]|G6[0]|G7[1]|OUT:rise,D -> G4 -> G5 -> G6 -> G7
247,post_optimization,-1.5747387270494422,0,0.28347848461690384,0.031521515383096166,0,False,D:rise|G4[0]|G5[0]|G6[0]|G7[1]|OUT:rise,D -> G4 -> G5 -> G6 -> G7
248,pre_optimization,0.1696009256370043,0,0.30528165208483055,0.009718347915169456,0,False,A:rise|G1[0]|G2[0]|G3[0]|G7[0]|OUT:rise,A -> G1 -> G2 -> G3 -> G7
248,post_optimization,0.1696009256370043,0,0.2954864398801006,0.01951356011989941,0,False,A:rise|G1[0]|G2[0]|G3[0]|G7[0]|OUT:rise,A -> G1 -> G2 -> G3 -> G7
249,pre_optimization,0.2968278394951286,0,0.32509334483984875,-0.01009334483984875,-0.01009334483984875,True,D:rise|G4[0]|G5[0]|G6[0]|G7[1]|OUT:rise,D -> G4 -> G5 -> G6 -> G7
249,post_optimization,0.2968278394951286,0,0.30764846805901874,0.00735153194098126,0,False,A:rise|G1[0]|G2[0]|G3[0]|G7[0]|OUT:rise,A -> G1 -> G2 -> G3 -> G7
250,pre_optimization,-0.6343490473769337,0,0.3146118582886189,0.0003881417113811292,0,False,A:rise|G1[0]|G2[0]|G3[0]|G7[0]|OUT:rise,A -> G1 -> G2 -> G3 -> G7
250,post_optimization,-0.6343490473769337,0,0.30441143223554856,0.01058856776445144,0,False,A:rise|G1[0]|G2[0]|G3[0]|G7[0]|OUT:rise,A -> G1 -> G2 -> G3 -> G7
251,pre_optimization,-0.39505382997729593,0,0.31171070828774006,0.003289291712259945,0,False,A:rise|G1[0]|G2[0]|G3[0]|G7[0]|OUT:rise,A -> G1 -> G2 -> G3 -> G7
251,post_optimization,-0.39505382997729593,0,0.30115107928616514,0.013848920713834867,0,False,A:rise|G1[0]|G2[0]|G3[0]|G7[0]|OUT:rise,A -> G1 -> G2 -> G3 -> G7
252,pre_optimization,-0.09434392341382036,0,0.332816224726622,-0.017816224726621976,-0.017816224726621976,True,D:rise|G4[0]|G5[0]|G6[0]|G7[1]|OUT:rise,D -> G4 -> G5 -> G6 -> G7
252,post_optimization,-0.09434392341382036,0,0.3143444107798419,0.0006555892201581259,0,False,D:rise|G4[0]|G5[0]|G6[0]|G7[1]|OUT:rise,D -> G4 -> G5 -> G6 -> G7
253,pre_optimization,0.8366391261349244,0,0.3333161710344258,-0.018316171034425788,-0.018316171034425788,True,A:rise|G1[0]|G2[0]|G3[0]|G7[0]|OUT:rise,A -> G1 -> G2 -> G3 -> G7
253,post_optimization,0.8366391261349244,0,0.31833746492626885,-0.0033374649262688516,-0.0033374649262688516,True,A:rise|G1[0]|G2[0]|G3[0]|G7[0]|OUT:rise,A -> G1 -> G2 -> G3 -> G7
254,pre_optimization,0.5099970966654735,0,0.32241947048598146,-0.007419470485981461,-0.007419470485981461,True,D:rise|G4[0]|G5[0]|G6[0]|G7[1]|OUT:rise,D -> G4 -> G5 -> G6 -> G7
254,post_optimization,0.5099970966654735,0,0.3046288475740961,0.010371152425903918,0,False,D:rise|G4[0]|G5[0]|G6[0]|G7[1]|OUT:rise,D -> G4 -> G5 -> G6 -> G7
255,pre_optimization,2.156893289248899,0,0.3437089499524262,-0.028708949952426177,-0.028708949952426177,True,A:rise|G1[0]|G2[0]|G3[0]|G7[0]|OUT:rise,A -> G1 -> G2 -> G3 -> G7
255,post_optimization,2.156893289248899,0,0.3290158403100863,-0.014015840310086292,-0.014015840310086292,True,A:rise|G1[0]|G2[0]|G3[0]|G7[0]|OUT:rise,A -> G1 -> G2 -> G3 -> G7
256,pre_optimization,0.416229679384687,0,0.32519149314577483,-0.010191493145774833,-0.010191493145774833,True,D:rise|G4[0]|G5[0]|G6[0]|G7[1]|OUT:rise,D -> G4 -> G5 -> G6 -> G7
256,post_optimization,0.416229679384687,0,0.3086458915879162,0.006354108412083781,0,False,A:rise|G1[0]|G2[0]|G3[0]|G7[0]|OUT:rise,A -> G1 -> G2 -> G3 -> G7
257,pre_optimization,3.5956755807937206,0,0.35054361804029477,-0.03554361804029477,-0.03554361804029477,True,D:rise|G4[0]|G5[0]|G6[0]|G7[1]|OUT:rise,D -> G4 -> G5 -> G6 -> G7
257,post_optimization,3.5956755807937206,0,0.3303681300949585,-0.015368130094958521,-0.015368130094958521,True,D:rise|G4[0]|G5[0]|G6[0]|G7[1]|OUT:rise,D -> G4 -> G5 -> G6 -> G7
258,pre_optimization,1.4397312091193972,0,0.33493814520850146,-0.019938145208501457,-0.019938145208501457,True,D:rise|G4[0]|G5[0]|G6[0]|G7[1]|OUT:rise,D -> G4 -> G5 -> G6 -> G7
258,post_optimization,1.4397312091193972,0,0.3176142848327965,-0.0026142848327965207,-0.0026142848327965207,True,D:rise|G4[0]|G5[0]|G6[0]|G7[1]|OUT:rise,D -> G4 -> G5 -> G6 -> G7
259,pre_optimization,0.7960437204021202,0,0.3337454212636841,-0.018745421263684114,-0.018745421263684114,True,D:rise|G4[0]|G5[0]|G6[0]|G7[1]|OUT:rise,D -> G4 -> G5 -> G6 -> G7
259,post_optimization,0.7960437204021202,0,0.3166117919914023,-0.0016117919914023227,-0.0016117919914023227,True,D:rise|G4[0]|G5[0]|G6[0]|G7[1]|OUT:rise,D -> G4 -> G5 -> G6 -> G7
260,pre_optimization,-0.7791020722312126,0,0.29979706368033615,0.015202936319663851,0,False,D:rise|G4[0]|G5[0]|G6[0]|G7[1]|OUT:rise,D -> G4 -> G5 -> G6 -> G7
260,post_optimization,-0.7791020722312126,0,0.28552793683383404,0.029472063166165963,0,False,A:rise|G1[0]|G2[0]|G3[0]|G7[0]|OUT:rise,A -> G1 -> G2 -> G3 -> G7
261,pre_optimization,-0.9002406318860021,0,0.32046797716943454,-0.005467977169434535,-0.005467977169434535,True,D:rise|G4[0]|G5[0]|G6[0]|G7[1]|OUT:rise,D -> G4 -> G5 -> G6 -> G7
261,post_optimization,-0.9002406318860021,0,0.30164343292962326,0.013356567070376746,0,False,D:rise|G4[0]|G5[0]|G6[0]|G7[1]|OUT:rise,D -> G4 -> G5 -> G6 -> G7
262,pre_optimization,-0.9583357108178653,0,0.3073298123677251,0.007670187632274894,0,False,D:rise|G4[0]|G5[0]|G6[0]|G7[1]|OUT:rise,D -> G4 -> G5 -> G6 -> G7
262,post_optimization,-0.9583357108178653,0,0.29334910259023506,0.021650897409764946,0,False,A:rise|G1[0]|G2[0]|G3[0]|G7[0]|OUT:rise,A -> G1 -> G2 -> G3 -> G7
263,pre_optimization,1.14830244898982,0,0.3336571286799405,-0.018657128679940516,-0.018657128679940516,True,D:rise|G4[0]|G5[0]|G6[0]|G7[1]|OUT:rise,D -> G4 -> G5 -> G6 -> G7
263,post_optimization,1.14830244898982,0,0.3170497076982507,-0.002049707698250691,-0.002049707698250691,True,A:rise|G1[0]|G2[0]|G3[0]|G7[0]|OUT:rise,A -> G1 -> G2 -> G3 -> G7
264,pre_optimization,0.7914779353902545,0,0.3357792876235508,-0.0207792876235508,-0.0207792876235508,True,D:rise|G4[0]|G5[0]|G6[0]|G7[1]|OUT:rise,D -> G4 -> G5 -> G6 -> G7
264,post_optimization,0.7914779353902545,0,0.3165949911065783,-0.0015949911065782918,-0.0015949911065782918,True,D:rise|G4[0]|G5[0]|G6[0]|G7[1]|OUT:rise,D -> G4 -> G5 -> G6 -> G7
265,pre_optimization,-0.5976973263370665,0,0.3019579075597264,0.0130420924402736,0,False,A:rise|G1[0]|G2[0]|G3[0]|G7[0]|OUT:rise,A -> G1 -> G2 -> G3 -> G7
265,post_optimization,-0.5976973263370665,0,0.29355562406804553,0.021444375931954474,0,False,A:rise|G1[0]|G2[0]|G3[0]|G7[0]|OUT:rise,A -> G1 -> G2 -> G3 -> G7
266,pre_optimization,0.142685446563438,0,0.32498875184835707,-0.00998875184835707,-0.00998875184835707,True,A:rise|G1[0]|G2[0]|G3[0]|G7[0]|OUT:rise,A -> G1 -> G2 -> G3 -> G7
266,post_optimization,0.142685446563438,0,0.30947110320800164,0.005528896791998361,0,False,A:rise|G1[0]|G2[0]|G3[0]|G7[0]|OUT:rise,A -> G1 -> G2 -> G3 -> G7
267,pre_optimization,1.731810663021679,0,0.3416013857242076,-0.026601385724207616,-0.026601385724207616,True,D:rise|G4[0]|G5[0]|G6[0]|G7[1]|OUT:rise,D -> G4 -> G5 -> G6 -> G7
267,post_optimization,1.731810663021679,0,0.32322842518399175,-0.00822842518399175,-0.00822842518399175,True,A:rise|G1[0]|G2[0]|G3[0]|G7[0]|OUT:rise,A -> G1 -> G2 -> G3 -> G7
268,pre_optimization,1.3338435241705953,0,0.3450278277319325,-0.03002782773193252,-0.03002782773193252,True,D:rise|G4[0]|G5[0]|G6[0]|G7[1]|OUT:rise,D -> G4 -> G5 -> G6 -> G7
268,post_optimization,1.3338435241705953,0,0.3251576670494542,-0.0101576670494542,-0.0101576670494542,True,D:rise|G4[0]|G5[0]|G6[0]|G7[1]|OUT:rise,D -> G4 -> G5 -> G6 -> G7
269,pre_optimization,-1.1796519976938844,0,0.3007307697973564,0.01426923020264359,0,False,A:rise|G1[0]|G2[0]|G3[0]|G7[0]|OUT:rise,A -> G1 -> G2 -> G3 -> G7
269,post_optimization,-1.1796519976938844,0,0.2922362973931272,0.022763702606872827,0,False,A:rise|G1[0]|G2[0]|G3[0]|G7[0]|OUT:rise,A -> G1 -> G2 -> G3 -> G7
270,pre_optimization,-1.1097851155318192,0,0.30575957225117567,0.009240427748824331,0,False,D:rise|G4[0]|G5[0]|G6[0]|G7[1]|OUT:rise,D -> G4 -> G5 -> G6 -> G7
270,post_optimization,-1.1097851155318192,0,0.2893875257803094,0.025612474219690595,0,False,A:rise|G1[0]|G2[0]|G3[0]|G7[0]|OUT:rise,A -> G1 -> G2 -> G3 -> G7
271,pre_optimization,-0.18808845174279978,0,0.3261032772902398,-0.0111032772902398,-0.0111032772902398,True,D:rise|G4[0]|G5[0]|G6[0]|G7[1]|OUT:rise,D -> G4 -> G5 -> G6 -> G7
271,post_optimization,-0.18808845174279978,0,0.3126009626746555,0.002399037325344522,0,False,A:rise|G1[0]|G2[0]|G3[0]|G7[0]|OUT:rise,A -> G1 -> G2 -> G3 -> G7
272,pre_optimization,-0.533250682321913,0,0.30721042905510665,0.007789570944893354,0,False,D:rise|G4[0]|G5[0]|G6[0]|G7[1]|OUT:rise,D -> G4 -> G5 -> G6 -> G7
272,post_optimization,-0.533250682321913,0,0.28884629831679876,0.026153701683201247,0,False,D:rise|G4[0]|G5[0]|G6[0]|G7[1]|OUT:rise,D -> G4 -> G5 -> G6 -> G7
273,pre_optimization,-0.24998759299116924,0,0.32316505099194737,-0.008165050991947365,-0.008165050991947365,True,D:rise|G4[0]|G5[0]|G6[0]|G7[1]|OUT:rise,D -> G4 -> G5 -> G6 -> G7
273,post_optimization,-0.24998759299116924,0,0.3028733819079432,0.012126618092056785,0,False,D:rise|G4[0]|G5[0]|G6[0]|G7[1]|OUT:rise,D -> G4 -> G5 -> G6 -> G7
274,pre_optimization,0.19394195586232135,0,0.3255400618532016,-0.01054006185320161,-0.01054006185320161,True,D:rise|G4[0]|G5[0]|G6[0]|G7[1]|OUT:rise,D -> G4 -> G5 -> G6 -> G7
274,post_optimization,0.19394195586232135,0,0.3072629036601891,0.0077370963398109005,0,False,D:rise|G4[0]|G5[0]|G6[0]|G7[1]|OUT:rise,D -> G4 -> G5 -> G6 -> G7
275,pre_optimization,-0.8244668782986699,0,0.3067178978889628,0.008282102111037193,0,False,D:rise|G4[0]|G5[0]|G6[0]|G7[1]|OUT:rise,D -> G4 -> G5 -> G6 -> G7
275,post_optimization,-0.8244668782986699,0,0.28972840261405547,0.025271597385944533,0,False,D:rise|G4[0]|G5[0]|G6[0]|G7[1]|OUT:rise,D -> G4 -> G5 -> G6 -> G7
276,pre_optimization,0.2821514526516557,0,0.33290824430466237,-0.01790824430466237,-0.01790824430466237,True,D:rise|G4[0]|G5[0]|G6[0]|G7[1]|OUT:rise,D -> G4 -> G5 -> G6 -> G7
276,post_optimization,0.2821514526516557,0,0.31259172748050995,0.002408272519490051,0,False,D:rise|G4[0]|G5[0]|G6[0]|G7[1]|OUT:rise,D -> G4 -> G5 -> G6 -> G7
277,pre_optimization,-0.16990612225345086,0,0.31689179155004793,-0.0018917915500479277,-0.0018917915500479277,True,A:rise|G1[0]|G2[0]|G3[0]|G7[0]|OUT:rise,A -> G1 -> G2 -> G3 -> G7
277,post_optimization,-0.16990612225345086,0,0.3029623309082279,0.012037669091772119,0,False,A:rise|G1[0]|G2[0]|G3[0]|G7[0]|OUT:rise,A -> G1 -> G2 -> G3 -> G7
278,pre_optimization,1.1008397363769746,0,0.341022469852566,-0.02602246985256601,-0.02602246985256601,True,D:rise|G4[0]|G5[0]|G6[0]|G7[1]|OUT:rise,D -> G4 -> G5 -> G6 -> G7
278,post_optimization,1.1008397363769746,0,0.31981208269871525,-0.004812082698715248,-0.004812082698715248,True,D:rise|G4[0]|G5[0]|G6[0]|G7[1]|OUT:rise,D -> G4 -> G5 -> G6 -> G7
279,pre_optimization,-0.06550807854673735,0,0.3200693556465523,-0.005069355646552309,-0.005069355646552309,True,D:rise|G4[0]|G5[0]|G6[0]|G7[1]|OUT:rise,D -> G4 -> G5 -> G6 -> G7
279,post_optimization,-0.06550807854673735,0,0.3033972865429626,0.011602713457037395,0,False,A:rise|G1[0]|G2[0]|G3[0]|G7[0]|OUT:rise,A -> G1 -> G2 -> G3 -> G7
280,pre_optimization,0.2947024637355741,0,0.3234541180221986,-0.008454118022198587,-0.008454118022198587,True,A:rise|G1[0]|G2[0]|G3[0]|G7[0]|OUT:rise,A -> G1 -> G2 -> G3 -> G7
280,post_optimization,0.2947024637355741,0,0.3077344480454042,0.007265551954595828,0,False,A:rise|G1[0]|G2[0]|G3[0]|G7[0]|OUT:rise,A -> G1 -> G2 -> G3 -> G7
281,pre_optimization,-0.32054331092122257,0,0.3138069103436015,0.0011930896563985272,0,False,A:rise|G1[0]|G2[0]|G3[0]|G7[0]|OUT:rise,A -> G1 -> G2 -> G3 -> G7
281,post_optimization,-0.32054331092122257,0,0.3014305432934584,0.013569456706541583,0,False,A:rise|G1[0]|G2[0]|G3[0]|G7[0]|OUT:rise,A -> G1 -> G2 -> G3 -> G7
282,pre_optimization,1.6823426406063255,0,0.3221299761923363,-0.007129976192336296,-0.007129976192336296,True,D:rise|G4[0]|G5[0]|G6[0]|G7[1]|OUT:rise,D -> G4 -> G5 -> G6 -> G7
282,post_optimization,1.6823426406063255,0,0.30654828426885483,0.00845171573114517,0,False,D:rise|G4[0]|G5[0]|G6[0]|G7[1]|OUT:rise,D -> G4 -> G5 -> G6 -> G7
283,pre_optimization,0.628248351636284,0,0.32730903031279057,-0.01230903031279057,-0.01230903031279057,True,D:rise|G4[0]|G5[0]|G6[0]|G7[1]|OUT:rise,D -> G4 -> G5 -> G6 -> G7
283,post_optimization,0.628248351636284,0,0.3080861814910234,0.006913818508976599,0,False,D:rise|G4[0]|G5[0]|G6[0]|G7[1]|OUT:rise,D -> G4 -> G5 -> G6 -> G7
284,pre_optimization,-0.6698004648089718,0,0.31853085502728845,-0.0035308550272884487,-0.0035308550272884487,True,A:rise|G1[0]|G2[0]|G3[0]|G7[0]|OUT:rise,A -> G1 -> G2 -> G3 -> G7
284,post_optimization,-0.6698004648089718,0,0.3057904165316477,0.009209583468352323,0,False,A:rise|G1[0]|G2[0]|G3[0]|G7[0]|OUT:rise,A -> G1 -> G2 -> G3 -> G7
285,pre_optimization,-0.177243463993425,0,0.31309941022215165,0.0019005897778483494,0,False,A:rise|G1[0]|G2[0]|G3[0]|G7[0]|OUT:rise,A -> G1 -> G2 -> G3 -> G7
285,post_optimization,-0.177243463993425,0,0.30155395189168616,0.013446048108313846,0,False,A:rise|G1[0]|G2[0]|G3[0]|G7[0]|OUT:rise,A -> G1 -> G2 -> G3 -> G7
286,pre_optimization,-0.680583333264366,0,0.30101625313568764,0.013983746864312363,0,False,D:rise|G4[0]|G5[0]|G6[0]|G7[1]|OUT:rise,D -> G4 -> G5 -> G6 -> G7
286,post_optimization,-0.680583333264366,0,0.28545100355907327,0.029548996440926734,0,False,D:rise|G4[0]|G5[0]|G6[0]|G7[1]|OUT:rise,D -> G4 -> G5 -> G6 -> G7
287,pre_optimization,-1.2508082907383116,0,0.3157108225627612,-0.0007108225627611708,-0.0007108225627611708,True,D:rise|G4[0]|G5[0]|G6[0]|G7[1]|OUT:rise,D -> G4 -> G5 -> G6 -> G7
287,post_optimization,-1.2508082907383116,0,0.29816393268790153,0.01683606731209847,0,False,D:rise|G4[0]|G5[0]|G6[0]|G7[1]|OUT:rise,D -> G4 -> G5 -> G6 -> G7
288,pre_optimization,0.8440770388013465,0,0.33106347711131534,-0.01606347711131534,-0.01606347711131534,True,A:rise|G1[0]|G2[0]|G3[0]|G7[0]|OUT:rise,A -> G1 -> G2 -> G3 -> G7
288,post_optimization,0.8440770388013465,0,0.31556815020735834,-0.0005681502073583422,-0.0005681502073583422,True,A:rise|G1[0]|G2[0]|G3[0]|G7[0]|OUT:rise,A -> G1 -> G2 -> G3 -> G7
289,pre_optimization,-0.8243520586500321,0,0.30465293004366656,0.010347069956333443,0,False,D:rise|G4[0]|G5[0]|G6[0]|G7[1]|OUT:rise,D -> G4 -> G5 -> G6 -> G7
289,post_optimization,-0.8243520586500321,0,0.28920263463261,0.025797365367390024,0,False,A:rise|G1[0]|G2[0]|G3[0]|G7[0]|OUT:rise,A -> G1 -> G2 -> G3 -> G7
290,pre_optimization,-1.8309321078844885,0,0.289124769200816,0.025875230799184024,0,False,D:rise|G4[0]|G5[0]|G6[0]|G7[1]|OUT:rise,D -> G4 -> G5 -> G6 -> G7
290,post_optimization,-1.8309321078844885,0,0.2763351529880271,0.038664847011972925,0,False,A:rise|G1[0]|G2[0]|G3[0]|G7[0]|OUT:rise,A -> G1 -> G2 -> G3 -> G7
291,pre_optimization,0.5544326654758187,0,0.32172199701031456,-0.006721997010314562,-0.006721997010314562,True,D:rise|G4[0]|G5[0]|G6[0]|G7[1]|OUT:rise,D -> G4 -> G5 -> G6 -> G7
291,post_optimization,0.5544326654758187,0,0.30280399740285613,0.012196002597143873,0,False,D:rise|G4[0]|G5[0]|G6[0]|G7[1]|OUT:rise,D -> G4 -> G5 -> G6 -> G7
292,pre_optimization,-0.8748925953460938,0,0.30365960486336,0.01134039513663998,0,False,A:rise|G1[0]|G2[0]|G3[0]|G7[0]|OUT:rise,A -> G1 -> G2 -> G3 -> G7
292,post_optimization,-0.8748925953460938,0,0.29403709767024894,0.020962902329751065,0,False,A:rise|G1[0]|G2[0]|G3[0]|G7[0]|OUT:rise,A -> G1 -> G2 -> G3 -> G7
293,pre_optimization,0.6420793661839903,0,0.31882305838968605,-0.0038230583896860515,-0.0038230583896860515,True,D:rise|G4[0]|G5[0]|G6[0]|G7[1]|OUT:rise,D -> G4 -> G5 -> G6 -> G7
293,post_optimization,0.6420793661839903,0,0.30176504188964737,0.013234958110352635,0,False,D:rise|G4[0]|G5[0]|G6[0]|G7[1]|OUT:rise,D -> G4 -> G5 -> G6 -> G7
294,pre_optimization,-0.5295805139168938,0,0.30666474971553476,0.008335250284465245,0,False,D:rise|G4[0]|G5[0]|G6[0]|G7[1]|OUT:rise,D -> G4 -> G5 -> G6 -> G7
294,post_optimization,-0.5295805139168938,0,0.29256192744379994,0.02243807255620006,0,False,A:rise|G1[0]|G2[0]|G3[0]|G7[0]|OUT:rise,A -> G1 -> G2 -> G3 -> G7
295,pre_optimization,0.12730095880066053,0,0.31871324966340003,-0.003713249663400031,-0.003713249663400031,True,A:rise|G1[0]|G2[0]|G3[0]|G7[0]|OUT:rise,A -> G1 -> G2 -> G3 -> G7
295,post_optimization,0.12730095880066053,0,0.30538206338434676,0.009617936615653244,0,False,A:rise|G1[0]|G2[0]|G3[0]|G7[0]|OUT:rise,A -> G1 -> G2 -> G3 -> G7
296,pre_optimization,0.30867158725293775,0,0.3150722364081362,-7.223640813619481e-05,-7.223640813619481e-05,True,D:rise|G4[0]|G5[0]|G6[0]|G7[1]|OUT:rise,D -> G4 -> G5 -> G6 -> G7
296,post_optimization,0.30867158725293775,0,0.2988080678574524,0.016191932142547605,0,False,A:rise|G1[0]|G2[0]|G3[0]|G7[0]|OUT:rise,A -> G1 -> G2 -> G3 -> G7
297,pre_optimization,0.3187953208378078,0,0.3158160612209537,-0.0008160612209536788,-0.0008160612209536788,True,D:rise|G4[0]|G5[0]|G6[0]|G7[1]|OUT:rise,D -> G4 -> G5 -> G6 -> G7
297,post_optimization,0.3187953208378078,0,0.2978840572887457,0.01711594271125433,0,False,A:rise|G1[0]|G2[0]|G3[0]|G7[0]|OUT:rise,A -> G1 -> G2 -> G3 -> G7
298,pre_optimization,-1.1819960179426257,0,0.3124256824547055,0.0025743175452945244,0,False,D:rise|G4[0]|G5[0]|G6[0]|G7[1]|OUT:rise,D -> G4 -> G5 -> G6 -> G7
298,post_optimization,-1.1819960179426257,0,0.29484432930681725,0.020155670693182748,0,False,D:rise|G4[0]|G5[0]|G6[0]|G7[1]|OUT:rise,D -> G4 -> G5 -> G6 -> G7
299,pre_optimization,-1.179671392439931,0,0.2987192947482987,0.016280705251701277,0,False,D:rise|G4[0]|G5[0]|G6[0]|G7[1]|OUT:rise,D -> G4 -> G5 -> G6 -> G7
299,post_optimization,-1.179671392439931,0,0.2817419016980774,0.03325809830192261,0,False,D:rise|G4[0]|G5[0]|G6[0]|G7[1]|OUT:rise,D -> G4 -> G5 -> G6 -> G7
300,pre_optimization,1.0553828950239943,0,0.3233381006566453,-0.008338100656645309,-0.008338100656645309,True,D:rise|G4[0]|G5[0]|G6[0]|G7[1]|OUT:rise,D -> G4 -> G5 -> G6 -> G7
300,post_optimization,1.0553828950239943,0,0.30693118213776727,0.008068817862232736,0,False,A:rise|G1[0]|G2[0]|G3[0]|G7[0]|OUT:rise,A -> G1 -> G2 -> G3 -> G7
301,pre_optimization,1.2015049989127635,0,0.3111492163643187,0.0038507836356813097,0,False,D:rise|G4[0]|G5[0]|G6[0]|G7[1]|OUT:rise,D -> G4 -> G5 -> G6 -> G7
301,post_optimization,1.2015049989127635,0,0.2947445435078525,0.020255456492147494,0,False,A:rise|G1[0]|G2[0]|G3[0]|G7[0]|OUT:rise,A -> G1 -> G2 -> G3 -> G7
302,pre_optimization,-0.3965851578820193,0,0.31389974715846297,0.0011002528415370305,0,False,A:rise|G1[0]|G2[0]|G3[0]|G7[0]|OUT:rise,A -> G1 -> G2 -> G3 -> G7
302,post_optimization,-0.3965851578820193,0,0.3031324086783799,0.011867591321620075,0,False,A:rise|G1[0]|G2[0]|G3[0]|G7[0]|OUT:rise,A -> G1 -> G2 -> G3 -> G7
303,pre_optimization,-0.5276411719947851,0,0.3167721284987177,-0.0017721284987177177,-0.0017721284987177177,True,D:rise|G4[0]|G5[0]|G6[0]|G7[1]|OUT:rise,D -> G4 -> G5 -> G6 -> G7
303,post_optimization,-0.5276411719947851,0,0.29871848361507214,0.016281516384927863,0,False,D:rise|G4[0]|G5[0]|G6[0]|G7[1]|OUT:rise,D -> G4 -> G5 -> G6 -> G7
304,pre_optimization,1.0503074267720092,0,0.3425760518178649,-0.027576051817864877,-0.027576051817864877,True,A:rise|G1[0]|G2[0]|G3[0]|G7[0]|OUT:rise,A -> G1 -> G2 -> G3 -> G7
304,post_optimization,1.0503074267720092,0,0.33102825231680244,-0.016028252316802438,-0.016028252316802438,True,A:rise|G1[0]|G2[0]|G3[0]|G7[0]|OUT:rise,A -> G1 -> G2 -> G3 -> G7
305,pre_optimization,-0.5049828014464807,0,0.3028906483832899,0.012109351616710118,0,False,D:rise|G4[0]|G5[0]|G6[0]|G7[1]|OUT:rise,D -> G4 -> G5 -> G6 -> G7
305,post_optimization,-0.5049828014464807,0,0.2881911057863217,0.026808894213678325,0,False,D:rise|G4[0]|G5[0]|G6[0]|G7[1]|OUT:rise,D -> G4 -> G5 -> G6 -> G7
306,pre_optimization,-0.7545059804751975,0,0.3044382573204534,0.010561742679546626,0,False,A:rise|G1[0]|G2[0]|G3[0]|G7[0]|OUT:rise,A -> G1 -> G2 -> G3 -> G7
306,post_optimization,-0.7545059804751975,0,0.29592868555331603,0.019071314446683973,0,False,A:rise|G1[0]|G2[0]|G3[0]|G7[0]|OUT:rise,A -> G1 -> G2 -> G3 -> G7
307,pre_optimization,0.2948244658023874,0,0.3207138972204679,-0.0057138972204678895,-0.0057138972204678895,True,D:rise|G4[0]|G5[0]|G6[0]|G7[1]|OUT:rise,D -> G4 -> G5 -> G6 -> G7
307,post_optimization,0.2948244658023874,0,0.30751391023053104,0.007486089769468962,0,False,A:rise|G1[0]|G2[0]|G3[0]|G7[0]|OUT:rise,A -> G1 -> G2 -> G3 -> G7
308,pre_optimization,-0.30315788960955664,0,0.31826639758213293,-0.0032663975821329294,-0.0032663975821329294,True,D:rise|G4[0]|G5[0]|G6[0]|G7[1]|OUT:rise,D -> G4 -> G5 -> G6 -> G7
308,post_optimization,-0.30315788960955664,0,0.3007406210385329,0.014259378961467117,0,False,D:rise|G4[0]|G5[0]|G6[0]|G7[1]|OUT:rise,D -> G4 -> G5 -> G6 -> G7
309,pre_optimization,0.5905892477455786,0,0.3298897078564648,-0.014889707856464818,-0.014889707856464818,True,D:rise|G4[0]|G5[0]|G6[0]|G7[1]|OUT:rise,D -> G4 -> G5 -> G6 -> G7
309,post_optimization,0.5905892477455786,0,0.3103769884639528,0.004623011536047217,0,False,D:rise|G4[0]|G5[0]|G6[0]|G7[1]|OUT:rise,D -> G4 -> G5 -> G6 -> G7
310,pre_optimization,-0.956847334736906,0,0.305464328203699,0.009535671796300993,0,False,D:rise|G4[0]|G5[0]|G6[0]|G7[1]|OUT:rise,D -> G4 -> G5 -> G6 -> G7
310,post_optimization,-0.956847334736906,0,0.28884297149926175,0.026157028500738255,0,False,D:rise|G4[0]|G5[0]|G6[0]|G7[1]|OUT:rise,D -> G4 -> G5 -> G6 -> G7
311,pre_optimization,-0.3118873026240616,0,0.3048682793319851,0.010131720668014876,0,False,D:rise|G4[0]|G5[0]|G6[0]|G7[1]|OUT:rise,D -> G4 -> G5 -> G6 -> G7
311,post_optimization,-0.3118873026240616,0,0.29020757934139274,0.02479242065860726,0,False,A:rise|G1[0]|G2[0]|G3[0]|G7[0]|OUT:rise,A -> G1 -> G2 -> G3 -> G7
312,pre_optimization,-1.7332785058039577,0,0.3027134234932555,0.012286576506744529,0,False,D:rise|G4[0]|G5[0]|G6[0]|G7[1]|OUT:rise,D -> G4 -> G5 -> G6 -> G7
312,post_optimization,-1.7332785058039577,0,0.28528837941397794,0.02971162058602206,0,False,D:rise|G4[0]|G5[0]|G6[0]|G7[1]|OUT:rise,D -> G4 -> G5 -> G6 -> G7
313,pre_optimization,-1.4401770111571712,0,0.30883557274428136,0.006164427255718641,0,False,A:rise|G1[0]|G2[0]|G3[0]|G7[0]|OUT:rise,A -> G1 -> G2 -> G3 -> G7
313,post_optimization,-1.4401770111571712,0,0.29421368755107213,0.02078631244892787,0,False,A:rise|G1[0]|G2[0]|G3[0]|G7[0]|OUT:rise,A -> G1 -> G2 -> G3 -> G7
314,pre_optimization,-0.2622482238028342,0,0.30517760711665365,0.009822392883346354,0,False,A:rise|G1[0]|G2[0]|G3[0]|G7[0]|OUT:rise,A -> G1 -> G2 -> G3 -> G7
314,post_optimization,-0.2622482238028342,0,0.29496555095359006,0.02003444904640994,0,False,A:rise|G1[0]|G2[0]|G3[0]|G7[0]|OUT:rise,A -> G1 -> G2 -> G3 -> G7
315,pre_optimization,-1.315481414411345,0,0.30723332287015337,0.007766677129846633,0,False,D:rise|G4[0]|G5[0]|G6[0]|G7[1]|OUT:rise,D -> G4 -> G5 -> G6 -> G7
315,post_optimization,-1.315481414411345,0,0.2870844005640094,0.02791559943599059,0,False,D:rise|G4[0]|G5[0]|G6[0]|G7[1]|OUT:rise,D -> G4 -> G5 -> G6 -> G7
316,pre_optimization,-0.5126257392622833,0,0.31164752427214143,0.0033524757278585726,0,False,D:rise|G4[0]|G5[0]|G6[0]|G7[1]|OUT:rise,D -> G4 -> G5 -> G6 -> G7
316,post_optimization,-0.5126257392622833,0,0.29571687047547424,0.019283129524525766,0,False,D:rise|G4[0]|G5[0]|G6[0]|G7[1]|OUT:rise,D -> G4 -> G5 -> G6 -> G7
317,pre_optimization,0.01507884481687893,0,0.30136575627252105,0.013634243727478956,0,False,A:rise|G1[0]|G2[0]|G3[0]|G7[0]|OUT:rise,A -> G1 -> G2 -> G3 -> G7
317,post_optimization,0.01507884481687893,0,0.28878671508615555,0.026213284913844448,0,False,A:rise|G1[0]|G2[0]|G3[0]|G7[0]|OUT:rise,A -> G1 -> G2 -> G3 -> G7
318,pre_optimization,0.41584081092128056,0,0.32678558990097306,-0.01178558990097306,-0.01178558990097306,True,D:rise|G4[0]|G5[0]|G6[0]|G7[1]|OUT:rise,D -> G4 -> G5 -> G6 -> G7
318,post_optimization,0.41584081092128056,0,0.3071533084398629,0.00784669156013712,0,False,D:rise|G4[0]|G5[0]|G6[0]|G7[1]|OUT:rise,D -> G4 -> G5 -> G6 -> G7
319,pre_optimization,-0.965396462327622,0,0.3087185106579678,0.006281489342032209,0,False,D:rise|G4[0]|G5[0]|G6[0]|G7[1]|OUT:rise,D -> G4 -> G5 -> G6 -> G7
319,post_optimization,-0.965396462327622,0,0.2940761178404272,0.020923882159572804,0,False,A:rise|G1[0]|G2[0]|G3[0]|G7[0]|OUT:rise,A -> G1 -> G2 -> G3 -> G7
320,pre_optimization,-1.2783250908548236,0,0.29746342524720454,0.017536574752795464,0,False,A:rise|G1[0]|G2[0]|G3[0]|G7[0]|OUT:rise,A -> G1 -> G2 -> G3 -> G7
320,post_optimization,-1.2783250908548236,0,0.28476879200051586,0.030231207999484144,0,False,A:rise|G1[0]|G2[0]|G3[0]|G7[0]|OUT:rise,A -> G1 -> G2 -> G3 -> G7
321,pre_optimization,-0.5028772412785095,0,0.3234077536562527,-0.008407753656252681,-0.008407753656252681,True,D:rise|G4[0]|G5[0]|G6[0]|G7[1]|OUT:rise,D -> G4 -> G5 -> G6 -> G7
321,post_optimization,-0.5028772412785095,0,0.30723540968480473,0.007764590315195274,0,False,D:rise|G4[0]|G5[0]|G6[0]|G7[1]|OUT:rise,D -> G4 -> G5 -> G6 -> G7
322,pre_optimization,0.15958026240132506,0,0.3238688429169913,-0.008868842916991304,-0.008868842916991304,True,A:rise|G1[0]|G2[0]|G3[0]|G7[0]|OUT:rise,A -> G1 -> G2 -> G3 -> G7
322,post_optimization,0.15958026240132506,0,0.31204053555497757,0.0029594644450224306,0,False,A:rise|G1[0]|G2[0]|G3[0]|G7[0]|OUT:rise,A -> G1 -> G2 -> G3 -> G7
323,pre_optimization,-0.6519421681286314,0,0.3111627330501126,0.003837266949887397,0,False,D:rise|G4[0]|G5[0]|G6[0]|G7[1]|OUT:rise,D -> G4 -> G5 -> G6 -> G7
323,post_optimization,-0.6519421681286314,0,0.29405092562588,0.020949074374120025,0,False,D:rise|G4[0]|G5[0]|G6[0]|G7[1]|OUT:rise,D -> G4 -> G5 -> G6 -> G7
324,pre_optimization,0.9488511166714949,0,0.336003839086635,-0.021003839086635,-0.021003839086635,True,A:rise|G1[0]|G2[0]|G3[0]|G7[0]|OUT:rise,A -> G1 -> G2 -> G3 -> G7
324,post_optimization,0.9488511166714949,0,0.32174287544191493,-0.006742875441914931,-0.006742875441914931,True,A:rise|G1[0]|G2[0]|G3[0]|G7[0]|OUT:rise,A -> G1 -> G2 -> G3 -> G7
325,pre_optimization,1.1807160414123332,0,0.32757954285311436,-0.012579542853114356,-0.012579542853114356,True,D:rise|G4[0]|G5[0]|G6[0]|G7[1]|OUT:rise,D -> G4 -> G5 -> G6 -> G7
325,post_optimization,1.1807160414123332,0,0.3089414625267002,0.006058537473299819,0,False,D:rise|G4[0]|G5[0]|G6[0]|G7[1]|OUT:rise,D -> G4 -> G5 -> G6 -> G7
326,pre_optimization,1.0986781300551658,0,0.33162206353799706,-0.016622063537997056,-0.016622063537997056,True,D:rise|G4[0]|G5[0]|G6[0]|G7[1]|OUT:rise,D -> G4 -> G5 -> G6 -> G7
326,post_optimization,1.0986781300551658,0,0.31506164553723903,-6.16455372390301e-05,-6.16455372390301e-05,True,A:rise|G1[0]|G2[0]|G3[0]|G7[0]|OUT:rise,A -> G1 -> G2 -> G3 -> G7
327,pre_optimization,-0.45925127206225125,0,0.32041286669775676,-0.0054128666977567574,-0.0054128666977567574,True,A:rise|G1[0]|G2[0]|G3[0]|G7[0]|OUT:rise,A -> G1 -> G2 -> G3 -> G7
327,post_optimization,-0.45925127206225125,0,0.3094330997528282,0.005566900247171824,0,False,A:rise|G1[0]|G2[0]|G3[0]|G7[0]|OUT:rise,A -> G1 -> G2 -> G3 -> G7
328,pre_optimization,0.5297025325146305,0,0.3213084816650721,-0.006308481665072085,-0.006308481665072085,True,D:rise|G4[0]|G5[0]|G6[0]|G7[1]|OUT:rise,D -> G4 -> G5 -> G6 -> G7
328,post_optimization,0.5297025325146305,0,0.3037556915303016,0.011244308469698427,0,False,A:rise|G1[0]|G2[0]|G3[0]|G7[0]|OUT:rise,A -> G1 -> G2 -> G3 -> G7
329,pre_optimization,0.759788388448206,0,0.32926644007583195,-0.014266440075831943,-0.014266440075831943,True,A:rise|G1[0]|G2[0]|G3[0]|G7[0]|OUT:rise,A -> G1 -> G2 -> G3 -> G7
329,post_optimization,0.759788388448206,0,0.31606529335304,-0.0010652933530400088,-0.0010652933530400088,True,A:rise|G1[0]|G2[0]|G3[0]|G7[0]|OUT:rise,A -> G1 -> G2 -> G3 -> G7
330,pre_optimization,-1.252162702235306,0,0.29818063889119656,0.016819361108803443,0,False,A:rise|G1[0]|G2[0]|G3[0]|G7[0]|OUT:rise,A -> G1 -> G2 -> G3 -> G7
330,post_optimization,-1.252162702235306,0,0.2873019618967298,0.027698038103270206,0,False,A:rise|G1[0]|G2[0]|G3[0]|G7[0]|OUT:rise,A -> G1 -> G2 -> G3 -> G7
331,pre_optimization,0.6609696532314742,0,0.3121839766627048,0.0028160233372951926,0,False,A:rise|G1[0]|G2[0]|G3[0]|G7[0]|OUT:rise,A -> G1 -> G2 -> G3 -> G7
331,post_optimization,0.6609696532314742,0,0.30134613775458885,0.013653862245411152,0,False,A:rise|G1[0]|G2[0]|G3[0]|G7[0]|OUT:rise,A -> G1 -> G2 -> G3 -> G7
332,pre_optimization,1.3037349253515433,0,0.33883393375996806,-0.023833933759968062,-0.023833933759968062,True,D:rise|G4[0]|G5[0]|G6[0]|G7[1]|OUT:rise,D -> G4 -> G5 -> G6 -> G7
332,post_optimization,1.3037349253515433,0,0.31874756894101636,-0.003747568941016355,-0.003747568941016355,True,D:rise|G4[0]|G5[0]|G6[0]|G7[1]|OUT:rise,D -> G4 -> G5 -> G6 -> G7
333,pre_optimization,0.7630571310004279,0,0.3319203155487104,-0.016920315548710374,-0.016920315548710374,True,D:rise|G4[0]|G5[0]|G6[0]|G7[1]|OUT:rise,D -> G4 -> G5 -> G6 -> G7
333,post_optimization,0.7630571310004279,0,0.31153823961664767,0.0034617603833523303,0,False,A:rise|G1[0]|G2[0]|G3[0]|G7[0]|OUT:rise,A -> G1 -> G2 -> G3 -> G7
334,pre_optimization,-0.9125659287517267,0,0.2989432004028863,0.016056799597113702,0,False,D:rise|G4[0]|G5[0]|G6[0]|G7[1]|OUT:rise,D -> G4 -> G5 -> G6 -> G7
334,post_optimization,-0.9125659287517267,0,0.2839527018239701,0.031047298176029914,0,False,A:rise|G1[0]|G2[0]|G3[0]|G7[0]|OUT:rise,A -> G1 -> G2 -> G3 -> G7
335,pre_optimization,0.512870799874414,0,0.3282314708189812,-0.013231470818981184,-0.013231470818981184,True,D:rise|G4[0]|G5[0]|G6[0]|G7[1]|OUT:rise,D -> G4 -> G5 -> G6 -> G7
335,post_optimization,0.512870799874414,0,0.31116491734099827,0.0038350826590017317,0,False,D:rise|G4[0]|G5[0]|G6[0]|G7[1]|OUT:rise,D -> G4 -> G5 -> G6 -> G7
336,pre_optimization,-0.060833009515432475,0,0.3187605023418218,-0.003760502341821792,-0.003760502341821792,True,A:rise|G1[0]|G2[0]|G3[0]|G7[0]|OUT:rise,A -> G1 -> G2 -> G3 -> G7
336,post_optimization,-0.060833009515432475,0,0.308432388336074,0.0065676116639259985,0,False,A:rise|G1[0]|G2[0]|G3[0]|G7[0]|OUT:rise,A -> G1 -> G2 -> G3 -> G7
337,pre_optimization,-2.099666373182261,0,0.2916295939729586,0.02337040602704138,0,False,A:rise|G1[0]|G2[0]|G3[0]|G7[0]|OUT:rise,A -> G1 -> G2 -> G3 -> G7
337,post_optimization,-2.099666373182261,0,0.2799240000198612,0.03507599998013883,0,False,A:rise|G1[0]|G2[0]|G3[0]|G7[0]|OUT:rise,A -> G1 -> G2 -> G3 -> G7
338,pre_optimization,-1.5167577023684262,0,0.2964668773611552,0.018533122638844823,0,False,D:rise|G4[0]|G5[0]|G6[0]|G7[1]|OUT:rise,D -> G4 -> G5 -> G6 -> G7
338,post_optimization,-1.5167577023684262,0,0.28275118409622213,0.03224881590377787,0,False,A:rise|G1[0]|G2[0]|G3[0]|G7[0]|OUT:rise,A -> G1 -> G2 -> G3 -> G7
339,pre_optimization,0.4250377580174607,0,0.3200455026288242,-0.005045502628824194,-0.005045502628824194,True,A:rise|G1[0]|G2[0]|G3[0]|G7[0]|OUT:rise,A -> G1 -> G2 -> G3 -> G7
339,post_optimization,0.4250377580174607,0,0.3083308122565144,0.006669187743485627,0,False,A:rise|G1[0]|G2[0]|G3[0]|G7[0]|OUT:rise,A -> G1 -> G2 -> G3 -> G7
340,pre_optimization,0.056896021830998275,0,0.321082369764893,-0.006082369764893014,-0.006082369764893014,True,A:rise|G1[0]|G2[0]|G3[0]|G7[0]|OUT:rise,A -> G1 -> G2 -> G3 -> G7
340,post_optimization,0.056896021830998275,0,0.3094930768240093,0.005506923175990719,0,False,A:rise|G1[0]|G2[0]|G3[0]|G7[0]|OUT:rise,A -> G1 -> G2 -> G3 -> G7
341,pre_optimization,0.1030261968704406,0,0.32144878964855256,-0.006448789648552555,-0.006448789648552555,True,D:rise|G4[0]|G5[0]|G6[0]|G7[1]|OUT:rise,D -> G4 -> G5 -> G6 -> G7
341,post_optimization,0.1030261968704406,0,0.30300326914968845,0.011996730850311554,0,False,D:rise|G4[0]|G5[0]|G6[0]|G7[1]|OUT:rise,D -> G4 -> G5 -> G6 -> G7
342,pre_optimization,1.549180366397283,0,0.3353792763446485,-0.020379276344648478,-0.020379276344648478,True,A:rise|G1[0]|G2[0]|G3[0]|G7[0]|OUT:rise,A -> G1 -> G2 -> G3 -> G7
342,post_optimization,1.549180366397283,0,0.31998154886525537,-0.00498154886525537,-0.00498154886525537,True,A:rise|G1[0]|G2[0]|G3[0]|G7[0]|OUT:rise,A -> G1 -> G2 -> G3 -> G7
343,pre_optimization,0.6533830182950455,0,0.3232712395198461,-0.008271239519846096,-0.008271239519846096,True,A:rise|G1[0]|G2[0]|G3[0]|G7[0]|OUT:rise,A -> G1 -> G2 -> G3 -> G7
343,post_optimization,0.6533830182950455,0,0.3131765981924384,0.0018234018075615754,0,False,A:rise|G1[0]|G2[0]|G3[0]|G7[0]|OUT:rise,A -> G1 -> G2 -> G3 -> G7
344,pre_optimization,-0.7965401019795167,0,0.3208737047348879,-0.005873704734887908,-0.005873704734887908,True,D:rise|G4[0]|G5[0]|G6[0]|G7[1]|OUT:rise,D -> G4 -> G5 -> G6 -> G7
344,post_optimization,-0.7965401019795167,0,0.3028529787627456,0.012147021237254418,0,False,D:rise|G4[0]|G5[0]|G6[0]|G7[1]|OUT:rise,D -> G4 -> G5 -> G6 -> G7
345,pre_optimization,1.596457825212318,0,0.33709606850478624,-0.022096068504786237,-0.022096068504786237,True,D:rise|G4[0]|G5[0]|G6[0]|G7[1]|OUT:rise,D -> G4 -> G5 -> G6 -> G7
345,post_optimization,1.596457825212318,0,0.3182556888877427,-0.0032556888877426915,-0.0032556888877426915,True,D:rise|G4[0]|G5[0]|G6[0]|G7[1]|OUT:rise,D -> G4 -> G5 -> G6 -> G7
346,pre_optimization,0.719161880432121,0,0.3318414704105697,-0.016841470410569714,-0.016841470410569714,True,A:rise|G1[0]|G2[0]|G3[0]|G7[0]|OUT:rise,A -> G1 -> G2 -> G3 -> G7
346,post_optimization,0.719161880432121,0,0.31776190870810817,-0.002761908708108163,-0.002761908708108163,True,A:rise|G1[0]|G2[0]|G3[0]|G7[0]|OUT:rise,A -> G1 -> G2 -> G3 -> G7
347,pre_optimization,1.0455902212031618,0,0.33283106815558305,-0.017831068155583052,-0.017831068155583052,True,D:rise|G4[0]|G5[0]|G6[0]|G7[1]|OUT:rise,D -> G4 -> G5 -> G6 -> G7
347,post_optimization,1.0455902212031618,0,0.31354728188227887,0.0014527181177211301,0,False,A:rise|G1[0]|G2[0]|G3[0]|G7[0]|OUT:rise,A -> G1 -> G2 -> G3 -> G7
348,pre_optimization,0.7439068910592319,0,0.3351917552101185,-0.02019175521011851,-0.02019175521011851,True,A:rise|G1[0]|G2[0]|G3[0]|G7[0]|OUT:rise,A -> G1 -> G2 -> G3 -> G7
348,post_optimization,0.7439068910592319,0,0.32206755509993634,-0.00706755509993634,-0.00706755509993634,True,A:rise|G1[0]|G2[0]|G3[0]|G7[0]|OUT:rise,A -> G1 -> G2 -> G3 -> G7
349,pre_optimization,-1.236598816849788,0,0.29091301437975586,0.02408698562024414,0,False,D:rise|G4[0]|G5[0]|G6[0]|G7[1]|OUT:rise,D -> G4 -> G5 -> G6 -> G7
349,post_optimization,-1.236598816849788,0,0.2781503924797634,0.03684960752023658,0,False,A:rise|G1[0]|G2[0]|G3[0]|G7[0]|OUT:rise,A -> G1 -> G2 -> G3 -> G7
350,pre_optimization,0.6210466009521087,0,0.3228425608677163,-0.007842560867716286,-0.007842560867716286,True,D:rise|G4[0]|G5[0]|G6[0]|G7[1]|OUT:rise,D -> G4 -> G5 -> G6 -> G7
350,post_optimization,0.6210466009521087,0,0.30538163907380833,0.009618360926191671,0,False,D:rise|G4[0]|G5[0]|G6[0]|G7[1]|OUT:rise,D -> G4 -> G5 -> G6 -> G7
351,pre_optimization,-0.7840417172749685,0,0.3178135620254501,-0.002813562025450078,-0.002813562025450078,True,D:rise|G4[0]|G5[0]|G6[0]|G7[1]|OUT:rise,D -> G4 -> G5 -> G6 -> G7
351,post_optimization,-0.7840417172749685,0,0.30130876227564823,0.013691237724351768,0,False,A:rise|G1[0]|G2[0]|G3[0]|G7[0]|OUT:rise,A -> G1 -> G2 -> G3 -> G7
352,pre_optimization,-0.06775705181477108,0,0.3179902124282371,-0.0029902124282371045,-0.0029902124282371045,True,A:rise|G1[0]|G2[0]|G3[0]|G7[0]|OUT:rise,A -> G1 -> G2 -> G3 -> G7
352,post_optimization,-0.06775705181477108,0,0.306729818419669,0.008270181580330993,0,False,A:rise|G1[0]|G2[0]|G3[0]|G7[0]|OUT:rise,A -> G1 -> G2 -> G3 -> G7
353,pre_optimization,-0.45398054194008636,0,0.32726688055517317,-0.012266880555173165,-0.012266880555173165,True,D:rise|G4[0]|G5[0]|G6[0]|G7[1]|OUT:rise,D -> G4 -> G5 -> G6 -> G7
353,post_optimization,-0.45398054194008636,0,0.3075078907078683,0.007492109292131677,0,False,D:rise|G4[0]|G5[0]|G6[0]|G7[1]|OUT:rise,D -> G4 -> G5 -> G6 -> G7
354,pre_optimization,0.4682350178389497,0,0.3324576678144213,-0.017457667814421318,-0.017457667814421318,True,D:rise|G4[0]|G5[0]|G6[0]|G7[1]|OUT:rise,D -> G4 -> G5 -> G6 -> G7
354,post_optimization,0.4682350178389497,0,0.31355156327061806,0.0014484367293819411,0,False,D:rise|G4[0]|G5[0]|G6[0]|G7[1]|OUT:rise,D -> G4 -> G5 -> G6 -> G7
355,pre_optimization,1.693200169135119,0,0.34415810564262184,-0.029158105642621834,-0.029158105642621834,True,D:rise|G4[0]|G5[0]|G6[0]|G7[1]|OUT:rise,D -> G4 -> G5 -> G6 -> G7
355,post_optimization,1.693200169135119,0,0.3250433846601397,-0.01004338466013971,-0.01004338466013971,True,A:rise|G1[0]|G2[0]|G3[0]|G7[0]|OUT:rise,A -> G1 -> G2 -> G3 -> G7
356,pre_optimization,-0.3648124796694272,0,0.3060796916927633,0.008920308307236724,0,False,D:rise|G4[0]|G5[0]|G6[0]|G7[1]|OUT:rise,D -> G4 -> G5 -> G6 -> G7
356,post_optimization,-0.3648124796694272,0,0.2900115905280416,0.024988409471958406,0,False,D:rise|G4[0]|G5[0]|G6[0]|G7[1]|OUT:rise,D -> G4 -> G5 -> G6 -> G7
357,pre_optimization,0.07769640192524764,0,0.31527496397835997,-0.00027496397835996556,-0.00027496397835996556,True,D:rise|G4[0]|G5[0]|G6[0]|G7[1]|OUT:rise,D -> G4 -> G5 -> G6 -> G7
357,post_optimization,0.07769640192524764,0,0.2972470296690051,0.017752970330994877,0,False,D:rise|G4[0]|G5[0]|G6[0]|G7[1]|OUT:rise,D -> G4 -> G5 -> G6 -> G7
358,pre_optimization,0.5123268058413032,0,0.32009067807545455,-0.005090678075454547,-0.005090678075454547,True,D:rise|G4[0]|G5[0]|G6[0]|G7[1]|OUT:rise,D -> G4 -> G5 -> G6 -> G7
358,post_optimization,0.5123268058413032,0,0.3082994496765465,0.0067005503234535135,0,False,A:rise|G1[0]|G2[0]|G3[0]|G7[0]|OUT:rise,A -> G1 -> G2 -> G3 -> G7
359,pre_optimization,-1.2265401580962223,0,0.3145411523402627,0.0004588476597373048,0,False,A:rise|G1[0]|G2[0]|G3[0]|G7[0]|OUT:rise,A -> G1 -> G2 -> G3 -> G7
359,post_optimization,-1.2265401580962223,0,0.3015624662306589,0.013437533769341092,0,False,A:rise|G1[0]|G2[0]|G3[0]|G7[0]|OUT:rise,A -> G1 -> G2 -> G3 -> G7
360,pre_optimization,-0.1335735688355533,0,0.3119028027742593,0.0030971972257407,0,False,A:rise|G1[0]|G2[0]|G3[0]|G7[0]|OUT:rise,A -> G1 -> G2 -> G3 -> G7
360,post_optimization,-0.1335735688355533,0,0.2989963784354472,0.016003621564552817,0,False,A:rise|G1[0]|G2[0]|G3[0]|G7[0]|OUT:rise,A -> G1 -> G2 -> G3 -> G7
361,pre_optimization,0.6905837368177548,0,0.3342539391762356,-0.01925393917623558,-0.01925393917623558,True,D:rise|G4[0]|G5[0]|G6[0]|G7[1]|OUT:rise,D -> G4 -> G5 -> G6 -> G7
361,post_optimization,0.6905837368177548,0,0.3177102717949619,-0.002710271794961916,-0.002710271794961916,True,A:rise|G1[0]|G2[0]|G3[0]|G7[0]|OUT:rise,A -> G1 -> G2 -> G3 -> G7
362,pre_optimization,1.738426256343317,0,0.34117578895903106,-0.026175788959031054,-0.026175788959031054,True,A:rise|G1[0]|G2[0]|G3[0]|G7[0]|OUT:rise,A -> G1 -> G2 -> G3 -> G7
362,post_optimization,1.738426256343317,0,0.3272338126748421,-0.012233812674842082,-0.012233812674842082,True,A:rise|G1[0]|G2[0]|G3[0]|G7[0]|OUT:rise,A -> G1 -> G2 -> G3 -> G7
363,pre_optimization,0.18930073150505639,0,0.3343642054021536,-0.01936420540215361,-0.01936420540215361,True,D:rise|G4[0]|G5[0]|G6[0]|G7[1]|OUT:rise,D -> G4 -> G5 -> G6 -> G7
363,post_optimization,0.18930073150505639,0,0.3166476359019013,-0.001647635901901312,-0.001647635901901312,True,A:rise|G1[0]|G2[0]|G3[0]|G7[0]|OUT:rise,A -> G1 -> G2 -> G3 -> G7
364,pre_optimization,0.24285582315339257,0,0.3185421361521787,-0.0035421361521786876,-0.0035421361521786876,True,D:rise|G4[0]|G5[0]|G6[0]|G7[1]|OUT:rise,D -> G4 -> G5 -> G6 -> G7
364,post_optimization,0.24285582315339257,0,0.3036578640239003,0.011342135976099676,0,False,A:rise|G1[0]|G2[0]|G3[0]|G7[0]|OUT:rise,A -> G1 -> G2 -> G3 -> G7
365,pre_optimization,0.8131151067567938,0,0.3112853102797857,0.003714689720214326,0,False,A:rise|G1[0]|G2[0]|G3[0]|G7[0]|OUT:rise,A -> G1 -> G2 -> G3 -> G7
365,post_optimization,0.8131151067567938,0,0.2998299572680796,0.015170042731920408,0,False,A:rise|G1[0]|G2[0]|G3[0]|G7[0]|OUT:rise,A -> G1 -> G2 -> G3 -> G7
366,pre_optimization,0.34389611404346937,0,0.32580919463352764,-0.010809194633527641,-0.010809194633527641,True,A:rise|G1[0]|G2[0]|G3[0]|G7[0]|OUT:rise,A -> G1 -> G2 -> G3 -> G7
366,post_optimization,0.34389611404346937,0,0.3142325555736513,0.0007674444263486846,0,False,A:rise|G1[0]|G2[0]|G3[0]|G7[0]|OUT:rise,A -> G1 -> G2 -> G3 -> G7
367,pre_optimization,-0.5450560387899555,0,0.31284532697743295,0.002154673022567055,0,False,D:rise|G4[0]|G5[0]|G6[0]|G7[1]|OUT:rise,D -> G4 -> G5 -> G6 -> G7
367,post_optimization,-0.5450560387899555,0,0.299173914080869,0.015826085919130983,0,False,A:rise|G1[0]|G2[0]|G3[0]|G7[0]|OUT:rise,A -> G1 -> G2 -> G3 -> G7
368,pre_optimization,-2.032819186456667,0,0.31423656841041775,0.000763431589582253,0,False,A:rise|G1[0]|G2[0]|G3[0]|G7[0]|OUT:rise,A -> G1 -> G2 -> G3 -> G7
368,post_optimization,-2.032819186456667,0,0.30292025680466805,0.012079743195331949,0,False,A:rise|G1[0]|G2[0]|G3[0]|G7[0]|OUT:rise,A -> G1 -> G2 -> G3 -> G7
369,pre_optimization,-0.47905621989143515,0,0.3147351794537088,0.0002648205462911779,0,False,D:rise|G4[0]|G5[0]|G6[0]|G7[1]|OUT:rise,D -> G4 -> G5 -> G6 -> G7
369,post_optimization,-0.47905621989143515,0,0.2972537235577425,0.017746276442257514,0,False,D:rise|G4[0]|G5[0]|G6[0]|G7[1]|OUT:rise,D -> G4 -> G5 -> G6 -> G7
370,pre_optimization,0.66185567761813,0,0.3244721262808995,-0.009472126280899495,-0.009472126280899495,True,D:rise|G4[0]|G5[0]|G6[0]|G7[1]|OUT:rise,D -> G4 -> G5 -> G6 -> G7
370,post_optimization,0.66185567761813,0,0.30716052642166136,0.00783947357833864,0,False,D:rise|G4[0]|G5[0]|G6[0]|G7[1]|OUT:rise,D -> G4 -> G5 -> G6 -> G7
371,pre_optimization,0.8409961277703031,0,0.31761273553231983,-0.002612735532319832,-0.002612735532319832,True,D:rise|G4[0]|G5[0]|G6[0]|G7[1]|OUT:rise,D -> G4 -> G5 -> G6 -> G7
371,post_optimization,0.8409961277703031,0,0.3014467885421854,0.013553211457814629,0,False,A:rise|G1[0]|G2[0]|G3[0]|G7[0]|OUT:rise,A -> G1 -> G2 -> G3 -> G7
372,pre_optimization,0.6768788615391288,0,0.31518265399390216,-0.00018265399390215986,-0.00018265399390215986,True,A:rise|G1[0]|G2[0]|G3[0]|G7[0]|OUT:rise,A -> G1 -> G2 -> G3 -> G7
372,post_optimization,0.6768788615391288,0,0.30577633744096555,0.009223662559034451,0,False,A:rise|G1[0]|G2[0]|G3[0]|G7[0]|OUT:rise,A -> G1 -> G2 -> G3 -> G7
373,pre_optimization,-0.6469373319866165,0,0.2998163642697233,0.015183635730276701,0,False,A:rise|G1[0]|G2[0]|G3[0]|G7[0]|OUT:rise,A -> G1 -> G2 -> G3 -> G7
373,post_optimization,-0.6469373319866165,0,0.2891324873804974,0.025867512619502597,0,False,A:rise|G1[0]|G2[0]|G3[0]|G7[0]|OUT:rise,A -> G1 -> G2 -> G3 -> G7
374,pre_optimization,0.07060258074158875,0,0.32690241897841255,-0.011902418978412543,-0.011902418978412543,True,A:rise|G1[0]|G2[0]|G3[0]|G7[0]|OUT:rise,A -> G1 -> G2 -> G3 -> G7
374,post_optimization,0.07060258074158875,0,0.31222246223941386,0.002777537760586146,0,False,A:rise|G1[0]|G2[0]|G3[0]|G7[0]|OUT:rise,A -> G1 -> G2 -> G3 -> G7
375,pre_optimization,0.8163552336126271,0,0.3304482346712116,-0.015448234671211591,-0.015448234671211591,True,A:rise|G1[0]|G2[0]|G3[0]|G7[0]|OUT:rise,A -> G1 -> G2 -> G3 -> G7
375,post_optimization,0.8163552336126271,0,0.3164172670927018,-0.0014172670927017905,-0.0014172670927017905,True,A:rise|G1[0]|G2[0]|G3[0]|G7[0]|OUT:rise,A -> G1 -> G2 -> G3 -> G7
376,pre_optimization,0.4918187989250356,0,0.33047992230289813,-0.01547992230289813,-0.01547992230289813,True,D:rise|G4[0]|G5[0]|G6[0]|G7[1]|OUT:rise,D -> G4 -> G5 -> G6 -> G7
376,post_optimization,0.4918187989250356,0,0.31657420100796374,-0.001574201007963738,-0.001574201007963738,True,A:rise|G1[0]|G2[0]|G3[0]|G7[0]|OUT:rise,A -> G1 -> G2 -> G3 -> G7
377,pre_optimization,-0.5331490686867462,0,0.3167097771758098,-0.001709777175809779,-0.001709777175809779,True,D:rise|G4[0]|G5[0]|G6[0]|G7[1]|OUT:rise,D -> G4 -> G5 -> G6 -> G7
377,post_optimization,-0.5331490686867462,0,0.2990945853118361,0.01590541468816392,0,False,A:rise|G1[0]|G2[0]|G3[0]|G7[0]|OUT:rise,A -> G1 -> G2 -> G3 -> G7
378,pre_optimization,-0.9983492853022533,0,0.2981708925704507,0.016829107429549295,0,False,D:rise|G4[0]|G5[0]|G6[0]|G7[1]|OUT:rise,D -> G4 -> G5 -> G6 -> G7
378,post_optimization,-0.9983492853022533,0,0.28410377019791744,0.030896229802082564,0,False,D:rise|G4[0]|G5[0]|G6[0]|G7[1]|OUT:rise,D -> G4 -> G5 -> G6 -> G7
379,pre_optimization,0.43586685434038874,0,0.323822365760492,-0.008822365760492001,-0.008822365760492001,True,D:rise|G4[0]|G5[0]|G6[0]|G7[1]|OUT:rise,D -> G4 -> G5 -> G6 -> G7
379,post_optimization,0.43586685434038874,0,0.3038843518810067,0.011115648118993293,0,False,D:rise|G4[0]|G5[0]|G6[0]|G7[1]|OUT:rise,D -> G4 -> G5 -> G6 -> G7
380,pre_optimization,2.13320936680623,0,0.33284677723431777,-0.017846777234317768,-0.017846777234317768,True,D:rise|G4[0]|G5[0]|G6[0]|G7[1]|OUT:rise,D -> G4 -> G5 -> G6 -> G7
380,post_optimization,2.13320936680623,0,0.3142089739796766,0.0007910260203233821,0,False,D:rise|G4[0]|G5[0]|G6[0]|G7[1]|OUT:rise,D -> G4 -> G5 -> G6 -> G7
381,pre_optimization,1.9684012627404877,0,0.3355532360954322,-0.020553236095432192,-0.020553236095432192,True,D:rise|G4[0]|G5[0]|G6[0]|G7[1]|OUT:rise,D -> G4 -> G5 -> G6 -> G7
381,post_optimization,1.9684012627404877,0,0.3206585078929307,-0.005658507892930709,-0.005658507892930709,True,A:rise|G1[0]|G2[0]|G3[0]|G7[0]|OUT:rise,A -> G1 -> G2 -> G3 -> G7
382,pre_optimization,-0.9994975876658325,0,0.30711301427619997,0.007886985723800033,0,False,D:rise|G4[0]|G5[0]|G6[0]|G7[1]|OUT:rise,D -> G4 -> G5 -> G6 -> G7
382,post_optimization,-0.9994975876658325,0,0.290166616643352,0.024833383356647976,0,False,D:rise|G4[0]|G5[0]|G6[0]|G7[1]|OUT:rise,D -> G4 -> G5 -> G6 -> G7
383,pre_optimization,0.6309576582362362,0,0.30853474755856825,0.006465252441431757,0,False,A:rise|G1[0]|G2[0]|G3[0]|G7[0]|OUT:rise,A -> G1 -> G2 -> G3 -> G7
383,post_optimization,0.6309576582362362,0,0.29753938274094166,0.017460617259058342,0,False,A:rise|G1[0]|G2[0]|G3[0]|G7[0]|OUT:rise,A -> G1 -> G2 -> G3 -> G7
384,pre_optimization,-0.7523405040381853,0,0.30681559554777954,0.008184404452220462,0,False,A:rise|G1[0]|G2[0]|G3[0]|G7[0]|OUT:rise,A -> G1 -> G2 -> G3 -> G7
384,post_optimization,-0.7523405040381853,0,0.29366013919443534,0.02133986080556466,0,False,A:rise|G1[0]|G2[0]|G3[0]|G7[0]|OUT:rise,A -> G1 -> G2 -> G3 -> G7
385,pre_optimization,-0.9274383217780208,0,0.31496149198257417,3.850801742583121e-05,0,False,D:rise|G4[0]|G5[0]|G6[0]|G7[1]|OUT:rise,D -> G4 -> G5 -> G6 -> G7
385,post_optimization,-0.9274383217780208,0,0.2985811212894446,0.016418878710555418,0,False,A:rise|G1[0]|G2[0]|G3[0]|G7[0]|OUT:rise,A -> G1 -> G2 -> G3 -> G7
386,pre_optimization,-0.9221828874512669,0,0.31336968542653304,0.0016303145734669622,0,False,D:rise|G4[0]|G5[0]|G6[0]|G7[1]|OUT:rise,D -> G4 -> G5 -> G6 -> G7
386,post_optimization,-0.9221828874512669,0,0.295668583913098,0.019331416086901976,0,False,A:rise|G1[0]|G2[0]|G3[0]|G7[0]|OUT:rise,A -> G1 -> G2 -> G3 -> G7
387,pre_optimization,-0.2542595751656941,0,0.31492414548935505,7.585451064495707e-05,0,False,D:rise|G4[0]|G5[0]|G6[0]|G7[1]|OUT:rise,D -> G4 -> G5 -> G6 -> G7
387,post_optimization,-0.2542595751656941,0,0.2967621944229506,0.018237805577049404,0,False,D:rise|G4[0]|G5[0]|G6[0]|G7[1]|OUT:rise,D -> G4 -> G5 -> G6 -> G7
388,pre_optimization,-1.6678366074264463,0,0.30163201103990805,0.013367988960091948,0,False,A:rise|G1[0]|G2[0]|G3[0]|G7[0]|OUT:rise,A -> G1 -> G2 -> G3 -> G7
388,post_optimization,-1.6678366074264463,0,0.2872767390983793,0.027723260901620694,0,False,A:rise|G1[0]|G2[0]|G3[0]|G7[0]|OUT:rise,A -> G1 -> G2 -> G3 -> G7
389,pre_optimization,-1.2938909503490008,0,0.305109755089682,0.00989024491031798,0,False,A:rise|G1[0]|G2[0]|G3[0]|G7[0]|OUT:rise,A -> G1 -> G2 -> G3 -> G7
389,post_optimization,-1.2938909503490008,0,0.2948274162018602,0.020172583798139798,0,False,A:rise|G1[0]|G2[0]|G3[0]|G7[0]|OUT:rise,A -> G1 -> G2 -> G3 -> G7
390,pre_optimization,-0.7633207441156449,0,0.30234936569165083,0.012650634308349173,0,False,D:rise|G4[0]|G5[0]|G6[0]|G7[1]|OUT:rise,D -> G4 -> G5 -> G6 -> G7
390,post_optimization,-0.7633207441156449,0,0.2858696677301876,0.029130332269812376,0,False,D:rise|G4[0]|G5[0]|G6[0]|G7[1]|OUT:rise,D -> G4 -> G5 -> G6 -> G7
391,pre_optimization,-1.1664889945577728,0,0.30857573123635557,0.006424268763644436,0,False,D:rise|G4[0]|G5[0]|G6[0]|G7[1]|OUT:rise,D -> G4 -> G5 -> G6 -> G7
391,post_optimization,-1.1664889945577728,0,0.29196178543652845,0.02303821456347155,0,False,D:rise|G4[0]|G5[0]|G6[0]|G7[1]|OUT:rise,D -> G4 -> G5 -> G6 -> G7
392,pre_optimization,-0.6153706231917531,0,0.31035764370555596,0.004642356294444039,0,False,D:rise|G4[0]|G5[0]|G6[0]|G7[1]|OUT:rise,D -> G4 -> G5 -> G6 -> G7
392,post_optimization,-0.6153706231917531,0,0.29655703019737817,0.018442969802621834,0,False,A:rise|G1[0]|G2[0]|G3[0]|G7[0]|OUT:rise,A -> G1 -> G2 -> G3 -> G7
393,pre_optimization,0.0053960339552290276,0,0.3074894872927157,0.007510512707284311,0,False,D:rise|G4[0]|G5[0]|G6[0]|G7[1]|OUT:rise,D -> G4 -> G5 -> G6 -> G7
393,post_optimization,0.0053960339552290276,0,0.29378948649648307,0.021210513503516937,0,False,A:rise|G1[0]|G2[0]|G3[0]|G7[0]|OUT:rise,A -> G1 -> G2 -> G3 -> G7
394,pre_optimization,0.027139633216915406,0,0.31171846325581376,0.003281536744186242,0,False,D:rise|G4[0]|G5[0]|G6[0]|G7[1]|OUT:rise,D -> G4 -> G5 -> G6 -> G7
394,post_optimization,0.027139633216915406,0,0.29371259540648476,0.021287404593515247,0,False,D:rise|G4[0]|G5[0]|G6[0]|G7[1]|OUT:rise,D -> G4 -> G5 -> G6 -> G7
395,pre_optimization,-0.27610793356428487,0,0.31593779861339405,-0.0009377986133940475,-0.0009377986133940475,True,D:rise|G4[0]|G5[0]|G6[0]|G7[1]|OUT:rise,D -> G4 -> G5 -> G6 -> G7
395,post_optimization,-0.27610793356428487,0,0.29718422991290794,0.017815770087092064,0,False,D:rise|G4[0]|G5[0]|G6[0]|G7[1]|OUT:rise,D -> G4 -> G5 -> G6 -> G7
396,pre_optimization,-0.4902811043133262,0,0.31318243991008,0.0018175600899200117,0,False,D:rise|G4[0]|G5[0]|G6[0]|G7[1]|OUT:rise,D -> G4 -> G5 -> G6 -> G7
396,post_optimization,-0.4902811043133262,0,0.2954529364710623,0.019547063528937703,0,False,D:rise|G4[0]|G5[0]|G6[0]|G7[1]|OUT:rise,D -> G4 -> G5 -> G6 -> G7
397,pre_optimization,-0.08567156740892566,0,0.309235896222283,0.005764103777717022,0,False,A:rise|G1[0]|G2[0]|G3[0]|G7[0]|OUT:rise,A -> G1 -> G2 -> G3 -> G7
397,post_optimization,-0.08567156740892566,0,0.2964471363784894,0.018552863621510596,0,False,A:rise|G1[0]|G2[0]|G3[0]|G7[0]|OUT:rise,A -> G1 -> G2 -> G3 -> G7
398,pre_optimization,2.249412678590631,0,0.33477226998781356,-0.019772269987813562,-0.019772269987813562,True,D:rise|G4[0]|G5[0]|G6[0]|G7[1]|OUT:rise,D -> G4 -> G5 -> G6 -> G7
398,post_optimization,2.249412678590631,0,0.3201972992309922,-0.005197299230992214,-0.005197299230992214,True,A:rise|G1[0]|G2[0]|G3[0]|G7[0]|OUT:rise,A -> G1 -> G2 -> G3 -> G7
399,pre_optimization,0.30498506595109637,0,0.3319248009561895,-0.01692480095618948,-0.01692480095618948,True,A:rise|G1[0]|G2[0]|G3[0]|G7[0]|OUT:rise,A -> G1 -> G2 -> G3 -> G7
399,post_optimization,0.30498506595109637,0,0.3181672567949501,-0.003167256794950113,-0.003167256794950113,True,A:rise|G1[0]|G2[0]|G3[0]|G7[0]|OUT:rise,A -> G1 -> G2 -> G3 -> G7
400,pre_optimization,1.9231287911083996,0,0.33929686282434485,-0.024296862824344845,-0.024296862824344845,True,A:rise|G1[0]|G2[0]|G3[0]|G7[0]|OUT:rise,A -> G1 -> G2 -> G3 -> G7
400,post_optimization,1.9231287911083996,0,0.3268193749426551,-0.011819374942655114,-0.011819374942655114,True,A:rise|G1[0]|G2[0]|G3[0]|G7[0]|OUT:rise,A -> G1 -> G2 -> G3 -> G7
401,pre_optimization,-0.09436765975236076,0,0.31969209128834664,-0.004692091288346634,-0.004692091288346634,True,A:rise|G1[0]|G2[0]|G3[0]|G7[0]|OUT:rise,A -> G1 -> G2 -> G3 -> G7
401,post_optimization,-0.09436765975236076,0,0.30673388123588285,0.008266118764117147,0,False,A:rise|G1[0]|G2[0]|G3[0]|G7[0]|OUT:rise,A -> G1 -> G2 -> G3 -> G7
402,pre_optimization,1.062325401406282,0,0.3168366735301514,-0.0018366735301513781,-0.0018366735301513781,True,A:rise|G1[0]|G2[0]|G3[0]|G7[0]|OUT:rise,A -> G1 -> G2 -> G3 -> G7
402,post_optimization,1.062325401406282,0,0.3071261069620726,0.007873893037927404,0,False,A:rise|G1[0]|G2[0]|G3[0]|G7[0]|OUT:rise,A -> G1 -> G2 -> G3 -> G7
403,pre_optimization,-1.4046146509676223,0,0.30733588635022624,0.007664113649773763,0,False,D:rise|G4[0]|G5[0]|G6[0]|G7[1]|OUT:rise,D -> G4 -> G5 -> G6 -> G7
403,post_optimization,-1.4046146509676223,0,0.2906885530404653,0.024311446959534688,0,False,D:rise|G4[0]|G5[0]|G6[0]|G7[1]|OUT:rise,D -> G4 -> G5 -> G6 -> G7
404,pre_optimization,-0.26228769908090355,0,0.3193928111138572,-0.004392811113857198,-0.004392811113857198,True,D:rise|G4[0]|G5[0]|G6[0]|G7[1]|OUT:rise,D -> G4 -> G5 -> G6 -> G7
404,post_optimization,-0.26228769908090355,0,0.30253828187271675,0.01246171812728325,0,False,D:rise|G4[0]|G5[0]|G6[0]|G7[1]|OUT:rise,D -> G4 -> G5 -> G6 -> G7
405,pre_optimization,-1.5755143373923832,0,0.2997394449170196,0.01526055508298041,0,False,D:rise|G4[0]|G5[0]|G6[0]|G7[1]|OUT:rise,D -> G4 -> G5 -> G6 -> G7
405,post_optimization,-1.5755143373923832,0,0.2823326628525795,0.03266733714742048,0,False,D:rise|G4[0]|G5[0]|G6[0]|G7[1]|OUT:rise,D -> G4 -> G5 -> G6 -> G7
406,pre_optimization,-0.20301717467290278,0,0.3110926339520269,0.003907366047973093,0,False,A:rise|G1[0]|G2[0]|G3[0]|G7[0]|OUT:rise,A -> G1 -> G2 -> G3 -> G7
406,post_optimization,-0.20301717467290278,0,0.29683863531798843,0.01816136468201157,0,False,A:rise|G1[0]|G2[0]|G3[0]|G7[0]|OUT:rise,A -> G1 -> G2 -> G3 -> G7
407,pre_optimization,1.8839317226515726,0,0.33991448166957056,-0.024914481669570554,-0.024914481669570554,True,A:rise|G1[0]|G2[0]|G3[0]|G7[0]|OUT:rise,A -> G1 -> G2 -> G3 -> G7
407,post_optimization,1.8839317226515726,0,0.32548586797578205,-0.010485867975782048,-0.010485867975782048,True,A:rise|G1[0]|G2[0]|G3[0]|G7[0]|OUT:rise,A -> G1 -> G2 -> G3 -> G7
408,pre_optimization,0.1398341377573759,0,0.30885467607989286,0.0061453239201071375,0,False,D:rise|G4[0]|G5[0]|G6[0]|G7[1]|OUT:rise,D -> G4 -> G5 -> G6 -> G7
408,post_optimization,0.1398341377573759,0,0.2949253169532782,0.020074683046721775,0,False,A:rise|G1[0]|G2[0]|G3[0]|G7[0]|OUT:rise,A -> G1 -> G2 -> G3 -> G7
409,pre_optimization,0.4787980904847424,0,0.3314303333463744,-0.016430333346374393,-0.016430333346374393,True,A:rise|G1[0]|G2[0]|G3[0]|G7[0]|OUT:rise,A -> G1 -> G2 -> G3 -> G7
409,post_optimization,0.4787980904847424,0,0.3184028030621668,-0.0034028030621667815,-0.0034028030621667815,True,A:rise|G1[0]|G2[0]|G3[0]|G7[0]|OUT:rise,A -> G1 -> G2 -> G3 -> G7
410,pre_optimization,0.6484404964184255,0,0.3276988084691339,-0.012698808469133904,-0.012698808469133904,True,D:rise|G4[0]|G5[0]|G6[0]|G7[1]|OUT:rise,D -> G4 -> G5 -> G6 -> G7
410,post_optimization,0.6484404964184255,0,0.3118230988421889,0.0031769011578111073,0,False,A:rise|G1[0]|G2[0]|G3[0]|G7[0]|OUT:rise,A -> G1 -> G2 -> G3 -> G7
411,pre_optimization,0.339048429289042,0,0.3249996679459264,-0.009999667945926383,-0.009999667945926383,True,D:rise|G4[0]|G5[0]|G6[0]|G7[1]|OUT:rise,D -> G4 -> G5 -> G6 -> G7
411,post_optimization,0.339048429289042,0,0.3106277095071966,0.00437229049280341,0,False,A:rise|G1[0]|G2[0]|G3[0]|G7[0]|OUT:rise,A -> G1 -> G2 -> G3 -> G7
412,pre_optimization,-0.4899849609337595,0,0.31897733475233214,-0.00397733475233214,-0.00397733475233214,True,D:rise|G4[0]|G5[0]|G6[0]|G7[1]|OUT:rise,D -> G4 -> G5 -> G6 -> G7
412,post_optimization,-0.4899849609337595,0,0.3010869404357676,0.013913059564232388,0,False,D:rise|G4[0]|G5[0]|G6[0]|G7[1]|OUT:rise,D -> G4 -> G5 -> G6 -> G7
413,pre_optimization,-1.4400012434306133,0,0.30664108486564723,0.008358915134352773,0,False,D:rise|G4[0]|G5[0]|G6[0]|G7[1]|OUT:rise,D -> G4 -> G5 -> G6 -> G7
413,post_optimization,-1.4400012434306133,0,0.2903143753233468,0.024685624676653195,0,False,A:rise|G1[0]|G2[0]|G3[0]|G7[0]|OUT:rise,A -> G1 -> G2 -> G3 -> G7
414,pre_optimization,-0.6017089887567832,0,0.3232113897506797,-0.008211389750679698,-0.008211389750679698,True,D:rise|G4[0]|G5[0]|G6[0]|G7[1]|OUT:rise,D -> G4 -> G5 -> G6 -> G7
414,post_optimization,-0.6017089887567832,0,0.30379968636202276,0.011200313637977244,0,False,D:rise|G4[0]|G5[0]|G6[0]|G7[1]|OUT:rise,D -> G4 -> G5 -> G6 -> G7
415,pre_optimization,-1.0601065539463141,0,0.3136567065405642,0.0013432934594357904,0,False,D:rise|G4[0]|G5[0]|G6[0]|G7[1]|OUT:rise,D -> G4 -> G5 -> G6 -> G7
415,post_optimization,-1.0601065539463141,0,0.2981718537137168,0.016828146286283208,0,False,A:rise|G1[0]|G2[0]|G3[0]|G7[0]|OUT:rise,A -> G1 -> G2 -> G3 -> G7
416,pre_optimization,-0.9637078663686429,0,0.30944514519065447,0.005554854809345533,0,False,A:rise|G1[0]|G2[0]|G3[0]|G7[0]|OUT:rise,A -> G1 -> G2 -> G3 -> G7
416,post_optimization,-0.9637078663686429,0,0.2976986073184008,0.017301392681599193,0,False,A:rise|G1[0]|G2[0]|G3[0]|G7[0]|OUT:rise,A -> G1 -> G2 -> G3 -> G7
417,pre_optimization,0.8781316236001445,0,0.32152341338037443,-0.006523413380374432,-0.006523413380374432,True,D:rise|G4[0]|G5[0]|G6[0]|G7[1]|OUT:rise,D -> G4 -> G5 -> G6 -> G7
417,post_optimization,0.8781316236001445,0,0.30371612313056034,0.011283876869439657,0,False,A:rise|G1[0]|G2[0]|G3[0]|G7[0]|OUT:rise,A -> G1 -> G2 -> G3 -> G7
418,pre_optimization,0.40838749235730853,0,0.327532972920344,-0.012532972920343999,-0.012532972920343999,True,D:rise|G4[0]|G5[0]|G6[0]|G7[1]|OUT:rise,D -> G4 -> G5 -> G6 -> G7
418,post_optimization,0.40838749235730853,0,0.3099155433105546,0.005084456689445405,0,False,A:rise|G1[0]|G2[0]|G3[0]|G7[0]|OUT:rise,A -> G1 -> G2 -> G3 -> G7
419,pre_optimization,0.8787099720027299,0,0.3419644866528084,-0.026964486652808373,-0.026964486652808373,True,A:rise|G1[0]|G2[0]|G3[0]|G7[0]|OUT:rise,A -> G1 -> G2 -> G3 -> G7
419,post_optimization,0.8787099720027299,0,0.3265457154656674,-0.011545715465667405,-0.011545715465667405,True,A:rise|G1[0]|G2[0]|G3[0]|G7[0]|OUT:rise,A -> G1 -> G2 -> G3 -> G7
420,pre_optimization,-1.3428387463692077,0,0.30453937135550324,0.010460628644496761,0,False,D:rise|G4[0]|G5[0]|G6[0]|G7[1]|OUT:rise,D -> G4 -> G5 -> G6 -> G7
420,post_optimization,-1.3428387463692077,0,0.28724440013398167,0.027755599866018332,0,False,D:rise|G4[0]|G5[0]|G6[0]|G7[1]|OUT:rise,D -> G4 -> G5 -> G6 -> G7
421,pre_optimization,-0.6123238996474998,0,0.31246828872431703,0.0025317112756829685,0,False,D:rise|G4[0]|G5[0]|G6[0]|G7[1]|OUT:rise,D -> G4 -> G5 -> G6 -> G7
421,post_optimization,-0.6123238996474998,0,0.2942336413189396,0.020766358681060415,0,False,D:rise|G4[0]|G5[0]|G6[0]|G7[1]|OUT:rise,D -> G4 -> G5 -> G6 -> G7
422,pre_optimization,-0.07132979741310846,0,0.3084467999650136,0.006553200034986384,0,False,D:rise|G4[0]|G5[0]|G6[0]|G7[1]|OUT:rise,D -> G4 -> G5 -> G6 -> G7
422,post_optimization,-0.07132979741310846,0,0.29421321696736014,0.020786783032639866,0,False,A:rise|G1[0]|G2[0]|G3[0]|G7[0]|OUT:rise,A -> G1 -> G2 -> G3 -> G7
423,pre_optimization,1.0060360397689352,0,0.3388695164066576,-0.023869516406657576,-0.023869516406657576,True,D:rise|G4[0]|G5[0]|G6[0]|G7[1]|OUT:rise,D -> G4 -> G5 -> G6 -> G7
423,post_optimization,1.0060360397689352,0,0.3185445910630825,-0.003544591063082525,-0.003544591063082525,True,D:rise|G4[0]|G5[0]|G6[0]|G7[1]|OUT:rise,D -> G4 -> G5 -> G6 -> G7
424,pre_optimization,-1.0350314902811975,0,0.3113886047257918,0.003611395274208229,0,False,D:rise|G4[0]|G5[0]|G6[0]|G7[1]|OUT:rise,D -> G4 -> G5 -> G6 -> G7
424,post_optimization,-1.0350314902811975,0,0.29400628444035076,0.02099371555964924,0,False,D:rise|G4[0]|G5[0]|G6[0]|G7[1]|OUT:rise,D -> G4 -> G5 -> G6 -> G7
425,pre_optimization,1.3661404104720891,0,0.3260919277278519,-0.011091927727851891,-0.011091927727851891,True,D:rise|G4[0]|G5[0]|G6[0]|G7[1]|OUT:rise,D -> G4 -> G5 -> G6 -> G7
425,post_optimization,1.3661404104720891,0,0.3066513076918478,0.008348692308152217,0,False,D:rise|G4[0]|G5[0]|G6[0]|G7[1]|OUT:rise,D -> G4 -> G5 -> G6 -> G7
426,pre_optimization,-0.3542655470386464,0,0.3243326085540307,-0.009332608554030675,-0.009332608554030675,True,A:rise|G1[0]|G2[0]|G3[0]|G7[0]|OUT:rise,A -> G1 -> G2 -> G3 -> G7
426,post_optimization,-0.3542655470386464,0,0.3119042461568372,0.0030957538431627962,0,False,A:rise|G1[0]|G2[0]|G3[0]|G7[0]|OUT:rise,A -> G1 -> G2 -> G3 -> G7
427,pre_optimization,-0.275012203250119,0,0.3047719308578224,0.01022806914217761,0,False,A:rise|G1[0]|G2[0]|G3[0]|G7[0]|OUT:rise,A -> G1 -> G2 -> G3 -> G7
427,post_optimization,-0.275012203250119,0,0.2942625981128132,0.020737401887186813,0,False,A:rise|G1[0]|G2[0]|G3[0]|G7[0]|OUT:rise,A -> G1 -> G2 -> G3 -> G7
428,pre_optimization,0.8165859701069287,0,0.319550073449846,-0.004550073449845982,-0.004550073449845982,True,D:rise|G4[0]|G5[0]|G6[0]|G7[1]|OUT:rise,D -> G4 -> G5 -> G6 -> G7
428,post_optimization,0.8165859701069287,0,0.30497865911258665,0.010021340887413355,0,False,A:rise|G1[0]|G2[0]|G3[0]|G7[0]|OUT:rise,A -> G1 -> G2 -> G3 -> G7
429,pre_optimization,-0.39926858844537516,0,0.304951445132458,0.010048554867542026,0,False,D:rise|G4[0]|G5[0]|G6[0]|G7[1]|OUT:rise,D -> G4 -> G5 -> G6 -> G7
429,post_optimization,-0.39926858844537516,0,0.29028396572751725,0.024716034272482756,0,False,A:rise|G1[0]|G2[0]|G3[0]|G7[0]|OUT:rise,A -> G1 -> G2 -> G3 -> G7
430,pre_optimization,0.694346500577722,0,0.3343634710803392,-0.0193634710803392,-0.0193634710803392,True,D:rise|G4[0]|G5[0]|G6[0]|G7[1]|OUT:rise,D -> G4 -> G5 -> G6 -> G7
430,post_optimization,0.694346500577722,0,0.316367879454213,-0.0013678794542130168,-0.0013678794542130168,True,D:rise|G4[0]|G5[0]|G6[0]|G7[1]|OUT:rise,D -> G4 -> G5 -> G6 -> G7
431,pre_optimization,-0.32700869246311376,0,0.3213566217963705,-0.006356621796370476,-0.006356621796370476,True,D:rise|G4[0]|G5[0]|G6[0]|G7[1]|OUT:rise,D -> G4 -> G5 -> G6 -> G7
431,post_optimization,-0.32700869246311376,0,0.3043654669840991,0.010634533015900893,0,False,D:rise|G4[0]|G5[0]|G6[0]|G7[1]|OUT:rise,D -> G4 -> G5 -> G6 -> G7
432,pre_optimization,-0.8927646168815176,0,0.31730844089587107,-0.0023084408958710667,-0.0023084408958710667,True,D:rise|G4[0]|G5[0]|G6[0]|G7[1]|OUT:rise,D -> G4 -> G5 -> G6 -> G7
432,post_optimization,-0.8927646168815176,0,0.3031949725524062,0.011805027447593819,0,False,A:rise|G1[0]|G2[0]|G3[0]|G7[0]|OUT:rise,A -> G1 -> G2 -> G3 -> G7
433,pre_optimization,1.663845642107392,0,0.33391702963470254,-0.018917029634702542,-0.018917029634702542,True,A:rise|G1[0]|G2[0]|G3[0]|G7[0]|OUT:rise,A -> G1 -> G2 -> G3 -> G7
433,post_optimization,1.663845642107392,0,0.3204261365104012,-0.005426136510401192,-0.005426136510401192,True,A:rise|G1[0]|G2[0]|G3[0]|G7[0]|OUT:rise,A -> G1 -> G2 -> G3 -> G7
434,pre_optimization,-0.6332222868900351,0,0.30243500540772167,0.012564994592278333,0,False,D:rise|G4[0]|G5[0]|G6[0]|G7[1]|OUT:rise,D -> G4 -> G5 -> G6 -> G7
434,post_optimization,-0.6332222868900351,0,0.28850847099906196,0.02649152900093804,0,False,A:rise|G1[0]|G2[0]|G3[0]|G7[0]|OUT:rise,A -> G1 -> G2 -> G3 -> G7
435,pre_optimization,-1.0884319763587598,0,0.31403918677590714,0.0009608132240928602,0,False,D:rise|G4[0]|G5[0]|G6[0]|G7[1]|OUT:rise,D -> G4 -> G5 -> G6 -> G7
435,post_optimization,-1.0884319763587598,0,0.29816825390022966,0.01683174609977034,0,False,D:rise|G4[0]|G5[0]|G6[0]|G7[1]|OUT:rise,D -> G4 -> G5 -> G6 -> G7
436,pre_optimization,-0.9802800055489117,0,0.31026726404047,0.004732735959529999,0,False,D:rise|G4[0]|G5[0]|G6[0]|G7[1]|OUT:rise,D -> G4 -> G5 -> G6 -> G7
436,post_optimization,-0.9802800055489117,0,0.2934560817282416,0.02154391827175839,0,False,D:rise|G4[0]|G5[0]|G6[0]|G7[1]|OUT:rise,D -> G4 -> G5 -> G6 -> G7
437,pre_optimization,1.2418524444646726,0,0.33339680467013266,-0.01839680467013266,-0.01839680467013266,True,D:rise|G4[0]|G5[0]|G6[0]|G7[1]|OUT:rise,D -> G4 -> G5 -> G6 -> G7
437,post_optimization,1.2418524444646726,0,0.31425993203635516,0.0007400679636448415,0,False,D:rise|G4[0]|G5[0]|G6[0]|G7[1]|OUT:rise,D -> G4 -> G5 -> G6 -> G7
438,pre_optimization,-0.801576110915066,0,0.3201328332934595,-0.005132833293459482,-0.005132833293459482,True,D:rise|G4[0]|G5[0]|G6[0]|G7[1]|OUT:rise,D -> G4 -> G5 -> G6 -> G7
438,post_optimization,-0.801576110915066,0,0.3033123851636152,0.011687614836384808,0,False,A:rise|G1[0]|G2[0]|G3[0]|G7[0]|OUT:rise,A -> G1 -> G2 -> G3 -> G7
439,pre_optimization,-0.27634227664249006,0,0.31708001124529234,-0.0020800112452923347,-0.0020800112452923347,True,A:rise|G1[0]|G2[0]|G3[0]|G7[0]|OUT:rise,A -> G1 -> G2 -> G3 -> G7
439,post_optimization,-0.27634227664249006,0,0.30282232487313754,0.012177675126862464,0,False,A:rise|G1[0]|G2[0]|G3[0]|G7[0]|OUT:rise,A -> G1 -> G2 -> G3 -> G7
440,pre_optimization,0.010240666710993464,0,0.3194378020893852,-0.004437802089385212,-0.004437802089385212,True,A:rise|G1[0]|G2[0]|G3[0]|G7[0]|OUT:rise,A -> G1 -> G2 -> G3 -> G7
440,post_optimization,0.010240666710993464,0,0.3082763943631198,0.006723605636880181,0,False,A:rise|G1[0]|G2[0]|G3[0]|G7[0]|OUT:rise,A -> G1 -> G2 -> G3 -> G7
441,pre_optimization,0.9574709414714931,0,0.3454590024069275,-0.030459002406927504,-0.030459002406927504,True,D:rise|G4[0]|G5[0]|G6[0]|G7[1]|OUT:rise,D -> G4 -> G5 -> G6 -> G7
441,post_optimization,0.9574709414714931,0,0.32420858637919414,-0.00920858637919414,-0.00920858637919414,True,D:rise|G4[0]|G5[0]|G6[0]|G7[1]|OUT:rise,D -> G4 -> G5 -> G6 -> G7
442,pre_optimization,-0.17901592701417626,0,0.3205107937230804,-0.005510793723080387,-0.005510793723080387,True,D:rise|G4[0]|G5[0]|G6[0]|G7[1]|OUT:rise,D -> G4 -> G5 -> G6 -> G7
442,post_optimization,-0.17901592701417626,0,0.3033143596165817,0.011685640383418294,0,False,D:rise|G4[0]|G5[0]|G6[0]|G7[1]|OUT:rise,D -> G4 -> G5 -> G6 -> G7
443,pre_optimization,-0.03430151570825402,0,0.33335627934294115,-0.01835627934294115,-0.01835627934294115,True,A:rise|G1[0]|G2[0]|G3[0]|G7[0]|OUT:rise,A -> G1 -> G2 -> G3 -> G7
443,post_optimization,-0.03430151570825402,0,0.3212410295796737,-0.006241029579673707,-0.006241029579673707,True,A:rise|G1[0]|G2[0]|G3[0]|G7[0]|OUT:rise,A -> G1 -> G2 -> G3 -> G7
444,pre_optimization,-0.5842204495151028,0,0.3208812162819483,-0.0058812162819483205,-0.0058812162819483205,True,D:rise|G4[0]|G5[0]|G6[0]|G7[1]|OUT:rise,D -> G4 -> G5 -> G6 -> G7
444,post_optimization,-0.5842204495151028,0,0.302863011934296,0.012136988065704013,0,False,D:rise|G4[0]|G5[0]|G6[0]|G7[1]|OUT:rise,D -> G4 -> G5 -> G6 -> G7
445,pre_optimization,0.5508153012297571,0,0.32064896229614104,-0.005648962296141036,-0.005648962296141036,True,D:rise|G4[0]|G5[0]|G6[0]|G7[1]|OUT:rise,D -> G4 -> G5 -> G6 -> G7
445,post_optimization,0.5508153012297571,0,0.3016545505976814,0.013345449402318577,0,False,D:rise|G4[0]|G5[0]|G6[0]|G7[1]|OUT:rise,D -> G4 -> G5 -> G6 -> G7
446,pre_optimization,-0.1419104039178847,0,0.3075287942399584,0.0074712057600416215,0,False,A:rise|G1[0]|G2[0]|G3[0]|G7[0]|OUT:rise,A -> G1 -> G2 -> G3 -> G7
446,post_optimization,-0.1419104039178847,0,0.2956740652738716,0.019325934726128424,0,False,A:rise|G1[0]|G2[0]|G3[0]|G7[0]|OUT:rise,A -> G1 -> G2 -> G3 -> G7
447,pre_optimization,-0.818441704536043,0,0.3196050287216372,-0.0046050287216372054,-0.0046050287216372054,True,D:rise|G4[0]|G5[0]|G6[0]|G7[1]|OUT:rise,D -> G4 -> G5 -> G6 -> G7
447,post_optimization,-0.818441704536043,0,0.3005683978646848,0.014431602135315191,0,False,A:rise|G1[0]|G2[0]|G3[0]|G7[0]|OUT:rise,A -> G1 -> G2 -> G3 -> G7
448,pre_optimization,-0.5140206074534137,0,0.3174726662348057,-0.002472666234805687,-0.002472666234805687,True,D:rise|G4[0]|G5[0]|G6[0]|G7[1]|OUT:rise,D -> G4 -> G5 -> G6 -> G7
448,post_optimization,-0.5140206074534137,0,0.30061983603903814,0.014380163960961867,0,False,D:rise|G4[0]|G5[0]|G6[0]|G7[1]|OUT:rise,D -> G4 -> G5 -> G6 -> G7
449,pre_optimization,-1.5048330725868568,0,0.307568507033739,0.007431492966261,0,False,A:rise|G1[0]|G2[0]|G3[0]|G7[0]|OUT:rise,A -> G1 -> G2 -> G3 -> G7
449,post_optimization,-1.5048330725868568,0,0.29639282150687296,0.01860717849312704,0,False,A:rise|G1[0]|G2[0]|G3[0]|G7[0]|OUT:rise,A -> G1 -> G2 -> G3 -> G7
450,pre_optimization,-0.04452225375507065,0,0.3236630232315081,-0.008663023231508082,-0.008663023231508082,True,D:rise|G4[0]|G5[0]|G6[0]|G7[1]|OUT:rise,D -> G4 -> G5 -> G6 -> G7
450,post_optimization,-0.04452225375507065,0,0.3057417733299193,0.009258226670080694,0,False,D:rise|G4[0]|G5[0]|G6[0]|G7[1]|OUT:rise,D -> G4 -> G5 -> G6 -> G7
451,pre_optimization,0.6394387272462279,0,0.3327626055077433,-0.01776260550774328,-0.01776260550774328,True,A:rise|G1[0]|G2[0]|G3[0]|G7[0]|OUT:rise,A -> G1 -> G2 -> G3 -> G7
451,post_optimization,0.6394387272462279,0,0.319415313144688,-0.004415313144688016,-0.004415313144688016,True,A:rise|G1[0]|G2[0]|G3[0]|G7[0]|OUT:rise,A -> G1 -> G2 -> G3 -> G7
452,pre_optimization,0.43141949652849704,0,0.3137805776605966,0.0012194223394034198,0,False,A:rise|G1[0]|G2[0]|G3[0]|G7[0]|OUT:rise,A -> G1 -> G2 -> G3 -> G7
452,post_optimization,0.43141949652849704,0,0.2997350092072009,0.015264990792799082,0,False,A:rise|G1[0]|G2[0]|G3[0]|G7[0]|OUT:rise,A -> G1 -> G2 -> G3 -> G7
453,pre_optimization,-1.4930978431820092,0,0.30257146856810163,0.01242853143189837,0,False,D:rise|G4[0]|G5[0]|G6[0]|G7[1]|OUT:rise,D -> G4 -> G5 -> G6 -> G7
453,post_optimization,-1.4930978431820092,0,0.28488319550386054,0.03011680449613946,0,False,D:rise|G4[0]|G5[0]|G6[0]|G7[1]|OUT:rise,D -> G4 -> G5 -> G6 -> G7
454,pre_optimization,-0.9336127721069961,0,0.3065391093350841,0.008460890664915899,0,False,D:rise|G4[0]|G5[0]|G6[0]|G7[1]|OUT:rise,D -> G4 -> G5 -> G6 -> G7
454,post_optimization,-0.9336127721069961,0,0.29194527073457643,0.023054729265423568,0,False,D:rise|G4[0]|G5[0]|G6[0]|G7[1]|OUT:rise,D -> G4 -> G5 -> G6 -> G7
455,pre_optimization,-0.10698958346114218,0,0.3204498170176411,-0.005449817017641079,-0.005449817017641079,True,D:rise|G4[0]|G5[0]|G6[0]|G7[1]|OUT:rise,D -> G4 -> G5 -> G6 -> G7
455,post_optimization,-0.10698958346114218,0,0.30470643141764386,0.010293568582356138,0,False,A:rise|G1[0]|G2[0]|G3[0]|G7[0]|OUT:rise,A -> G1 -> G2 -> G3 -> G7
456,pre_optimization,0.7870813950595145,0,0.32487011144631106,-0.009870111446311058,-0.009870111446311058,True,D:rise|G4[0]|G5[0]|G6[0]|G7[1]|OUT:rise,D -> G4 -> G5 -> G6 -> G7
456,post_optimization,0.7870813950595145,0,0.30841914490756894,0.006580855092431059,0,False,A:rise|G1[0]|G2[0]|G3[0]|G7[0]|OUT:rise,A -> G1 -> G2 -> G3 -> G7
457,pre_optimization,-0.7011529456298458,0,0.3185248108038716,-0.0035248108038716253,-0.0035248108038716253,True,A:rise|G1[0]|G2[0]|G3[0]|G7[0]|OUT:rise,A -> G1 -> G2 -> G3 -> G7
457,post_optimization,-0.7011529456298458,0,0.30414075196700363,0.010859248032996371,0,False,A:rise|G1[0]|G2[0]|G3[0]|G7[0]|OUT:rise,A -> G1 -> G2 -> G3 -> G7
458,pre_optimization,1.3304893125140704,0,0.3378962377039321,-0.02289623770393212,-0.02289623770393212,True,A:rise|G1[0]|G2[0]|G3[0]|G7[0]|OUT:rise,A -> G1 -> G2 -> G3 -> G7
458,post_optimization,1.3304893125140704,0,0.3239676555693702,-0.008967655569370181,-0.008967655569370181,True,A:rise|G1[0]|G2[0]|G3[0]|G7[0]|OUT:rise,A -> G1 -> G2 -> G3 -> G7
459,pre_optimization,-0.655516202769359,0,0.32551112353529343,-0.010511123535293432,-0.010511123535293432,True,D:rise|G4[0]|G5[0]|G6[0]|G7[1]|OUT:rise,D -> G4 -> G5 -> G6 -> G7
459,post_optimization,-0.655516202769359,0,0.30980757862086394,0.0051924213791360585,0,False,A:rise|G1[0]|G2[0]|G3[0]|G7[0]|OUT:rise,A -> G1 -> G2 -> G3 -> G7
460,pre_optimization,-0.224293492246083,0,0.31853962962615956,-0.0035396296261595572,-0.0035396296261595572,True,A:rise|G1[0]|G2[0]|G3[0]|G7[0]|OUT:rise,A -> G1 -> G2 -> G3 -> G7
460,post_optimization,-0.224293492246083,0,0.3069777701079437,0.00802222989205631,0,False,A:rise|G1[0]|G2[0]|G3[0]|G7[0]|OUT:rise,A -> G1 -> G2 -> G3 -> G7
461,pre_optimization,2.2556863750971727,0,0.33316932132562754,-0.01816932132562754,-0.01816932132562754,True,D:rise|G4[0]|G5[0]|G6[0]|G7[1]|OUT:rise,D -> G4 -> G5 -> G6 -> G7
461,post_optimization,2.2556863750971727,0,0.3182312785903182,-0.0032312785903181873,-0.0032312785903181873,True,A:rise|G1[0]|G2[0]|G3[0]|G7[0]|OUT:rise,A -> G1 -> G2 -> G3 -> G7
462,pre_optimization,-0.9939967051582014,0,0.3153172952487621,-0.00031729524876211723,-0.00031729524876211723,True,D:rise|G4[0]|G5[0]|G6[0]|G7[1]|OUT:rise,D -> G4 -> G5 -> G6 -> G7
462,post_optimization,-0.9939967051582014,0,0.29739630042726983,0.01760369957273017,0,False,A:rise|G1[0]|G2[0]|G3[0]|G7[0]|OUT:rise,A -> G1 -> G2 -> G3 -> G7
463,pre_optimization,-0.28300757112532654,0,0.32125301593318695,-0.006253015933186945,-0.006253015933186945,True,D:rise|G4[0]|G5[0]|G6[0]|G7[1]|OUT:rise,D -> G4 -> G5 -> G6 -> G7
463,post_optimization,-0.28300757112532654,0,0.305218994937711,0.009781005062289017,0,False,A:rise|G1[0]|G2[0]|G3[0]|G7[0]|OUT:rise,A -> G1 -> G2 -> G3 -> G7
464,pre_optimization,0.08439330518807056,0,0.32708819988285975,-0.012088199882859751,-0.012088199882859751,True,D:rise|G4[0]|G5[0]|G6[0]|G7[1]|OUT:rise,D -> G4 -> G5 -> G6 -> G7
464,post_optimization,0.08439330518807056,0,0.3108135707514522,0.004186429248547785,0,False,A:rise|G1[0]|G2[0]|G3[0]|G7[0]|OUT:rise,A -> G1 -> G2 -> G3 -> G7
465,pre_optimization,-0.3891212181804669,0,0.332009529446777,-0.017009529446776972,-0.017009529446776972,True,A:rise|G1[0]|G2[0]|G3[0]|G7[0]|OUT:rise,A -> G1 -> G2 -> G3 -> G7
465,post_optimization,-0.3891212181804669,0,0.3160402213926008,-0.001040221392600793,-0.001040221392600793,True,A:rise|G1[0]|G2[0]|G3[0]|G7[0]|OUT:rise,A -> G1 -> G2 -> G3 -> G7
466,pre_optimization,-1.3173637507734388,0,0.3133097472575122,0.0016902527424877967,0,False,D:rise|G4[0]|G5[0]|G6[0]|G7[1]|OUT:rise,D -> G4 -> G5 -> G6 -> G7
466,post_optimization,-1.3173637507734388,0,0.29711436211659015,0.017885637883409855,0,False,A:rise|G1[0]|G2[0]|G3[0]|G7[0]|OUT:rise,A -> G1 -> G2 -> G3 -> G7
467,pre_optimization,-1.1744179864467525,0,0.31365368610970285,0.0013463138902971572,0,False,D:rise|G4[0]|G5[0]|G6[0]|G7[1]|OUT:rise,D -> G4 -> G5 -> G6 -> G7
467,post_optimization,-1.1744179864467525,0,0.29516562709333555,0.019834372906664455,0,False,D:rise|G4[0]|G5[0]|G6[0]|G7[1]|OUT:rise,D -> G4 -> G5 -> G6 -> G7
468,pre_optimization,-0.5162775322926528,0,0.29932738963511885,0.015672610364881157,0,False,D:rise|G4[0]|G5[0]|G6[0]|G7[1]|OUT:rise,D -> G4 -> G5 -> G6 -> G7
468,post_optimization,-0.5162775322926528,0,0.2884346094727485,0.026565390527251487,0,False,A:rise|G1[0]|G2[0]|G3[0]|G7[0]|OUT:rise,A -> G1 -> G2 -> G3 -> G7
469,pre_optimization,0.024866303290652165,0,0.32313259571440633,-0.008132595714406332,-0.008132595714406332,True,D:rise|G4[0]|G5[0]|G6[0]|G7[1]|OUT:rise,D -> G4 -> G5 -> G6 -> G7
469,post_optimization,0.024866303290652165,0,0.3081096576235681,0.006890342376431879,0,False,A:rise|G1[0]|G2[0]|G3[0]|G7[0]|OUT:rise,A -> G1 -> G2 -> G3 -> G7
470,pre_optimization,-0.42177443344792737,0,0.31504338702954754,-4.3387029547536926e-05,-4.3387029547536926e-05,True,D:rise|G4[0]|G5[0]|G6[0]|G7[1]|OUT:rise,D -> G4 -> G5 -> G6 -> G7
470,post_optimization,-0.42177443344792737,0,0.29587070073371746,0.01912929926628254,0,False,D:rise|G4[0]|G5[0]|G6[0]|G7[1]|OUT:rise,D -> G4 -> G5 -> G6 -> G7
471,pre_optimization,0.11066497092216268,0,0.3172793426503226,-0.002279342650322591,-0.002279342650322591,True,A:rise|G1[0]|G2[0]|G3[0]|G7[0]|OUT:rise,A -> G1 -> G2 -> G3 -> G7
471,post_optimization,0.11066497092216268,0,0.3058425136142031,0.009157486385796887,0,False,A:rise|G1[0]|G2[0]|G3[0]|G7[0]|OUT:rise,A -> G1 -> G2 -> G3 -> G7
472,pre_optimization,2.3708285135216265,0,0.34431812049443955,-0.029318120494439548,-0.029318120494439548,True,D:rise|G4[0]|G5[0]|G6[0]|G7[1]|OUT:rise,D -> G4 -> G5 -> G6 -> G7
472,post_optimization,2.3708285135216265,0,0.3233457931087499,-0.008345793108749888,-0.008345793108749888,True,A:rise|G1[0]|G2[0]|G3[0]|G7[0]|OUT:rise,A -> G1 -> G2 -> G3 -> G7
473,pre_optimization,1.1264207142467095,0,0.3387842508671124,-0.02378425086711239,-0.02378425086711239,True,D:rise|G4[0]|G5[0]|G6[0]|G7[1]|OUT:rise,D -> G4 -> G5 -> G6 -> G7
473,post_optimization,1.1264207142467095,0,0.31866751815246663,-0.003667518152466631,-0.003667518152466631,True,D:rise|G4[0]|G5[0]|G6[0]|G7[1]|OUT:rise,D -> G4 -> G5 -> G6 -> G7
474,pre_optimization,0.14071873341304336,0,0.3273310320190745,-0.012331032019074484,-0.012331032019074484,True,D:rise|G4[0]|G5[0]|G6[0]|G7[1]|OUT:rise,D -> G4 -> G5 -> G6 -> G7
474,post_optimization,0.14071873341304336,0,0.30859932951088564,0.006400670489114357,0,False,D:rise|G4[0]|G5[0]|G6[0]|G7[1]|OUT:rise,D -> G4 -> G5 -> G6 -> G7
475,pre_optimization,1.425443545497661,0,0.32598623187156955,-0.010986231871569552,-0.010986231871569552,True,D:rise|G4[0]|G5[0]|G6[0]|G7[1]|OUT:rise,D -> G4 -> G5 -> G6 -> G7
475,post_optimization,1.425443545497661,0,0.3101719233845409,0.004828076615459087,0,False,A:rise|G1[0]|G2[0]|G3[0]|G7[0]|OUT:rise,A -> G1 -> G2 -> G3 -> G7
476,pre_optimization,-0.7629416618147697,0,0.31764934755528296,-0.002649347555282955,-0.002649347555282955,True,D:rise|G4[0]|G5[0]|G6[0]|G7[1]|OUT:rise,D -> G4 -> G5 -> G6 -> G7
476,post_optimization,-0.7629416618147697,0,0.2984146063379046,0.016585393662095382,0,False,D:rise|G4[0]|G5[0]|G6[0]|G7[1]|OUT:rise,D -> G4 -> G5 -> G6 -> G7
477,pre_optimization,-1.4259965973001592,0,0.29841092224391524,0.016589077756084758,0,False,A:rise|G1[0]|G2[0]|G3[0]|G7[0]|OUT:rise,A -> G1 -> G2 -> G3 -> G7
477,post_optimization,-1.4259965973001592,0,0.2874412791085785,0.02755872089142153,0,False,A:rise|G1[0]|G2[0]|G3[0]|G7[0]|OUT:rise,A -> G1 -> G2 -> G3 -> G7
478,pre_optimization,-0.04773232882820392,0,0.3146603512371606,0.00033964876283942846,0,False,D:rise|G4[0]|G5[0]|G6[0]|G7[1]|OUT:rise,D -> G4 -> G5 -> G6 -> G7
478,post_optimization,-0.04773232882820392,0,0.29902418359542304,0.01597581640457696,0,False,D:rise|G4[0]|G5[0]|G6[0]|G7[1]|OUT:rise,D -> G4 -> G5 -> G6 -> G7
479,pre_optimization,-0.9168586552112006,0,0.3159721371512776,-0.0009721371512775856,-0.0009721371512775856,True,D:rise|G4[0]|G5[0]|G6[0]|G7[1]|OUT:rise,D -> G4 -> G5 -> G6 -> G7
479,post_optimization,-0.9168586552112006,0,0.29626028211593536,0.018739717884064644,0,False,D:rise|G4[0]|G5[0]|G6[0]|G7[1]|OUT:rise,D -> G4 -> G5 -> G6 -> G7
480,pre_optimization,-0.31120806516652716,0,0.32244316720296934,-0.007443167202969336,-0.007443167202969336,True,D:rise|G4[0]|G5[0]|G6[0]|G7[1]|OUT:rise,D -> G4 -> G5 -> G6 -> G7
480,post_optimization,-0.31120806516652716,0,0.30607907714674454,0.008920922853255464,0,False,A:rise|G1[0]|G2[0]|G3[0]|G7[0]|OUT:rise,A -> G1 -> G2 -> G3 -> G7
481,pre_optimization,-0.36994075995572023,0,0.3255919834907282,-0.010591983490728207,-0.010591983490728207,True,D:rise|G4[0]|G5[0]|G6[0]|G7[1]|OUT:rise,D -> G4 -> G5 -> G6 -> G7
481,post_optimization,-0.36994075995572023,0,0.30640206845531237,0.008597931544687631,0,False,D:rise|G4[0]|G5[0]|G6[0]|G7[1]|OUT:rise,D -> G4 -> G5 -> G6 -> G7
482,pre_optimization,-0.6681264568210389,0,0.30240992991330623,0.012590070086693772,0,False,D:rise|G4[0]|G5[0]|G6[0]|G7[1]|OUT:rise,D -> G4 -> G5 -> G6 -> G7
482,post_optimization,-0.6681264568210389,0,0.2915941376290285,0.023405862370971475,0,False,A:rise|G1[0]|G2[0]|G3[0]|G7[0]|OUT:rise,A -> G1 -> G2 -> G3 -> G7
483,pre_optimization,-0.14904620047640232,0,0.31576273776472585,-0.0007627377647258515,-0.0007627377647258515,True,D:rise|G4[0]|G5[0]|G6[0]|G7[1]|OUT:rise,D -> G4 -> G5 -> G6 -> G7
483,post_optimization,-0.14904620047640232,0,0.29628652189498994,0.018713478105010062,0,False,D:rise|G4[0]|G5[0]|G6[0]|G7[1]|OUT:rise,D -> G4 -> G5 -> G6 -> G7
484,pre_optimization,-0.19197534698546417,0,0.30834722350665117,0.006652776493348833,0,False,D:rise|G4[0]|G5[0]|G6[0]|G7[1]|OUT:rise,D -> G4 -> G5 -> G6 -> G7
484,post_optimization,-0.19197534698546417,0,0.2922165793272906,0.022783420672709387,0,False,D:rise|G4[0]|G5[0]|G6[0]|G7[1]|OUT:rise,D -> G4 -> G5 -> G6 -> G7
485,pre_optimization,-0.24767647998521206,0,0.3093100438936991,0.0056899561063009085,0,False,A:rise|G1[0]|G2[0]|G3[0]|G7[0]|OUT:rise,A -> G1 -> G2 -> G3 -> G7
485,post_optimization,-0.24767647998521206,0,0.2983915699710744,0.01660843002892559,0,False,A:rise|G1[0]|G2[0]|G3[0]|G7[0]|OUT:rise,A -> G1 -> G2 -> G3 -> G7
486,pre_optimization,0.8705666208916979,0,0.32403020105399294,-0.009030201053992937,-0.009030201053992937,True,A:rise|G1[0]|G2[0]|G3[0]|G7[0]|OUT:rise,A -> G1 -> G2 -> G3 -> G7
486,post_optimization,0.8705666208916979,0,0.31001063866535994,0.004989361334640063,0,False,A:rise|G1[0]|G2[0]|G3[0]|G7[0]|OUT:rise,A -> G1 -> G2 -> G3 -> G7
487,pre_optimization,0.7042859786213573,0,0.33069923234681997,-0.01569923234681997,-0.01569923234681997,True,A:rise|G1[0]|G2[0]|G3[0]|G7[0]|OUT:rise,A -> G1 -> G2 -> G3 -> G7
487,post_optimization,0.7042859786213573,0,0.31709350059937774,-0.00209350059937774,-0.00209350059937774,True,A:rise|G1[0]|G2[0]|G3[0]|G7[0]|OUT:rise,A -> G1 -> G2 -> G3 -> G7
488,pre_optimization,-0.8284537027277897,0,0.31598298677140935,-0.0009829867714093443,-0.0009829867714093443,True,A:rise|G1[0]|G2[0]|G3[0]|G7[0]|OUT:rise,A -> G1 -> G2 -> G3 -> G7
488,post_optimization,-0.8284537027277897,0,0.3031341009286225,0.011865899071377528,0,False,A:rise|G1[0]|G2[0]|G3[0]|G7[0]|OUT:rise,A -> G1 -> G2 -> G3 -> G7
489,pre_optimization,0.2424981887518302,0,0.3083822375537898,0.006617762446210207,0,False,A:rise|G1[0]|G2[0]|G3[0]|G7[0]|OUT:rise,A -> G1 -> G2 -> G3 -> G7
489,post_optimization,0.2424981887518302,0,0.297766611479126,0.017233388520874027,0,False,A:rise|G1[0]|G2[0]|G3[0]|G7[0]|OUT:rise,A -> G1 -> G2 -> G3 -> G7
490,pre_optimization,1.0735728028703233,0,0.3325752823350839,-0.017575282335083875,-0.017575282335083875,True,D:rise|G4[0]|G5[0]|G6[0]|G7[1]|OUT:rise,D -> G4 -> G5 -> G6 -> G7
490,post_optimization,1.0735728028703233,0,0.3129342756832358,0.002065724316764217,0,False,A:rise|G1[0]|G2[0]|G3[0]|G7[0]|OUT:rise,A -> G1 -> G2 -> G3 -> G7
491,pre_optimization,-0.5040327923591805,0,0.3250535552762154,-0.010053555276215376,-0.010053555276215376,True,D:rise|G4[0]|G5[0]|G6[0]|G7[1]|OUT:rise,D -> G4 -> G5 -> G6 -> G7
491,post_optimization,-0.5040327923591805,0,0.3043074481064208,0.010692551893579205,0,False,D:rise|G4[0]|G5[0]|G6[0]|G7[1]|OUT:rise,D -> G4 -> G5 -> G6 -> G7
492,pre_optimization,0.38970276455903574,0,0.32067285320266287,-0.005672853202662864,-0.005672853202662864,True,A:rise|G1[0]|G2[0]|G3[0]|G7[0]|OUT:rise,A -> G1 -> G2 -> G3 -> G7
492,post_optimization,0.38970276455903574,0,0.3094800112001511,0.005519988799848885,0,False,A:rise|G1[0]|G2[0]|G3[0]|G7[0]|OUT:rise,A -> G1 -> G2 -> G3 -> G7
493,pre_optimization,-0.4037620508525221,0,0.31237420230679847,0.002625797693201537,0,False,A:rise|G1[0]|G2[0]|G3[0]|G7[0]|OUT:rise,A -> G1 -> G2 -> G3 -> G7
493,post_optimization,-0.4037620508525221,0,0.3002429790780081,0.014757020921991881,0,False,A:rise|G1[0]|G2[0]|G3[0]|G7[0]|OUT:rise,A -> G1 -> G2 -> G3 -> G7
494,pre_optimization,0.7461126148453854,0,0.32330855804383096,-0.00830855804383096,-0.00830855804383096,True,A:rise|G1[0]|G2[0]|G3[0]|G7[0]|OUT:rise,A -> G1 -> G2 -> G3 -> G7
494,post_optimization,0.7461126148453854,0,0.3113496926073206,0.0036503073926794083,0,False,A:rise|G1[0]|G2[0]|G3[0]|G7[0]|OUT:rise,A -> G1 -> G2 -> G3 -> G7
495,pre_optimization,1.5842255218453158,0,0.3176630636208373,-0.0026630636208372915,-0.0026630636208372915,True,D:rise|G4[0]|G5[0]|G6[0]|G7[1]|OUT:rise,D -> G4 -> G5 -> G6 -> G7
495,post_optimization,1.5842255218453158,0,0.3062003276257629,0.008799672374237122,0,False,A:rise|G1[0]|G2[0]|G3[0]|G7[0]|OUT:rise,A -> G1 -> G2 -> G3 -> G7
496,pre_optimization,0.6528331030244917,0,0.32750330122426746,-0.01250330122426746,-0.01250330122426746,True,D:rise|G4[0]|G5[0]|G6[0]|G7[1]|OUT:rise,D -> G4 -> G5 -> G6 -> G7
496,post_optimization,0.6528331030244917,0,0.30876164729211303,0.006238352707886974,0,False,D:rise|G4[0]|G5[0]|G6[0]|G7[1]|OUT:rise,D -> G4 -> G5 -> G6 -> G7
497,pre_optimization,-0.8047510408783364,0,0.3091609350544373,0.005839064945562689,0,False,D:rise|G4[0]|G5[0]|G6[0]|G7[1]|OUT:rise,D -> G4 -> G5 -> G6 -> G7
497,post_optimization,-0.8047510408783364,0,0.28955439758643875,0.025445602413561252,0,False,D:rise|G4[0]|G5[0]|G6[0]|G7[1]|OUT:rise,D -> G4 -> G5 -> G6 -> G7
498,pre_optimization,1.9277792022030047,0,0.3375233736964679,-0.022523373696467897,-0.022523373696467897,True,D:rise|G4[0]|G5[0]|G6[0]|G7[1]|OUT:rise,D -> G4 -> G5 -> G6 -> G7
498,post_optimization,1.9277792022030047,0,0.3191263237400995,-0.0041263237400995245,-0.0041263237400995245,True,D:rise|G4[0]|G5[0]|G6[0]|G7[1]|OUT:rise,D -> G4 -> G5 -> G6 -> G7
499,pre_optimization,-1.022524953999614,0,0.3027281767663862,0.01227182323361381,0,False,D:rise|G4[0]|G5[0]|G6[0]|G7[1]|OUT:rise,D -> G4 -> G5 -> G6 -> G7
499,post_optimization,-1.022524953999614,0,0.29052673624444536,0.02447326375555464,0,False,A:rise|G1[0]|G2[0]|G3[0]|G7[0]|OUT:rise,A -> G1 -> G2 -> G3 -> G7
500,pre_optimization,1.514698643937381,0,0.3375928657977837,-0.02259286579778369,-0.02259286579778369,True,D:rise|G4[0]|G5[0]|G6[0]|G7[1]|OUT:rise,D -> G4 -> G5 -> G6 -> G7
500,post_optimization,1.514698643937381,0,0.31823492082656546,-0.003234920826565457,-0.003234920826565457,True,D:rise|G4[0]|G5[0]|G6[0]|G7[1]|OUT:rise,D -> G4 -> G5 -> G6 -> G7
501,pre_optimization,-0.8712820532331407,0,0.3162356821850631,-0.0012356821850630917,-0.0012356821850630917,True,A:rise|G1[0]|G2[0]|G3[0]|G7[0]|OUT:rise,A -> G1 -> G2 -> G3 -> G7
501,post_optimization,-0.8712820532331407,0,0.30206296550580813,0.012937034494191868,0,False,A:rise|G1[0]|G2[0]|G3[0]|G7[0]|OUT:rise,A -> G1 -> G2 -> G3 -> G7
502,pre_optimization,0.7886357828868071,0,0.3311919065010443,-0.016191906501044295,-0.016191906501044295,True,D:rise|G4[0]|G5[0]|G6[0]|G7[1]|OUT:rise,D -> G4 -> G5 -> G6 -> G7
502,post_optimization,0.7886357828868071,0,0.31392445845342304,0.0010755415465769635,0,False,A:rise|G1[0]|G2[0]|G3[0]|G7[0]|OUT:rise,A -> G1 -> G2 -> G3 -> G7
503,pre_optimization,-0.44245899565526947,0,0.31498583578181083,1.4164218189172129e-05,0,False,A:rise|G1[0]|G2[0]|G3[0]|G7[0]|OUT:rise,A -> G1 -> G2 -> G3 -> G7
503,post_optimization,-0.44245899565526947,0,0.3032065914344477,0.011793408565552277,0,False,A:rise|G1[0]|G2[0]|G3[0]|G7[0]|OUT:rise,A -> G1 -> G2 -> G3 -> G7
504,pre_optimization,-0.3664119946635677,0,0.31905464140819106,-0.004054641408191062,-0.004054641408191062,True,D:rise|G4[0]|G5[0]|G6[0]|G7[1]|OUT:rise,D -> G4 -> G5 -> G6 -> G7
504,post_optimization,-0.3664119946635677,0,0.3026592140852893,0.012340785914710717,0,False,D:rise|G4[0]|G5[0]|G6[0]|G7[1]|OUT:rise,D -> G4 -> G5 -> G6 -> G7
505,pre_optimization,0.10338188979934378,0,0.31162440215697684,0.0033755978430231592,0,False,D:rise|G4[0]|G5[0]|G6[0]|G7[1]|OUT:rise,D -> G4 -> G5 -> G6 -> G7
505,post_optimization,0.10338188979934378,0,0.2967254913907372,0.01827450860926283,0,False,A:rise|G1[0]|G2[0]|G3[0]|G7[0]|OUT:rise,A -> G1 -> G2 -> G3 -> G7
506,pre_optimization,0.23767136915178122,0,0.34317258114641325,-0.028172581146413245,-0.028172581146413245,True,D:rise|G4[0]|G5[0]|G6[0]|G7[1]|OUT:rise,D -> G4 -> G5 -> G6 -> G7
506,post_optimization,0.23767136915178122,0,0.3229015265708519,-0.007901526570851913,-0.007901526570851913,True,D:rise|G4[0]|G5[0]|G6[0]|G7[1]|OUT:rise,D -> G4 -> G5 -> G6 -> G7
507,pre_optimization,-0.4702653127946484,0,0.3144094088891004,0.0005905911108995965,0,False,A:rise|G1[0]|G2[0]|G3[0]|G7[0]|OUT:rise,A -> G1 -> G2 -> G3 -> G7
507,post_optimization,-0.4702653127946484,0,0.30209354743590794,0.012906452564092064,0,False,A:rise|G1[0]|G2[0]|G3[0]|G7[0]|OUT:rise,A -> G1 -> G2 -> G3 -> G7
508,pre_optimization,0.9554489193094161,0,0.3360487360349099,-0.02104873603490992,-0.02104873603490992,True,A:rise|G1[0]|G2[0]|G3[0]|G7[0]|OUT:rise,A -> G1 -> G2 -> G3 -> G7
508,post_optimization,0.9554489193094161,0,0.3224085031858695,-0.007408503185869497,-0.007408503185869497,True,A:rise|G1[0]|G2[0]|G3[0]|G7[0]|OUT:rise,A -> G1 -> G2 -> G3 -> G7
509,pre_optimization,-0.7842986779775998,0,0.3115018662629083,0.00349813373709168,0,False,A:rise|G1[0]|G2[0]|G3[0]|G7[0]|OUT:rise,A -> G1 -> G2 -> G3 -> G7
509,post_optimization,-0.7842986779775998,0,0.2983329471121895,0.016667052887810507,0,False,A:rise|G1[0]|G2[0]|G3[0]|G7[0]|OUT:rise,A -> G1 -> G2 -> G3 -> G7
510,pre_optimization,-0.7898324501445306,0,0.3083704552522808,0.006629544747719207,0,False,A:rise|G1[0]|G2[0]|G3[0]|G7[0]|OUT:rise,A -> G1 -> G2 -> G3 -> G7
510,post_optimization,-0.7898324501445306,0,0.2960383581739906,0.0189616418260094,0,False,A:rise|G1[0]|G2[0]|G3[0]|G7[0]|OUT:rise,A -> G1 -> G2 -> G3 -> G7
511,pre_optimization,0.27271850420226207,0,0.3337187570436737,-0.018718757043673706,-0.018718757043673706,True,D:rise|G4[0]|G5[0]|G6[0]|G7[1]|OUT:rise,D -> G4 -> G5 -> G6 -> G7
511,post_optimization,0.27271850420226207,0,0.31629225046817316,-0.0012922504681731617,-0.0012922504681731617,True,A:rise|G1[0]|G2[0]|G3[0]|G7[0]|OUT:rise,A -> G1 -> G2 -> G3 -> G7
512,pre_optimization,-1.4920840228634757,0,0.30900950393384274,0.005990496066157258,0,False,D:rise|G4[0]|G5[0]|G6[0]|G7[1]|OUT:rise,D -> G4 -> G5 -> G6 -> G7
512,post_optimization,-1.4920840228634757,0,0.2923909268303253,0.0226090731696747,0,False,D:rise|G4[0]|G5[0]|G6[0]|G7[1]|OUT:rise,D -> G4 -> G5 -> G6 -> G7
513,pre_optimization,-0.9103573581126303,0,0.3188138893034661,-0.0038138893034661003,-0.0038138893034661003,True,D:rise|G4[0]|G5[0]|G6[0]|G7[1]|OUT:rise,D -> G4 -> G5 -> G6 -> G7
513,post_optimization,-0.9103573581126303,0,0.3028245192035188,0.012175480796481175,0,False,A:rise|G1[0]|G2[0]|G3[0]|G7[0]|OUT:rise,A -> G1 -> G2 -> G3 -> G7
514,pre_optimization,-1.544864791891289,0,0.31042479329766415,0.0045752067023358545,0,False,D:rise|G4[0]|G5[0]|G6[0]|G7[1]|OUT:rise,D -> G4 -> G5 -> G6 -> G7
514,post_optimization,-1.544864791891289,0,0.2935214727992116,0.02147852720078841,0,False,D:rise|G4[0]|G5[0]|G6[0]|G7[1]|OUT:rise,D -> G4 -> G5 -> G6 -> G7
515,pre_optimization,-0.21614911262679856,0,0.3283927416523842,-0.013392741652384188,-0.013392741652384188,True,D:rise|G4[0]|G5[0]|G6[0]|G7[1]|OUT:rise,D -> G4 -> G5 -> G6 -> G7
515,post_optimization,-0.21614911262679856,0,0.3087612328045822,0.006238767195417827,0,False,D:rise|G4[0]|G5[0]|G6[0]|G7[1]|OUT:rise,D -> G4 -> G5 -> G6 -> G7
516,pre_optimization,1.4004117999670742,0,0.33053095741372945,-0.015530957413729451,-0.015530957413729451,True,D:rise|G4[0]|G5[0]|G6[0]|G7[1]|OUT:rise,D -> G4 -> G5 -> G6 -> G7
516,post_optimization,1.4004117999670742,0,0.3108735806646707,0.004126419335329312,0,False,D:rise|G4[0]|G5[0]|G6[0]|G7[1]|OUT:rise,D -> G4 -> G5 -> G6 -> G7
517,pre_optimization,-0.03627444082101472,0,0.3104677650986485,0.004532234901351517,0,False,A:rise|G1[0]|G2[0]|G3[0]|G7[0]|OUT:rise,A -> G1 -> G2 -> G3 -> G7
517,post_optimization,-0.03627444082101472,0,0.30077503038676473,0.014224969613235272,0,False,A:rise|G1[0]|G2[0]|G3[0]|G7[0]|OUT:rise,A -> G1 -> G2 -> G3 -> G7
518,pre_optimization,1.1367482834226086,0,0.33841440962268854,-0.023414409622688537,-0.023414409622688537,True,A:rise|G1[0]|G2[0]|G3[0]|G7[0]|OUT:rise,A -> G1 -> G2 -> G3 -> G7
518,post_optimization,1.1367482834226086,0,0.32444344189832813,-0.009443441898328131,-0.009443441898328131,True,A:rise|G1[0]|G2[0]|G3[0]|G7[0]|OUT:rise,A -> G1 -> G2 -> G3 -> G7
519,pre_optimization,1.8992795674964018,0,0.3405324704726402,-0.02553247047264018,-0.02553247047264018,True,A:rise|G1[0]|G2[0]|G3[0]|G7[0]|OUT:rise,A -> G1 -> G2 -> G3 -> G7
519,post_optimization,1.8992795674964018,0,0.3266630183477961,-0.011663018347796095,-0.011663018347796095,True,A:rise|G1[0]|G2[0]|G3[0]|G7[0]|OUT:rise,A -> G1 -> G2 -> G3 -> G7
520,pre_optimization,-1.3041206782187413,0,0.2994678832499037,0.015532116750096303,0,False,D:rise|G4[0]|G5[0]|G6[0]|G7[1]|OUT:rise,D -> G4 -> G5 -> G6 -> G7
520,post_optimization,-1.3041206782187413,0,0.2805548168112581,0.0344451831887419,0,False,D:rise|G4[0]|G5[0]|G6[0]|G7[1]|OUT:rise,D -> G4 -> G5 -> G6 -> G7
521,pre_optimization,-0.10550151614469018,0,0.32787166025511916,-0.012871660255119155,-0.012871660255119155,True,D:rise|G4[0]|G5[0]|G6[0]|G7[1]|OUT:rise,D -> G4 -> G5 -> G6 -> G7
521,post_optimization,-0.10550151614469018,0,0.30663215477314243,0.008367845226857573,0,False,D:rise|G4[0]|G5[0]|G6[0]|G7[1]|OUT:rise,D -> G4 -> G5 -> G6 -> G7
522,pre_optimization,0.03881915346510164,0,0.3164431070873364,-0.001443107087336415,-0.001443107087336415,True,A:rise|G1[0]|G2[0]|G3[0]|G7[0]|OUT:rise,A -> G1 -> G2 -> G3 -> G7
522,post_optimization,0.03881915346510164,0,0.30643697382309354,0.008563026176906463,0,False,A:rise|G1[0]|G2[0]|G3[0]|G7[0]|OUT:rise,A -> G1 -> G2 -> G3 -> G7
523,pre_optimization,-0.482494838260777,0,0.3179638373278567,-0.002963837327856711,-0.002963837327856711,True,A:rise|G1[0]|G2[0]|G3[0]|G7[0]|OUT:rise,A -> G1 -> G2 -> G3 -> G7
523,post_optimization,-0.482494838260777,0,0.3030008482348822,0.011999151765117788,0,False,A:rise|G1[0]|G2[0]|G3[0]|G7[0]|OUT:rise,A -> G1 -> G2 -> G3 -> G7
524,pre_optimization,-0.7975755861045025,0,0.2959033259567554,0.01909667404324461,0,False,A:rise|G1[0]|G2[0]|G3[0]|G7[0]|OUT:rise,A -> G1 -> G2 -> G3 -> G7
524,post_optimization,-0.7975755861045025,0,0.28663268033295297,0.02836731966704703,0,False,A:rise|G1[0]|G2[0]|G3[0]|G7[0]|OUT:rise,A -> G1 -> G2 -> G3 -> G7
525,pre_optimization,0.9771614224744662,0,0.323624699581139,-0.008624699581138984,-0.008624699581138984,True,D:rise|G4[0]|G5[0]|G6[0]|G7[1]|OUT:rise,D -> G4 -> G5 -> G6 -> G7
525,post_optimization,0.9771614224744662,0,0.3062877888569814,0.008712211143018622,0,False,D:rise|G4[0]|G5[0]|G6[0]|G7[1]|OUT:rise,D -> G4 -> G5 -> G6 -> G7
526,pre_optimization,-0.8108083307820968,0,0.319193974126572,-0.00419397412657202,-0.00419397412657202,True,D:rise|G4[0]|G5[0]|G6[0]|G7[1]|OUT:rise,D -> G4 -> G5 -> G6 -> G7
526,post_optimization,-0.8108083307820968,0,0.30143537023170774,0.013564629768292258,0,False,D:rise|G4[0]|G5[0]|G6[0]|G7[1]|OUT:rise,D -> G4 -> G5 -> G6 -> G7
527,pre_optimization,0.17725584088621724,0,0.31228082172230465,0.0027191782776953555,0,False,A:rise|G1[0]|G2[0]|G3[0]|G7[0]|OUT:rise,A -> G1 -> G2 -> G3 -> G7
527,post_optimization,0.17725584088621724,0,0.2983464385207496,0.0166535614792504,0,False,A:rise|G1[0]|G2[0]|G3[0]|G7[0]|OUT:rise,A -> G1 -> G2 -> G3 -> G7
528,pre_optimization,-0.3001147633461199,0,0.3306775714807446,-0.015677571480744612,-0.015677571480744612,True,D:rise|G4[0]|G5[0]|G6[0]|G7[1]|OUT:rise,D -> G4 -> G5 -> G6 -> G7
528,post_optimization,-0.3001147633461199,0,0.3119380869456213,0.0030619130543786954,0,False,D:rise|G4[0]|G5[0]|G6[0]|G7[1]|OUT:rise,D -> G4 -> G5 -> G6 -> G7
529,pre_optimization,-0.7648895917221441,0,0.32231073713714276,-0.007310737137142753,-0.007310737137142753,True,D:rise|G4[0]|G5[0]|G6[0]|G7[1]|OUT:rise,D -> G4 -> G5 -> G6 -> G7
529,post_optimization,-0.7648895917221441,0,0.3053829668177857,0.009617033182214296,0,False,D:rise|G4[0]|G5[0]|G6[0]|G7[1]|OUT:rise,D -> G4 -> G5 -> G6 -> G7
530,pre_optimization,-0.007601294189525484,0,0.324490747215518,-0.009490747215518014,-0.009490747215518014,True,D:rise|G4[0]|G5[0]|G6[0]|G7[1]|OUT:rise,D -> G4 -> G5 -> G6 -> G7
530,post_optimization,-0.007601294189525484,0,0.30517122417092146,0.00982877582907854,0,False,D:rise|G4[0]|G5[0]|G6[0]|G7[1]|OUT:rise,D -> G4 -> G5 -> G6 -> G7
531,pre_optimization,0.23124605305785234,0,0.30747173885902923,0.007528261140970771,0,False,A:rise|G1[0]|G2[0]|G3[0]|G7[0]|OUT:rise,A -> G1 -> G2 -> G3 -> G7
531,post_optimization,0.23124605305785234,0,0.2948369215432146,0.020163078456785388,0,False,A:rise|G1[0]|G2[0]|G3[0]|G7[0]|OUT:rise,A -> G1 -> G2 -> G3 -> G7
532,pre_optimization,-0.38767987101762275,0,0.31310543225086074,0.0018945677491392643,0,False,A:rise|G1[0]|G2[0]|G3[0]|G7[0]|OUT:rise,A -> G1 -> G2 -> G3 -> G7
532,post_optimization,-0.38767987101762275,0,0.3013733225195834,0.013626677480416627,0,False,A:rise|G1[0]|G2[0]|G3[0]|G7[0]|OUT:rise,A -> G1 -> G2 -> G3 -> G7
533,pre_optimization,-1.6164724550090352,0,0.29652853292609055,0.018471467073909453,0,False,A:rise|G1[0]|G2[0]|G3[0]|G7[0]|OUT:rise,A -> G1 -> G2 -> G3 -> G7
533,post_optimization,-1.6164724550090352,0,0.286695393450647,0.028304606549353017,0,False,A:rise|G1[0]|G2[0]|G3[0]|G7[0]|OUT:rise,A -> G1 -> G2 -> G3 -> G7
534,pre_optimization,0.02403927719553301,0,0.3140699888673787,0.0009300111326213112,0,False,D:rise|G4[0]|G5[0]|G6[0]|G7[1]|OUT:rise,D -> G4 -> G5 -> G6 -> G7
534,post_optimization,0.02403927719553301,0,0.2975709269384732,0.0174290730615268,0,False,D:rise|G4[0]|G5[0]|G6[0]|G7[1]|OUT:rise,D -> G4 -> G5 -> G6 -> G7
535,pre_optimization,-0.08929582584045496,0,0.32016283345173346,-0.005162833451733462,-0.005162833451733462,True,D:rise|G4[0]|G5[0]|G6[0]|G7[1]|OUT:rise,D -> G4 -> G5 -> G6 -> G7
535,post_optimization,-0.08929582584045496,0,0.30585896747951213,0.009141032520487868,0,False,A:rise|G1[0]|G2[0]|G3[0]|G7[0]|OUT:rise,A -> G1 -> G2 -> G3 -> G7
536,pre_optimization,0.3483114390876631,0,0.33264946055108807,-0.01764946055108807,-0.01764946055108807,True,D:rise|G4[0]|G5[0]|G6[0]|G7[1]|OUT:rise,D -> G4 -> G5 -> G6 -> G7
536,post_optimization,0.3483114390876631,0,0.3134309943705521,0.001569005629447895,0,False,D:rise|G4[0]|G5[0]|G6[0]|G7[1]|OUT:rise,D -> G4 -> G5 -> G6 -> G7
537,pre_optimization,1.116859567180607,0,0.32779313142970706,-0.01279313142970706,-0.01279313142970706,True,D:rise|G4[0]|G5[0]|G6[0]|G7[1]|OUT:rise,D -> G4 -> G5 -> G6 -> G7
537,post_optimization,1.116859567180607,0,0.3123474436578262,0.0026525563421738174,0,False,A:rise|G1[0]|G2[0]|G3[0]|G7[0]|OUT:rise,A -> G1 -> G2 -> G3 -> G7
538,pre_optimization,-1.6688092902416518,0,0.3109935585974359,0.00400644140256412,0,False,D:rise|G4[0]|G5[0]|G6[0]|G7[1]|OUT:rise,D -> G4 -> G5 -> G6 -> G7
538,post_optimization,-1.6688092902416518,0,0.29293942919679383,0.02206057080320617,0,False,D:rise|G4[0]|G5[0]|G6[0]|G7[1]|OUT:rise,D -> G4 -> G5 -> G6 -> G7
539,pre_optimization,-0.6408420696508732,0,0.305600575344372,0.009399424655627986,0,False,A:rise|G1[0]|G2[0]|G3[0]|G7[0]|OUT:rise,A -> G1 -> G2 -> G3 -> G7
539,post_optimization,-0.6408420696508732,0,0.2930346878062807,0.021965312193719277,0,False,A:rise|G1[0]|G2[0]|G3[0]|G7[0]|OUT:rise,A -> G1 -> G2 -> G3 -> G7
540,pre_optimization,1.7092936063218995,0,0.32925145186179916,-0.014251451861799158,-0.014251451861799158,True,A:rise|G1[0]|G2[0]|G3[0]|G7[0]|OUT:rise,A -> G1 -> G2 -> G3 -> G7
540,post_optimization,1.7092936063218995,0,0.31478336142252533,0.0002166385774746704,0,False,A:rise|G1[0]|G2[0]|G3[0]|G7[0]|OUT:rise,A -> G1 -> G2 -> G3 -> G7
541,pre_optimization,-0.7669934921492559,0,0.30048139727795625,0.01451860272204375,0,False,D:rise|G4[0]|G5[0]|G6[0]|G7[1]|OUT:rise,D -> G4 -> G5 -> G6 -> G7
541,post_optimization,-0.7669934921492559,0,0.28454145897589506,0.030458541024104946,0,False,D:rise|G4[0]|G5[0]|G6[0]|G7[1]|OUT:rise,D -> G4 -> G5 -> G6 -> G7
542,pre_optimization,-1.1872358465204425,0,0.30771678691011456,0.007283213089885443,0,False,D:rise|G4[0]|G5[0]|G6[0]|G7[1]|OUT:rise,D -> G4 -> G5 -> G6 -> G7
542,post_optimization,-1.1872358465204425,0,0.2918678091945547,0.02313219080544532,0,False,D:rise|G4[0]|G5[0]|G6[0]|G7[1]|OUT:rise,D -> G4 -> G5 -> G6 -> G7
543,pre_optimization,-1.9749047634224355,0,0.3095318607395028,0.005468139260497218,0,False,D:rise|G4[0]|G5[0]|G6[0]|G7[1]|OUT:rise,D -> G4 -> G5 -> G6 -> G7
543,post_optimization,-1.9749047634224355,0,0.29574121931745617,0.01925878068254383,0,False,A:rise|G1[0]|G2[0]|G3[0]|G7[0]|OUT:rise,A -> G1 -> G2 -> G3 -> G7
544,pre_optimization,-0.356344962551927,0,0.3099116537920503,0.005088346207949679,0,False,D:rise|G4[0]|G5[0]|G6[0]|G7[1]|OUT:rise,D -> G4 -> G5 -> G6 -> G7
544,post_optimization,-0.356344962551927,0,0.29433043945253473,0.02066956054746527,0,False,D:rise|G4[0]|G5[0]|G6[0]|G7[1]|OUT:rise,D -> G4 -> G5 -> G6 -> G7
545,pre_optimization,1.4193527734132076,0,0.3370504865960162,-0.022050486596016217,-0.022050486596016217,True,D:rise|G4[0]|G5[0]|G6[0]|G7[1]|OUT:rise,D -> G4 -> G5 -> G6 -> G7
545,post_optimization,1.4193527734132076,0,0.31838158048252063,-0.0033815804825206297,-0.0033815804825206297,True,A:rise|G1[0]|G2[0]|G3[0]|G7[0]|OUT:rise,A -> G1 -> G2 -> G3 -> G7
546,pre_optimization,-0.14149633489610255,0,0.33599208653486146,-0.020992086534861454,-0.020992086534861454,True,D:rise|G4[0]|G5[0]|G6[0]|G7[1]|OUT:rise,D -> G4 -> G5 -> G6 -> G7
546,post_optimization,-0.14149633489610255,0,0.31587793854428725,-0.0008779385442872489,-0.0008779385442872489,True,D:rise|G4[0]|G5[0]|G6[0]|G7[1]|OUT:rise,D -> G4 -> G5 -> G6 -> G7
547,pre_optimization,-0.8510837959468415,0,0.3272145151832615,-0.012214515183261498,-0.012214515183261498,True,D:rise|G4[0]|G5[0]|G6[0]|G7[1]|OUT:rise,D -> G4 -> G5 -> G6 -> G7
547,post_optimization,-0.8510837959468415,0,0.3076412739107803,0.007358726089219725,0,False,D:rise|G4[0]|G5[0]|G6[0]|G7[1]|OUT:rise,D -> G4 -> G5 -> G6 -> G7
548,pre_optimization,-0.8236879387426036,0,0.3079512397290776,0.007048760270922383,0,False,A:rise|G1[0]|G2[0]|G3[0]|G7[0]|OUT:rise,A -> G1 -> G2 -> G3 -> G7
548,post_optimization,-0.8236879387426036,0,0.2984691885581366,0.016530811441863413,0,False,A:rise|G1[0]|G2[0]|G3[0]|G7[0]|OUT:rise,A -> G1 -> G2 -> G3 -> G7
549,pre_optimization,-0.31213417096295903,0,0.31494274168181446,5.725831818553795e-05,0,False,A:rise|G1[0]|G2[0]|G3[0]|G7[0]|OUT:rise,A -> G1 -> G2 -> G3 -> G7
549,post_optimization,-0.31213417096295903,0,0.30181783762548037,0.013182162374519635,0,False,A:rise|G1[0]|G2[0]|G3[0]|G7[0]|OUT:rise,A -> G1 -> G2 -> G3 -> G7
550,pre_optimization,-1.1362702962859315,0,0.2970825699513754,0.017917430048624616,0,False,D:rise|G4[0]|G5[0]|G6[0]|G7[1]|OUT:rise,D -> G4 -> G5 -> G6 -> G7
550,post_optimization,-1.1362702962859315,0,0.28260244236108495,0.03239755763891505,0,False,D:rise|G4[0]|G5[0]|G6[0]|G7[1]|OUT:rise,D -> G4 -> G5 -> G6 -> G7
551,pre_optimization,0.4996361755112806,0,0.3367064656617885,-0.02170646566178852,-0.02170646566178852,True,A:rise|G1[0]|G2[0]|G3[0]|G7[0]|OUT:rise,A -> G1 -> G2 -> G3 -> G7
551,post_optimization,0.4996361755112806,0,0.32363878919565714,-0.008638789195657137,-0.008638789195657137,True,A:rise|G1[0]|G2[0]|G3[0]|G7[0]|OUT:rise,A -> G1 -> G2 -> G3 -> G7
552,pre_optimization,0.6999693373261728,0,0.3277251778189925,-0.012725177818992517,-0.012725177818992517,True,A:rise|G1[0]|G2[0]|G3[0]|G7[0]|OUT:rise,A -> G1 -> G2 -> G3 -> G7
552,post_optimization,0.6999693373261728,0,0.31559315860613657,-0.0005931586061365679,-0.0005931586061365679,True,A:rise|G1[0]|G2[0]|G3[0]|G7[0]|OUT:rise,A -> G1 -> G2 -> G3 -> G7
553,pre_optimization,-0.4883138131696468,0,0.306196980045957,0.008803019954042979,0,False,A:rise|G1[0]|G2[0]|G3[0]|G7[0]|OUT:rise,A -> G1 -> G2 -> G3 -> G7
553,post_optimization,-0.4883138131696468,0,0.2931243632116771,0.021875636788322883,0,False,A:rise|G1[0]|G2[0]|G3[0]|G7[0]|OUT:rise,A -> G1 -> G2 -> G3 -> G7
554,pre_optimization,1.433732431869394,0,0.33431644759388784,-0.019316447593887842,-0.019316447593887842,True,A:rise|G1[0]|G2[0]|G3[0]|G7[0]|OUT:rise,A -> G1 -> G2 -> G3 -> G7
554,post_optimization,1.433732431869394,0,0.3226717956678599,-0.007671795667859915,-0.007671795667859915,True,A:rise|G1[0]|G2[0]|G3[0]|G7[0]|OUT:rise,A -> G1 -> G2 -> G3 -> G7
555,pre_optimization,0.07889563474171422,0,0.3325483127333956,-0.017548312733395577,-0.017548312733395577,True,A:rise|G1[0]|G2[0]|G3[0]|G7[0]|OUT:rise,A -> G1 -> G2 -> G3 -> G7
555,post_optimization,0.07889563474171422,0,0.3191202295562663,-0.004120229556266286,-0.004120229556266286,True,A:rise|G1[0]|G2[0]|G3[0]|G7[0]|OUT:rise,A -> G1 -> G2 -> G3 -> G7
556,pre_optimization,-0.31952342952634527,0,0.3095130323733878,0.005486967626612216,0,False,A:rise|G1[0]|G2[0]|G3[0]|G7[0]|OUT:rise,A -> G1 -> G2 -> G3 -> G7
556,post_optimization,-0.31952342952634527,0,0.3001166537637739,0.014883346236226114,0,False,A:rise|G1[0]|G2[0]|G3[0]|G7[0]|OUT:rise,A -> G1 -> G2 -> G3 -> G7
557,pre_optimization,-0.7664736841625038,0,0.31172554925073753,0.0032744507492624697,0,False,A:rise|G1[0]|G2[0]|G3[0]|G7[0]|OUT:rise,A -> G1 -> G2 -> G3 -> G7
557,post_optimization,-0.7664736841625038,0,0.30034106252973203,0.014658937470267974,0,False,A:rise|G1[0]|G2[0]|G3[0]|G7[0]|OUT:rise,A -> G1 -> G2 -> G3 -> G7
558,pre_optimization,0.10829837437192874,0,0.3197262250303668,-0.004726225030366793,-0.004726225030366793,True,A:rise|G1[0]|G2[0]|G3[0]|G7[0]|OUT:rise,A -> G1 -> G2 -> G3 -> G7
558,post_optimization,0.10829837437192874,0,0.30760592565660205,0.0073940743433979494,0,False,A:rise|G1[0]|G2[0]|G3[0]|G7[0]|OUT:rise,A -> G1 -> G2 -> G3 -> G7
559,pre_optimization,0.12954287749707744,0,0.3156782498316968,-0.0006782498316967867,-0.0006782498316967867,True,D:rise|G4[0]|G5[0]|G6[0]|G7[1]|OUT:rise,D -> G4 -> G5 -> G6 -> G7
559,post_optimization,0.12954287749707744,0,0.2994216408020271,0.015578359197972902,0,False,A:rise|G1[0]|G2[0]|G3[0]|G7[0]|OUT:rise,A -> G1 -> G2 -> G3 -> G7
560,pre_optimization,-0.9776115097168718,0,0.30000497007546467,0.01499502992453533,0,False,A:rise|G1[0]|G2[0]|G3[0]|G7[0]|OUT:rise,A -> G1 -> G2 -> G3 -> G7
560,post_optimization,-0.9776115097168718,0,0.2889885065298972,0.026011493470102787,0,False,A:rise|G1[0]|G2[0]|G3[0]|G7[0]|OUT:rise,A -> G1 -> G2 -> G3 -> G7
561,pre_optimization,-0.41375825494108964,0,0.31577956736573914,-0.0007795673657391422,-0.0007795673657391422,True,D:rise|G4[0]|G5[0]|G6[0]|G7[1]|OUT:rise,D -> G4 -> G5 -> G6 -> G7
561,post_optimization,-0.41375825494108964,0,0.2993994175908194,0.015600582409180608,0,False,A:rise|G1[0]|G2[0]|G3[0]|G7[0]|OUT:rise,A -> G1 -> G2 -> G3 -> G7
562,pre_optimization,0.9644967794375562,0,0.32380790557887396,-0.008807905578873954,-0.008807905578873954,True,D:rise|G4[0]|G5[0]|G6[0]|G7[1]|OUT:rise,D -> G4 -> G5 -> G6 -> G7
562,post_optimization,0.9644967794375562,0,0.30596974790483145,0.009030252095168556,0,False,D:rise|G4[0]|G5[0]|G6[0]|G7[1]|OUT:rise,D -> G4 -> G5 -> G6 -> G7
563,pre_optimization,2.4782453012503423,0,0.3524194118541635,-0.037419411854163476,-0.037419411854163476,True,D:rise|G4[0]|G5[0]|G6[0]|G7[1]|OUT:rise,D -> G4 -> G5 -> G6 -> G7
563,post_optimization,2.4782453012503423,0,0.33264378445143394,-0.01764378445143394,-0.01764378445143394,True,D:rise|G4[0]|G5[0]|G6[0]|G7[1]|OUT:rise,D -> G4 -> G5 -> G6 -> G7
564,pre_optimization,-1.0823030981816133,0,0.31490277012901763,9.722987098237379e-05,0,False,A:rise|G1[0]|G2[0]|G3[0]|G7[0]|OUT:rise,A -> G1 -> G2 -> G3 -> G7
564,post_optimization,-1.0823030981816133,0,0.30063226060719384,0.014367739392806167,0,False,A:rise|G1[0]|G2[0]|G3[0]|G7[0]|OUT:rise,A -> G1 -> G2 -> G3 -> G7
565,pre_optimization,-0.22359381187832808,0,0.31825800494249573,-0.003258004942495729,-0.003258004942495729,True,A:rise|G1[0]|G2[0]|G3[0]|G7[0]|OUT:rise,A -> G1 -> G2 -> G3 -> G7
565,post_optimization,-0.22359381187832808,0,0.30449868203429664,0.01050131796570336,0,False,A:rise|G1[0]|G2[0]|G3[0]|G7[0]|OUT:rise,A -> G1 -> G2 -> G3 -> G7
566,pre_optimization,-0.17304642880776863,0,0.3177630885858506,-0.002763088585850615,-0.002763088585850615,True,D:rise|G4[0]|G5[0]|G6[0]|G7[1]|OUT:rise,D -> G4 -> G5 -> G6 -> G7
566,post_optimization,-0.17304642880776863,0,0.30557296131650213,0.009427038683497868,0,False,A:rise|G1[0]|G2[0]|G3[0]|G7[0]|OUT:rise,A -> G1 -> G2 -> G3 -> G7
567,pre_optimization,-1.997838256221138,0,0.3044171033505377,0.010582896649462326,0,False,A:rise|G1[0]|G2[0]|G3[0]|G7[0]|OUT:rise,A -> G1 -> G2 -> G3 -> G7
567,post_optimization,-1.997838256221138,0,0.2924864650065734,0.02251353499342662,0,False,A:rise|G1[0]|G2[0]|G3[0]|G7[0]|OUT:rise,A -> G1 -> G2 -> G3 -> G7
568,pre_optimization,0.4685089083640082,0,0.32398958096218605,-0.00898958096218605,-0.00898958096218605,True,D:rise|G4[0]|G5[0]|G6[0]|G7[1]|OUT:rise,D -> G4 -> G5 -> G6 -> G7
568,post_optimization,0.4685089083640082,0,0.30762456175459685,0.007375438245403154,0,False,D:rise|G4[0]|G5[0]|G6[0]|G7[1]|OUT:rise,D -> G4 -> G5 -> G6 -> G7
569,pre_optimization,0.953285421083589,0,0.31860966846651545,-0.0036096684665154477,-0.0036096684665154477,True,D:rise|G4[0]|G5[0]|G6[0]|G7[1]|OUT:rise,D -> G4 -> G5 -> G6 -> G7
569,post_optimization,0.953285421083589,0,0.30216524012449825,0.012834759875501756,0,False,A:rise|G1[0]|G2[0]|G3[0]|G7[0]|OUT:rise,A -> G1 -> G2 -> G3 -> G7
570,pre_optimization,1.61466618257159,0,0.3266843023125748,-0.01168430231257478,-0.01168430231257478,True,D:rise|G4[0]|G5[0]|G6[0]|G7[1]|OUT:rise,D -> G4 -> G5 -> G6 -> G7
570,post_optimization,1.61466618257159,0,0.3102039236945899,0.004796076305410124,0,False,A:rise|G1[0]|G2[0]|G3[0]|G7[0]|OUT:rise,A -> G1 -> G2 -> G3 -> G7
571,pre_optimization,-0.778933478059456,0,0.31180669499648045,0.003193305003519553,0,False,D:rise|G4[0]|G5[0]|G6[0]|G7[1]|OUT:rise,D -> G4 -> G5 -> G6 -> G7
571,post_optimization,-0.778933478059456,0,0.29325381221413543,0.021746187785864568,0,False,D:rise|G4[0]|G5[0]|G6[0]|G7[1]|OUT:rise,D -> G4 -> G5 -> G6 -> G7
572,pre_optimization,0.9823097806098005,0,0.32751408135453236,-0.012514081354532358,-0.012514081354532358,True,D:rise|G4[0]|G5[0]|G6[0]|G7[1]|OUT:rise,D -> G4 -> G5 -> G6 -> G7
572,post_optimization,0.9823097806098005,0,0.31139271284310654,0.0036072871568934572,0,False,A:rise|G1[0]|G2[0]|G3[0]|G7[0]|OUT:rise,A -> G1 -> G2 -> G3 -> G7
573,pre_optimization,-0.6231267629848888,0,0.30849051196810845,0.006509488031891553,0,False,D:rise|G4[0]|G5[0]|G6[0]|G7[1]|OUT:rise,D -> G4 -> G5 -> G6 -> G7
573,post_optimization,-0.6231267629848888,0,0.2922031276153162,0.02279687238468381,0,False,D:rise|G4[0]|G5[0]|G6[0]|G7[1]|OUT:rise,D -> G4 -> G5 -> G6 -> G7
574,pre_optimization,0.38552015893344627,0,0.3293604130500847,-0.014360413050084675,-0.014360413050084675,True,A:rise|G1[0]|G2[0]|G3[0]|G7[0]|OUT:rise,A -> G1 -> G2 -> G3 -> G7
574,post_optimization,0.38552015893344627,0,0.31434579382299577,0.0006542061770042351,0,False,A:rise|G1[0]|G2[0]|G3[0]|G7[0]|OUT:rise,A -> G1 -> G2 -> G3 -> G7
575,pre_optimization,-0.05590500980203744,0,0.31670041785982805,-0.0017004178598280517,-0.0017004178598280517,True,D:rise|G4[0]|G5[0]|G6[0]|G7[1]|OUT:rise,D -> G4 -> G5 -> G6 -> G7
575,post_optimization,-0.05590500980203744,0,0.29915932332574524,0.01584067667425476,0,False,D:rise|G4[0]|G5[0]|G6[0]|G7[1]|OUT:rise,D -> G4 -> G5 -> G6 -> G7
576,pre_optimization,0.24302165679427878,0,0.3278681184782465,-0.012868118478246482,-0.012868118478246482,True,A:rise|G1[0]|G2[0]|G3[0]|G7[0]|OUT:rise,A -> G1 -> G2 -> G3 -> G7
576,post_optimization,0.24302165679427878,0,0.3138719090959023,0.0011280909040977116,0,False,A:rise|G1[0]|G2[0]|G3[0]|G7[0]|OUT:rise,A -> G1 -> G2 -> G3 -> G7
577,pre_optimization,2.026119312457359,0,0.33209878903826046,-0.017098789038260453,-0.017098789038260453,True,D:rise|G4[0]|G5[0]|G6[0]|G7[1]|OUT:rise,D -> G4 -> G5 -> G6 -> G7
577,post_optimization,2.026119312457359,0,0.3164953850051336,-0.001495385005133576,-0.001495385005133576,True,A:rise|G1[0]|G2[0]|G3[0]|G7[0]|OUT:rise,A -> G1 -> G2 -> G3 -> G7
578,pre_optimization,-1.1218233083309166,0,0.30831856283369286,0.006681437166307147,0,False,D:rise|G4[0]|G5[0]|G6[0]|G7[1]|OUT:rise,D -> G4 -> G5 -> G6 -> G7
578,post_optimization,-1.1218233083309166,0,0.29407657484155264,0.020923425158447362,0,False,A:rise|G1[0]|G2[0]|G3[0]|G7[0]|OUT:rise,A -> G1 -> G2 -> G3 -> G7
579,pre_optimization,0.9524673519623414,0,0.33109572525566383,-0.01609572525566383,-0.01609572525566383,True,D:rise|G4[0]|G5[0]|G6[0]|G7[1]|OUT:rise,D -> G4 -> G5 -> G6 -> G7
579,post_optimization,0.9524673519623414,0,0.3131373461241109,0.0018626538758890754,0,False,D:rise|G4[0]|G5[0]|G6[0]|G7[1]|OUT:rise,D -> G4 -> G5 -> G6 -> G7
580,pre_optimization,0.4132527179494587,0,0.3182572168718415,-0.003257216871841495,-0.003257216871841495,True,A:rise|G1[0]|G2[0]|G3[0]|G7[0]|OUT:rise,A -> G1 -> G2 -> G3 -> G7
580,post_optimization,0.4132527179494587,0,0.305921070605927,0.00907892939407301,0,False,A:rise|G1[0]|G2[0]|G3[0]|G7[0]|OUT:rise,A -> G1 -> G2 -> G3 -> G7
581,pre_optimization,-0.1863190641908908,0,0.30980454281068115,0.005195457189318853,0,False,D:rise|G4[0]|G5[0]|G6[0]|G7[1]|OUT:rise,D -> G4 -> G5 -> G6 -> G7
581,post_optimization,-0.1863190641908908,0,0.2926538279403185,0.02234617205968148,0,False,D:rise|G4[0]|G5[0]|G6[0]|G7[1]|OUT:rise,D -> G4 -> G5 -> G6 -> G7
582,pre_optimization,1.0068217499647982,0,0.3333533188717901,-0.018353318871790092,-0.018353318871790092,True,D:rise|G4[0]|G5[0]|G6[0]|G7[1]|OUT:rise,D -> G4 -> G5 -> G6 -> G7
582,post_optimization,1.0068217499647982,0,0.31270883971530383,0.00229116028469617,0,False,D:rise|G4[0]|G5[0]|G6[0]|G7[1]|OUT:rise,D -> G4 -> G5 -> G6 -> G7
583,pre_optimization,-1.1561064501146867,0,0.318143576941945,-0.0031435769419450033,-0.0031435769419450033,True,D:rise|G4[0]|G5[0]|G6[0]|G7[1]|OUT:rise,D -> G4 -> G5 -> G6 -> G7
583,post_optimization,-1.1561064501146867,0,0.29907642828371594,0.015923571716284057,0,False,D:rise|G4[0]|G5[0]|G6[0]|G7[1]|OUT:rise,D -> G4 -> G5 -> G6 -> G7
584,pre_optimization,0.8747566399026834,0,0.31012858298625867,0.00487141701374133,0,False,A:rise|G1[0]|G2[0]|G3[0]|G7[0]|OUT:rise,A -> G1 -> G2 -> G3 -> G7
584,post_optimization,0.8747566399026834,0,0.29863456651198517,0.016365433488014836,0,False,A:rise|G1[0]|G2[0]|G3[0]|G7[0]|OUT:rise,A -> G1 -> G2 -> G3 -> G7
585,pre_optimization,2.2671419657652523,0,0.3545233096888757,-0.039523309688875685,-0.0448704958862467,True,A:rise|G1[0]|G2[0]|G3[0]|G7[0]|OUT:rise,A -> G1 -> G2 -> G3 -> G7
585,post_optimization,2.2671419657652523,0,0.33794955690500206,-0.022949556905002055,-0.022949556905002055,True,A:rise|G1[0]|G2[0]|G3[0]|G7[0]|OUT:rise,A -> G1 -> G2 -> G3 -> G7
586,pre_optimization,-0.6686656795690317,0,0.31258448688193574,0.002415513118064261,0,False,D:rise|G4[0]|G5[0]|G6[0]|G7[1]|OUT:rise,D -> G4 -> G5 -> G6 -> G7
586,post_optimization,-0.6686656795690317,0,0.29418507655000103,0.020814923449998968,0,False,D:rise|G4[0]|G5[0]|G6[0]|G7[1]|OUT:rise,D -> G4 -> G5 -> G6 -> G7
587,pre_optimization,0.17708378051762533,0,0.31386339606915703,0.001136603930842972,0,False,D:rise|G4[0]|G5[0]|G6[0]|G7[1]|OUT:rise,D -> G4 -> G5 -> G6 -> G7
587,post_optimization,0.17708378051762533,0,0.2980823847826486,0.01691761521735141,0,False,D:rise|G4[0]|G5[0]|G6[0]|G7[1]|OUT:rise,D -> G4 -> G5 -> G6 -> G7
588,pre_optimization,0.4034867070804229,0,0.3293693570313312,-0.014369357031331187,-0.014369357031331187,True,D:rise|G4[0]|G5[0]|G6[0]|G7[1]|OUT:rise,D -> G4 -> G5 -> G6 -> G7
588,post_optimization,0.4034867070804229,0,0.30993085389465463,0.005069146105345368,0,False,A:rise|G1[0]|G2[0]|G3[0]|G7[0]|OUT:rise,A -> G1 -> G2 -> G3 -> G7
589,pre_optimization,2.157176811490553,0,0.3424425775876487,-0.027442577587648675,-0.027442577587648675,True,D:rise|G4[0]|G5[0]|G6[0]|G7[1]|OUT:rise,D -> G4 -> G5 -> G6 -> G7
589,post_optimization,2.157176811490553,0,0.3224761999970741,-0.007476199997074107,-0.007476199997074107,True,D:rise|G4[0]|G5[0]|G6[0]|G7[1]|OUT:rise,D -> G4 -> G5 -> G6 -> G7
590,pre_optimization,1.2672474178018307,0,0.3337330588882,-0.018733058888199983,-0.018733058888199983,True,D:rise|G4[0]|G5[0]|G6[0]|G7[1]|OUT:rise,D -> G4 -> G5 -> G6 -> G7
590,post_optimization,1.2672474178018307,0,0.3138220040709612,0.0011779959290387776,0,False,D:rise|G4[0]|G5[0]|G6[0]|G7[1]|OUT:rise,D -> G4 -> G5 -> G6 -> G7
591,pre_optimization,1.4910167062236892,0,0.33377318642491016,-0.01877318642491016,-0.01877318642491016,True,D:rise|G4[0]|G5[0]|G6[0]|G7[1]|OUT:rise,D -> G4 -> G5 -> G6 -> G7
591,post_optimization,1.4910167062236892,0,0.3189432817283225,-0.003943281728322479,-0.003943281728322479,True,A:rise|G1[0]|G2[0]|G3[0]|G7[0]|OUT:rise,A -> G1 -> G2 -> G3 -> G7
592,pre_optimization,-0.3094342624306077,0,0.31761863815504443,-0.002618638155044428,-0.002618638155044428,True,D:rise|G4[0]|G5[0]|G6[0]|G7[1]|OUT:rise,D -> G4 -> G5 -> G6 -> G7
592,post_optimization,-0.3094342624306077,0,0.29814255302867343,0.016857446971326573,0,False,D:rise|G4[0]|G5[0]|G6[0]|G7[1]|OUT:rise,D -> G4 -> G5 -> G6 -> G7
593,pre_optimization,1.1024522894991655,0,0.334275554611008,-0.019275554611007994,-0.019275554611007994,True,D:rise|G4[0]|G5[0]|G6[0]|G7[1]|OUT:rise,D -> G4 -> G5 -> G6 -> G7
593,post_optimization,1.1024522894991655,0,0.31344831994985645,0.0015516800501435557,0,False,D:rise|G4[0]|G5[0]|G6[0]|G7[1]|OUT:rise,D -> G4 -> G5 -> G6 -> G7
594,pre_optimization,-1.5152262475780223,0,0.30012755592089513,0.014872444079104874,0,False,A:rise|G1[0]|G2[0]|G3[0]|G7[0]|OUT:rise,A -> G1 -> G2 -> G3 -> G7
594,post_optimization,-1.5152262475780223,0,0.28824060889361447,0.026759391106385533,0,False,A:rise|G1[0]|G2[0]|G3[0]|G7[0]|OUT:rise,A -> G1 -> G2 -> G3 -> G7
595,pre_optimization,0.6534016306069167,0,0.31785324278735033,-0.0028532427873503297,-0.0028532427873503297,True,D:rise|G4[0]|G5[0]|G6[0]|G7[1]|OUT:rise,D -> G4 -> G5 -> G6 -> G7
595,post_optimization,0.6534016306069167,0,0.30085598306046235,0.014144016939537651,0,False,D:rise|G4[0]|G5[0]|G6[0]|G7[1]|OUT:rise,D -> G4 -> G5 -> G6 -> G7
596,pre_optimization,-0.2358709194367173,0,0.31057621513956085,0.0044237848604391505,0,False,D:rise|G4[0]|G5[0]|G6[0]|G7[1]|OUT:rise,D -> G4 -> G5 -> G6 -> G7
596,post_optimization,-0.2358709194367173,0,0.2926654178312096,0.022334582168790418,0,False,D:rise|G4[0]|G5[0]|G6[0]|G7[1]|OUT:rise,D -> G4 -> G5 -> G6 -> G7
597,pre_optimization,-0.6156500111302072,0,0.3148004903914725,0.00019950960852749278,0,False,D:rise|G4[0]|G5[0]|G6[0]|G7[1]|OUT:rise,D -> G4 -> G5 -> G6 -> G7
597,post_optimization,-0.6156500111302072,0,0.29675506260965917,0.018244937390340832,0,False,D:rise|G4[0]|G5[0]|G6[0]|G7[1]|OUT:rise,D -> G4 -> G5 -> G6 -> G7
598,pre_optimization,-1.0938089704277967,0,0.3156798695378323,-0.0006798695378322783,-0.0006798695378322783,True,D:rise|G4[0]|G5[0]|G6[0]|G7[1]|OUT:rise,D -> G4 -> G5 -> G6 -> G7
598,post_optimization,-1.0938089704277967,0,0.2969747790753148,0.018025220924685226,0,False,A:rise|G1[0]|G2[0]|G3[0]|G7[0]|OUT:rise,A -> G1 -> G2 -> G3 -> G7
599,pre_optimization,-0.08903602042218722,0,0.3142578005130166,0.000742199486983397,0,False,D:rise|G4[0]|G5[0]|G6[0]|G7[1]|OUT:rise,D -> G4 -> G5 -> G6 -> G7
599,post_optimization,-0.08903602042218722,0,0.29927037309388577,0.015729626906114236,0,False,A:rise|G1[0]|G2[0]|G3[0]|G7[0]|OUT:rise,A -> G1 -> G2 -> G3 -> G7
600,pre_optimization,-0.3025500183610969,0,0.31500282360463094,-2.8236046309415563e-06,-2.8236046309415563e-06,True,D:rise|G4[0]|G5[0]|G6[0]|G7[1]|OUT:rise,D -> G4 -> G5 -> G6 -> G7
600,post_optimization,-0.3025500183610969,0,0.29917014484299,0.01582985515701002,0,False,D:rise|G4[0]|G5[0]|G6[0]|G7[1]|OUT:rise,D -> G4 -> G5 -> G6 -> G7
601,pre_optimization,0.0010948453158436588,0,0.32504101255231993,-0.010041012552319928,-0.010041012552319928,True,D:rise|G4[0]|G5[0]|G6[0]|G7[1]|OUT:rise,D -> G4 -> G5 -> G6 -> G7
601,post_optimization,0.0010948453158436588,0,0.3059360459883085,0.009063954011691522,0,False,D:rise|G4[0]|G5[0]|G6[0]|G7[1]|OUT:rise,D -> G4 -> G5 -> G6 -> G7
602,pre_optimization,-0.6112504727413166,0,0.3135905559304821,0.0014094440695179289,0,False,D:rise|G4[0]|G5[0]|G6[0]|G7[1]|OUT:rise,D -> G4 -> G5 -> G6 -> G7
602,post_optimization,-0.6112504727413166,0,0.2975023577244805,0.017497642275519476,0,False,A:rise|G1[0]|G2[0]|G3[0]|G7[0]|OUT:rise,A -> G1 -> G2 -> G3 -> G7
603,pre_optimization,0.06401070251988344,0,0.31696479256730853,-0.0019647925673085265,-0.0019647925673085265,True,D:rise|G4[0]|G5[0]|G6[0]|G7[1]|OUT:rise,D -> G4 -> G5 -> G6 -> G7
603,post_optimization,0.06401070251988344,0,0.29885863807159985,0.016141361928400155,0,False,A:rise|G1[0]|G2[0]|G3[0]|G7[0]|OUT:rise,A -> G1 -> G2 -> G3 -> G7
604,pre_optimization,0.20767531587435292,0,0.3046615545932462,0.010338445406753827,0,False,A:rise|G1[0]|G2[0]|G3[0]|G7[0]|OUT:rise,A -> G1 -> G2 -> G3 -> G7
604,post_optimization,0.20767531587435292,0,0.2933078678193618,0.0216921321806382,0,False,A:rise|G1[0]|G2[0]|G3[0]|G7[0]|OUT:rise,A -> G1 -> G2 -> G3 -> G7
605,pre_optimization,1.3822269702922805,0,0.3197863538523685,-0.0047863538523684745,-0.0047863538523684745,True,A:rise|G1[0]|G2[0]|G3[0]|G7[0]|OUT:rise,A -> G1 -> G2 -> G3 -> G7
605,post_optimization,1.3822269702922805,0,0.3093012912545209,0.00569870874547912,0,False,A:rise|G1[0]|G2[0]|G3[0]|G7[0]|OUT:rise,A -> G1 -> G2 -> G3 -> G7
606,pre_optimization,-0.06727370751799953,0,0.315198649417816,-0.0001986494178159992,-0.0001986494178159992,True,D:rise|G4[0]|G5[0]|G6[0]|G7[1]|OUT:rise,D -> G4 -> G5 -> G6 -> G7
606,post_optimization,-0.06727370751799953,0,0.2982235333018354,0.016776466698164627,0,False,D:rise|G4[0]|G5[0]|G6[0]|G7[1]|OUT:rise,D -> G4 -> G5 -> G6 -> G7
607,pre_optimization,0.06395760240040618,0,0.3231293499766693,-0.008129349976669309,-0.008129349976669309,True,D:rise|G4[0]|G5[0]|G6[0]|G7[1]|OUT:rise,D -> G4 -> G5 -> G6 -> G7
607,post_optimization,0.06395760240040618,0,0.3021669164580565,0.012833083541943513,0,False,D:rise|G4[0]|G5[0]|G6[0]|G7[1]|OUT:rise,D -> G4 -> G5 -> G6 -> G7
608,pre_optimization,0.3190580258951867,0,0.3226015931200646,-0.007601593120064587,-0.007601593120064587,True,D:rise|G4[0]|G5[0]|G6[0]|G7[1]|OUT:rise,D -> G4 -> G5 -> G6 -> G7
608,post_optimization,0.3190580258951867,0,0.30331462146781224,0.011685378532187762,0,False,D:rise|G4[0]|G5[0]|G6[0]|G7[1]|OUT:rise,D -> G4 -> G5 -> G6 -> G7
609,pre_optimization,-1.2378616801995674,0,0.3030829367134752,0.01191706328652481,0,False,A:rise|G1[0]|G2[0]|G3[0]|G7[0]|OUT:rise,A -> G1 -> G2 -> G3 -> G7
609,post_optimization,-1.2378616801995674,0,0.29272855460319985,0.02227144539680015,0,False,A:rise|G1[0]|G2[0]|G3[0]|G7[0]|OUT:rise,A -> G1 -> G2 -> G3 -> G7
610,pre_optimization,-0.6718284161393678,0,0.315192794495967,-0.00019279449596698583,-0.00019279449596698583,True,A:rise|G1[0]|G2[0]|G3[0]|G7[0]|OUT:rise,A -> G1 -> G2 -> G3 -> G7
610,post_optimization,-0.6718284161393678,0,0.3040556263624448,0.010944373637555183,0,False,A:rise|G1[0]|G2[0]|G3[0]|G7[0]|OUT:rise,A -> G1 -> G2 -> G3 -> G7
611,pre_optimization,-0.6198135969290277,0,0.32648267215716825,-0.01148267215716825,-0.01148267215716825,True,A:rise|G1[0]|G2[0]|G3[0]|G7[0]|OUT:rise,A -> G1 -> G2 -> G3 -> G7
611,post_optimization,-0.6198135969290277,0,0.3125225117113615,0.0024774882886385297,0,False,A:rise|G1[0]|G2[0]|G3[0]|G7[0]|OUT:rise,A -> G1 -> G2 -> G3 -> G7
612,pre_optimization,0.682327980405296,0,0.33142272193107103,-0.016422721931071027,-0.016422721931071027,True,D:rise|G4[0]|G5[0]|G6[0]|G7[1]|OUT:rise,D -> G4 -> G5 -> G6 -> G7
612,post_optimization,0.682327980405296,0,0.3123590113503737,0.002640988649626308,0,False,D:rise|G4[0]|G5[0]|G6[0]|G7[1]|OUT:rise,D -> G4 -> G5 -> G6 -> G7
613,pre_optimization,-0.7796900556273789,0,0.32065419775169535,-0.0056541977516953446,-0.0056541977516953446,True,A:rise|G1[0]|G2[0]|G3[0]|G7[0]|OUT:rise,A -> G1 -> G2 -> G3 -> G7
613,post_optimization,-0.7796900556273789,0,0.3054750788181545,0.009524921181845503,0,False,A:rise|G1[0]|G2[0]|G3[0]|G7[0]|OUT:rise,A -> G1 -> G2 -> G3 -> G7
614,pre_optimization,0.0739685974278856,0,0.32498292531699857,-0.00998292531699857,-0.00998292531699857,True,D:rise|G4[0]|G5[0]|G6[0]|G7[1]|OUT:rise,D -> G4 -> G5 -> G6 -> G7
614,post_optimization,0.0739685974278856,0,0.30853803355095777,0.0064619664490422335,0,False,A:rise|G1[0]|G2[0]|G3[0]|G7[0]|OUT:rise,A -> G1 -> G2 -> G3 -> G7
615,pre_optimization,-0.10930726491004046,0,0.3197698555452261,-0.004769855545226076,-0.004769855545226076,True,A:rise|G1[0]|G2[0]|G3[0]|G7[0]|OUT:rise,A -> G1 -> G2 -> G3 -> G7
615,post_optimization,-0.10930726491004046,0,0.3065683429871529,0.008431657012847094,0,False,A:rise|G1[0]|G2[0]|G3[0]|G7[0]|OUT:rise,A -> G1 -> G2 -> G3 -> G7
616,pre_optimization,-0.30750439208913544,0,0.32943965027200234,-0.014439650272002336,-0.014439650272002336,True,A:rise|G1[0]|G2[0]|G3[0]|G7[0]|OUT:rise,A -> G1 -> G2 -> G3 -> G7
616,post_optimization,-0.30750439208913544,0,0.3167686213601325,-0.0017686213601325051,-0.0017686213601325051,True,A:rise|G1[0]|G2[0]|G3[0]|G7[0]|OUT:rise,A -> G1 -> G2 -> G3 -> G7
617,pre_optimization,0.12713770179956457,0,0.3143731594000606,0.0006268405999393933,0,False,A:rise|G1[0]|G2[0]|G3[0]|G7[0]|OUT:rise,A -> G1 -> G2 -> G3 -> G7
617,post_optimization,0.12713770179956457,0,0.3025266791625847,0.012473320837415314,0,False,A:rise|G1[0]|G2[0]|G3[0]|G7[0]|OUT:rise,A -> G1 -> G2 -> G3 -> G7
618,pre_optimization,-0.31296774891204027,0,0.3143447220798681,0.0006552779201319248,0,False,D:rise|G4[0]|G5[0]|G6[0]|G7[1]|OUT:rise,D -> G4 -> G5 -> G6 -> G7
618,post_optimization,-0.31296774891204027,0,0.29900414724063584,0.01599585275936416,0,False,D:rise|G4[0]|G5[0]|G6[0]|G7[1]|OUT:rise,D -> G4 -> G5 -> G6 -> G7
619,pre_optimization,1.4158906941189882,0,0.33304259936849645,-0.018042599368496448,-0.018042599368496448,True,D:rise|G4[0]|G5[0]|G6[0]|G7[1]|OUT:rise,D -> G4 -> G5 -> G6 -> G7
619,post_optimization,1.4158906941189882,0,0.31276811360197215,0.002231886398027849,0,False,D:rise|G4[0]|G5[0]|G6[0]|G7[1]|OUT:rise,D -> G4 -> G5 -> G6 -> G7
620,pre_optimization,-0.48788018409213363,0,0.30334220731965533,0.01165779268034467,0,False,D:rise|G4[0]|G5[0]|G6[0]|G7[1]|OUT:rise,D -> G4 -> G5 -> G6 -> G7
620,post_optimization,-0.48788018409213363,0,0.2862194771200221,0.0287805228799779,0,False,D:rise|G4[0]|G5[0]|G6[0]|G7[1]|OUT:rise,D -> G4 -> G5 -> G6 -> G7
621,pre_optimization,-1.0404803321207354,0,0.31121348903938817,0.003786510960611833,0,False,A:rise|G1[0]|G2[0]|G3[0]|G7[0]|OUT:rise,A -> G1 -> G2 -> G3 -> G7
621,post_optimization,-1.0404803321207354,0,0.2979225996142285,0.01707740038577149,0,False,A:rise|G1[0]|G2[0]|G3[0]|G7[0]|OUT:rise,A -> G1 -> G2 -> G3 -> G7
622,pre_optimization,-0.7207467151050617,0,0.301043728666549,0.013956271333451009,0,False,A:rise|G1[0]|G2[0]|G3[0]|G7[0]|OUT:rise,A -> G1 -> G2 -> G3 -> G7
622,post_optimization,-0.7207467151050617,0,0.2903722138709631,0.024627786129036877,0,False,A:rise|G1[0]|G2[0]|G3[0]|G7[0]|OUT:rise,A -> G1 -> G2 -> G3 -> G7
623,pre_optimization,-2.1909060871034596,0,0.30413846475132905,0.01086153524867095,0,False,D:rise|G4[0]|G5[0]|G6[0]|G7[1]|OUT:rise,D -> G4 -> G5 -> G6 -> G7
623,post_optimization,-2.1909060871034596,0,0.2881096351631526,0.026890364836847425,0,False,A:rise|G1[0]|G2[0]|G3[0]|G7[0]|OUT:rise,A -> G1 -> G2 -> G3 -> G7
624,pre_optimization,-0.6520414188002326,0,0.3204076702611001,-0.005407670261100117,-0.005407670261100117,True,A:rise|G1[0]|G2[0]|G3[0]|G7[0]|OUT:rise,A -> G1 -> G2 -> G3 -> G7
624,post_optimization,-0.6520414188002326,0,0.307663422872164,0.007336577127835975,0,False,A:rise|G1[0]|G2[0]|G3[0]|G7[0]|OUT:rise,A -> G1 -> G2 -> G3 -> G7
625,pre_optimization,-0.22446871340987495,0,0.3202445672824986,-0.005244567282498613,-0.005244567282498613,True,D:rise|G4[0]|G5[0]|G6[0]|G7[1]|OUT:rise,D -> G4 -> G5 -> G6 -> G7
625,post_optimization,-0.22446871340987495,0,0.30490341470637305,0.010096585293626947,0,False,D:rise|G4[0]|G5[0]|G6[0]|G7[1]|OUT:rise,D -> G4 -> G5 -> G6 -> G7
626,pre_optimization,-0.8195862368550346,0,0.30241305121818945,0.012586948781810547,0,False,A:rise|G1[0]|G2[0]|G3[0]|G7[0]|OUT:rise,A -> G1 -> G2 -> G3 -> G7
626,post_optimization,-0.8195862368550346,0,0.2901728400719179,0.0248271599280821,0,False,A:rise|G1[0]|G2[0]|G3[0]|G7[0]|OUT:rise,A -> G1 -> G2 -> G3 -> G7
627,pre_optimization,-0.7510526257191755,0,0.3086847005823758,0.006315299417624209,0,False,D:rise|G4[0]|G5[0]|G6[0]|G7[1]|OUT:rise,D -> G4 -> G5 -> G6 -> G7
627,post_optimization,-0.7510526257191755,0,0.29164038888498367,0.023359611115016332,0,False,A:rise|G1[0]|G2[0]|G3[0]|G7[0]|OUT:rise,A -> G1 -> G2 -> G3 -> G7
628,pre_optimization,-1.404818581276704,0,0.2945253134840079,0.020474686515992102,0,False,A:rise|G1[0]|G2[0]|G3[0]|G7[0]|OUT:rise,A -> G1 -> G2 -> G3 -> G7
628,post_optimization,-1.404818581276704,0,0.2823412580987322,0.03265874190126783,0,False,A:rise|G1[0]|G2[0]|G3[0]|G7[0]|OUT:rise,A -> G1 -> G2 -> G3 -> G7
629,pre_optimization,0.27417858159120057,0,0.3155843191277413,-0.0005843191277413173,-0.0005843191277413173,True,D:rise|G4[0]|G5[0]|G6[0]|G7[1]|OUT:rise,D -> G4 -> G5 -> G6 -> G7
629,post_optimization,0.27417858159120057,0,0.30117246114748525,0.013827538852514754,0,False,A:rise|G1[0]|G2[0]|G3[0]|G7[0]|OUT:rise,A -> G1 -> G2 -> G3 -> G7
630,pre_optimization,-1.0149749097863259,0,0.3197993689190274,-0.00479936891902738,-0.00479936891902738,True,D:rise|G4[0]|G5[0]|G6[0]|G7[1]|OUT:rise,D -> G4 -> G5 -> G6 -> G7
630,post_optimization,-1.0149749097863259,0,0.2996652030153017,0.015334796984698307,0,False,D:rise|G4[0]|G5[0]|G6[0]|G7[1]|OUT:rise,D -> G4 -> G5 -> G6 -> G7
631,pre_optimization,-0.37529465785427835,0,0.3126166896014518,0.002383310398548222,0,False,A:rise|G1[0]|G2[0]|G3[0]|G7[0]|OUT:rise,A -> G1 -> G2 -> G3 -> G7
631,post_optimization,-0.37529465785427835,0,0.3010960185334144,0.013903981466585613,0,False,A:rise|G1[0]|G2[0]|G3[0]|G7[0]|OUT:rise,A -> G1 -> G2 -> G3 -> G7
632,pre_optimization,-0.2825300202785295,0,0.31751471794253067,-0.0025147179425306643,-0.0025147179425306643,True,D:rise|G4[0]|G5[0]|G6[0]|G7[1]|OUT:rise,D -> G4 -> G5 -> G6 -> G7
632,post_optimization,-0.2825300202785295,0,0.2995358122865229,0.015464187713477129,0,False,D:rise|G4[0]|G5[0]|G6[0]|G7[1]|OUT:rise,D -> G4 -> G5 -> G6 -> G7
633,pre_optimization,-0.39586628930493384,0,0.29576215593504757,0.019237844064952436,0,False,D:rise|G4[0]|G5[0]|G6[0]|G7[1]|OUT:rise,D -> G4 -> G5 -> G6 -> G7
633,post_optimization,-0.39586628930493384,0,0.2816103299236942,0.03338967007630578,0,False,D:rise|G4[0]|G5[0]|G6[0]|G7[1]|OUT:rise,D -> G4 -> G5 -> G6 -> G7
634,pre_optimization,1.099035454722261,0,0.3313493291489913,-0.016349329148991287,-0.016349329148991287,True,D:rise|G4[0]|G5[0]|G6[0]|G7[1]|OUT:rise,D -> G4 -> G5 -> G6 -> G7
634,post_optimization,1.099035454722261,0,0.31478371595145005,0.00021628404854995287,0,False,A:rise|G1[0]|G2[0]|G3[0]|G7[0]|OUT:rise,A -> G1 -> G2 -> G3 -> G7
635,pre_optimization,-0.7805590198741085,0,0.3179295704826576,-0.002929570482657573,-0.002929570482657573,True,A:rise|G1[0]|G2[0]|G3[0]|G7[0]|OUT:rise,A -> G1 -> G2 -> G3 -> G7
635,post_optimization,-0.7805590198741085,0,0.3060657128121046,0.008934287187895407,0,False,A:rise|G1[0]|G2[0]|G3[0]|G7[0]|OUT:rise,A -> G1 -> G2 -> G3 -> G7
636,pre_optimization,0.3609013317296688,0,0.31781457295381754,-0.00281457295381754,-0.00281457295381754,True,A:rise|G1[0]|G2[0]|G3[0]|G7[0]|OUT:rise,A -> G1 -> G2 -> G3 -> G7
636,post_optimization,0.3609013317296688,0,0.30423674326078465,0.010763256739215354,0,False,A:rise|G1[0]|G2[0]|G3[0]|G7[0]|OUT:rise,A -> G1 -> G2 -> G3 -> G7
637,pre_optimization,-1.1414889805049684,0,0.3116979861722413,0.0033020138277586875,0,False,D:rise|G4[0]|G5[0]|G6[0]|G7[1]|OUT:rise,D -> G4 -> G5 -> G6 -> G7
637,post_optimization,-1.1414889805049684,0,0.29287285651818185,0.022127143481818157,0,False,D:rise|G4[0]|G5[0]|G6[0]|G7[1]|OUT:rise,D -> G4 -> G5 -> G6 -> G7
638,pre_optimization,-0.2704223580755083,0,0.32056615492233437,-0.005566154922334365,-0.005566154922334365,True,A:rise|G1[0]|G2[0]|G3[0]|G7[0]|OUT:rise,A -> G1 -> G2 -> G3 -> G7
638,post_optimization,-0.2704223580755083,0,0.3080637545530445,0.00693624544695548,0,False,A:rise|G1[0]|G2[0]|G3[0]|G7[0]|OUT:rise,A -> G1 -> G2 -> G3 -> G7
639,pre_optimization,0.2703964678897012,0,0.3223878324864985,-0.007387832486498491,-0.007387832486498491,True,D:rise|G4[0]|G5[0]|G6[0]|G7[1]|OUT:rise,D -> G4 -> G5 -> G6 -> G7
639,post_optimization,0.2703964678897012,0,0.30317627913602174,0.01182372086397826,0,False,D:rise|G4[0]|G5[0]|G6[0]|G7[1]|OUT:rise,D -> G4 -> G5 -> G6 -> G7
640,pre_optimization,-0.3537578082410038,0,0.31791672224819323,-0.0029167222481932265,-0.0029167222481932265,True,A:rise|G1[0]|G2[0]|G3[0]|G7[0]|OUT:rise,A -> G1 -> G2 -> G3 -> G7
640,post_optimization,-0.3537578082410038,0,0.30468014053760684,0.010319859462393166,0,False,A:rise|G1[0]|G2[0]|G3[0]|G7[0]|OUT:rise,A -> G1 -> G2 -> G3 -> G7
641,pre_optimization,0.39248523773086486,0,0.3198455740915206,-0.004845574091520588,-0.004845574091520588,True,D:rise|G4[0]|G5[0]|G6[0]|G7[1]|OUT:rise,D -> G4 -> G5 -> G6 -> G7
641,post_optimization,0.39248523773086486,0,0.30198284375239226,0.013017156247607742,0,False,A:rise|G1[0]|G2[0]|G3[0]|G7[0]|OUT:rise,A -> G1 -> G2 -> G3 -> G7
642,pre_optimization,1.5306376066444733,0,0.3361564700140985,-0.021156470014098483,-0.021156470014098483,True,D:rise|G4[0]|G5[0]|G6[0]|G7[1]|OUT:rise,D -> G4 -> G5 -> G6 -> G7
642,post_optimization,1.5306376066444733,0,0.31759255403702125,-0.002592554037021244,-0.002592554037021244,True,D:rise|G4[0]|G5[0]|G6[0]|G7[1]|OUT:rise,D -> G4 -> G5 -> G6 -> G7
643,pre_optimization,1.7285065963789314,0,0.3262926850209965,-0.011292685020996507,-0.011292685020996507,True,A:rise|G1[0]|G2[0]|G3[0]|G7[0]|OUT:rise,A -> G1 -> G2 -> G3 -> G7
643,post_optimization,1.7285065963789314,0,0.31573882054860436,-0.0007388205486043575,-0.0007388205486043575,True,A:rise|G1[0]|G2[0]|G3[0]|G7[0]|OUT:rise,A -> G1 -> G2 -> G3 -> G7
644,pre_optimization,1.81168725546662,0,0.33740386973871406,-0.022403869738714055,-0.022403869738714055,True,D:rise|G4[0]|G5[0]|G6[0]|G7[1]|OUT:rise,D -> G4 -> G5 -> G6 -> G7
644,post_optimization,1.81168725546662,0,0.32014652657769876,-0.005146526577698762,-0.005146526577698762,True,D:rise|G4[0]|G5[0]|G6[0]|G7[1]|OUT:rise,D -> G4 -> G5 -> G6 -> G7
645,pre_optimization,-2.4707495363717604,0,0.289531303166944,0.025468696833056026,0,False,A:rise|G1[0]|G2[0]|G3[0]|G7[0]|OUT:rise,A -> G1 -> G2 -> G3 -> G7
645,post_optimization,-2.4707495363717604,0,0.27884601276399573,0.03615398723600427,0,False,A:rise|G1[0]|G2[0]|G3[0]|G7[0]|OUT:rise,A -> G1 -> G2 -> G3 -> G7
646,pre_optimization,0.6488275499152236,0,0.3378596758118795,-0.022859675811879476,-0.022859675811879476,True,D:rise|G4[0]|G5[0]|G6[0]|G7[1]|OUT:rise,D -> G4 -> G5 -> G6 -> G7
646,post_optimization,0.6488275499152236,0,0.31874338884517206,-0.0037433888451720576,-0.0037433888451720576,True,D:rise|G4[0]|G5[0]|G6[0]|G7[1]|OUT:rise,D -> G4 -> G5 -> G6 -> G7
647,pre_optimization,0.9718253584525339,0,0.34923246641043826,-0.034232466410438256,-0.034232466410438256,True,D:rise|G4[0]|G5[0]|G6[0]|G7[1]|OUT:rise,D -> G4 -> G5 -> G6 -> G7
647,post_optimization,0.9718253584525339,0,0.3267515340775822,-0.01175153407758217,-0.01175153407758217,True,D:rise|G4[0]|G5[0]|G6[0]|G7[1]|OUT:rise,D -> G4 -> G5 -> G6 -> G7
648,pre_optimization,-0.4252802111039996,0,0.31619769807626286,-0.0011976980762628542,-0.0011976980762628542,True,A:rise|G1[0]|G2[0]|G3[0]|G7[0]|OUT:rise,A -> G1 -> G2 -> G3 -> G7
648,post_optimization,-0.4252802111039996,0,0.30423038551965037,0.010769614480349632,0,False,A:rise|G1[0]|G2[0]|G3[0]|G7[0]|OUT:rise,A -> G1 -> G2 -> G3 -> G7
649,pre_optimization,-0.2913528761495872,0,0.31227806165927335,0.0027219383407266484,0,False,A:rise|G1[0]|G2[0]|G3[0]|G7[0]|OUT:rise,A -> G1 -> G2 -> G3 -> G7
649,post_optimization,-0.2913528761495872,0,0.3001163741670726,0.014883625832927405,0,False,A:rise|G1[0]|G2[0]|G3[0]|G7[0]|OUT:rise,A -> G1 -> G2 -> G3 -> G7
650,pre_optimization,0.660214300788565,0,0.3401087014415459,-0.025108701441545922,-0.025108701441545922,True,A:rise|G1[0]|G2[0]|G3[0]|G7[0]|OUT:rise,A -> G1 -> G2 -> G3 -> G7
650,post_optimization,0.660214300788565,0,0.32465022204589356,-0.009650222045893553,-0.009650222045893553,True,A:rise|G1[0]|G2[0]|G3[0]|G7[0]|OUT:rise,A -> G1 -> G2 -> G3 -> G7
651,pre_optimization,-0.5531041700937402,0,0.31416726143830115,0.0008327385616988536,0,False,D:rise|G4[0]|G5[0]|G6[0]|G7[1]|OUT:rise,D -> G4 -> G5 -> G6 -> G7
651,post_optimization,-0.5531041700937402,0,0.2985204906782063,0.016479509321793706,0,False,A:rise|G1[0]|G2[0]|G3[0]|G7[0]|OUT:rise,A -> G1 -> G2 -> G3 -> G7
652,pre_optimization,-0.6190890632346706,0,0.3079815583242954,0.00701844167570459,0,False,D:rise|G4[0]|G5[0]|G6[0]|G7[1]|OUT:rise,D -> G4 -> G5 -> G6 -> G7
652,post_optimization,-0.6190890632346706,0,0.29434735680095026,0.020652643199049747,0,False,A:rise|G1[0]|G2[0]|G3[0]|G7[0]|OUT:rise,A -> G1 -> G2 -> G3 -> G7
653,pre_optimization,1.037184542497047,0,0.3297703510616221,-0.014770351061622111,-0.014770351061622111,True,D:rise|G4[0]|G5[0]|G6[0]|G7[1]|OUT:rise,D -> G4 -> G5 -> G6 -> G7
653,post_optimization,1.037184542497047,0,0.31095377278741615,0.004046227212583853,0,False,D:rise|G4[0]|G5[0]|G6[0]|G7[1]|OUT:rise,D -> G4 -> G5 -> G6 -> G7
654,pre_optimization,-0.17402022255591149,0,0.30188275932548003,0.01311724067451997,0,False,D:rise|G4[0]|G5[0]|G6[0]|G7[1]|OUT:rise,D -> G4 -> G5 -> G6 -> G7
654,post_optimization,-0.17402022255591149,0,0.2858559927106911,0.029144007289308882,0,False,D:rise|G4[0]|G5[0]|G6[0]|G7[1]|OUT:rise,D -> G4 -> G5 -> G6 -> G7
655,pre_optimization,-0.5067073221565105,0,0.3074925264710061,0.007507473528993891,0,False,A:rise|G1[0]|G2[0]|G3[0]|G7[0]|OUT:rise,A -> G1 -> G2 -> G3 -> G7
655,post_optimization,-0.5067073221565105,0,0.29632793294254234,0.018672067057457664,0,False,A:rise|G1[0]|G2[0]|G3[0]|G7[0]|OUT:rise,A -> G1 -> G2 -> G3 -> G7
656,pre_optimization,-1.4814648184679677,0,0.31360429748464164,0.0013957025153583658,0,False,A:rise|G1[0]|G2[0]|G3[0]|G7[0]|OUT:rise,A -> G1 -> G2 -> G3 -> G7
656,post_optimization,-1.4814648184679677,0,0.30383068379877426,0.011169316201225743,0,False,A:rise|G1[0]|G2[0]|G3[0]|G7[0]|OUT:rise,A -> G1 -> G2 -> G3 -> G7
657,pre_optimization,0.4512035238930859,0,0.2998343381385169,0.015165661861483104,0,False,D:rise|G4[0]|G5[0]|G6[0]|G7[1]|OUT:rise,D -> G4 -> G5 -> G6 -> G7
657,post_optimization,0.4512035238930859,0,0.28834882024911024,0.026651179750889764,0,False,A:rise|G1[0]|G2[0]|G3[0]|G7[0]|OUT:rise,A -> G1 -> G2 -> G3 -> G7
658,pre_optimization,-1.3908527884370696,0,0.31925967806015965,-0.004259678060159644,-0.004259678060159644,True,A:rise|G1[0]|G2[0]|G3[0]|G7[0]|OUT:rise,A -> G1 -> G2 -> G3 -> G7
658,post_optimization,-1.3908527884370696,0,0.304621039943061,0.010378960056939002,0,False,A:rise|G1[0]|G2[0]|G3[0]|G7[0]|OUT:rise,A -> G1 -> G2 -> G3 -> G7
659,pre_optimization,0.5173997824915876,0,0.3122725884286801,0.002727411571319893,0,False,A:rise|G1[0]|G2[0]|G3[0]|G7[0]|OUT:rise,A -> G1 -> G2 -> G3 -> G7
659,post_optimization,0.5173997824915876,0,0.2989478821205208,0.01605211787947919,0,False,A:rise|G1[0]|G2[0]|G3[0]|G7[0]|OUT:rise,A -> G1 -> G2 -> G3 -> G7
660,pre_optimization,0.1362142099604729,0,0.3146848025161102,0.0003151974838898064,0,False,A:rise|G1[0]|G2[0]|G3[0]|G7[0]|OUT:rise,A -> G1 -> G2 -> G3 -> G7
660,post_optimization,0.1362142099604729,0,0.30108039317189766,0.013919606828102338,0,False,A:rise|G1[0]|G2[0]|G3[0]|G7[0]|OUT:rise,A -> G1 -> G2 -> G3 -> G7
661,pre_optimization,-1.4029162597596996,0,0.3077685703100542,0.007231429689945779,0,False,D:rise|G4[0]|G5[0]|G6[0]|G7[1]|OUT:rise,D -> G4 -> G5 -> G6 -> G7
661,post_optimization,-1.4029162597596996,0,0.2888801075042327,0.026119892495767294,0,False,D:rise|G4[0]|G5[0]|G6[0]|G7[1]|OUT:rise,D -> G4 -> G5 -> G6 -> G7
662,pre_optimization,0.38748168924821513,0,0.3183927756437176,-0.0033927756437175938,-0.0033927756437175938,True,D:rise|G4[0]|G5[0]|G6[0]|G7[1]|OUT:rise,D -> G4 -> G5 -> G6 -> G7
662,post_optimization,0.38748168924821513,0,0.3032296547644106,0.011770345235589397,0,False,A:rise|G1[0]|G2[0]|G3[0]|G7[0]|OUT:rise,A -> G1 -> G2 -> G3 -> G7
663,pre_optimization,0.5105232222234618,0,0.33272911112093617,-0.01772911112093617,-0.01772911112093617,True,D:rise|G4[0]|G5[0]|G6[0]|G7[1]|OUT:rise,D -> G4 -> G5 -> G6 -> G7
663,post_optimization,0.5105232222234618,0,0.31505254854281334,-5.254854281333543e-05,-5.254854281333543e-05,True,D:rise|G4[0]|G5[0]|G6[0]|G7[1]|OUT:rise,D -> G4 -> G5 -> G6 -> G7
664,pre_optimization,-0.6890518319944495,0,0.3179982880582524,-0.0029982880582524185,-0.0029982880582524185,True,A:rise|G1[0]|G2[0]|G3[0]|G7[0]|OUT:rise,A -> G1 -> G2 -> G3 -> G7
664,post_optimization,-0.6890518319944495,0,0.3045243376070003,0.010475662392999685,0,False,A:rise|G1[0]|G2[0]|G3[0]|G7[0]|OUT:rise,A -> G1 -> G2 -> G3 -> G7
665,pre_optimization,1.0120922342343621,0,0.3285692254713025,-0.013569225471302515,-0.013569225471302515,True,D:rise|G4[0]|G5[0]|G6[0]|G7[1]|OUT:rise,D -> G4 -> G5 -> G6 -> G7
665,post_optimization,1.0120922342343621,0,0.30966104536187455,0.005338954638125448,0,False,D:rise|G4[0]|G5[0]|G6[0]|G7[1]|OUT:rise,D -> G4 -> G5 -> G6 -> G7
666,pre_optimization,0.22696620825333966,0,0.3253500175084138,-0.0103500175084138,-0.0103500175084138,True,D:rise|G4[0]|G5[0]|G6[0]|G7[1]|OUT:rise,D -> G4 -> G5 -> G6 -> G7
666,post_optimization,0.22696620825333966,0,0.30638682718181726,0.008613172818182746,0,False,A:rise|G1[0]|G2[0]|G3[0]|G7[0]|OUT:rise,A -> G1 -> G2 -> G3 -> G7
667,pre_optimization,-0.7927428858307471,0,0.3106720245011477,0.004327975498852277,0,False,D:rise|G4[0]|G5[0]|G6[0]|G7[1]|OUT:rise,D -> G4 -> G5 -> G6 -> G7
667,post_optimization,-0.7927428858307471,0,0.29411924460735084,0.020880755392649164,0,False,A:rise|G1[0]|G2[0]|G3[0]|G7[0]|OUT:rise,A -> G1 -> G2 -> G3 -> G7
668,pre_optimization,1.2078114370970503,0,0.3266238796457823,-0.01162387964578232,-0.01162387964578232,True,A:rise|G1[0]|G2[0]|G3[0]|G7[0]|OUT:rise,A -> G1 -> G2 -> G3 -> G7
668,post_optimization,1.2078114370970503,0,0.3123677473659766,0.002632252634023391,0,False,A:rise|G1[0]|G2[0]|G3[0]|G7[0]|OUT:rise,A -> G1 -> G2 -> G3 -> G7
669,pre_optimization,0.16824104635216267,0,0.31193929879955246,0.0030607012004475465,0,False,D:rise|G4[0]|G5[0]|G6[0]|G7[1]|OUT:rise,D -> G4 -> G5 -> G6 -> G7
669,post_optimization,0.16824104635216267,0,0.2965508595034434,0.018449140496556604,0,False,A:rise|G1[0]|G2[0]|G3[0]|G7[0]|OUT:rise,A -> G1 -> G2 -> G3 -> G7
670,pre_optimization,0.3613541288219259,0,0.3187847086199918,-0.0037847086199918056,-0.0037847086199918056,True,A:rise|G1[0]|G2[0]|G3[0]|G7[0]|OUT:rise,A -> G1 -> G2 -> G3 -> G7
670,post_optimization,0.3613541288219259,0,0.3078122320453785,0.0071877679546215045,0,False,A:rise|G1[0]|G2[0]|G3[0]|G7[0]|OUT:rise,A -> G1 -> G2 -> G3 -> G7
671,pre_optimization,0.7633614752820094,0,0.31706733733373005,-0.002067337333730046,-0.002067337333730046,True,A:rise|G1[0]|G2[0]|G3[0]|G7[0]|OUT:rise,A -> G1 -> G2 -> G3 -> G7
671,post_optimization,0.7633614752820094,0,0.30761632268842354,0.007383677311576464,0,False,A:rise|G1[0]|G2[0]|G3[0]|G7[0]|OUT:rise,A -> G1 -> G2 -> G3 -> G7
672,pre_optimization,-1.050720171493673,0,0.30554406548538987,0.009455934514610131,0,False,D:rise|G4[0]|G5[0]|G6[0]|G7[1]|OUT:rise,D -> G4 -> G5 -> G6 -> G7
672,post_optimization,-1.050720171493673,0,0.28958625664724497,0.025413743352755036,0,False,D:rise|G4[0]|G5[0]|G6[0]|G7[1]|OUT:rise,D -> G4 -> G5 -> G6 -> G7
673,pre_optimization,-0.009041760114313126,0,0.3127277782171801,0.002272221782819883,0,False,A:rise|G1[0]|G2[0]|G3[0]|G7[0]|OUT:rise,A -> G1 -> G2 -> G3 -> G7
673,post_optimization,-0.009041760114313126,0,0.29814442534760477,0.016855574652395233,0,False,A:rise|G1[0]|G2[0]|G3[0]|G7[0]|OUT:rise,A -> G1 -> G2 -> G3 -> G7
674,pre_optimization,0.28914770989575217,0,0.3311443063797203,-0.016144306379720308,-0.016144306379720308,True,D:rise|G4[0]|G5[0]|G6[0]|G7[1]|OUT:rise,D -> G4 -> G5 -> G6 -> G7
674,post_optimization,0.28914770989575217,0,0.31126275373598156,0.0037372462640184456,0,False,D:rise|G4[0]|G5[0]|G6[0]|G7[1]|OUT:rise,D -> G4 -> G5 -> G6 -> G7
675,pre_optimization,0.3395767575472301,0,0.32019233913179784,-0.005192339131797841,-0.005192339131797841,True,D:rise|G4[0]|G5[0]|G6[0]|G7[1]|OUT:rise,D -> G4 -> G5 -> G6 -> G7
675,post_optimization,0.3395767575472301,0,0.3037780588721468,0.011221941127853186,0,False,D:rise|G4[0]|G5[0]|G6[0]|G7[1]|OUT:rise,D -> G4 -> G5 -> G6 -> G7
676,pre_optimization,0.5947471929620021,0,0.32773376998491804,-0.012733769984918042,-0.012733769984918042,True,D:rise|G4[0]|G5[0]|G6[0]|G7[1]|OUT:rise,D -> G4 -> G5 -> G6 -> G7
676,post_optimization,0.5947471929620021,0,0.3100239234111972,0.00497607658880278,0,False,D:rise|G4[0]|G5[0]|G6[0]|G7[1]|OUT:rise,D -> G4 -> G5 -> G6 -> G7
677,pre_optimization,1.0785930099262295,0,0.33279263559398475,-0.01779263559398475,-0.01779263559398475,True,A:rise|G1[0]|G2[0]|G3[0]|G7[0]|OUT:rise,A -> G1 -> G2 -> G3 -> G7
677,post_optimization,1.0785930099262295,0,0.3214554852134275,-0.006455485213427481,-0.006455485213427481,True,A:rise|G1[0]|G2[0]|G3[0]|G7[0]|OUT:rise,A -> G1 -> G2 -> G3 -> G7
678,pre_optimization,-0.8870147198734193,0,0.2985742067814079,0.01642579321859211,0,False,A:rise|G1[0]|G2[0]|G3[0]|G7[0]|OUT:rise,A -> G1 -> G2 -> G3 -> G7
678,post_optimization,-0.8870147198734193,0,0.286999809396997,0.028000190603003017,0,False,A:rise|G1[0]|G2[0]|G3[0]|G7[0]|OUT:rise,A -> G1 -> G2 -> G3 -> G7
679,pre_optimization,1.499718441997121,0,0.325239746374367,-0.010239746374366976,-0.010239746374366976,True,A:rise|G1[0]|G2[0]|G3[0]|G7[0]|OUT:rise,A -> G1 -> G2 -> G3 -> G7
679,post_optimization,1.499718441997121,0,0.31136270140180305,0.0036372985981969475,0,False,A:rise|G1[0]|G2[0]|G3[0]|G7[0]|OUT:rise,A -> G1 -> G2 -> G3 -> G7
680,pre_optimization,0.06879663897632414,0,0.32378494659659157,-0.00878494659659157,-0.00878494659659157,True,D:rise|G4[0]|G5[0]|G6[0]|G7[1]|OUT:rise,D -> G4 -> G5 -> G6 -> G7
680,post_optimization,0.06879663897632414,0,0.30742943999252104,0.007570560007478966,0,False,A:rise|G1[0]|G2[0]|G3[0]|G7[0]|OUT:rise,A -> G1 -> G2 -> G3 -> G7
681,pre_optimization,0.10300078325386598,0,0.32527200342018525,-0.01027200342018525,-0.01027200342018525,True,A:rise|G1[0]|G2[0]|G3[0]|G7[0]|OUT:rise,A -> G1 -> G2 -> G3 -> G7
681,post_optimization,0.10300078325386598,0,0.31079662375931844,0.004203376240681567,0,False,A:rise|G1[0]|G2[0]|G3[0]|G7[0]|OUT:rise,A -> G1 -> G2 -> G3 -> G7
682,pre_optimization,1.730237959430803,0,0.35019433192403926,-0.03519433192403926,-0.03519433192403926,True,D:rise|G4[0]|G5[0]|G6[0]|G7[1]|OUT:rise,D -> G4 -> G5 -> G6 -> G7
682,post_optimization,1.730237959430803,0,0.3278297592562214,-0.012829759256221374,-0.012829759256221374,True,D:rise|G4[0]|G5[0]|G6[0]|G7[1]|OUT:rise,D -> G4 -> G5 -> G6 -> G7
683,pre_optimization,0.570711804392809,0,0.3251535338286344,-0.010153533828634376,-0.010153533828634376,True,D:rise|G4[0]|G5[0]|G6[0]|G7[1]|OUT:rise,D -> G4 -> G5 -> G6 -> G7
683,post_optimization,0.570711804392809,0,0.30857889699266927,0.006421103007330731,0,False,A:rise|G1[0]|G2[0]|G3[0]|G7[0]|OUT:rise,A -> G1 -> G2 -> G3 -> G7
684,pre_optimization,0.9226433511201333,0,0.3338112518502955,-0.018811251850295474,-0.018811251850295474,True,D:rise|G4[0]|G5[0]|G6[0]|G7[1]|OUT:rise,D -> G4 -> G5 -> G6 -> G7
684,post_optimization,0.9226433511201333,0,0.31648810264342553,-0.0014881026434255262,-0.0014881026434255262,True,D:rise|G4[0]|G5[0]|G6[0]|G7[1]|OUT:rise,D -> G4 -> G5 -> G6 -> G7
685,pre_optimization,0.602425617061542,0,0.3354152846893731,-0.020415284689373092,-0.020415284689373092,True,D:rise|G4[0]|G5[0]|G6[0]|G7[1]|OUT:rise,D -> G4 -> G5 -> G6 -> G7
685,post_optimization,0.602425617061542,0,0.3177916648095912,-0.002791664809591199,-0.002791664809591199,True,A:rise|G1[0]|G2[0]|G3[0]|G7[0]|OUT:rise,A -> G1 -> G2 -> G3 -> G7
686,pre_optimization,-0.008599157029664196,0,0.3160164966539682,-0.0010164966539681908,-0.0010164966539681908,True,A:rise|G1[0]|G2[0]|G3[0]|G7[0]|OUT:rise,A -> G1 -> G2 -> G3 -> G7
686,post_optimization,-0.008599157029664196,0,0.3055449629699751,0.009455037030024926,0,False,A:rise|G1[0]|G2[0]|G3[0]|G7[0]|OUT:rise,A -> G1 -> G2 -> G3 -> G7
687,pre_optimization,-1.457842910249763,0,0.29682355950474404,0.018176440495255963,0,False,A:rise|G1[0]|G2[0]|G3[0]|G7[0]|OUT:rise,A -> G1 -> G2 -> G3 -> G7
687,post_optimization,-1.457842910249763,0,0.2850022818019873,0.029997718198012724,0,False,A:rise|G1[0]|G2[0]|G3[0]|G7[0]|OUT:rise,A -> G1 -> G2 -> G3 -> G7
688,pre_optimization,-0.3655186579290715,0,0.3166185742976648,-0.001618574297664821,-0.001618574297664821,True,A:rise|G1[0]|G2[0]|G3[0]|G7[0]|OUT:rise,A -> G1 -> G2 -> G3 -> G7
688,post_optimization,-0.3655186579290715,0,0.30195388235822057,0.013046117641779431,0,False,A:rise|G1[0]|G2[0]|G3[0]|G7[0]|OUT:rise,A -> G1 -> G2 -> G3 -> G7
689,pre_optimization,-0.22561624369759004,0,0.31289583889617506,0.002104161103824942,0,False,D:rise|G4[0]|G5[0]|G6[0]|G7[1]|OUT:rise,D -> G4 -> G5 -> G6 -> G7
689,post_optimization,-0.22561624369759004,0,0.2951585022873817,0.019841497712618283,0,False,D:rise|G4[0]|G5[0]|G6[0]|G7[1]|OUT:rise,D -> G4 -> G5 -> G6 -> G7
690,pre_optimization,-0.5364427856034307,0,0.3153509361499387,-0.0003509361499386965,-0.0003509361499386965,True,A:rise|G1[0]|G2[0]|G3[0]|G7[0]|OUT:rise,A -> G1 -> G2 -> G3 -> G7
690,post_optimization,-0.5364427856034307,0,0.30220083936783926,0.012799160632160744,0,False,A:rise|G1[0]|G2[0]|G3[0]|G7[0]|OUT:rise,A -> G1 -> G2 -> G3 -> G7
691,pre_optimization,-2.1303431510969015,0,0.3039220120229257,0.011077987977074322,0,False,D:rise|G4[0]|G5[0]|G6[0]|G7[1]|OUT:rise,D -> G4 -> G5 -> G6 -> G7
691,post_optimization,-2.1303431510969015,0,0.28506960607208653,0.029930393927913468,0,False,D:rise|G4[0]|G5[0]|G6[0]|G7[1]|OUT:rise,D -> G4 -> G5 -> G6 -> G7
692,pre_optimization,-0.10434321363068949,0,0.3196436707829881,-0.004643670782988107,-0.004643670782988107,True,A:rise|G1[0]|G2[0]|G3[0]|G7[0]|OUT:rise,A -> G1 -> G2 -> G3 -> G7
692,post_optimization,-0.10434321363068949,0,0.30589324818519237,0.009106751814807634,0,False,A:rise|G1[0]|G2[0]|G3[0]|G7[0]|OUT:rise,A -> G1 -> G2 -> G3 -> G7
693,pre_optimization,0.43689173936523096,0,0.32155414080303013,-0.0065541408030301285,-0.0065541408030301285,True,D:rise|G4[0]|G5[0]|G6[0]|G7[1]|OUT:rise,D -> G4 -> G5 -> G6 -> G7
693,post_optimization,0.43689173936523096,0,0.3020750355878251,0.012924964412174889,0,False,D:rise|G4[0]|G5[0]|G6[0]|G7[1]|OUT:rise,D -> G4 -> G5 -> G6 -> G7
694,pre_optimization,0.686562189733491,0,0.3289081341009429,-0.013908134100942882,-0.013908134100942882,True,D:rise|G4[0]|G5[0]|G6[0]|G7[1]|OUT:rise,D -> G4 -> G5 -> G6 -> G7
694,post_optimization,0.686562189733491,0,0.3128417954717604,0.0021582045282396156,0,False,D:rise|G4[0]|G5[0]|G6[0]|G7[1]|OUT:rise,D -> G4 -> G5 -> G6 -> G7
695,pre_optimization,-0.6199011320699511,0,0.2978402603034252,0.017159739696574805,0,False,D:rise|G4[0]|G5[0]|G6[0]|G7[1]|OUT:rise,D -> G4 -> G5 -> G6 -> G7
695,post_optimization,-0.6199011320699511,0,0.28322655254233214,0.03177344745766786,0,False,D:rise|G4[0]|G5[0]|G6[0]|G7[1]|OUT:rise,D -> G4 -> G5 -> G6 -> G7
696,pre_optimization,1.0226967573144288,0,0.31964172627974374,-0.004641726279743741,-0.004641726279743741,True,D:rise|G4[0]|G5[0]|G6[0]|G7[1]|OUT:rise,D -> G4 -> G5 -> G6 -> G7
696,post_optimization,1.0226967573144288,0,0.30377670663287487,0.011223293367125131,0,False,D:rise|G4[0]|G5[0]|G6[0]|G7[1]|OUT:rise,D -> G4 -> G5 -> G6 -> G7
697,pre_optimization,-0.7647910239315797,0,0.30793770488766703,0.0070622951123329725,0,False,D:rise|G4[0]|G5[0]|G6[0]|G7[1]|OUT:rise,D -> G4 -> G5 -> G6 -> G7
697,post_optimization,-0.7647910239315797,0,0.2915556215308304,0.02344437846916958,0,False,A:rise|G1[0]|G2[0]|G3[0]|G7[0]|OUT:rise,A -> G1 -> G2 -> G3 -> G7
698,pre_optimization,-0.5531800500638516,0,0.3116252689534939,0.0033747310465060965,0,False,A:rise|G1[0]|G2[0]|G3[0]|G7[0]|OUT:rise,A -> G1 -> G2 -> G3 -> G7
698,post_optimization,-0.5531800500638516,0,0.30000888462514375,0.014991115374856256,0,False,A:rise|G1[0]|G2[0]|G3[0]|G7[0]|OUT:rise,A -> G1 -> G2 -> G3 -> G7
699,pre_optimization,-1.5291355257220398,0,0.2948969882642135,0.02010301173578649,0,False,A:rise|G1[0]|G2[0]|G3[0]|G7[0]|OUT:rise,A -> G1 -> G2 -> G3 -> G7
699,post_optimization,-1.5291355257220398,0,0.2844139391054573,0.030586060894542688,0,False,A:rise|G1[0]|G2[0]|G3[0]|G7[0]|OUT:rise,A -> G1 -> G2 -> G3 -> G7
700,pre_optimization,0.09564571295366917,0,0.31727293095855613,-0.0022729309585561297,-0.0022729309585561297,True,D:rise|G4[0]|G5[0]|G6[0]|G7[1]|OUT:rise,D -> G4 -> G5 -> G6 -> G7
700,post_optimization,0.09564571295366917,0,0.3008715462665157,0.014128453733484314,0,False,D:rise|G4[0]|G5[0]|G6[0]|G7[1]|OUT:rise,D -> G4 -> G5 -> G6 -> G7
701,pre_optimization,0.854893928694828,0,0.325991560800658,-0.010991560800657996,-0.010991560800657996,True,D:rise|G4[0]|G5[0]|G6[0]|G7[1]|OUT:rise,D -> G4 -> G5 -> G6 -> G7
701,post_optimization,0.854893928694828,0,0.30805043529972426,0.0069495647002757455,0,False,D:rise|G4[0]|G5[0]|G6[0]|G7[1]|OUT:rise,D -> G4 -> G5 -> G6 -> G7
702,pre_optimization,-0.014824178128413343,0,0.3239031146448199,-0.00890311464481991,-0.00890311464481991,True,D:rise|G4[0]|G5[0]|G6[0]|G7[1]|OUT:rise,D -> G4 -> G5 -> G6 -> G7
702,post_optimization,-0.014824178128413343,0,0.3067813749561392,0.008218625043860783,0,False,D:rise|G4[0]|G5[0]|G6[0]|G7[1]|OUT:rise,D -> G4 -> G5 -> G6 -> G7
703,pre_optimization,-0.14473897846620848,0,0.31133595573531325,0.00366404426468675,0,False,D:rise|G4[0]|G5[0]|G6[0]|G7[1]|OUT:rise,D -> G4 -> G5 -> G6 -> G7
703,post_optimization,-0.14473897846620848,0,0.2945093715454924,0.02049062845450761,0,False,D:rise|G4[0]|G5[0]|G6[0]|G7[1]|OUT:rise,D -> G4 -> G5 -> G6 -> G7
704,pre_optimization,-0.791417774790324,0,0.31215666717951807,0.0028433328204819364,0,False,A:rise|G1[0]|G2[0]|G3[0]|G7[0]|OUT:rise,A -> G1 -> G2 -> G3 -> G7
704,post_optimization,-0.791417774790324,0,0.2982793925550092,0.01672060744499082,0,False,A:rise|G1[0]|G2[0]|G3[0]|G7[0]|OUT:rise,A -> G1 -> G2 -> G3 -> G7
705,pre_optimization,-0.38327636604379284,0,0.3089999020174381,0.006000097982561903,0,False,D:rise|G4[0]|G5[0]|G6[0]|G7[1]|OUT:rise,D -> G4 -> G5 -> G6 -> G7
705,post_optimization,-0.38327636604379284,0,0.2920949006086877,0.0229050993913123,0,False,D:rise|G4[0]|G5[0]|G6[0]|G7[1]|OUT:rise,D -> G4 -> G5 -> G6 -> G7
706,pre_optimization,1.0664977614143878,0,0.3222589930768811,-0.007258993076881104,-0.007258993076881104,True,D:rise|G4[0]|G5[0]|G6[0]|G7[1]|OUT:rise,D -> G4 -> G5 -> G6 -> G7
706,post_optimization,1.0664977614143878,0,0.30933290866972496,0.0056670913302750425,0,False,A:rise|G1[0]|G2[0]|G3[0]|G7[0]|OUT:rise,A -> G1 -> G2 -> G3 -> G7
707,pre_optimization,0.3105526032022844,0,0.3242362175495549,-0.009236217549554893,-0.009236217549554893,True,D:rise|G4[0]|G5[0]|G6[0]|G7[1]|OUT:rise,D -> G4 -> G5 -> G6 -> G7
707,post_optimization,0.3105526032022844,0,0.30609113472495875,0.008908865275041256,0,False,D:rise|G4[0]|G5[0]|G6[0]|G7[1]|OUT:rise,D -> G4 -> G5 -> G6 -> G7
708,pre_optimization,0.5478369084228906,0,0.31304156963789664,0.0019584303621033583,0,False,A:rise|G1[0]|G2[0]|G3[0]|G7[0]|OUT:rise,A -> G1 -> G2 -> G3 -> G7
708,post_optimization,0.5478369084228906,0,0.30302679562311763,0.011973204376882374,0,False,A:rise|G1[0]|G2[0]|G3[0]|G7[0]|OUT:rise,A -> G1 -> G2 -> G3 -> G7
709,pre_optimization,-0.08737990249849192,0,0.31343972277092635,0.0015602772290736477,0,False,D:rise|G4[0]|G5[0]|G6[0]|G7[1]|OUT:rise,D -> G4 -> G5 -> G6 -> G7
709,post_optimization,-0.08737990249849192,0,0.2990113160167303,0.01598868398326969,0,False,A:rise|G1[0]|G2[0]|G3[0]|G7[0]|OUT:rise,A -> G1 -> G2 -> G3 -> G7
710,pre_optimization,-0.9952645341542504,0,0.3108401075620937,0.004159892437906321,0,False,D:rise|G4[0]|G5[0]|G6[0]|G7[1]|OUT:rise,D -> G4 -> G5 -> G6 -> G7
710,post_optimization,-0.9952645341542504,0,0.2928063726632963,0.022193627336703714,0,False,D:rise|G4[0]|G5[0]|G6[0]|G7[1]|OUT:rise,D -> G4 -> G5 -> G6 -> G7
711,pre_optimization,-0.7813038472818836,0,0.3087655546002658,0.006234445399734223,0,False,A:rise|G1[0]|G2[0]|G3[0]|G7[0]|OUT:rise,A -> G1 -> G2 -> G3 -> G7
711,post_optimization,-0.7813038472818836,0,0.29657444187472065,0.01842555812527935,0,False,A:rise|G1[0]|G2[0]|G3[0]|G7[0]|OUT:rise,A -> G1 -> G2 -> G3 -> G7
712,pre_optimization,0.6653015944402896,0,0.3276816287383977,-0.012681628738397677,-0.012681628738397677,True,A:rise|G1[0]|G2[0]|G3[0]|G7[0]|OUT:rise,A -> G1 -> G2 -> G3 -> G7
712,post_optimization,0.6653015944402896,0,0.31399472737241957,0.0010052726275804336,0,False,A:rise|G1[0]|G2[0]|G3[0]|G7[0]|OUT:rise,A -> G1 -> G2 -> G3 -> G7
713,pre_optimization,-0.4426554364501857,0,0.31711962712960406,-0.0021196271296040625,-0.0021196271296040625,True,D:rise|G4[0]|G5[0]|G6[0]|G7[1]|OUT:rise,D -> G4 -> G5 -> G6 -> G7
713,post_optimization,-0.4426554364501857,0,0.2978817825993838,0.017118217400616198,0,False,D:rise|G4[0]|G5[0]|G6[0]|G7[1]|OUT:rise,D -> G4 -> G5 -> G6 -> G7
714,pre_optimization,-0.5071329010553416,0,0.3097625213413103,0.005237478658689676,0,False,D:rise|G4[0]|G5[0]|G6[0]|G7[1]|OUT:rise,D -> G4 -> G5 -> G6 -> G7
714,post_optimization,-0.5071329010553416,0,0.2944302512467527,0.020569748753247297,0,False,A:rise|G1[0]|G2[0]|G3[0]|G7[0]|OUT:rise,A -> G1 -> G2 -> G3 -> G7
715,pre_optimization,-1.6061911904230015,0,0.30520460090025026,0.009795399099749746,0,False,D:rise|G4[0]|G5[0]|G6[0]|G7[1]|OUT:rise,D -> G4 -> G5 -> G6 -> G7
715,post_optimization,-1.6061911904230015,0,0.2872412076452339,0.027758792354766082,0,False,D:rise|G4[0]|G5[0]|G6[0]|G7[1]|OUT:rise,D -> G4 -> G5 -> G6 -> G7
716,pre_optimization,-0.0017604606015379698,0,0.32179200941423086,-0.00679200941423086,-0.00679200941423086,True,D:rise|G4[0]|G5[0]|G6[0]|G7[1]|OUT:rise,D -> G4 -> G5 -> G6 -> G7
716,post_optimization,-0.0017604606015379698,0,0.30302884408903247,0.011971155910967535,0,False,D:rise|G4[0]|G5[0]|G6[0]|G7[1]|OUT:rise,D -> G4 -> G5 -> G6 -> G7
717,pre_optimization,-0.6027066150952326,0,0.30875470816222744,0.00624529183777256,0,False,A:rise|G1[0]|G2[0]|G3[0]|G7[0]|OUT:rise,A -> G1 -> G2 -> G3 -> G7
717,post_optimization,-0.6027066150952326,0,0.2992836824920926,0.015716317507907418,0,False,A:rise|G1[0]|G2[0]|G3[0]|G7[0]|OUT:rise,A -> G1 -> G2 -> G3 -> G7
718,pre_optimization,-1.46153927255648,0,0.3081998345772153,0.006800165422784721,0,False,D:rise|G4[0]|G5[0]|G6[0]|G7[1]|OUT:rise,D -> G4 -> G5 -> G6 -> G7
718,post_optimization,-1.46153927255648,0,0.29010008683343635,0.024899913166563648,0,False,A:rise|G1[0]|G2[0]|G3[0]|G7[0]|OUT:rise,A -> G1 -> G2 -> G3 -> G7
719,pre_optimization,-1.5849702318859509,0,0.30382848656259,0.011171513437410019,0,False,A:rise|G1[0]|G2[0]|G3[0]|G7[0]|OUT:rise,A -> G1 -> G2 -> G3 -> G7
719,post_optimization,-1.5849702318859509,0,0.29346950632171875,0.02153049367828125,0,False,A:rise|G1[0]|G2[0]|G3[0]|G7[0]|OUT:rise,A -> G1 -> G2 -> G3 -> G7
720,pre_optimization,0.7702656695454067,0,0.33216692098455863,-0.01716692098455863,-0.01716692098455863,True,A:rise|G1[0]|G2[0]|G3[0]|G7[0]|OUT:rise,A -> G1 -> G2 -> G3 -> G7
720,post_optimization,0.7702656695454067,0,0.3192102251085569,-0.004210225108556898,-0.004210225108556898,True,A:rise|G1[0]|G2[0]|G3[0]|G7[0]|OUT:rise,A -> G1 -> G2 -> G3 -> G7
721,pre_optimization,0.9866532363232939,0,0.34661296156030724,-0.03161296156030724,-0.03161296156030724,True,D:rise|G4[0]|G5[0]|G6[0]|G7[1]|OUT:rise,D -> G4 -> G5 -> G6 -> G7
721,post_optimization,0.9866532363232939,0,0.3271708037573022,-0.012170803757302173,-0.012170803757302173,True,D:rise|G4[0]|G5[0]|G6[0]|G7[1]|OUT:rise,D -> G4 -> G5 -> G6 -> G7
722,pre_optimization,0.7985149350939201,0,0.31812447166212304,-0.0031244716621230406,-0.0031244716621230406,True,D:rise|G4[0]|G5[0]|G6[0]|G7[1]|OUT:rise,D -> G4 -> G5 -> G6 -> G7
722,post_optimization,0.7985149350939201,0,0.3031413607248969,0.011858639275103111,0,False,A:rise|G1[0]|G2[0]|G3[0]|G7[0]|OUT:rise,A -> G1 -> G2 -> G3 -> G7
723,pre_optimization,0.24706951873285096,0,0.3261477508246249,-0.01114775082462488,-0.01114775082462488,True,A:rise|G1[0]|G2[0]|G3[0]|G7[0]|OUT:rise,A -> G1 -> G2 -> G3 -> G7
723,post_optimization,0.24706951873285096,0,0.31124099532232763,0.003759004677672373,0,False,A:rise|G1[0]|G2[0]|G3[0]|G7[0]|OUT:rise,A -> G1 -> G2 -> G3 -> G7
724,pre_optimization,0.7364138515585488,0,0.33129841297402657,-0.016298412974026566,-0.016298412974026566,True,A:rise|G1[0]|G2[0]|G3[0]|G7[0]|OUT:rise,A -> G1 -> G2 -> G3 -> G7
724,post_optimization,0.7364138515585488,0,0.3175158348947127,-0.0025158348947126874,-0.0025158348947126874,True,A:rise|G1[0]|G2[0]|G3[0]|G7[0]|OUT:rise,A -> G1 -> G2 -> G3 -> G7
725,pre_optimization,-0.9048530251749061,0,0.30025258541935845,0.014747414580641549,0,False,D:rise|G4[0]|G5[0]|G6[0]|G7[1]|OUT:rise,D -> G4 -> G5 -> G6 -> G7
725,post_optimization,-0.9048530251749061,0,0.28821650190647863,0.026783498093521374,0,False,A:rise|G1[0]|G2[0]|G3[0]|G7[0]|OUT:rise,A -> G1 -> G2 -> G3 -> G7
726,pre_optimization,0.5295284634949208,0,0.32916173322209624,-0.01416173322209624,-0.01416173322209624,True,A:rise|G1[0]|G2[0]|G3[0]|G7[0]|OUT:rise,A -> G1 -> G2 -> G3 -> G7
726,post_optimization,0.5295284634949208,0,0.31401831426120524,0.0009816857387947575,0,False,A:rise|G1[0]|G2[0]|G3[0]|G7[0]|OUT:rise,A -> G1 -> G2 -> G3 -> G7
727,pre_optimization,0.5872501275929621,0,0.32076519615224897,-0.005765196152248964,-0.005765196152248964,True,D:rise|G4[0]|G5[0]|G6[0]|G7[1]|OUT:rise,D -> G4 -> G5 -> G6 -> G7
727,post_optimization,0.5872501275929621,0,0.303142053557795,0.011857946442205003,0,False,A:rise|G1[0]|G2[0]|G3[0]|G7[0]|OUT:rise,A -> G1 -> G2 -> G3 -> G7
728,pre_optimization,1.011179370956348,0,0.3303354215806549,-0.015335421580654873,-0.015335421580654873,True,D:rise|G4[0]|G5[0]|G6[0]|G7[1]|OUT:rise,D -> G4 -> G5 -> G6 -> G7
728,post_optimization,1.011179370956348,0,0.31130737995187824,0.003692620048121764,0,False,A:rise|G1[0]|G2[0]|G3[0]|G7[0]|OUT:rise,A -> G1 -> G2 -> G3 -> G7
729,pre_optimization,-0.2897260433602976,0,0.31492661786279824,7.338213720176068e-05,0,False,D:rise|G4[0]|G5[0]|G6[0]|G7[1]|OUT:rise,D -> G4 -> G5 -> G6 -> G7
729,post_optimization,-0.2897260433602976,0,0.29739864057113297,0.017601359428867036,0,False,D:rise|G4[0]|G5[0]|G6[0]|G7[1]|OUT:rise,D -> G4 -> G5 -> G6 -> G7
730,pre_optimization,0.3590986362318545,0,0.31959661919961424,-0.004596619199614238,-0.004596619199614238,True,A:rise|G1[0]|G2[0]|G3[0]|G7[0]|OUT:rise,A -> G1 -> G2 -> G3 -> G7
730,post_optimization,0.3590986362318545,0,0.30948980398150583,0.005510196018494173,0,False,A:rise|G1[0]|G2[0]|G3[0]|G7[0]|OUT:rise,A -> G1 -> G2 -> G3 -> G7
731,pre_optimization,0.09438164095984498,0,0.3206978508023277,-0.005697850802327709,-0.005697850802327709,True,A:rise|G1[0]|G2[0]|G3[0]|G7[0]|OUT:rise,A -> G1 -> G2 -> G3 -> G7
731,post_optimization,0.09438164095984498,0,0.3111603118277683,0.003839688172231681,0,False,A:rise|G1[0]|G2[0]|G3[0]|G7[0]|OUT:rise,A -> G1 -> G2 -> G3 -> G7
732,pre_optimization,-0.2343075334526052,0,0.32200058903123147,-0.007000589031231463,-0.007000589031231463,True,D:rise|G4[0]|G5[0]|G6[0]|G7[1]|OUT:rise,D -> G4 -> G5 -> G6 -> G7
732,post_optimization,-0.2343075334526052,0,0.30245814084062966,0.012541859159370339,0,False,D:rise|G4[0]|G5[0]|G6[0]|G7[1]|OUT:rise,D -> G4 -> G5 -> G6 -> G7
733,pre_optimization,-1.2863924223636387,0,0.3061194524874162,0.008880547512583825,0,False,A:rise|G1[0]|G2[0]|G3[0]|G7[0]|OUT:rise,A -> G1 -> G2 -> G3 -> G7
733,post_optimization,-1.2863924223636387,0,0.29373827454633133,0.021261725453668667,0,False,A:rise|G1[0]|G2[0]|G3[0]|G7[0]|OUT:rise,A -> G1 -> G2 -> G3 -> G7
734,pre_optimization,-0.3569020894610106,0,0.32702962595860186,-0.012029625958601853,-0.012029625958601853,True,D:rise|G4[0]|G5[0]|G6[0]|G7[1]|OUT:rise,D -> G4 -> G5 -> G6 -> G7
734,post_optimization,-0.3569020894610106,0,0.3076766942465037,0.007323305753496323,0,False,D:rise|G4[0]|G5[0]|G6[0]|G7[1]|OUT:rise,D -> G4 -> G5 -> G6 -> G7
735,pre_optimization,-0.36464007221124745,0,0.3142889573269734,0.0007110426730266295,0,False,A:rise|G1[0]|G2[0]|G3[0]|G7[0]|OUT:rise,A -> G1 -> G2 -> G3 -> G7
735,post_optimization,-0.36464007221124745,0,0.30121285722908137,0.013787142770918637,0,False,A:rise|G1[0]|G2[0]|G3[0]|G7[0]|OUT:rise,A -> G1 -> G2 -> G3 -> G7
736,pre_optimization,-1.163112012986325,0,0.30297778247394563,0.012022217526054368,0,False,D:rise|G4[0]|G5[0]|G6[0]|G7[1]|OUT:rise,D -> G4 -> G5 -> G6 -> G7
736,post_optimization,-1.163112012986325,0,0.2870026842558404,0.02799731574415959,0,False,D:rise|G4[0]|G5[0]|G6[0]|G7[1]|OUT:rise,D -> G4 -> G5 -> G6 -> G7
737,pre_optimization,0.3432792959469847,0,0.3200040378059686,-0.005004037805968586,-0.005004037805968586,True,D:rise|G4[0]|G5[0]|G6[0]|G7[1]|OUT:rise,D -> G4 -> G5 -> G6 -> G7
737,post_optimization,0.3432792959469847,0,0.3030542839741874,0.011945716025812625,0,False,D:rise|G4[0]|G5[0]|G6[0]|G7[1]|OUT:rise,D -> G4 -> G5 -> G6 -> G7
738,pre_optimization,-0.7475710742924762,0,0.306700316525939,0.008299683474061015,0,False,A:rise|G1[0]|G2[0]|G3[0]|G7[0]|OUT:rise,A -> G1 -> G2 -> G3 -> G7
738,post_optimization,-0.7475710742924762,0,0.29372847857667894,0.02127152142332106,0,False,A:rise|G1[0]|G2[0]|G3[0]|G7[0]|OUT:rise,A -> G1 -> G2 -> G3 -> G7
739,pre_optimization,-1.846782462939004,0,0.2989858375167505,0.016014162483249494,0,False,D:rise|G4[0]|G5[0]|G6[0]|G7[1]|OUT:rise,D -> G4 -> G5 -> G6 -> G7
739,post_optimization,-1.846782462939004,0,0.28315010780828564,0.03184989219171436,0,False,D:rise|G4[0]|G5[0]|G6[0]|G7[1]|OUT:rise,D -> G4 -> G5 -> G6 -> G7
740,pre_optimization,0.047738444988353314,0,0.3225499591761299,-0.007549959176129883,-0.007549959176129883,True,D:rise|G4[0]|G5[0]|G6[0]|G7[1]|OUT:rise,D -> G4 -> G5 -> G6 -> G7
740,post_optimization,0.047738444988353314,0,0.3094973718501932,0.0055026281498067875,0,False,A:rise|G1[0]|G2[0]|G3[0]|G7[0]|OUT:rise,A -> G1 -> G2 -> G3 -> G7
741,pre_optimization,-0.5029498084063746,0,0.3092042247512661,0.005795775248733925,0,False,D:rise|G4[0]|G5[0]|G6[0]|G7[1]|OUT:rise,D -> G4 -> G5 -> G6 -> G7
741,post_optimization,-0.5029498084063746,0,0.2947031322021398,0.02029686779786022,0,False,A:rise|G1[0]|G2[0]|G3[0]|G7[0]|OUT:rise,A -> G1 -> G2 -> G3 -> G7
742,pre_optimization,-1.5438925380120347,0,0.303277925721018,0.011722074278981975,0,False,A:rise|G1[0]|G2[0]|G3[0]|G7[0]|OUT:rise,A -> G1 -> G2 -> G3 -> G7
742,post_optimization,-1.5438925380120347,0,0.2905829758186236,0.024417024181376423,0,False,A:rise|G1[0]|G2[0]|G3[0]|G7[0]|OUT:rise,A -> G1 -> G2 -> G3 -> G7
743,pre_optimization,-0.7738544814500696,0,0.3171300525690659,-0.002130052569065899,-0.002130052569065899,True,A:rise|G1[0]|G2[0]|G3[0]|G7[0]|OUT:rise,A -> G1 -> G2 -> G3 -> G7
743,post_optimization,-0.7738544814500696,0,0.304457145720783,0.010542854279217029,0,False,A:rise|G1[0]|G2[0]|G3[0]|G7[0]|OUT:rise,A -> G1 -> G2 -> G3 -> G7
744,pre_optimization,0.46787990492569576,0,0.32228409616442466,-0.007284096164424658,-0.007284096164424658,True,D:rise|G4[0]|G5[0]|G6[0]|G7[1]|OUT:rise,D -> G4 -> G5 -> G6 -> G7
744,post_optimization,0.46787990492569576,0,0.30427918184922725,0.010720818150772748,0,False,A:rise|G1[0]|G2[0]|G3[0]|G7[0]|OUT:rise,A -> G1 -> G2 -> G3 -> G7
745,pre_optimization,0.548796526130776,0,0.3234400817381835,-0.008440081738183502,-0.008440081738183502,True,D:rise|G4[0]|G5[0]|G6[0]|G7[1]|OUT:rise,D -> G4 -> G5 -> G6 -> G7
745,post_optimization,0.548796526130776,0,0.30561114651423404,0.009388853485765958,0,False,D:rise|G4[0]|G5[0]|G6[0]|G7[1]|OUT:rise,D -> G4 -> G5 -> G6 -> G7
746,pre_optimization,0.49640578421897136,0,0.3228277236127017,-0.007827723612701676,-0.007827723612701676,True,A:rise|G1[0]|G2[0]|G3[0]|G7[0]|OUT:rise,A -> G1 -> G2 -> G3 -> G7
746,post_optimization,0.49640578421897136,0,0.3092657238627493,0.005734276137250693,0,False,A:rise|G1[0]|G2[0]|G3[0]|G7[0]|OUT:rise,A -> G1 -> G2 -> G3 -> G7
747,pre_optimization,-0.20706205076098252,0,0.3148745949885552,0.00012540501144481242,0,False,D:rise|G4[0]|G5[0]|G6[0]|G7[1]|OUT:rise,D -> G4 -> G5 -> G6 -> G7
747,post_optimization,-0.20706205076098252,0,0.2976560091774614,0.017343990822538624,0,False,A:rise|G1[0]|G2[0]|G3[0]|G7[0]|OUT:rise,A -> G1 -> G2 -> G3 -> G7
748,pre_optimization,0.44887144912498084,0,0.31717408138487424,-0.002174081384874238,-0.002174081384874238,True,A:rise|G1[0]|G2[0]|G3[0]|G7[0]|OUT:rise,A -> G1 -> G2 -> G3 -> G7
748,post_optimization,0.44887144912498084,0,0.30462227484083537,0.01037772515916463,0,False,A:rise|G1[0]|G2[0]|G3[0]|G7[0]|OUT:rise,A -> G1 -> G2 -> G3 -> G7
749,pre_optimization,0.9649277744390408,0,0.3279961803970915,-0.012996180397091495,-0.012996180397091495,True,D:rise|G4[0]|G5[0]|G6[0]|G7[1]|OUT:rise,D -> G4 -> G5 -> G6 -> G7
749,post_optimization,0.9649277744390408,0,0.31143207746164436,0.003567922538355639,0,False,D:rise|G4[0]|G5[0]|G6[0]|G7[1]|OUT:rise,D -> G4 -> G5 -> G6 -> G7
750,pre_optimization,-2.8870531673606408,0,0.29074784840821666,0.024252151591783344,0,False,D:rise|G4[0]|G5[0]|G6[0]|G7[1]|OUT:rise,D -> G4 -> G5 -> G6 -> G7
750,post_optimization,-2.8870531673606408,0,0.2785252205705113,0.03647477942948868,0,False,A:rise|G1[0]|G2[0]|G3[0]|G7[0]|OUT:rise,A -> G1 -> G2 -> G3 -> G7
751,pre_optimization,-0.2433903071304815,0,0.3183213166353584,-0.0033213166353583956,-0.0033213166353583956,True,A:rise|G1[0]|G2[0]|G3[0]|G7[0]|OUT:rise,A -> G1 -> G2 -> G3 -> G7
751,post_optimization,-0.2433903071304815,0,0.3061911531410764,0.00880884685892358,0,False,A:rise|G1[0]|G2[0]|G3[0]|G7[0]|OUT:rise,A -> G1 -> G2 -> G3 -> G7
752,pre_optimization,-0.9482754012066946,0,0.30037654621260546,0.014623453787394547,0,False,A:rise|G1[0]|G2[0]|G3[0]|G7[0]|OUT:rise,A -> G1 -> G2 -> G3 -> G7
752,post_optimization,-0.9482754012066946,0,0.28796266988151537,0.027037330118484637,0,False,A:rise|G1[0]|G2[0]|G3[0]|G7[0]|OUT:rise,A -> G1 -> G2 -> G3 -> G7
753,pre_optimization,1.9509294184644341,0,0.33444327690914,-0.019443276909139995,-0.019443276909139995,True,D:rise|G4[0]|G5[0]|G6[0]|G7[1]|OUT:rise,D -> G4 -> G5 -> G6 -> G7
753,post_optimization,1.9509294184644341,0,0.32086983579243195,-0.005869835792431943,-0.005869835792431943,True,A:rise|G1[0]|G2[0]|G3[0]|G7[0]|OUT:rise,A -> G1 -> G2 -> G3 -> G7
754,pre_optimization,0.7391696006073477,0,0.3349906598004785,-0.019990659800478483,-0.019990659800478483,True,A:rise|G1[0]|G2[0]|G3[0]|G7[0]|OUT:rise,A -> G1 -> G2 -> G3 -> G7
754,post_optimization,0.7391696006073477,0,0.32038502328729934,-0.00538502328729934,-0.00538502328729934,True,A:rise|G1[0]|G2[0]|G3[0]|G7[0]|OUT:rise,A -> G1 -> G2 -> G3 -> G7
755,pre_optimization,0.5254863702998787,0,0.32702899877484176,-0.01202899877484176,-0.01202899877484176,True,D:rise|G4[0]|G5[0]|G6[0]|G7[1]|OUT:rise,D -> G4 -> G5 -> G6 -> G7
755,post_optimization,0.5254863702998787,0,0.3077969651458382,0.007203034854161794,0,False,D:rise|G4[0]|G5[0]|G6[0]|G7[1]|OUT:rise,D -> G4 -> G5 -> G6 -> G7
756,pre_optimization,0.7596273774272443,0,0.316096858771717,-0.001096858771717002,-0.001096858771717002,True,D:rise|G4[0]|G5[0]|G6[0]|G7[1]|OUT:rise,D -> G4 -> G5 -> G6 -> G7
756,post_optimization,0.7596273774272443,0,0.30181660941965144,0.013183390580348564,0,False,A:rise|G1[0]|G2[0]|G3[0]|G7[0]|OUT:rise,A -> G1 -> G2 -> G3 -> G7
757,pre_optimization,-0.14283793698762073,0,0.3220901854780422,-0.007090185478042188,-0.007090185478042188,True,A:rise|G1[0]|G2[0]|G3[0]|G7[0]|OUT:rise,A -> G1 -> G2 -> G3 -> G7
757,post_optimization,-0.14283793698762073,0,0.3091473440870054,0.005852655912994609,0,False,A:rise|G1[0]|G2[0]|G3[0]|G7[0]|OUT:rise,A -> G1 -> G2 -> G3 -> G7
758,pre_optimization,0.01854708026482731,0,0.3268605974410276,-0.011860597441027576,-0.011860597441027576,True,D:rise|G4[0]|G5[0]|G6[0]|G7[1]|OUT:rise,D -> G4 -> G5 -> G6 -> G7
758,post_optimization,0.01854708026482731,0,0.30782498850345363,0.0071750114965463685,0,False,D:rise|G4[0]|G5[0]|G6[0]|G7[1]|OUT:rise,D -> G4 -> G5 -> G6 -> G7
759,pre_optimization,-2.6747101265337285,0,0.2944756501099146,0.02052434989008539,0,False,A:rise|G1[0]|G2[0]|G3[0]|G7[0]|OUT:rise,A -> G1 -> G2 -> G3 -> G7
759,post_optimization,-2.6747101265337285,0,0.2835913025440445,0.03140869745595548,0,False,A:rise|G1[0]|G2[0]|G3[0]|G7[0]|OUT:rise,A -> G1 -> G2 -> G3 -> G7
760,pre_optimization,-2.1150495770020004,0,0.2927112644242433,0.022288735575756724,0,False,D:rise|G4[0]|G5[0]|G6[0]|G7[1]|OUT:rise,D -> G4 -> G5 -> G6 -> G7
760,post_optimization,-2.1150495770020004,0,0.27746292904228465,0.03753707095771536,0,False,A:rise|G1[0]|G2[0]|G3[0]|G7[0]|OUT:rise,A -> G1 -> G2 -> G3 -> G7
761,pre_optimization,0.3681796323213749,0,0.3274747766255012,-0.012474776625501172,-0.012474776625501172,True,A:rise|G1[0]|G2[0]|G3[0]|G7[0]|OUT:rise,A -> G1 -> G2 -> G3 -> G7
761,post_optimization,0.3681796323213749,0,0.31302246399971223,0.0019775360002877718,0,False,A:rise|G1[0]|G2[0]|G3[0]|G7[0]|OUT:rise,A -> G1 -> G2 -> G3 -> G7
762,pre_optimization,2.9405756613422724,0,0.34163341120128454,-0.02663341120128454,-0.02663341120128454,True,A:rise|G1[0]|G2[0]|G3[0]|G7[0]|OUT:rise,A -> G1 -> G2 -> G3 -> G7
762,post_optimization,2.9405756613422724,0,0.3272900838564727,-0.012290083856472678,-0.012290083856472678,True,A:rise|G1[0]|G2[0]|G3[0]|G7[0]|OUT:rise,A -> G1 -> G2 -> G3 -> G7
763,pre_optimization,2.233924479034972,0,0.33299031736517504,-0.017990317365175035,-0.017990317365175035,True,A:rise|G1[0]|G2[0]|G3[0]|G7[0]|OUT:rise,A -> G1 -> G2 -> G3 -> G7
763,post_optimization,2.233924479034972,0,0.3190134536870917,-0.004013453687091717,-0.004013453687091717,True,A:rise|G1[0]|G2[0]|G3[0]|G7[0]|OUT:rise,A -> G1 -> G2 -> G3 -> G7
764,pre_optimization,0.9532560405417345,0,0.32584929578024585,-0.010849295780245849,-0.010849295780245849,True,A:rise|G1[0]|G2[0]|G3[0]|G7[0]|OUT:rise,A -> G1 -> G2 -> G3 -> G7
764,post_optimization,0.9532560405417345,0,0.3127712476126781,0.0022287523873218973,0,False,A:rise|G1[0]|G2[0]|G3[0]|G7[0]|OUT:rise,A -> G1 -> G2 -> G3 -> G7
765,pre_optimization,3.1985943136080213,0,0.3503759152670528,-0.035375915267052804,-0.035375915267052804,True,D:rise|G4[0]|G5[0]|G6[0]|G7[1]|OUT:rise,D -> G4 -> G5 -> G6 -> G7
765,post_optimization,3.1985943136080213,0,0.3289473286770199,-0.013947328677019921,-0.013947328677019921,True,A:rise|G1[0]|G2[0]|G3[0]|G7[0]|OUT:rise,A -> G1 -> G2 -> G3 -> G7
766,pre_optimization,0.26452100537727385,0,0.312426493210326,0.002573506789673996,0,False,D:rise|G4[0]|G5[0]|G6[0]|G7[1]|OUT:rise,D -> G4 -> G5 -> G6 -> G7
766,post_optimization,0.26452100537727385,0,0.2984400650070441,0.016559934992955883,0,False,A:rise|G1[0]|G2[0]|G3[0]|G7[0]|OUT:rise,A -> G1 -> G2 -> G3 -> G7
767,pre_optimization,0.36806260247236045,0,0.3283348976798002,-0.013334897679800173,-0.013334897679800173,True,A:rise|G1[0]|G2[0]|G3[0]|G7[0]|OUT:rise,A -> G1 -> G2 -> G3 -> G7
767,post_optimization,0.36806260247236045,0,0.31468357142965026,0.00031642857034974714,0,False,A:rise|G1[0]|G2[0]|G3[0]|G7[0]|OUT:rise,A -> G1 -> G2 -> G3 -> G7
768,pre_optimization,-0.2174632265427405,0,0.308911914842762,0.006088085157238021,0,False,A:rise|G1[0]|G2[0]|G3[0]|G7[0]|OUT:rise,A -> G1 -> G2 -> G3 -> G7
768,post_optimization,-0.2174632265427405,0,0.29772746631726893,0.017272533682731073,0,False,A:rise|G1[0]|G2[0]|G3[0]|G7[0]|OUT:rise,A -> G1 -> G2 -> G3 -> G7
769,pre_optimization,-0.4951646724178288,0,0.3112895023362541,0.0037104976637459264,0,False,D:rise|G4[0]|G5[0]|G6[0]|G7[1]|OUT:rise,D -> G4 -> G5 -> G6 -> G7
769,post_optimization,-0.4951646724178288,0,0.29696380591393545,0.01803619408606455,0,False,D:rise|G4[0]|G5[0]|G6[0]|G7[1]|OUT:rise,D -> G4 -> G5 -> G6 -> G7
770,pre_optimization,-0.006631741641322182,0,0.327152973107669,-0.012152973107668996,-0.012152973107668996,True,A:rise|G1[0]|G2[0]|G3[0]|G7[0]|OUT:rise,A -> G1 -> G2 -> G3 -> G7
770,post_optimization,-0.006631741641322182,0,0.31446248116920134,0.0005375188307986667,0,False,A:rise|G1[0]|G2[0]|G3[0]|G7[0]|OUT:rise,A -> G1 -> G2 -> G3 -> G7
771,pre_optimization,2.139388464546933,0,0.34011753267066247,-0.025117532670662468,-0.025117532670662468,True,D:rise|G4[0]|G5[0]|G6[0]|G7[1]|OUT:rise,D -> G4 -> G5 -> G6 -> G7
771,post_optimization,2.139388464546933,0,0.32158200281601046,-0.006582002816010457,-0.006582002816010457,True,A:rise|G1[0]|G2[0]|G3[0]|G7[0]|OUT:rise,A -> G1 -> G2 -> G3 -> G7
772,pre_optimization,-0.8639476657303038,0,0.30819350922576094,0.00680649077423906,0,False,D:rise|G4[0]|G5[0]|G6[0]|G7[1]|OUT:rise,D -> G4 -> G5 -> G6 -> G7
772,post_optimization,-0.8639476657303038,0,0.2908908970034294,0.024109102996570597,0,False,D:rise|G4[0]|G5[0]|G6[0]|G7[1]|OUT:rise,D -> G4 -> G5 -> G6 -> G7
773,pre_optimization,0.2935482269691906,0,0.3325802007794998,-0.01758020077949979,-0.01758020077949979,True,A:rise|G1[0]|G2[0]|G3[0]|G7[0]|OUT:rise,A -> G1 -> G2 -> G3 -> G7
773,post_optimization,0.2935482269691906,0,0.31805867317229414,-0.003058673172294135,-0.003058673172294135,True,A:rise|G1[0]|G2[0]|G3[0]|G7[0]|OUT:rise,A -> G1 -> G2 -> G3 -> G7
774,pre_optimization,-1.2618465843935245,0,0.29821975935687917,0.016780240643120836,0,False,A:rise|G1[0]|G2[0]|G3[0]|G7[0]|OUT:rise,A -> G1 -> G2 -> G3 -> G7
774,post_optimization,-1.2618465843935245,0,0.2865177303664358,0.028482269633564206,0,False,A:rise|G1[0]|G2[0]|G3[0]|G7[0]|OUT:rise,A -> G1 -> G2 -> G3 -> G7
775,pre_optimization,0.7255000587393061,0,0.3295113703163672,-0.014511370316367178,-0.014511370316367178,True,D:rise|G4[0]|G5[0]|G6[0]|G7[1]|OUT:rise,D -> G4 -> G5 -> G6 -> G7
775,post_optimization,0.7255000587393061,0,0.314564133598516,0.00043586640148401967,0,False,A:rise|G1[0]|G2[0]|G3[0]|G7[0]|OUT:rise,A -> G1 -> G2 -> G3 -> G7
776,pre_optimization,-0.2794247015381851,0,0.3147575664745688,0.0002424335254311849,0,False,A:rise|G1[0]|G2[0]|G3[0]|G7[0]|OUT:rise,A -> G1 -> G2 -> G3 -> G7
776,post_optimization,-0.2794247015381851,0,0.3007813013445463,0.014218698655453721,0,False,A:rise|G1[0]|G2[0]|G3[0]|G7[0]|OUT:rise,A -> G1 -> G2 -> G3 -> G7
777,pre_optimization,1.0155821248294639,0,0.33147572294451194,-0.01647572294451194,-0.01647572294451194,True,D:rise|G4[0]|G5[0]|G6[0]|G7[1]|OUT:rise,D -> G4 -> G5 -> G6 -> G7
777,post_optimization,1.0155821248294639,0,0.3120478176302745,0.002952182369725498,0,False,D:rise|G4[0]|G5[0]|G6[0]|G7[1]|OUT:rise,D -> G4 -> G5 -> G6 -> G7
778,pre_optimization,0.38354643272181843,0,0.3111761238412541,0.003823876158745909,0,False,A:rise|G1[0]|G2[0]|G3[0]|G7[0]|OUT:rise,A -> G1 -> G2 -> G3 -> G7
778,post_optimization,0.38354643272181843,0,0.29841975273656346,0.016580247263436543,0,False,A:rise|G1[0]|G2[0]|G3[0]|G7[0]|OUT:rise,A -> G1 -> G2 -> G3 -> G7
779,pre_optimization,0.22231255478689957,0,0.3119085127848097,0.003091487215190314,0,False,A:rise|G1[0]|G2[0]|G3[0]|G7[0]|OUT:rise,A -> G1 -> G2 -> G3 -> G7
779,post_optimization,0.22231255478689957,0,0.2997040279430046,0.0152959720569954,0,False,A:rise|G1[0]|G2[0]|G3[0]|G7[0]|OUT:rise,A -> G1 -> G2 -> G3 -> G7
780,pre_optimization,1.062229480198426,0,0.3325894239748237,-0.017589423974823715,-0.017589423974823715,True,D:rise|G4[0]|G5[0]|G6[0]|G7[1]|OUT:rise,D -> G4 -> G5 -> G6 -> G7
780,post_optimization,1.062229480198426,0,0.3163931459078232,-0.00139314590782319,-0.00139314590782319,True,A:rise|G1[0]|G2[0]|G3[0]|G7[0]|OUT:rise,A -> G1 -> G2 -> G3 -> G7
781,pre_optimization,1.1565342387171171,0,0.3205886767929185,-0.005588676792918523,-0.005588676792918523,True,A:rise|G1[0]|G2[0]|G3[0]|G7[0]|OUT:rise,A -> G1 -> G2 -> G3 -> G7
781,post_optimization,1.1565342387171171,0,0.30807864217882475,0.006921357821175256,0,False,A:rise|G1[0]|G2[0]|G3[0]|G7[0]|OUT:rise,A -> G1 -> G2 -> G3 -> G7
782,pre_optimization,0.7808321902016108,0,0.3367525948919591,-0.021752594891959076,-0.021752594891959076,True,D:rise|G4[0]|G5[0]|G6[0]|G7[1]|OUT:rise,D -> G4 -> G5 -> G6 -> G7
782,post_optimization,0.7808321902016108,0,0.3171325144951986,-0.0021325144951985786,-0.0021325144951985786,True,D:rise|G4[0]|G5[0]|G6[0]|G7[1]|OUT:rise,D -> G4 -> G5 -> G6 -> G7
783,pre_optimization,0.5250361154581323,0,0.32917833098203764,-0.014178330982037635,-0.014178330982037635,True,A:rise|G1[0]|G2[0]|G3[0]|G7[0]|OUT:rise,A -> G1 -> G2 -> G3 -> G7
783,post_optimization,0.5250361154581323,0,0.3183692994254233,-0.0033692994254233,-0.0033692994254233,True,A:rise|G1[0]|G2[0]|G3[0]|G7[0]|OUT:rise,A -> G1 -> G2 -> G3 -> G7
784,pre_optimization,0.7270263825172382,0,0.3396178405396049,-0.024617840539604918,-0.024617840539604918,True,A:rise|G1[0]|G2[0]|G3[0]|G7[0]|OUT:rise,A -> G1 -> G2 -> G3 -> G7
784,post_optimization,0.7270263825172382,0,0.32696138067608876,-0.011961380676088762,-0.011961380676088762,True,A:rise|G1[0]|G2[0]|G3[0]|G7[0]|OUT:rise,A -> G1 -> G2 -> G3 -> G7
785,pre_optimization,0.2207212272774282,0,0.3336851015215679,-0.01868510152156788,-0.01868510152156788,True,D:rise|G4[0]|G5[0]|G6[0]|G7[1]|OUT:rise,D -> G4 -> G5 -> G6 -> G7
785,post_optimization,0.2207212272774282,0,0.31208742719256133,0.0029125728074386736,0,False,D:rise|G4[0]|G5[0]|G6[0]|G7[1]|OUT:rise,D -> G4 -> G5 -> G6 -> G7
786,pre_optimization,0.5674628068116765,0,0.33597141158021093,-0.02097141158021093,-0.02097141158021093,True,D:rise|G4[0]|G5[0]|G6[0]|G7[1]|OUT:rise,D -> G4 -> G5 -> G6 -> G7
786,post_optimization,0.5674628068116765,0,0.31736816111297095,-0.0023681611129709457,-0.0023681611129709457,True,A:rise|G1[0]|G2[0]|G3[0]|G7[0]|OUT:rise,A -> G1 -> G2 -> G3 -> G7
787,pre_optimization,1.6208332659334346,0,0.33389339357238046,-0.018893393572380457,-0.018893393572380457,True,D:rise|G4[0]|G5[0]|G6[0]|G7[1]|OUT:rise,D -> G4 -> G5 -> G6 -> G7
787,post_optimization,1.6208332659334346,0,0.315751278095574,-0.000751278095574015,-0.000751278095574015,True,D:rise|G4[0]|G5[0]|G6[0]|G7[1]|OUT:rise,D -> G4 -> G5 -> G6 -> G7
788,pre_optimization,-1.2380336834003212,0,0.3091043613783626,0.005895638621637389,0,False,D:rise|G4[0]|G5[0]|G6[0]|G7[1]|OUT:rise,D -> G4 -> G5 -> G6 -> G7
788,post_optimization,-1.2380336834003212,0,0.2929724592172644,0.02202754078273561,0,False,D:rise|G4[0]|G5[0]|G6[0]|G7[1]|OUT:rise,D -> G4 -> G5 -> G6 -> G7
789,pre_optimization,-0.4737854987904988,0,0.3159409160013022,-0.0009409160013021944,-0.0009409160013021944,True,D:rise|G4[0]|G5[0]|G6[0]|G7[1]|OUT:rise,D -> G4 -> G5 -> G6 -> G7
789,post_optimization,-0.4737854987904988,0,0.30174310949864447,0.013256890501355534,0,False,A:rise|G1[0]|G2[0]|G3[0]|G7[0]|OUT:rise,A -> G1 -> G2 -> G3 -> G7
790,pre_optimization,1.2820516052658044,0,0.3363969243870716,-0.02139692438707158,-0.02139692438707158,True,A:rise|G1[0]|G2[0]|G3[0]|G7[0]|OUT:rise,A -> G1 -> G2 -> G3 -> G7
790,post_optimization,1.2820516052658044,0,0.3231086387939123,-0.00810863879391227,-0.00810863879391227,True,A:rise|G1[0]|G2[0]|G3[0]|G7[0]|OUT:rise,A -> G1 -> G2 -> G3 -> G7
791,pre_optimization,0.5868666692561446,0,0.32224290484250967,-0.007242904842509668,-0.007242904842509668,True,A:rise|G1[0]|G2[0]|G3[0]|G7[0]|OUT:rise,A -> G1 -> G2 -> G3 -> G7
791,post_optimization,0.5868666692561446,0,0.3122213470877485,0.002778652912251489,0,False,A:rise|G1[0]|G2[0]|G3[0]|G7[0]|OUT:rise,A -> G1 -> G2 -> G3 -> G7
792,pre_optimization,-0.7032696283415253,0,0.30118786877300496,0.01381213122699504,0,False,D:rise|G4[0]|G5[0]|G6[0]|G7[1]|OUT:rise,D -> G4 -> G5 -> G6 -> G7
792,post_optimization,-0.7032696283415253,0,0.28712036558049525,0.02787963441950475,0,False,D:rise|G4[0]|G5[0]|G6[0]|G7[1]|OUT:rise,D -> G4 -> G5 -> G6 -> G7
793,pre_optimization,-0.0017393982247200942,0,0.3243517639531005,-0.0093517639531005,-0.0093517639531005,True,D:rise|G4[0]|G5[0]|G6[0]|G7[1]|OUT:rise,D -> G4 -> G5 -> G6 -> G7
793,post_optimization,-0.0017393982247200942,0,0.3056814859056853,0.009318514094314723,0,False,D:rise|G4[0]|G5[0]|G6[0]|G7[1]|OUT:rise,D -> G4 -> G5 -> G6 -> G7
794,pre_optimization,1.4103648202111032,0,0.3299189050143162,-0.014918905014316197,-0.014918905014316197,True,D:rise|G4[0]|G5[0]|G6[0]|G7[1]|OUT:rise,D -> G4 -> G5 -> G6 -> G7
794,post_optimization,1.4103648202111032,0,0.3120490253105682,0.0029509746894317845,0,False,D:rise|G4[0]|G5[0]|G6[0]|G7[1]|OUT:rise,D -> G4 -> G5 -> G6 -> G7
795,pre_optimization,-0.3917961417360547,0,0.3163244066878597,-0.0013244066878597138,-0.0013244066878597138,True,D:rise|G4[0]|G5[0]|G6[0]|G7[1]|OUT:rise,D -> G4 -> G5 -> G6 -> G7
795,post_optimization,-0.3917961417360547,0,0.29942149183578576,0.015578508164214244,0,False,D:rise|G4[0]|G5[0]|G6[0]|G7[1]|OUT:rise,D -> G4 -> G5 -> G6 -> G7
796,pre_optimization,-0.3437616496415358,0,0.31599909729384135,-0.0009990972938413445,-0.0009990972938413445,True,A:rise|G1[0]|G2[0]|G3[0]|G7[0]|OUT:rise,A -> G1 -> G2 -> G3 -> G7
796,post_optimization,-0.3437616496415358,0,0.3020488729298719,0.012951127070128077,0,False,A:rise|G1[0]|G2[0]|G3[0]|G7[0]|OUT:rise,A -> G1 -> G2 -> G3 -> G7
797,pre_optimization,-0.42048545275531246,0,0.31335788156934297,0.0016421184306570358,0,False,A:rise|G1[0]|G2[0]|G3[0]|G7[0]|OUT:rise,A -> G1 -> G2 -> G3 -> G7
797,post_optimization,-0.42048545275531246,0,0.3027616075464442,0.01223839245355579,0,False,A:rise|G1[0]|G2[0]|G3[0]|G7[0]|OUT:rise,A -> G1 -> G2 -> G3 -> G7
798,pre_optimization,0.223439040513349,0,0.32366227771885203,-0.00866227771885203,-0.00866227771885203,True,D:rise|G4[0]|G5[0]|G6[0]|G7[1]|OUT:rise,D -> G4 -> G5 -> G6 -> G7
798,post_optimization,0.223439040513349,0,0.30443463598537657,0.010565364014623435,0,False,D:rise|G4[0]|G5[0]|G6[0]|G7[1]|OUT:rise,D -> G4 -> G5 -> G6 -> G7
799,pre_optimization,0.4479814944892864,0,0.3249098454569936,-0.009909845456993582,-0.009909845456993582,True,A:rise|G1[0]|G2[0]|G3[0]|G7[0]|OUT:rise,A -> G1 -> G2 -> G3 -> G7
799,post_optimization,0.4479814944892864,0,0.3122547082698707,0.002745291730129329,0,False,A:rise|G1[0]|G2[0]|G3[0]|G7[0]|OUT:rise,A -> G1 -> G2 -> G3 -> G7
800,pre_optimization,0.2849338111880372,0,0.3177083668207533,-0.0027083668207533163,-0.0027083668207533163,True,D:rise|G4[0]|G5[0]|G6[0]|G7[1]|OUT:rise,D -> G4 -> G5 -> G6 -> G7
800,post_optimization,0.2849338111880372,0,0.30192306972580973,0.013076930274190268,0,False,D:rise|G4[0]|G5[0]|G6[0]|G7[1]|OUT:rise,D -> G4 -> G5 -> G6 -> G7
801,pre_optimization,-1.6492795454166087,0,0.30437177683260624,0.010628223167393758,0,False,D:rise|G4[0]|G5[0]|G6[0]|G7[1]|OUT:rise,D -> G4 -> G5 -> G6 -> G7
801,post_optimization,-1.6492795454166087,0,0.286404834791381,0.02859516520861899,0,False,D:rise|G4[0]|G5[0]|G6[0]|G7[1]|OUT:rise,D -> G4 -> G5 -> G6 -> G7
802,pre_optimization,0.1159944074330973,0,0.32210931523581005,-0.007109315235810043,-0.007109315235810043,True,D:rise|G4[0]|G5[0]|G6[0]|G7[1]|OUT:rise,D -> G4 -> G5 -> G6 -> G7
802,post_optimization,0.1159944074330973,0,0.3040532181264736,0.010946781873526379,0,False,D:rise|G4[0]|G5[0]|G6[0]|G7[1]|OUT:rise,D -> G4 -> G5 -> G6 -> G7
803,pre_optimization,-0.4515742465585932,0,0.3163213885156808,-0.0013213885156808103,-0.0013213885156808103,True,D:rise|G4[0]|G5[0]|G6[0]|G7[1]|OUT:rise,D -> G4 -> G5 -> G6 -> G7
803,post_optimization,-0.4515742465585932,0,0.3019602356260655,0.013039764373934504,0,False,A:rise|G1[0]|G2[0]|G3[0]|G7[0]|OUT:rise,A -> G1 -> G2 -> G3 -> G7
804,pre_optimization,-0.9354680928198837,0,0.30481595044140714,0.010184049558592867,0,False,A:rise|G1[0]|G2[0]|G3[0]|G7[0]|OUT:rise,A -> G1 -> G2 -> G3 -> G7
804,post_optimization,-0.9354680928198837,0,0.29098249090305095,0.024017509096949052,0,False,A:rise|G1[0]|G2[0]|G3[0]|G7[0]|OUT:rise,A -> G1 -> G2 -> G3 -> G7
805,pre_optimization,-1.6835119582289229,0,0.3097063733265813,0.005293626673418705,0,False,D:rise|G4[0]|G5[0]|G6[0]|G7[1]|OUT:rise,D -> G4 -> G5 -> G6 -> G7
805,post_optimization,-1.6835119582289229,0,0.29214716278384717,0.022852837216152833,0,False,D:rise|G4[0]|G5[0]|G6[0]|G7[1]|OUT:rise,D -> G4 -> G5 -> G6 -> G7
806,pre_optimization,1.3091440573491984,0,0.3291604226470225,-0.014160422647022497,-0.014160422647022497,True,D:rise|G4[0]|G5[0]|G6[0]|G7[1]|OUT:rise,D -> G4 -> G5 -> G6 -> G7
806,post_optimization,1.3091440573491984,0,0.3105634480721985,0.004436551927801513,0,False,A:rise|G1[0]|G2[0]|G3[0]|G7[0]|OUT:rise,A -> G1 -> G2 -> G3 -> G7
807,pre_optimization,1.3045930984758305,0,0.33084671991236625,-0.015846719912366247,-0.015846719912366247,True,D:rise|G4[0]|G5[0]|G6[0]|G7[1]|OUT:rise,D -> G4 -> G5 -> G6 -> G7
807,post_optimization,1.3045930984758305,0,0.31310949293565,0.001890507064350011,0,False,A:rise|G1[0]|G2[0]|G3[0]|G7[0]|OUT:rise,A -> G1 -> G2 -> G3 -> G7
808,pre_optimization,-1.9651802186747982,0,0.29366080783510773,0.021339192164892273,0,False,A:rise|G1[0]|G2[0]|G3[0]|G7[0]|OUT:rise,A -> G1 -> G2 -> G3 -> G7
808,post_optimization,-1.9651802186747982,0,0.2845630705021093,0.030436929497890675,0,False,A:rise|G1[0]|G2[0]|G3[0]|G7[0]|OUT:rise,A -> G1 -> G2 -> G3 -> G7
809,pre_optimization,0.44045610280832814,0,0.318582545000117,-0.00358254500011701,-0.00358254500011701,True,A:rise|G1[0]|G2[0]|G3[0]|G7[0]|OUT:rise,A -> G1 -> G2 -> G3 -> G7
809,post_optimization,0.44045610280832814,0,0.30875770742870096,0.006242292571299046,0,False,A:rise|G1[0]|G2[0]|G3[0]|G7[0]|OUT:rise,A -> G1 -> G2 -> G3 -> G7
810,pre_optimization,-0.3855476792719565,0,0.31600454530360106,-0.0010045453036010565,-0.0010045453036010565,True,D:rise|G4[0]|G5[0]|G6[0]|G7[1]|OUT:rise,D -> G4 -> G5 -> G6 -> G7
810,post_optimization,-0.3855476792719565,0,0.2972757059101286,0.017724294089871417,0,False,D:rise|G4[0]|G5[0]|G6[0]|G7[1]|OUT:rise,D -> G4 -> G5 -> G6 -> G7
811,pre_optimization,-0.7868805960202876,0,0.3077993651820426,0.0072006348179574076,0,False,A:rise|G1[0]|G2[0]|G3[0]|G7[0]|OUT:rise,A -> G1 -> G2 -> G3 -> G7
811,post_optimization,-0.7868805960202876,0,0.29420822939347097,0.020791770606529036,0,False,A:rise|G1[0]|G2[0]|G3[0]|G7[0]|OUT:rise,A -> G1 -> G2 -> G3 -> G7
812,pre_optimization,0.8595412826408283,0,0.32494266347193723,-0.00994266347193723,-0.00994266347193723,True,D:rise|G4[0]|G5[0]|G6[0]|G7[1]|OUT:rise,D -> G4 -> G5 -> G6 -> G7
812,post_optimization,0.8595412826408283,0,0.31137283895148526,0.0036271610485147376,0,False,A:rise|G1[0]|G2[0]|G3[0]|G7[0]|OUT:rise,A -> G1 -> G2 -> G3 -> G7
813,pre_optimization,-0.9950671266122322,0,0.32400175908816164,-0.009001759088161643,-0.009001759088161643,True,D:rise|G4[0]|G5[0]|G6[0]|G7[1]|OUT:rise,D -> G4 -> G5 -> G6 -> G7
813,post_optimization,-0.9950671266122322,0,0.3057448824135349,0.009255117586465078,0,False,D:rise|G4[0]|G5[0]|G6[0]|G7[1]|OUT:rise,D -> G4 -> G5 -> G6 -> G7
814,pre_optimization,1.4128543869716508,0,0.33716602223750247,-0.02216602223750247,-0.02216602223750247,True,D:rise|G4[0]|G5[0]|G6[0]|G7[1]|OUT:rise,D -> G4 -> G5 -> G6 -> G7
814,post_optimization,1.4128543869716508,0,0.31771458732019126,-0.002714587320191253,-0.002714587320191253,True,D:rise|G4[0]|G5[0]|G6[0]|G7[1]|OUT:rise,D -> G4 -> G5 -> G6 -> G7
815,pre_optimization,0.9873141191022676,0,0.33501081393592425,-0.020010813935924243,-0.020010813935924243,True,D:rise|G4[0]|G5[0]|G6[0]|G7[1]|OUT:rise,D -> G4 -> G5 -> G6 -> G7
815,post_optimization,0.9873141191022676,0,0.3163180085345167,-0.0013180085345166903,-0.0013180085345166903,True,D:rise|G4[0]|G5[0]|G6[0]|G7[1]|OUT:rise,D -> G4 -> G5 -> G6 -> G7
816,pre_optimization,2.4194170329791556,0,0.3414649675639598,-0.026464967563959774,-0.026464967563959774,True,D:rise|G4[0]|G5[0]|G6[0]|G7[1]|OUT:rise,D -> G4 -> G5 -> G6 -> G7
816,post_optimization,2.4194170329791556,0,0.3231455645975598,-0.008145564597559773,-0.008145564597559773,True,D:rise|G4[0]|G5[0]|G6[0]|G7[1]|OUT:rise,D -> G4 -> G5 -> G6 -> G7
817,pre_optimization,0.8456863934329688,0,0.32887882174048605,-0.013878821740486047,-0.013878821740486047,True,D:rise|G4[0]|G5[0]|G6[0]|G7[1]|OUT:rise,D -> G4 -> G5 -> G6 -> G7
817,post_optimization,0.8456863934329688,0,0.31233673782890176,0.0026632621710982463,0,False,A:rise|G1[0]|G2[0]|G3[0]|G7[0]|OUT:rise,A -> G1 -> G2 -> G3 -> G7
818,pre_optimization,-1.666344854068261,0,0.3054462601418335,0.009553739858166488,0,False,A:rise|G1[0]|G2[0]|G3[0]|G7[0]|OUT:rise,A -> G1 -> G2 -> G3 -> G7
818,post_optimization,-1.666344854068261,0,0.2923838780217221,0.022616121978277892,0,False,A:rise|G1[0]|G2[0]|G3[0]|G7[0]|OUT:rise,A -> G1 -> G2 -> G3 -> G7
819,pre_optimization,0.3170792350516178,0,0.32259293319652194,-0.007592933196521934,-0.007592933196521934,True,A:rise|G1[0]|G2[0]|G3[0]|G7[0]|OUT:rise,A -> G1 -> G2 -> G3 -> G7
819,post_optimization,0.3170792350516178,0,0.3118574299640366,0.00314257003596341,0,False,A:rise|G1[0]|G2[0]|G3[0]|G7[0]|OUT:rise,A -> G1 -> G2 -> G3 -> G7
820,pre_optimization,1.6004118979452655,0,0.34445365747016843,-0.029453657470168426,-0.029453657470168426,True,A:rise|G1[0]|G2[0]|G3[0]|G7[0]|OUT:rise,A -> G1 -> G2 -> G3 -> G7
820,post_optimization,1.6004118979452655,0,0.3301121842776153,-0.015112184277615293,-0.015112184277615293,True,A:rise|G1[0]|G2[0]|G3[0]|G7[0]|OUT:rise,A -> G1 -> G2 -> G3 -> G7
821,pre_optimization,-0.19550081989638632,0,0.31835639761321727,-0.0033563976132172657,-0.0033563976132172657,True,D:rise|G4[0]|G5[0]|G6[0]|G7[1]|OUT:rise,D -> G4 -> G5 -> G6 -> G7
821,post_optimization,-0.19550081989638632,0,0.3007807546913588,0.014219245308641215,0,False,D:rise|G4[0]|G5[0]|G6[0]|G7[1]|OUT:rise,D -> G4 -> G5 -> G6 -> G7
822,pre_optimization,-0.7110803337778911,0,0.3209532415855,-0.00595324158549998,-0.00595324158549998,True,D:rise|G4[0]|G5[0]|G6[0]|G7[1]|OUT:rise,D -> G4 -> G5 -> G6 -> G7
822,post_optimization,-0.7110803337778911,0,0.3037799092417494,0.01122009075825059,0,False,A:rise|G1[0]|G2[0]|G3[0]|G7[0]|OUT:rise,A -> G1 -> G2 -> G3 -> G7
823,pre_optimization,0.06413675141134643,0,0.31576495222316014,-0.0007649522231601424,-0.0007649522231601424,True,D:rise|G4[0]|G5[0]|G6[0]|G7[1]|OUT:rise,D -> G4 -> G5 -> G6 -> G7
823,post_optimization,0.06413675141134643,0,0.2996298424295548,0.015370157570445186,0,False,D:rise|G4[0]|G5[0]|G6[0]|G7[1]|OUT:rise,D -> G4 -> G5 -> G6 -> G7
824,pre_optimization,-0.11377431577913008,0,0.314707710178152,0.0002922898218479797,0,False,D:rise|G4[0]|G5[0]|G6[0]|G7[1]|OUT:rise,D -> G4 -> G5 -> G6 -> G7
824,post_optimization,-0.11377431577913008,0,0.2993650997680798,0.015634900231920212,0,False,D:rise|G4[0]|G5[0]|G6[0]|G7[1]|OUT:rise,D -> G4 -> G5 -> G6 -> G7
825,pre_optimization,0.15790339871768488,0,0.32747803788021457,-0.012478037880214565,-0.012478037880214565,True,D:rise|G4[0]|G5[0]|G6[0]|G7[1]|OUT:rise,D -> G4 -> G5 -> G6 -> G7
825,post_optimization,0.15790339871768488,0,0.30748862295908513,0.007511377040914868,0,False,D:rise|G4[0]|G5[0]|G6[0]|G7[1]|OUT:rise,D -> G4 -> G5 -> G6 -> G7
826,pre_optimization,1.6097430325536592,0,0.3290851664768496,-0.014085166476849598,-0.014085166476849598,True,D:rise|G4[0]|G5[0]|G6[0]|G7[1]|OUT:rise,D -> G4 -> G5 -> G6 -> G7
826,post_optimization,1.6097430325536592,0,0.31250278244353946,0.0024972175564605403,0,False,D:rise|G4[0]|G5[0]|G6[0]|G7[1]|OUT:rise,D -> G4 -> G5 -> G6 -> G7
827,pre_optimization,-0.11918383026050376,0,0.3259047757592083,-0.010904775759208285,-0.010904775759208285,True,A:rise|G1[0]|G2[0]|G3[0]|G7[0]|OUT:rise,A -> G1 -> G2 -> G3 -> G7
827,post_optimization,-0.11918383026050376,0,0.3157652331599514,-0.0007652331599514173,-0.0007652331599514173,True,A:rise|G1[0]|G2[0]|G3[0]|G7[0]|OUT:rise,A -> G1 -> G2 -> G3 -> G7
828,pre_optimization,0.0036069650930763684,0,0.3173175527705763,-0.0023175527705763255,-0.0023175527705763255,True,D:rise|G4[0]|G5[0]|G6[0]|G7[1]|OUT:rise,D -> G4 -> G5 -> G6 -> G7
828,post_optimization,0.0036069650930763684,0,0.2979151252052708,0.0170848747947292,0,False,D:rise|G4[0]|G5[0]|G6[0]|G7[1]|OUT:rise,D -> G4 -> G5 -> G6 -> G7
829,pre_optimization,-0.637008386782796,0,0.3228882313559435,-0.00788823135594352,-0.00788823135594352,True,D:rise|G4[0]|G5[0]|G6[0]|G7[1]|OUT:rise,D -> G4 -> G5 -> G6 -> G7
829,post_optimization,-0.637008386782796,0,0.30506229181423405,0.009937708185765948,0,False,A:rise|G1[0]|G2[0]|G3[0]|G7[0]|OUT:rise,A -> G1 -> G2 -> G3 -> G7
830,pre_optimization,0.2829499748979195,0,0.32943135459881123,-0.01443135459881123,-0.01443135459881123,True,D:rise|G4[0]|G5[0]|G6[0]|G7[1]|OUT:rise,D -> G4 -> G5 -> G6 -> G7
830,post_optimization,0.2829499748979195,0,0.3092419407879138,0.0057580592120862195,0,False,D:rise|G4[0]|G5[0]|G6[0]|G7[1]|OUT:rise,D -> G4 -> G5 -> G6 -> G7
831,pre_optimization,-0.47563981310303893,0,0.30586450324729136,0.009135496752708638,0,False,D:rise|G4[0]|G5[0]|G6[0]|G7[1]|OUT:rise,D -> G4 -> G5 -> G6 -> G7
831,post_optimization,-0.47563981310303893,0,0.29098481506411994,0.024015184935880063,0,False,D:rise|G4[0]|G5[0]|G6[0]|G7[1]|OUT:rise,D -> G4 -> G5 -> G6 -> G7
832,pre_optimization,-0.07345743989717678,0,0.31765521798123586,-0.002655217981235858,-0.002655217981235858,True,D:rise|G4[0]|G5[0]|G6[0]|G7[1]|OUT:rise,D -> G4 -> G5 -> G6 -> G7
832,post_optimization,-0.07345743989717678,0,0.3010877289874619,0.013912271012538113,0,False,A:rise|G1[0]|G2[0]|G3[0]|G7[0]|OUT:rise,A -> G1 -> G2 -> G3 -> G7
833,pre_optimization,-0.683328187164441,0,0.3161250039830664,-0.0011250039830664194,-0.0011250039830664194,True,A:rise|G1[0]|G2[0]|G3[0]|G7[0]|OUT:rise,A -> G1 -> G2 -> G3 -> G7
833,post_optimization,-0.683328187164441,0,0.30526640572075825,0.009733594279241753,0,False,A:rise|G1[0]|G2[0]|G3[0]|G7[0]|OUT:rise,A -> G1 -> G2 -> G3 -> G7
834,pre_optimization,0.495777633815775,0,0.32648095261452625,-0.011480952614526252,-0.011480952614526252,True,D:rise|G4[0]|G5[0]|G6[0]|G7[1]|OUT:rise,D -> G4 -> G5 -> G6 -> G7
834,post_optimization,0.495777633815775,0,0.30789058125809027,0.007109418741909734,0,False,D:rise|G4[0]|G5[0]|G6[0]|G7[1]|OUT:rise,D -> G4 -> G5 -> G6 -> G7
835,pre_optimization,1.4279704319914444,0,0.3323428333354815,-0.017342833335481478,-0.017342833335481478,True,A:rise|G1[0]|G2[0]|G3[0]|G7[0]|OUT:rise,A -> G1 -> G2 -> G3 -> G7
835,post_optimization,1.4279704319914444,0,0.3185375145260568,-0.003537514526056773,-0.003537514526056773,True,A:rise|G1[0]|G2[0]|G3[0]|G7[0]|OUT:rise,A -> G1 -> G2 -> G3 -> G7
836,pre_optimization,0.7542776722003265,0,0.33191461423853275,-0.016914614238532744,-0.016914614238532744,True,D:rise|G4[0]|G5[0]|G6[0]|G7[1]|OUT:rise,D -> G4 -> G5 -> G6 -> G7
836,post_optimization,0.7542776722003265,0,0.31464790819431504,0.000352091805684962,0,False,D:rise|G4[0]|G5[0]|G6[0]|G7[1]|OUT:rise,D -> G4 -> G5 -> G6 -> G7
837,pre_optimization,-0.17391418384564983,0,0.3179747918867879,-0.0029747918867878975,-0.0029747918867878975,True,A:rise|G1[0]|G2[0]|G3[0]|G7[0]|OUT:rise,A -> G1 -> G2 -> G3 -> G7
837,post_optimization,-0.17391418384564983,0,0.3043850098988296,0.010614990101170396,0,False,A:rise|G1[0]|G2[0]|G3[0]|G7[0]|OUT:rise,A -> G1 -> G2 -> G3 -> G7
838,pre_optimization,-1.5072963332365767,0,0.30800290981911416,0.0069970901808858454,0,False,D:rise|G4[0]|G5[0]|G6[0]|G7[1]|OUT:rise,D -> G4 -> G5 -> G6 -> G7
838,post_optimization,-1.5072963332365767,0,0.2899737789199844,0.02502622108001562,0,False,A:rise|G1[0]|G2[0]|G3[0]|G7[0]|OUT:rise,A -> G1 -> G2 -> G3 -> G7
839,pre_optimization,-2.0746879299489787,0,0.30002629278994775,0.014973707210052256,0,False,A:rise|G1[0]|G2[0]|G3[0]|G7[0]|OUT:rise,A -> G1 -> G2 -> G3 -> G7
839,post_optimization,-2.0746879299489787,0,0.29054763100742287,0.024452368992577134,0,False,A:rise|G1[0]|G2[0]|G3[0]|G7[0]|OUT:rise,A -> G1 -> G2 -> G3 -> G7
840,pre_optimization,-0.8855034783948208,0,0.31291513880541255,0.0020848611945874507,0,False,D:rise|G4[0]|G5[0]|G6[0]|G7[1]|OUT:rise,D -> G4 -> G5 -> G6 -> G7
840,post_optimization,-0.8855034783948208,0,0.29448035772380043,0.020519642276199568,0,False,D:rise|G4[0]|G5[0]|G6[0]|G7[1]|OUT:rise,D -> G4 -> G5 -> G6 -> G7
841,pre_optimization,2.1629153809038795,0,0.33631501473236736,-0.021315014732367354,-0.021315014732367354,True,D:rise|G4[0]|G5[0]|G6[0]|G7[1]|OUT:rise,D -> G4 -> G5 -> G6 -> G7
841,post_optimization,2.1629153809038795,0,0.31853285116767827,-0.0035328511676782637,-0.0035328511676782637,True,D:rise|G4[0]|G5[0]|G6[0]|G7[1]|OUT:rise,D -> G4 -> G5 -> G6 -> G7
842,pre_optimization,-1.745930551493011,0,0.29939676803535,0.015603231964650022,0,False,D:rise|G4[0]|G5[0]|G6[0]|G7[1]|OUT:rise,D -> G4 -> G5 -> G6 -> G7
842,post_optimization,-1.745930551493011,0,0.2830146699149934,0.03198533008500659,0,False,D:rise|G4[0]|G5[0]|G6[0]|G7[1]|OUT:rise,D -> G4 -> G5 -> G6 -> G7
843,pre_optimization,-0.7225194421166862,0,0.3305263077169802,-0.015526307716980214,-0.015526307716980214,True,D:rise|G4[0]|G5[0]|G6[0]|G7[1]|OUT:rise,D -> G4 -> G5 -> G6 -> G7
843,post_optimization,-0.7225194421166862,0,0.3119723652426659,0.0030276347573340856,0,False,D:rise|G4[0]|G5[0]|G6[0]|G7[1]|OUT:rise,D -> G4 -> G5 -> G6 -> G7
844,pre_optimization,1.532027494597641,0,0.34255098574873544,-0.027550985748735435,-0.027550985748735435,True,A:rise|G1[0]|G2[0]|G3[0]|G7[0]|OUT:rise,A -> G1 -> G2 -> G3 -> G7
844,post_optimization,1.532027494597641,0,0.3288063266275406,-0.01380632662754061,-0.01380632662754061,True,A:rise|G1[0]|G2[0]|G3[0]|G7[0]|OUT:rise,A -> G1 -> G2 -> G3 -> G7
845,pre_optimization,2.4301579307773022,0,0.34107758644027486,-0.026077586440274858,-0.026077586440274858,True,A:rise|G1[0]|G2[0]|G3[0]|G7[0]|OUT:rise,A -> G1 -> G2 -> G3 -> G7
845,post_optimization,2.4301579307773022,0,0.3253895464379779,-0.010389546437977903,-0.010389546437977903,True,A:rise|G1[0]|G2[0]|G3[0]|G7[0]|OUT:rise,A -> G1 -> G2 -> G3 -> G7
846,pre_optimization,-0.5395594119654146,0,0.3170451645860608,-0.002045164586060799,-0.002045164586060799,True,D:rise|G4[0]|G5[0]|G6[0]|G7[1]|OUT:rise,D -> G4 -> G5 -> G6 -> G7
846,post_optimization,-0.5395594119654146,0,0.29957871462115504,0.015421285378844962,0,False,A:rise|G1[0]|G2[0]|G3[0]|G7[0]|OUT:rise,A -> G1 -> G2 -> G3 -> G7
847,pre_optimization,-1.4640005742456692,0,0.2903842751668121,0.024615724833187913,0,False,D:rise|G4[0]|G5[0]|G6[0]|G7[1]|OUT:rise,D -> G4 -> G5 -> G6 -> G7
847,post_optimization,-1.4640005742456692,0,0.27460582244247844,0.04039417755752156,0,False,A:rise|G1[0]|G2[0]|G3[0]|G7[0]|OUT:rise,A -> G1 -> G2 -> G3 -> G7
848,pre_optimization,-0.13127279850822837,0,0.3236566385221567,-0.008656638522156701,-0.008656638522156701,True,D:rise|G4[0]|G5[0]|G6[0]|G7[1]|OUT:rise,D -> G4 -> G5 -> G6 -> G7
848,post_optimization,-0.13127279850822837,0,0.30570541052645167,0.009294589473548331,0,False,D:rise|G4[0]|G5[0]|G6[0]|G7[1]|OUT:rise,D -> G4 -> G5 -> G6 -> G7
849,pre_optimization,-1.2987285279114655,0,0.3051959174517652,0.009804082548234783,0,False,A:rise|G1[0]|G2[0]|G3[0]|G7[0]|OUT:rise,A -> G1 -> G2 -> G3 -> G7
849,post_optimization,-1.2987285279114655,0,0.292508575338678,0.02249142466132198,0,False,A:rise|G1[0]|G2[0]|G3[0]|G7[0]|OUT:rise,A -> G1 -> G2 -> G3 -> G7
850,pre_optimization,-1.6421643724517865,0,0.3046818496254588,0.010318150374541202,0,False,A:rise|G1[0]|G2[0]|G3[0]|G7[0]|OUT:rise,A -> G1 -> G2 -> G3 -> G7
850,post_optimization,-1.6421643724517865,0,0.29226453155608567,0.02273546844391433,0,False,A:rise|G1[0]|G2[0]|G3[0]|G7[0]|OUT:rise,A -> G1 -> G2 -> G3 -> G7
851,pre_optimization,-2.1292942495161946,0,0.30254155963864765,0.012458440361352352,0,False,D:rise|G4[0]|G5[0]|G6[0]|G7[1]|OUT:rise,D -> G4 -> G5 -> G6 -> G7
851,post_optimization,-2.1292942495161946,0,0.286492068671521,0.028507931328479008,0,False,D:rise|G4[0]|G5[0]|G6[0]|G7[1]|OUT:rise,D -> G4 -> G5 -> G6 -> G7
852,pre_optimization,-1.8837150082433467,0,0.29642453150652126,0.018575468493478742,0,False,A:rise|G1[0]|G2[0]|G3[0]|G7[0]|OUT:rise,A -> G1 -> G2 -> G3 -> G7
852,post_optimization,-1.8837150082433467,0,0.28414593139643846,0.030854068603561546,0,False,A:rise|G1[0]|G2[0]|G3[0]|G7[0]|OUT:rise,A -> G1 -> G2 -> G3 -> G7
853,pre_optimization,0.009351654236248539,0,0.3121169982287678,0.0028830017712321854,0,False,D:rise|G4[0]|G5[0]|G6[0]|G7[1]|OUT:rise,D -> G4 -> G5 -> G6 -> G7
853,post_optimization,0.009351654236248539,0,0.2968110893426049,0.018188910657395085,0,False,A:rise|G1[0]|G2[0]|G3[0]|G7[0]|OUT:rise,A -> G1 -> G2 -> G3 -> G7
854,pre_optimization,0.5753530861282263,0,0.33461244040978055,-0.01961244040978055,-0.01961244040978055,True,D:rise|G4[0]|G5[0]|G6[0]|G7[1]|OUT:rise,D -> G4 -> G5 -> G6 -> G7
854,post_optimization,0.5753530861282263,0,0.31354472901568964,0.001455270984310364,0,False,A:rise|G1[0]|G2[0]|G3[0]|G7[0]|OUT:rise,A -> G1 -> G2 -> G3 -> G7
855,pre_optimization,0.7945471452329117,0,0.3250444813859804,-0.010044481385980408,-0.010044481385980408,True,A:rise|G1[0]|G2[0]|G3[0]|G7[0]|OUT:rise,A -> G1 -> G2 -> G3 -> G7
855,post_optimization,0.7945471452329117,0,0.31343791681602046,0.0015620831839795457,0,False,A:rise|G1[0]|G2[0]|G3[0]|G7[0]|OUT:rise,A -> G1 -> G2 -> G3 -> G7
856,pre_optimization,-0.5589099516277243,0,0.30972485834561136,0.005275141654388638,0,False,A:rise|G1[0]|G2[0]|G3[0]|G7[0]|OUT:rise,A -> G1 -> G2 -> G3 -> G7
856,post_optimization,-0.5589099516277243,0,0.29975158265338697,0.01524841734661303,0,False,A:rise|G1[0]|G2[0]|G3[0]|G7[0]|OUT:rise,A -> G1 -> G2 -> G3 -> G7
857,pre_optimization,-0.2291602981788774,0,0.3116071937774068,0.003392806222593192,0,False,D:rise|G4[0]|G5[0]|G6[0]|G7[1]|OUT:rise,D -> G4 -> G5 -> G6 -> G7
857,post_optimization,-0.2291602981788774,0,0.29515449745443245,0.01984550254556755,0,False,D:rise|G4[0]|G5[0]|G6[0]|G7[1]|OUT:rise,D -> G4 -> G5 -> G6 -> G7
858,pre_optimization,-1.4533183068012627,0,0.3033874123529628,0.01161258764703721,0,False,D:rise|G4[0]|G5[0]|G6[0]|G7[1]|OUT:rise,D -> G4 -> G5 -> G6 -> G7
858,post_optimization,-1.4533183068012627,0,0.2846126217072401,0.030387378292759892,0,False,D:rise|G4[0]|G5[0]|G6[0]|G7[1]|OUT:rise,D -> G4 -> G5 -> G6 -> G7
859,pre_optimization,1.601663907827901,0,0.35589269358261577,-0.04089269358261577,-0.04331929346080199,True,D:rise|G4[0]|G5[0]|G6[0]|G7[1]|OUT:rise,D -> G4 -> G5 -> G6 -> G7
859,post_optimization,1.601663907827901,0,0.33557911119307465,-0.02057911119307465,-0.02057911119307465,True,D:rise|G4[0]|G5[0]|G6[0]|G7[1]|OUT:rise,D -> G4 -> G5 -> G6 -> G7
860,pre_optimization,0.25913305150732385,0,0.33072506582770556,-0.015725065827705553,-0.015725065827705553,True,D:rise|G4[0]|G5[0]|G6[0]|G7[1]|OUT:rise,D -> G4 -> G5 -> G6 -> G7
860,post_optimization,0.25913305150732385,0,0.313059003087596,0.0019409969124040138,0,False,D:rise|G4[0]|G5[0]|G6[0]|G7[1]|OUT:rise,D -> G4 -> G5 -> G6 -> G7
861,pre_optimization,-1.5839447860506957,0,0.302271889104049,0.012728110895950995,0,False,A:rise|G1[0]|G2[0]|G3[0]|G7[0]|OUT:rise,A -> G1 -> G2 -> G3 -> G7
861,post_optimization,-1.5839447860506957,0,0.2889142103280235,0.0260857896719765,0,False,A:rise|G1[0]|G2[0]|G3[0]|G7[0]|OUT:rise,A -> G1 -> G2 -> G3 -> G7
862,pre_optimization,0.2363482181489827,0,0.32442241724092474,-0.00942241724092474,-0.00942241724092474,True,D:rise|G4[0]|G5[0]|G6[0]|G7[1]|OUT:rise,D -> G4 -> G5 -> G6 -> G7
862,post_optimization,0.2363482181489827,0,0.3082383789937703,0.006761621006229679,0,False,A:rise|G1[0]|G2[0]|G3[0]|G7[0]|OUT:rise,A -> G1 -> G2 -> G3 -> G7
863,pre_optimization,-0.512180513413988,0,0.3099300513214631,0.005069948678536884,0,False,D:rise|G4[0]|G5[0]|G6[0]|G7[1]|OUT:rise,D -> G4 -> G5 -> G6 -> G7
863,post_optimization,-0.512180513413988,0,0.2944550558601585,0.02054494413984148,0,False,A:rise|G1[0]|G2[0]|G3[0]|G7[0]|OUT:rise,A -> G1 -> G2 -> G3 -> G7
864,pre_optimization,0.6343571082819843,0,0.323779451901184,-0.00877945190118401,-0.00877945190118401,True,A:rise|G1[0]|G2[0]|G3[0]|G7[0]|OUT:rise,A -> G1 -> G2 -> G3 -> G7
864,post_optimization,0.6343571082819843,0,0.3112054753373805,0.0037945246626194806,0,False,A:rise|G1[0]|G2[0]|G3[0]|G7[0]|OUT:rise,A -> G1 -> G2 -> G3 -> G7
865,pre_optimization,-1.6267871325288825,0,0.3109226926889169,0.004077307311083078,0,False,A:rise|G1[0]|G2[0]|G3[0]|G7[0]|OUT:rise,A -> G1 -> G2 -> G3 -> G7
865,post_optimization,-1.6267871325288825,0,0.2983311699220975,0.016668830077902486,0,False,A:rise|G1[0]|G2[0]|G3[0]|G7[0]|OUT:rise,A -> G1 -> G2 -> G3 -> G7
866,pre_optimization,-0.4225879327922502,0,0.32114263642108165,-0.006142636421081649,-0.006142636421081649,True,D:rise|G4[0]|G5[0]|G6[0]|G7[1]|OUT:rise,D -> G4 -> G5 -> G6 -> G7
866,post_optimization,-0.4225879327922502,0,0.30111358409780375,0.013886415902196247,0,False,A:rise|G1[0]|G2[0]|G3[0]|G7[0]|OUT:rise,A -> G1 -> G2 -> G3 -> G7
867,pre_optimization,0.6871481902619566,0,0.3346014100669541,-0.019601410066954095,-0.019601410066954095,True,D:rise|G4[0]|G5[0]|G6[0]|G7[1]|OUT:rise,D -> G4 -> G5 -> G6 -> G7
867,post_optimization,0.6871481902619566,0,0.3169926664706978,-0.0019926664706977903,-0.0019926664706977903,True,D:rise|G4[0]|G5[0]|G6[0]|G7[1]|OUT:rise,D -> G4 -> G5 -> G6 -> G7
868,pre_optimization,-0.7916930218295397,0,0.31884927784120193,-0.0038492778412019257,-0.0038492778412019257,True,A:rise|G1[0]|G2[0]|G3[0]|G7[0]|OUT:rise,A -> G1 -> G2 -> G3 -> G7
868,post_optimization,-0.7916930218295397,0,0.3043843836932585,0.010615616306741515,0,False,A:rise|G1[0]|G2[0]|G3[0]|G7[0]|OUT:rise,A -> G1 -> G2 -> G3 -> G7
869,pre_optimization,0.05127500938319326,0,0.3225862295334516,-0.007586229533451616,-0.007586229533451616,True,A:rise|G1[0]|G2[0]|G3[0]|G7[0]|OUT:rise,A -> G1 -> G2 -> G3 -> G7
869,post_optimization,0.05127500938319326,0,0.310818196144299,0.004181803855700994,0,False,A:rise|G1[0]|G2[0]|G3[0]|G7[0]|OUT:rise,A -> G1 -> G2 -> G3 -> G7
870,pre_optimization,-1.054861318138748,0,0.31029515387009027,0.004704846129909734,0,False,A:rise|G1[0]|G2[0]|G3[0]|G7[0]|OUT:rise,A -> G1 -> G2 -> G3 -> G7
870,post_optimization,-1.054861318138748,0,0.29901975531421254,0.01598024468578746,0,False,A:rise|G1[0]|G2[0]|G3[0]|G7[0]|OUT:rise,A -> G1 -> G2 -> G3 -> G7
871,pre_optimization,-0.12280360877871445,0,0.3102509817004077,0.004749018299592289,0,False,A:rise|G1[0]|G2[0]|G3[0]|G7[0]|OUT:rise,A -> G1 -> G2 -> G3 -> G7
871,post_optimization,-0.12280360877871445,0,0.29633368534916643,0.01866631465083357,0,False,A:rise|G1[0]|G2[0]|G3[0]|G7[0]|OUT:rise,A -> G1 -> G2 -> G3 -> G7
872,pre_optimization,-0.03739736917285174,0,0.3154348463029882,-0.00043484630298817883,-0.00043484630298817883,True,D:rise|G4[0]|G5[0]|G6[0]|G7[1]|OUT:rise,D -> G4 -> G5 -> G6 -> G7
872,post_optimization,-0.03739736917285174,0,0.3016296537219628,0.013370346278037182,0,False,A:rise|G1[0]|G2[0]|G3[0]|G7[0]|OUT:rise,A -> G1 -> G2 -> G3 -> G7
873,pre_optimization,-0.2490151545256217,0,0.3189392402623344,-0.003939240262334387,-0.003939240262334387,True,A:rise|G1[0]|G2[0]|G3[0]|G7[0]|OUT:rise,A -> G1 -> G2 -> G3 -> G7
873,post_optimization,-0.2490151545256217,0,0.3067300466703211,0.008269953329678892,0,False,A:rise|G1[0]|G2[0]|G3[0]|G7[0]|OUT:rise,A -> G1 -> G2 -> G3 -> G7
874,pre_optimization,0.5464710813410495,0,0.33844684030646954,-0.02344684030646954,-0.02344684030646954,True,A:rise|G1[0]|G2[0]|G3[0]|G7[0]|OUT:rise,A -> G1 -> G2 -> G3 -> G7
874,post_optimization,0.5464710813410495,0,0.32499191056255344,-0.009991910562553441,-0.009991910562553441,True,A:rise|G1[0]|G2[0]|G3[0]|G7[0]|OUT:rise,A -> G1 -> G2 -> G3 -> G7
875,pre_optimization,-0.7907514955864071,0,0.31558198029398987,-0.0005819802939898699,-0.0005819802939898699,True,D:rise|G4[0]|G5[0]|G6[0]|G7[1]|OUT:rise,D -> G4 -> G5 -> G6 -> G7
875,post_optimization,-0.7907514955864071,0,0.2966578587285287,0.018342141271471324,0,False,D:rise|G4[0]|G5[0]|G6[0]|G7[1]|OUT:rise,D -> G4 -> G5 -> G6 -> G7
876,pre_optimization,-0.9838906189608584,0,0.3093047734832731,0.005695226516726881,0,False,A:rise|G1[0]|G2[0]|G3[0]|G7[0]|OUT:rise,A -> G1 -> G2 -> G3 -> G7
876,post_optimization,-0.9838906189608584,0,0.2959787686330371,0.019021231366962876,0,False,A:rise|G1[0]|G2[0]|G3[0]|G7[0]|OUT:rise,A -> G1 -> G2 -> G3 -> G7
877,pre_optimization,0.5802615585712072,0,0.3128620180536965,0.002137981946303491,0,False,D:rise|G4[0]|G5[0]|G6[0]|G7[1]|OUT:rise,D -> G4 -> G5 -> G6 -> G7
877,post_optimization,0.5802615585712072,0,0.295400377082326,0.019599622917673976,0,False,D:rise|G4[0]|G5[0]|G6[0]|G7[1]|OUT:rise,D -> G4 -> G5 -> G6 -> G7
878,pre_optimization,-0.2623922595620881,0,0.3129147401496399,0.0020852598503601216,0,False,D:rise|G4[0]|G5[0]|G6[0]|G7[1]|OUT:rise,D -> G4 -> G5 -> G6 -> G7
878,post_optimization,-0.2623922595620881,0,0.29477701662623684,0.02022298337376316,0,False,D:rise|G4[0]|G5[0]|G6[0]|G7[1]|OUT:rise,D -> G4 -> G5 -> G6 -> G7
879,pre_optimization,0.81016737649414,0,0.3243283493850032,-0.00932834938500321,-0.00932834938500321,True,A:rise|G1[0]|G2[0]|G3[0]|G7[0]|OUT:rise,A -> G1 -> G2 -> G3 -> G7
879,post_optimization,0.81016737649414,0,0.31115279786162914,0.0038472021383708643,0,False,A:rise|G1[0]|G2[0]|G3[0]|G7[0]|OUT:rise,A -> G1 -> G2 -> G3 -> G7
880,pre_optimization,-0.2762323399915621,0,0.3236325697899822,-0.008632569789982225,-0.008632569789982225,True,A:rise|G1[0]|G2[0]|G3[0]|G7[0]|OUT:rise,A -> G1 -> G2 -> G3 -> G7
880,post_optimization,-0.2762323399915621,0,0.308338361463003,0.006661638536997028,0,False,A:rise|G1[0]|G2[0]|G3[0]|G7[0]|OUT:rise,A -> G1 -> G2 -> G3 -> G7
881,pre_optimization,2.060222881384887,0,0.3476017110736149,-0.032601711073614925,-0.032601711073614925,True,D:rise|G4[0]|G5[0]|G6[0]|G7[1]|OUT:rise,D -> G4 -> G5 -> G6 -> G7
881,post_optimization,2.060222881384887,0,0.32886154014872976,-0.013861540148729756,-0.013861540148729756,True,D:rise|G4[0]|G5[0]|G6[0]|G7[1]|OUT:rise,D -> G4 -> G5 -> G6 -> G7
882,pre_optimization,0.6042446090764088,0,0.3280093895995691,-0.013009389599569099,-0.013009389599569099,True,D:rise|G4[0]|G5[0]|G6[0]|G7[1]|OUT:rise,D -> G4 -> G5 -> G6 -> G7
882,post_optimization,0.6042446090764088,0,0.31327230285924185,0.0017276971407581554,0,False,A:rise|G1[0]|G2[0]|G3[0]|G7[0]|OUT:rise,A -> G1 -> G2 -> G3 -> G7
883,pre_optimization,-1.2690754425596886,0,0.31033074908753167,0.004669250912468337,0,False,D:rise|G4[0]|G5[0]|G6[0]|G7[1]|OUT:rise,D -> G4 -> G5 -> G6 -> G7
883,post_optimization,-1.2690754425596886,0,0.2954244434051469,0.019575556594853105,0,False,A:rise|G1[0]|G2[0]|G3[0]|G7[0]|OUT:rise,A -> G1 -> G2 -> G3 -> G7
884,pre_optimization,0.16529929107093,0,0.31173872392780155,0.003261276072198449,0,False,D:rise|G4[0]|G5[0]|G6[0]|G7[1]|OUT:rise,D -> G4 -> G5 -> G6 -> G7
884,post_optimization,0.16529929107093,0,0.2959372249947524,0.019062775005247612,0,False,D:rise|G4[0]|G5[0]|G6[0]|G7[1]|OUT:rise,D -> G4 -> G5 -> G6 -> G7
885,pre_optimization,1.173423545998568,0,0.3284349451599473,-0.013434945159947309,-0.013434945159947309,True,D:rise|G4[0]|G5[0]|G6[0]|G7[1]|OUT:rise,D -> G4 -> G5 -> G6 -> G7
885,post_optimization,1.173423545998568,0,0.3110045841481946,0.003995415851805406,0,False,D:rise|G4[0]|G5[0]|G6[0]|G7[1]|OUT:rise,D -> G4 -> G5 -> G6 -> G7
886,pre_optimization,1.0186560659649548,0,0.3240003287847346,-0.009000328784734613,-0.009000328784734613,True,D:rise|G4[0]|G5[0]|G6[0]|G7[1]|OUT:rise,D -> G4 -> G5 -> G6 -> G7
886,post_optimization,1.0186560659649548,0,0.30683011946785366,0.008169880532146345,0,False,D:rise|G4[0]|G5[0]|G6[0]|G7[1]|OUT:rise,D -> G4 -> G5 -> G6 -> G7
887,pre_optimization,-0.11719022770669585,0,0.3230576060959347,-0.0080576060959347,-0.0080576060959347,True,A:rise|G1[0]|G2[0]|G3[0]|G7[0]|OUT:rise,A -> G1 -> G2 -> G3 -> G7
887,post_optimization,-0.11719022770669585,0,0.31032088491829657,0.004679115081703433,0,False,A:rise|G1[0]|G2[0]|G3[0]|G7[0]|OUT:rise,A -> G1 -> G2 -> G3 -> G7
888,pre_optimization,0.6208387186364381,0,0.32519803456999674,-0.010198034569996739,-0.010198034569996739,True,D:rise|G4[0]|G5[0]|G6[0]|G7[1]|OUT:rise,D -> G4 -> G5 -> G6 -> G7
888,post_optimization,0.6208387186364381,0,0.3074711730589044,0.007528826941095579,0,False,D:rise|G4[0]|G5[0]|G6[0]|G7[1]|OUT:rise,D -> G4 -> G5 -> G6 -> G7
889,pre_optimization,-0.17956922373983525,0,0.31803406073657575,-0.00303406073657575,-0.00303406073657575,True,D:rise|G4[0]|G5[0]|G6[0]|G7[1]|OUT:rise,D -> G4 -> G5 -> G6 -> G7
889,post_optimization,-0.17956922373983525,0,0.30117631668979117,0.013823683310208834,0,False,D:rise|G4[0]|G5[0]|G6[0]|G7[1]|OUT:rise,D -> G4 -> G5 -> G6 -> G7
890,pre_optimization,-0.19515994921017535,0,0.3246681758914639,-0.009668175891463904,-0.009668175891463904,True,A:rise|G1[0]|G2[0]|G3[0]|G7[0]|OUT:rise,A -> G1 -> G2 -> G3 -> G7
890,post_optimization,-0.19515994921017535,0,0.3116699060207916,0.003330093979208415,0,False,A:rise|G1[0]|G2[0]|G3[0]|G7[0]|OUT:rise,A -> G1 -> G2 -> G3 -> G7
891,pre_optimization,-1.9870800054483018,0,0.3042631439317218,0.010736856068278178,0,False,D:rise|G4[0]|G5[0]|G6[0]|G7[1]|OUT:rise,D -> G4 -> G5 -> G6 -> G7
891,post_optimization,-1.9870800054483018,0,0.2854597327294374,0.02954026727056258,0,False,A:rise|G1[0]|G2[0]|G3[0]|G7[0]|OUT:rise,A -> G1 -> G2 -> G3 -> G7
892,pre_optimization,0.7334282863597306,0,0.32088728950765943,-0.005887289507659432,-0.005887289507659432,True,A:rise|G1[0]|G2[0]|G3[0]|G7[0]|OUT:rise,A -> G1 -> G2 -> G3 -> G7
892,post_optimization,0.7334282863597306,0,0.3088934024642121,0.006106597535787905,0,False,A:rise|G1[0]|G2[0]|G3[0]|G7[0]|OUT:rise,A -> G1 -> G2 -> G3 -> G7
893,pre_optimization,1.0551552816359049,0,0.326238722551337,-0.01123872255133701,-0.01123872255133701,True,D:rise|G4[0]|G5[0]|G6[0]|G7[1]|OUT:rise,D -> G4 -> G5 -> G6 -> G7
893,post_optimization,1.0551552816359049,0,0.309663763772977,0.005336236227023006,0,False,D:rise|G4[0]|G5[0]|G6[0]|G7[1]|OUT:rise,D -> G4 -> G5 -> G6 -> G7
894,pre_optimization,0.27405280067602433,0,0.3177631028607065,-0.0027631028607065233,-0.0027631028607065233,True,A:rise|G1[0]|G2[0]|G3[0]|G7[0]|OUT:rise,A -> G1 -> G2 -> G3 -> G7
894,post_optimization,0.27405280067602433,0,0.30617820383876104,0.00882179616123896,0,False,A:rise|G1[0]|G2[0]|G3[0]|G7[0]|OUT:rise,A -> G1 -> G2 -> G3 -> G7
895,pre_optimization,-0.7248537955622798,0,0.29914740501193454,0.01585259498806546,0,False,A:rise|G1[0]|G2[0]|G3[0]|G7[0]|OUT:rise,A -> G1 -> G2 -> G3 -> G7
895,post_optimization,-0.7248537955622798,0,0.28907522240021866,0.025924777599781346,0,False,A:rise|G1[0]|G2[0]|G3[0]|G7[0]|OUT:rise,A -> G1 -> G2 -> G3 -> G7
896,pre_optimization,-3.605012985987113,0,0.28533551255300393,0.02966448744699607,0,False,D:rise|G4[0]|G5[0]|G6[0]|G7[1]|OUT:rise,D -> G4 -> G5 -> G6 -> G7
896,post_optimization,-3.605012985987113,0,0.2729811124967548,0.04201888750324523,0,False,A:rise|G1[0]|G2[0]|G3[0]|G7[0]|OUT:rise,A -> G1 -> G2 -> G3 -> G7
897,pre_optimization,1.5202511123076108,0,0.34867326837277757,-0.033673268372777565,-0.033673268372777565,True,D:rise|G4[0]|G5[0]|G6[0]|G7[1]|OUT:rise,D -> G4 -> G5 -> G6 -> G7
897,post_optimization,1.5202511123076108,0,0.32760266009464406,-0.012602660094644058,-0.012602660094644058,True,D:rise|G4[0]|G5[0]|G6[0]|G7[1]|OUT:rise,D -> G4 -> G5 -> G6 -> G7
898,pre_optimization,0.9161932392758114,0,0.3392104211737218,-0.024210421173721797,-0.024210421173721797,True,A:rise|G1[0]|G2[0]|G3[0]|G7[0]|OUT:rise,A -> G1 -> G2 -> G3 -> G7
898,post_optimization,0.9161932392758114,0,0.32685488844301297,-0.011854888443012968,-0.011854888443012968,True,A:rise|G1[0]|G2[0]|G3[0]|G7[0]|OUT:rise,A -> G1 -> G2 -> G3 -> G7
899,pre_optimization,-1.4203927856947518,0,0.31503374991306277,-3.374991306276387e-05,-3.374991306276387e-05,True,A:rise|G1[0]|G2[0]|G3[0]|G7[0]|OUT:rise,A -> G1 -> G2 -> G3 -> G7
899,post_optimization,-1.4203927856947518,0,0.3012559636606669,0.013744036339333077,0,False,A:rise|G1[0]|G2[0]|G3[0]|G7[0]|OUT:rise,A -> G1 -> G2 -> G3 -> G7
900,pre_optimization,-0.5367421449170647,0,0.3158277012565593,-0.0008277012565592878,-0.0008277012565592878,True,A:rise|G1[0]|G2[0]|G3[0]|G7[0]|OUT:rise,A -> G1 -> G2 -> G3 -> G7
900,post_optimization,-0.5367421449170647,0,0.3028206853724597,0.012179314627540294,0,False,A:rise|G1[0]|G2[0]|G3[0]|G7[0]|OUT:rise,A -> G1 -> G2 -> G3 -> G7
901,pre_optimization,-2.020813305411243,0,0.3010201514424302,0.013979848557569785,0,False,A:rise|G1[0]|G2[0]|G3[0]|G7[0]|OUT:rise,A -> G1 -> G2 -> G3 -> G7
901,post_optimization,-2.020813305411243,0,0.28912138104400065,0.025878618955999355,0,False,A:rise|G1[0]|G2[0]|G3[0]|G7[0]|OUT:rise,A -> G1 -> G2 -> G3 -> G7
902,pre_optimization,-0.14626193082219638,0,0.3034104852785207,0.011589514721479288,0,False,A:rise|G1[0]|G2[0]|G3[0]|G7[0]|OUT:rise,A -> G1 -> G2 -> G3 -> G7
902,post_optimization,-0.14626193082219638,0,0.2943350870795971,0.0206649129204029,0,False,A:rise|G1[0]|G2[0]|G3[0]|G7[0]|OUT:rise,A -> G1 -> G2 -> G3 -> G7
903,pre_optimization,-0.6515535586812121,0,0.31775923796257116,-0.0027592379625711594,-0.0027592379625711594,True,D:rise|G4[0]|G5[0]|G6[0]|G7[1]|OUT:rise,D -> G4 -> G5 -> G6 -> G7
903,post_optimization,-0.6515535586812121,0,0.29989944235622346,0.015100557643776547,0,False,D:rise|G4[0]|G5[0]|G6[0]|G7[1]|OUT:rise,D -> G4 -> G5 -> G6 -> G7
904,pre_optimization,-0.2972817212492996,0,0.3253560296796184,-0.010356029679618406,-0.010356029679618406,True,A:rise|G1[0]|G2[0]|G3[0]|G7[0]|OUT:rise,A -> G1 -> G2 -> G3 -> G7
904,post_optimization,-0.2972817212492996,0,0.31236575245502324,0.0026342475449767644,0,False,A:rise|G1[0]|G2[0]|G3[0]|G7[0]|OUT:rise,A -> G1 -> G2 -> G3 -> G7
905,pre_optimization,-1.7106527949208137,0,0.3247918279361157,-0.009791827936115716,-0.009791827936115716,True,A:rise|G1[0]|G2[0]|G3[0]|G7[0]|OUT:rise,A -> G1 -> G2 -> G3 -> G7
905,post_optimization,-1.7106527949208137,0,0.30859267690760817,0.006407323092391837,0,False,A:rise|G1[0]|G2[0]|G3[0]|G7[0]|OUT:rise,A -> G1 -> G2 -> G3 -> G7
906,pre_optimization,-0.024282017381026574,0,0.32528036950238404,-0.010280369502384035,-0.010280369502384035,True,D:rise|G4[0]|G5[0]|G6[0]|G7[1]|OUT:rise,D -> G4 -> G5 -> G6 -> G7
906,post_optimization,-0.024282017381026574,0,0.3083038903936594,0.0066961096063405945,0,False,D:rise|G4[0]|G5[0]|G6[0]|G7[1]|OUT:rise,D -> G4 -> G5 -> G6 -> G7
907,pre_optimization,0.28594225669423307,0,0.31463421184873386,0.0003657881512661443,0,False,A:rise|G1[0]|G2[0]|G3[0]|G7[0]|OUT:rise,A -> G1 -> G2 -> G3 -> G7
907,post_optimization,0.28594225669423307,0,0.30426091847081377,0.010739081529186234,0,False,A:rise|G1[0]|G2[0]|G3[0]|G7[0]|OUT:rise,A -> G1 -> G2 -> G3 -> G7
908,pre_optimization,0.1501057620318903,0,0.33762720962045756,-0.022627209620457556,-0.022627209620457556,True,D:rise|G4[0]|G5[0]|G6[0]|G7[1]|OUT:rise,D -> G4 -> G5 -> G6 -> G7
908,post_optimization,0.1501057620318903,0,0.3157769999645059,-0.00077699996450592,-0.00077699996450592,True,D:rise|G4[0]|G5[0]|G6[0]|G7[1]|OUT:rise,D -> G4 -> G5 -> G6 -> G7
909,pre_optimization,-0.6288351886144908,0,0.3113642642585809,0.0036357357414191216,0,False,D:rise|G4[0]|G5[0]|G6[0]|G7[1]|OUT:rise,D -> G4 -> G5 -> G6 -> G7
909,post_optimization,-0.6288351886144908,0,0.29364171896891983,0.021358281031080173,0,False,D:rise|G4[0]|G5[0]|G6[0]|G7[1]|OUT:rise,D -> G4 -> G5 -> G6 -> G7
910,pre_optimization,0.3350690119786764,0,0.33321615771816165,-0.018216157718161652,-0.018216157718161652,True,D:rise|G4[0]|G5[0]|G6[0]|G7[1]|OUT:rise,D -> G4 -> G5 -> G6 -> G7
910,post_optimization,0.3350690119786764,0,0.31453459400941347,0.00046540599058653154,0,False,D:rise|G4[0]|G5[0]|G6[0]|G7[1]|OUT:rise,D -> G4 -> G5 -> G6 -> G7
911,pre_optimization,1.300185524679429,0,0.32858164275726864,-0.013581642757268642,-0.013581642757268642,True,D:rise|G4[0]|G5[0]|G6[0]|G7[1]|OUT:rise,D -> G4 -> G5 -> G6 -> G7
911,post_optimization,1.300185524679429,0,0.3118194450064786,0.0031805549935213784,0,False,D:rise|G4[0]|G5[0]|G6[0]|G7[1]|OUT:rise,D -> G4 -> G5 -> G6 -> G7
912,pre_optimization,1.8474498252784155,0,0.34086567161012643,-0.02586567161012643,-0.02586567161012643,True,A:rise|G1[0]|G2[0]|G3[0]|G7[0]|OUT:rise,A -> G1 -> G2 -> G3 -> G7
912,post_optimization,1.8474498252784155,0,0.32680582456315,-0.011805824563149991,-0.011805824563149991,True,A:rise|G1[0]|G2[0]|G3[0]|G7[0]|OUT:rise,A -> G1 -> G2 -> G3 -> G7
913,pre_optimization,-0.24187470448551945,0,0.3028596512482517,0.012140348751748298,0,False,D:rise|G4[0]|G5[0]|G6[0]|G7[1]|OUT:rise,D -> G4 -> G5 -> G6 -> G7
913,post_optimization,-0.24187470448551945,0,0.2910242599702354,0.023975740029764603,0,False,A:rise|G1[0]|G2[0]|G3[0]|G7[0]|OUT:rise,A -> G1 -> G2 -> G3 -> G7
914,pre_optimization,-0.15437047639524526,0,0.3179348842868776,-0.0029348842868776037,-0.0029348842868776037,True,A:rise|G1[0]|G2[0]|G3[0]|G7[0]|OUT:rise,A -> G1 -> G2 -> G3 -> G7
914,post_optimization,-0.15437047639524526,0,0.3060488205071889,0.008951179492811101,0,False,A:rise|G1[0]|G2[0]|G3[0]|G7[0]|OUT:rise,A -> G1 -> G2 -> G3 -> G7
915,pre_optimization,0.06858578924688234,0,0.3307303972805446,-0.015730397280544595,-0.015730397280544595,True,D:rise|G4[0]|G5[0]|G6[0]|G7[1]|OUT:rise,D -> G4 -> G5 -> G6 -> G7
915,post_optimization,0.06858578924688234,0,0.31247093490851396,0.002529065091486038,0,False,D:rise|G4[0]|G5[0]|G6[0]|G7[1]|OUT:rise,D -> G4 -> G5 -> G6 -> G7
916,pre_optimization,-0.08392337393417887,0,0.3094553810309577,0.005544618969042292,0,False,D:rise|G4[0]|G5[0]|G6[0]|G7[1]|OUT:rise,D -> G4 -> G5 -> G6 -> G7
916,post_optimization,-0.08392337393417887,0,0.2932909031767104,0.021709096823289586,0,False,D:rise|G4[0]|G5[0]|G6[0]|G7[1]|OUT:rise,D -> G4 -> G5 -> G6 -> G7
917,pre_optimization,1.6956052123301033,0,0.3251284657602418,-0.01012846576024179,-0.01012846576024179,True,A:rise|G1[0]|G2[0]|G3[0]|G7[0]|OUT:rise,A -> G1 -> G2 -> G3 -> G7
917,post_optimization,1.6956052123301033,0,0.3135020589536693,0.0014979410463307197,0,False,A:rise|G1[0]|G2[0]|G3[0]|G7[0]|OUT:rise,A -> G1 -> G2 -> G3 -> G7
918,pre_optimization,-1.5635942427634286,0,0.29887634593887896,0.01612365406112104,0,False,D:rise|G4[0]|G5[0]|G6[0]|G7[1]|OUT:rise,D -> G4 -> G5 -> G6 -> G7
918,post_optimization,-1.5635942427634286,0,0.285733485777908,0.029266514222091977,0,False,A:rise|G1[0]|G2[0]|G3[0]|G7[0]|OUT:rise,A -> G1 -> G2 -> G3 -> G7
919,pre_optimization,-0.7144248195741797,0,0.30698309176662864,0.008016908233371367,0,False,D:rise|G4[0]|G5[0]|G6[0]|G7[1]|OUT:rise,D -> G4 -> G5 -> G6 -> G7
919,post_optimization,-0.7144248195741797,0,0.29037997777323743,0.024620022226762572,0,False,D:rise|G4[0]|G5[0]|G6[0]|G7[1]|OUT:rise,D -> G4 -> G5 -> G6 -> G7
920,pre_optimization,-0.5728492172312706,0,0.3062302340526061,0.008769765947393926,0,False,A:rise|G1[0]|G2[0]|G3[0]|G7[0]|OUT:rise,A -> G1 -> G2 -> G3 -> G7
920,post_optimization,-0.5728492172312706,0,0.2938000973625151,0.02119990263748489,0,False,A:rise|G1[0]|G2[0]|G3[0]|G7[0]|OUT:rise,A -> G1 -> G2 -> G3 -> G7
921,pre_optimization,-0.9912049147623944,0,0.32475047710370675,-0.009750477103706745,-0.009750477103706745,True,D:rise|G4[0]|G5[0]|G6[0]|G7[1]|OUT:rise,D -> G4 -> G5 -> G6 -> G7
921,post_optimization,-0.9912049147623944,0,0.3028367562391684,0.01216324376083161,0,False,A:rise|G1[0]|G2[0]|G3[0]|G7[0]|OUT:rise,A -> G1 -> G2 -> G3 -> G7
922,pre_optimization,-0.035595588667840926,0,0.306590406213886,0.008409593786114,0,False,D:rise|G4[0]|G5[0]|G6[0]|G7[1]|OUT:rise,D -> G4 -> G5 -> G6 -> G7
922,post_optimization,-0.035595588667840926,0,0.289500728373999,0.02549927162600102,0,False,D:rise|G4[0]|G5[0]|G6[0]|G7[1]|OUT:rise,D -> G4 -> G5 -> G6 -> G7
923,pre_optimization,-0.7671951246528579,0,0.31126798853746407,0.0037320114625359335,0,False,D:rise|G4[0]|G5[0]|G6[0]|G7[1]|OUT:rise,D -> G4 -> G5 -> G6 -> G7
923,post_optimization,-0.7671951246528579,0,0.29163318373837577,0.023366816261624235,0,False,D:rise|G4[0]|G5[0]|G6[0]|G7[1]|OUT:rise,D -> G4 -> G5 -> G6 -> G7
924,pre_optimization,0.9417400767349456,0,0.3205640743540494,-0.005564074354049375,-0.005564074354049375,True,A:rise|G1[0]|G2[0]|G3[0]|G7[0]|OUT:rise,A -> G1 -> G2 -> G3 -> G7
924,post_optimization,0.9417400767349456,0,0.3073473835188751,0.007652616481124919,0,False,A:rise|G1[0]|G2[0]|G3[0]|G7[0]|OUT:rise,A -> G1 -> G2 -> G3 -> G7
925,pre_optimization,0.24759684488889086,0,0.30586037212350625,0.00913962787649375,0,False,D:rise|G4[0]|G5[0]|G6[0]|G7[1]|OUT:rise,D -> G4 -> G5 -> G6 -> G7
925,post_optimization,0.24759684488889086,0,0.29061335650729436,0.02438664349270564,0,False,D:rise|G4[0]|G5[0]|G6[0]|G7[1]|OUT:rise,D -> G4 -> G5 -> G6 -> G7
926,pre_optimization,1.7355019518090506,0,0.32758809639618003,-0.012588096396180026,-0.012588096396180026,True,D:rise|G4[0]|G5[0]|G6[0]|G7[1]|OUT:rise,D -> G4 -> G5 -> G6 -> G7
926,post_optimization,1.7355019518090506,0,0.3105936560894327,0.004406343910567323,0,False,A:rise|G1[0]|G2[0]|G3[0]|G7[0]|OUT:rise,A -> G1 -> G2 -> G3 -> G7
927,pre_optimization,0.47741331720950936,0,0.3223433340965144,-0.007343334096514387,-0.007343334096514387,True,A:rise|G1[0]|G2[0]|G3[0]|G7[0]|OUT:rise,A -> G1 -> G2 -> G3 -> G7
927,post_optimization,0.47741331720950936,0,0.30950296445536385,0.005497035544636153,0,False,A:rise|G1[0]|G2[0]|G3[0]|G7[0]|OUT:rise,A -> G1 -> G2 -> G3 -> G7
928,pre_optimization,-0.2334040460618992,0,0.32131771788925423,-0.006317717889254226,-0.006317717889254226,True,A:rise|G1[0]|G2[0]|G3[0]|G7[0]|OUT:rise,A -> G1 -> G2 -> G3 -> G7
928,post_optimization,-0.2334040460618992,0,0.30591612146658953,0.009083878533410472,0,False,A:rise|G1[0]|G2[0]|G3[0]|G7[0]|OUT:rise,A -> G1 -> G2 -> G3 -> G7
929,pre_optimization,-0.6122792272514475,0,0.32101918013555136,-0.006019180135551361,-0.006019180135551361,True,A:rise|G1[0]|G2[0]|G3[0]|G7[0]|OUT:rise,A -> G1 -> G2 -> G3 -> G7
929,post_optimization,-0.6122792272514475,0,0.30633897932377696,0.008661020676223041,0,False,A:rise|G1[0]|G2[0]|G3[0]|G7[0]|OUT:rise,A -> G1 -> G2 -> G3 -> G7
930,pre_optimization,-1.1954118700847358,0,0.3086556394579604,0.006344360542039629,0,False,D:rise|G4[0]|G5[0]|G6[0]|G7[1]|OUT:rise,D -> G4 -> G5 -> G6 -> G7
930,post_optimization,-1.1954118700847358,0,0.29231372587846727,0.022686274121532735,0,False,D:rise|G4[0]|G5[0]|G6[0]|G7[1]|OUT:rise,D -> G4 -> G5 -> G6 -> G7
931,pre_optimization,1.9347389942058708,0,0.32889746109731,-0.013897461097309993,-0.013897461097309993,True,D:rise|G4[0]|G5[0]|G6[0]|G7[1]|OUT:rise,D -> G4 -> G5 -> G6 -> G7
931,post_optimization,1.9347389942058708,0,0.3122071349902377,0.00279286500976228,0,False,D:rise|G4[0]|G5[0]|G6[0]|G7[1]|OUT:rise,D -> G4 -> G5 -> G6 -> G7
932,pre_optimization,-1.4310750350730432,0,0.3061935746353589,0.008806425364641102,0,False,D:rise|G4[0]|G5[0]|G6[0]|G7[1]|OUT:rise,D -> G4 -> G5 -> G6 -> G7
932,post_optimization,-1.4310750350730432,0,0.29138987659895565,0.023610123401044347,0,False,A:rise|G1[0]|G2[0]|G3[0]|G7[0]|OUT:rise,A -> G1 -> G2 -> G3 -> G7
933,pre_optimization,0.10454043882241662,0,0.31519630242910873,-0.00019630242910873008,-0.00019630242910873008,True,A:rise|G1[0]|G2[0]|G3[0]|G7[0]|OUT:rise,A -> G1 -> G2 -> G3 -> G7
933,post_optimization,0.10454043882241662,0,0.30126396682084544,0.013736033179154561,0,False,A:rise|G1[0]|G2[0]|G3[0]|G7[0]|OUT:rise,A -> G1 -> G2 -> G3 -> G7
934,pre_optimization,-0.7593599172921222,0,0.2989764712082011,0.016023528791798913,0,False,D:rise|G4[0]|G5[0]|G6[0]|G7[1]|OUT:rise,D -> G4 -> G5 -> G6 -> G7
934,post_optimization,-0.7593599172921222,0,0.28331245790017623,0.03168754209982377,0,False,A:rise|G1[0]|G2[0]|G3[0]|G7[0]|OUT:rise,A -> G1 -> G2 -> G3 -> G7
935,pre_optimization,-0.5298838413672834,0,0.30914071511929986,0.005859284880700144,0,False,D:rise|G4[0]|G5[0]|G6[0]|G7[1]|OUT:rise,D -> G4 -> G5 -> G6 -> G7
935,post_optimization,-0.5298838413672834,0,0.29605116356037486,0.01894883643962514,0,False,A:rise|G1[0]|G2[0]|G3[0]|G7[0]|OUT:rise,A -> G1 -> G2 -> G3 -> G7
936,pre_optimization,-0.7744752706379314,0,0.3227146357558635,-0.007714635755863508,-0.007714635755863508,True,A:rise|G1[0]|G2[0]|G3[0]|G7[0]|OUT:rise,A -> G1 -> G2 -> G3 -> G7
936,post_optimization,-0.7744752706379314,0,0.3064700042288491,0.008529995771150878,0,False,A:rise|G1[0]|G2[0]|G3[0]|G7[0]|OUT:rise,A -> G1 -> G2 -> G3 -> G7
937,pre_optimization,0.7382105688377063,0,0.33273813632078675,-0.017738136320786746,-0.017738136320786746,True,D:rise|G4[0]|G5[0]|G6[0]|G7[1]|OUT:rise,D -> G4 -> G5 -> G6 -> G7
937,post_optimization,0.7382105688377063,0,0.31309777125256244,0.001902228747437562,0,False,D:rise|G4[0]|G5[0]|G6[0]|G7[1]|OUT:rise,D -> G4 -> G5 -> G6 -> G7
938,pre_optimization,2.2584540972553526,0,0.3457665129767741,-0.030766512976774074,-0.030766512976774074,True,D:rise|G4[0]|G5[0]|G6[0]|G7[1]|OUT:rise,D -> G4 -> G5 -> G6 -> G7
938,post_optimization,2.2584540972553526,0,0.33013958085809486,-0.015139580858094859,-0.015139580858094859,True,A:rise|G1[0]|G2[0]|G3[0]|G7[0]|OUT:rise,A -> G1 -> G2 -> G3 -> G7
939,pre_optimization,1.7146800380963314,0,0.33105138997191413,-0.016051389971914132,-0.016051389971914132,True,D:rise|G4[0]|G5[0]|G6[0]|G7[1]|OUT:rise,D -> G4 -> G5 -> G6 -> G7
939,post_optimization,1.7146800380963314,0,0.31730826097557696,-0.002308260975576959,-0.002308260975576959,True,A:rise|G1[0]|G2[0]|G3[0]|G7[0]|OUT:rise,A -> G1 -> G2 -> G3 -> G7
940,pre_optimization,0.24776304351879452,0,0.32135732516970283,-0.006357325169702832,-0.006357325169702832,True,A:rise|G1[0]|G2[0]|G3[0]|G7[0]|OUT:rise,A -> G1 -> G2 -> G3 -> G7
940,post_optimization,0.24776304351879452,0,0.3113653884528882,0.00363461154711181,0,False,A:rise|G1[0]|G2[0]|G3[0]|G7[0]|OUT:rise,A -> G1 -> G2 -> G3 -> G7
941,pre_optimization,0.5740374275592117,0,0.33142042081080525,-0.016420420810805247,-0.016420420810805247,True,A:rise|G1[0]|G2[0]|G3[0]|G7[0]|OUT:rise,A -> G1 -> G2 -> G3 -> G7
941,post_optimization,0.5740374275592117,0,0.317792234337242,-0.0027922343372420166,-0.0027922343372420166,True,A:rise|G1[0]|G2[0]|G3[0]|G7[0]|OUT:rise,A -> G1 -> G2 -> G3 -> G7
942,pre_optimization,-0.8418069455319833,0,0.3182475029637232,-0.00324750296372317,-0.00324750296372317,True,D:rise|G4[0]|G5[0]|G6[0]|G7[1]|OUT:rise,D -> G4 -> G5 -> G6 -> G7
942,post_optimization,-0.8418069455319833,0,0.30199276631245364,0.01300723368754636,0,False,D:rise|G4[0]|G5[0]|G6[0]|G7[1]|OUT:rise,D -> G4 -> G5 -> G6 -> G7
943,pre_optimization,-2.3676343990223785,0,0.30196539075702566,0.013034609242974338,0,False,D:rise|G4[0]|G5[0]|G6[0]|G7[1]|OUT:rise,D -> G4 -> G5 -> G6 -> G7
943,post_optimization,-2.3676343990223785,0,0.28363866853030917,0.031361331469690834,0,False,D:rise|G4[0]|G5[0]|G6[0]|G7[1]|OUT:rise,D -> G4 -> G5 -> G6 -> G7
944,pre_optimization,0.1086814591849952,0,0.3263267091234179,-0.011326709123417877,-0.011326709123417877,True,D:rise|G4[0]|G5[0]|G6[0]|G7[1]|OUT:rise,D -> G4 -> G5 -> G6 -> G7
944,post_optimization,0.1086814591849952,0,0.30941170521524264,0.005588294784757364,0,False,A:rise|G1[0]|G2[0]|G3[0]|G7[0]|OUT:rise,A -> G1 -> G2 -> G3 -> G7
945,pre_optimization,0.4146545124545078,0,0.3225661709713673,-0.007566170971367303,-0.007566170971367303,True,D:rise|G4[0]|G5[0]|G6[0]|G7[1]|OUT:rise,D -> G4 -> G5 -> G6 -> G7
945,post_optimization,0.4146545124545078,0,0.3045523828042027,0.010447617195797287,0,False,D:rise|G4[0]|G5[0]|G6[0]|G7[1]|OUT:rise,D -> G4 -> G5 -> G6 -> G7
946,pre_optimization,0.5709774290717264,0,0.31526524216089274,-0.00026524216089274244,-0.00026524216089274244,True,A:rise|G1[0]|G2[0]|G3[0]|G7[0]|OUT:rise,A -> G1 -> G2 -> G3 -> G7
946,post_optimization,0.5709774290717264,0,0.30225050019865835,0.012749499801341657,0,False,A:rise|G1[0]|G2[0]|G3[0]|G7[0]|OUT:rise,A -> G1 -> G2 -> G3 -> G7
947,pre_optimization,1.3972293373887799,0,0.3309046513094125,-0.015904651309412488,-0.015904651309412488,True,A:rise|G1[0]|G2[0]|G3[0]|G7[0]|OUT:rise,A -> G1 -> G2 -> G3 -> G7
947,post_optimization,1.3972293373887799,0,0.315524049992469,-0.0005240499924690223,-0.0005240499924690223,True,A:rise|G1[0]|G2[0]|G3[0]|G7[0]|OUT:rise,A -> G1 -> G2 -> G3 -> G7
948,pre_optimization,0.7607420022135329,0,0.3288667685997967,-0.013866768599796686,-0.013866768599796686,True,D:rise|G4[0]|G5[0]|G6[0]|G7[1]|OUT:rise,D -> G4 -> G5 -> G6 -> G7
948,post_optimization,0.7607420022135329,0,0.3094100788589764,0.005589921141023579,0,False,D:rise|G4[0]|G5[0]|G6[0]|G7[1]|OUT:rise,D -> G4 -> G5 -> G6 -> G7
949,pre_optimization,-0.30568013022676643,0,0.3169651782982813,-0.0019651782982813004,-0.0019651782982813004,True,D:rise|G4[0]|G5[0]|G6[0]|G7[1]|OUT:rise,D -> G4 -> G5 -> G6 -> G7
949,post_optimization,-0.30568013022676643,0,0.30228599083702756,0.01271400916297244,0,False,A:rise|G1[0]|G2[0]|G3[0]|G7[0]|OUT:rise,A -> G1 -> G2 -> G3 -> G7
950,pre_optimization,-1.1893190333967294,0,0.30138958660790555,0.013610413392094456,0,False,D:rise|G4[0]|G5[0]|G6[0]|G7[1]|OUT:rise,D -> G4 -> G5 -> G6 -> G7
950,post_optimization,-1.1893190333967294,0,0.2867151324318415,0.02828486756815851,0,False,A:rise|G1[0]|G2[0]|G3[0]|G7[0]|OUT:rise,A -> G1 -> G2 -> G3 -> G7
951,pre_optimization,-0.20577289381693734,0,0.32008949716193336,-0.005089497161933354,-0.005089497161933354,True,D:rise|G4[0]|G5[0]|G6[0]|G7[1]|OUT:rise,D -> G4 -> G5 -> G6 -> G7
951,post_optimization,-0.20577289381693734,0,0.30159273552865773,0.013407264471342273,0,False,D:rise|G4[0]|G5[0]|G6[0]|G7[1]|OUT:rise,D -> G4 -> G5 -> G6 -> G7
952,pre_optimization,-0.10793398598713855,0,0.3254486030602286,-0.0104486030602286,-0.0104486030602286,True,D:rise|G4[0]|G5[0]|G6[0]|G7[1]|OUT:rise,D -> G4 -> G5 -> G6 -> G7
952,post_optimization,-0.10793398598713855,0,0.3070435920623698,0.007956407937630194,0,False,D:rise|G4[0]|G5[0]|G6[0]|G7[1]|OUT:rise,D -> G4 -> G5 -> G6 -> G7
953,pre_optimization,-1.867479818782982,0,0.3145705383509824,0.00042946164901758177,0,False,D:rise|G4[0]|G5[0]|G6[0]|G7[1]|OUT:rise,D -> G4 -> G5 -> G6 -> G7
953,post_optimization,-1.867479818782982,0,0.29606405130567076,0.01893594869432924,0,False,A:rise|G1[0]|G2[0]|G3[0]|G7[0]|OUT:rise,A -> G1 -> G2 -> G3 -> G7
954,pre_optimization,1.0542892754045312,0,0.315635837992122,-0.0006358379921220236,-0.0006358379921220236,True,A:rise|G1[0]|G2[0]|G3[0]|G7[0]|OUT:rise,A -> G1 -> G2 -> G3 -> G7
954,post_optimization,1.0542892754045312,0,0.30662866972264724,0.008371330277352762,0,False,A:rise|G1[0]|G2[0]|G3[0]|G7[0]|OUT:rise,A -> G1 -> G2 -> G3 -> G7
955,pre_optimization,0.025698665363537394,0,0.3203690353685235,-0.0053690353685235115,-0.0053690353685235115,True,D:rise|G4[0]|G5[0]|G6[0]|G7[1]|OUT:rise,D -> G4 -> G5 -> G6 -> G7
955,post_optimization,0.025698665363537394,0,0.30170016508666275,0.01329983491333725,0,False,D:rise|G4[0]|G5[0]|G6[0]|G7[1]|OUT:rise,D -> G4 -> G5 -> G6 -> G7
956,pre_optimization,-1.4445930785543708,0,0.30264478746336854,0.012355212536631466,0,False,D:rise|G4[0]|G5[0]|G6[0]|G7[1]|OUT:rise,D -> G4 -> G5 -> G6 -> G7
956,post_optimization,-1.4445930785543708,0,0.28553524903147093,0.029464750968529074,0,False,D:rise|G4[0]|G5[0]|G6[0]|G7[1]|OUT:rise,D -> G4 -> G5 -> G6 -> G7
957,pre_optimization,0.21688020090750884,0,0.3314519718706692,-0.016451971870669213,-0.016451971870669213,True,A:rise|G1[0]|G2[0]|G3[0]|G7[0]|OUT:rise,A -> G1 -> G2 -> G3 -> G7
957,post_optimization,0.21688020090750884,0,0.3188702579150927,-0.003870257915092712,-0.003870257915092712,True,A:rise|G1[0]|G2[0]|G3[0]|G7[0]|OUT:rise,A -> G1 -> G2 -> G3 -> G7
958,pre_optimization,0.9260099373658457,0,0.329964467652856,-0.014964467652855973,-0.014964467652855973,True,D:rise|G4[0]|G5[0]|G6[0]|G7[1]|OUT:rise,D -> G4 -> G5 -> G6 -> G7
958,post_optimization,0.9260099373658457,0,0.3129761896079235,0.002023810392076497,0,False,A:rise|G1[0]|G2[0]|G3[0]|G7[0]|OUT:rise,A -> G1 -> G2 -> G3 -> G7
959,pre_optimization,0.21247689075225973,0,0.3297842314004953,-0.014784231400495285,-0.014784231400495285,True,D:rise|G4[0]|G5[0]|G6[0]|G7[1]|OUT:rise,D -> G4 -> G5 -> G6 -> G7
959,post_optimization,0.21247689075225973,0,0.3109458717796424,0.004054128220357611,0,False,A:rise|G1[0]|G2[0]|G3[0]|G7[0]|OUT:rise,A -> G1 -> G2 -> G3 -> G7
960,pre_optimization,-0.30277795346074593,0,0.3239470711958893,-0.008947071195889278,-0.008947071195889278,True,A:rise|G1[0]|G2[0]|G3[0]|G7[0]|OUT:rise,A -> G1 -> G2 -> G3 -> G7
960,post_optimization,-0.30277795346074593,0,0.3094326599408571,0.005567340059142889,0,False,A:rise|G1[0]|G2[0]|G3[0]|G7[0]|OUT:rise,A -> G1 -> G2 -> G3 -> G7
961,pre_optimization,1.247878727197801,0,0.3131755175319194,0.0018244824680805904,0,False,A:rise|G1[0]|G2[0]|G3[0]|G7[0]|OUT:rise,A -> G1 -> G2 -> G3 -> G7
961,post_optimization,1.247878727197801,0,0.3023568320982125,0.012643167901787489,0,False,A:rise|G1[0]|G2[0]|G3[0]|G7[0]|OUT:rise,A -> G1 -> G2 -> G3 -> G7
962,pre_optimization,0.295417863962737,0,0.3179111375750503,-0.0029111375750502932,-0.0029111375750502932,True,D:rise|G4[0]|G5[0]|G6[0]|G7[1]|OUT:rise,D -> G4 -> G5 -> G6 -> G7
962,post_optimization,0.295417863962737,0,0.3061377633271908,0.00886223667280922,0,False,A:rise|G1[0]|G2[0]|G3[0]|G7[0]|OUT:rise,A -> G1 -> G2 -> G3 -> G7
963,pre_optimization,-1.9140977028601032,0,0.30026708795128,0.014732912048720015,0,False,A:rise|G1[0]|G2[0]|G3[0]|G7[0]|OUT:rise,A -> G1 -> G2 -> G3 -> G7
963,post_optimization,-1.9140977028601032,0,0.29238328358467913,0.02261671641532087,0,False,A:rise|G1[0]|G2[0]|G3[0]|G7[0]|OUT:rise,A -> G1 -> G2 -> G3 -> G7
964,pre_optimization,1.8622148858478063,0,0.33986618794872947,-0.024866187948729468,-0.024866187948729468,True,D:rise|G4[0]|G5[0]|G6[0]|G7[1]|OUT:rise,D -> G4 -> G5 -> G6 -> G7
964,post_optimization,1.8622148858478063,0,0.31987059200707363,-0.004870592007073626,-0.004870592007073626,True,D:rise|G4[0]|G5[0]|G6[0]|G7[1]|OUT:rise,D -> G4 -> G5 -> G6 -> G7
965,pre_optimization,-0.6491917413354802,0,0.3063619913585283,0.008638008641471684,0,False,A:rise|G1[0]|G2[0]|G3[0]|G7[0]|OUT:rise,A -> G1 -> G2 -> G3 -> G7
965,post_optimization,-0.6491917413354802,0,0.29497159339494117,0.020028406605058835,0,False,A:rise|G1[0]|G2[0]|G3[0]|G7[0]|OUT:rise,A -> G1 -> G2 -> G3 -> G7
966,pre_optimization,-1.5960140169252308,0,0.29675933317074926,0.01824066682925074,0,False,D:rise|G4[0]|G5[0]|G6[0]|G7[1]|OUT:rise,D -> G4 -> G5 -> G6 -> G7
966,post_optimization,-1.5960140169252308,0,0.2830695225159881,0.0319304774840119,0,False,A:rise|G1[0]|G2[0]|G3[0]|G7[0]|OUT:rise,A -> G1 -> G2 -> G3 -> G7
967,pre_optimization,-1.7013259278068924,0,0.285932826626631,0.029067173373369004,0,False,A:rise|G1[0]|G2[0]|G3[0]|G7[0]|OUT:rise,A -> G1 -> G2 -> G3 -> G7
967,post_optimization,-1.7013259278068924,0,0.27748762147348577,0.037512378526514234,0,False,A:rise|G1[0]|G2[0]|G3[0]|G7[0]|OUT:rise,A -> G1 -> G2 -> G3 -> G7
968,pre_optimization,-1.5906459221299705,0,0.3133704368896859,0.0016295631103140917,0,False,A:rise|G1[0]|G2[0]|G3[0]|G7[0]|OUT:rise,A -> G1 -> G2 -> G3 -> G7
968,post_optimization,-1.5906459221299705,0,0.30096063143455576,0.014039368565444243,0,False,A:rise|G1[0]|G2[0]|G3[0]|G7[0]|OUT:rise,A -> G1 -> G2 -> G3 -> G7
969,pre_optimization,0.9971670947694423,0,0.3279689113572155,-0.012968911357215507,-0.012968911357215507,True,D:rise|G4[0]|G5[0]|G6[0]|G7[1]|OUT:rise,D -> G4 -> G5 -> G6 -> G7
969,post_optimization,0.9971670947694423,0,0.31058998874365035,0.004410011256349655,0,False,D:rise|G4[0]|G5[0]|G6[0]|G7[1]|OUT:rise,D -> G4 -> G5 -> G6 -> G7
970,pre_optimization,0.921273700317952,0,0.32651510726303146,-0.011515107263031454,-0.011515107263031454,True,A:rise|G1[0]|G2[0]|G3[0]|G7[0]|OUT:rise,A -> G1 -> G2 -> G3 -> G7
970,post_optimization,0.921273700317952,0,0.31375205354120395,0.0012479464587960565,0,False,A:rise|G1[0]|G2[0]|G3[0]|G7[0]|OUT:rise,A -> G1 -> G2 -> G3 -> G7
971,pre_optimization,0.636044260990887,0,0.3292361238963257,-0.014236123896325725,-0.014236123896325725,True,D:rise|G4[0]|G5[0]|G6[0]|G7[1]|OUT:rise,D -> G4 -> G5 -> G6 -> G7
971,post_optimization,0.636044260990887,0,0.3111416303109506,0.0038583696890494013,0,False,A:rise|G1[0]|G2[0]|G3[0]|G7[0]|OUT:rise,A -> G1 -> G2 -> G3 -> G7
972,pre_optimization,-0.7206275622741958,0,0.3193947327493525,-0.004394732749352481,-0.004394732749352481,True,D:rise|G4[0]|G5[0]|G6[0]|G7[1]|OUT:rise,D -> G4 -> G5 -> G6 -> G7
972,post_optimization,-0.7206275622741958,0,0.29918333873583014,0.015816661264169862,0,False,D:rise|G4[0]|G5[0]|G6[0]|G7[1]|OUT:rise,D -> G4 -> G5 -> G6 -> G7
973,pre_optimization,1.066429458045726,0,0.3401272354718249,-0.025127235471824882,-0.025127235471824882,True,D:rise|G4[0]|G5[0]|G6[0]|G7[1]|OUT:rise,D -> G4 -> G5 -> G6 -> G7
973,post_optimization,1.066429458045726,0,0.32133003222441264,-0.006330032224412641,-0.006330032224412641,True,D:rise|G4[0]|G5[0]|G6[0]|G7[1]|OUT:rise,D -> G4 -> G5 -> G6 -> G7
974,pre_optimization,-0.026317173524037518,0,0.32007410281766113,-0.00507410281766113,-0.00507410281766113,True,A:rise|G1[0]|G2[0]|G3[0]|G7[0]|OUT:rise,A -> G1 -> G2 -> G3 -> G7
974,post_optimization,-0.026317173524037518,0,0.30288643965985224,0.012113560340147767,0,False,A:rise|G1[0]|G2[0]|G3[0]|G7[0]|OUT:rise,A -> G1 -> G2 -> G3 -> G7
975,pre_optimization,-0.5867499555688277,0,0.3027923577778775,0.012207642222122506,0,False,A:rise|G1[0]|G2[0]|G3[0]|G7[0]|OUT:rise,A -> G1 -> G2 -> G3 -> G7
975,post_optimization,-0.5867499555688277,0,0.28860171550357183,0.02639828449642817,0,False,A:rise|G1[0]|G2[0]|G3[0]|G7[0]|OUT:rise,A -> G1 -> G2 -> G3 -> G7
976,pre_optimization,-1.2162320106532913,0,0.30127283776221947,0.013727162237780532,0,False,A:rise|G1[0]|G2[0]|G3[0]|G7[0]|OUT:rise,A -> G1 -> G2 -> G3 -> G7
976,post_optimization,-1.2162320106532913,0,0.29017520723047835,0.024824792769521653,0,False,A:rise|G1[0]|G2[0]|G3[0]|G7[0]|OUT:rise,A -> G1 -> G2 -> G3 -> G7
977,pre_optimization,0.6739437129911288,0,0.33381258676497466,-0.01881258676497466,-0.01881258676497466,True,D:rise|G4[0]|G5[0]|G6[0]|G7[1]|OUT:rise,D -> G4 -> G5 -> G6 -> G7
977,post_optimization,0.6739437129911288,0,0.3167290723085702,-0.001729072308570223,-0.001729072308570223,True,D:rise|G4[0]|G5[0]|G6[0]|G7[1]|OUT:rise,D -> G4 -> G5 -> G6 -> G7
978,pre_optimization,-0.22434617126352185,0,0.31381259849882903,0.0011874015011709704,0,False,A:rise|G1[0]|G2[0]|G3[0]|G7[0]|OUT:rise,A -> G1 -> G2 -> G3 -> G7
978,post_optimization,-0.22434617126352185,0,0.29806988414808516,0.01693011585191484,0,False,A:rise|G1[0]|G2[0]|G3[0]|G7[0]|OUT:rise,A -> G1 -> G2 -> G3 -> G7
979,pre_optimization,0.042058313172044275,0,0.32090196541914395,-0.005901965419143951,-0.005901965419143951,True,A:rise|G1[0]|G2[0]|G3[0]|G7[0]|OUT:rise,A -> G1 -> G2 -> G3 -> G7
979,post_optimization,0.042058313172044275,0,0.3084440577348101,0.006555942265189907,0,False,A:rise|G1[0]|G2[0]|G3[0]|G7[0]|OUT:rise,A -> G1 -> G2 -> G3 -> G7
980,pre_optimization,0.5850651056633602,0,0.3201833957973381,-0.0051833957973381195,-0.0051833957973381195,True,D:rise|G4[0]|G5[0]|G6[0]|G7[1]|OUT:rise,D -> G4 -> G5 -> G6 -> G7
980,post_optimization,0.5850651056633602,0,0.3008736004614403,0.014126399538559709,0,False,A:rise|G1[0]|G2[0]|G3[0]|G7[0]|OUT:rise,A -> G1 -> G2 -> G3 -> G7
981,pre_optimization,0.4193890315420484,0,0.31151973340245726,0.003480266597542747,0,False,D:rise|G4[0]|G5[0]|G6[0]|G7[1]|OUT:rise,D -> G4 -> G5 -> G6 -> G7
981,post_optimization,0.4193890315420484,0,0.29842438553377504,0.016575614466224964,0,False,A:rise|G1[0]|G2[0]|G3[0]|G7[0]|OUT:rise,A -> G1 -> G2 -> G3 -> G7
982,pre_optimization,1.2583255293152755,0,0.3266853549903602,-0.01168535499036022,-0.01168535499036022,True,D:rise|G4[0]|G5[0]|G6[0]|G7[1]|OUT:rise,D -> G4 -> G5 -> G6 -> G7
982,post_optimization,1.2583255293152755,0,0.3114448856454049,0.0035551143545951014,0,False,A:rise|G1[0]|G2[0]|G3[0]|G7[0]|OUT:rise,A -> G1 -> G2 -> G3 -> G7
983,pre_optimization,0.9268966413534193,0,0.3213442252253403,-0.006344225225340283,-0.006344225225340283,True,A:rise|G1[0]|G2[0]|G3[0]|G7[0]|OUT:rise,A -> G1 -> G2 -> G3 -> G7
983,post_optimization,0.9268966413534193,0,0.31085848430384966,0.004141515696150344,0,False,A:rise|G1[0]|G2[0]|G3[0]|G7[0]|OUT:rise,A -> G1 -> G2 -> G3 -> G7
984,pre_optimization,1.314981375757951,0,0.32820282495952097,-0.013202824959520965,-0.013202824959520965,True,A:rise|G1[0]|G2[0]|G3[0]|G7[0]|OUT:rise,A -> G1 -> G2 -> G3 -> G7
984,post_optimization,1.314981375757951,0,0.314939577186958,6.042281304202701e-05,0,False,A:rise|G1[0]|G2[0]|G3[0]|G7[0]|OUT:rise,A -> G1 -> G2 -> G3 -> G7
985,pre_optimization,2.608815922288894,0,0.3607112875873861,-0.045711287587386074,-0.05561111740743857,True,D:rise|G4[0]|G5[0]|G6[0]|G7[1]|OUT:rise,D -> G4 -> G5 -> G6 -> G7
985,post_optimization,2.608815922288894,0,0.34343547582376405,-0.028435475823764045,-0.028435475823764045,True,A:rise|G1[0]|G2[0]|G3[0]|G7[0]|OUT:rise,A -> G1 -> G2 -> G3 -> G7
986,pre_optimization,-0.2976285179100316,0,0.3072618220459197,0.0077381779540803275,0,False,A:rise|G1[0]|G2[0]|G3[0]|G7[0]|OUT:rise,A -> G1 -> G2 -> G3 -> G7
986,post_optimization,-0.2976285179100316,0,0.2966232584126036,0.018376741587396384,0,False,A:rise|G1[0]|G2[0]|G3[0]|G7[0]|OUT:rise,A -> G1 -> G2 -> G3 -> G7
987,pre_optimization,-0.09548195591433338,0,0.3015806216041781,0.013419378395821913,0,False,D:rise|G4[0]|G5[0]|G6[0]|G7[1]|OUT:rise,D -> G4 -> G5 -> G6 -> G7
987,post_optimization,-0.09548195591433338,0,0.2908679060925299,0.02413209390747012,0,False,A:rise|G1[0]|G2[0]|G3[0]|G7[0]|OUT:rise,A -> G1 -> G2 -> G3 -> G7
988,pre_optimization,1.0379963402947654,0,0.3306418439086836,-0.015641843908683617,-0.015641843908683617,True,A:rise|G1[0]|G2[0]|G3[0]|G7[0]|OUT:rise,A -> G1 -> G2 -> G3 -> G7
988,post_optimization,1.0379963402947654,0,0.3163291934320507,-0.0013291934320506793,-0.0013291934320506793,True,A:rise|G1[0]|G2[0]|G3[0]|G7[0]|OUT:rise,A -> G1 -> G2 -> G3 -> G7
989,pre_optimization,0.16048602931287687,0,0.32857966026014634,-0.013579660260146342,-0.013579660260146342,True,A:rise|G1[0]|G2[0]|G3[0]|G7[0]|OUT:rise,A -> G1 -> G2 -> G3 -> G7
989,post_optimization,0.16048602931287687,0,0.3148726383173217,0.00012736168267829528,0,False,A:rise|G1[0]|G2[0]|G3[0]|G7[0]|OUT:rise,A -> G1 -> G2 -> G3 -> G7
990,pre_optimization,0.6029328374300145,0,0.3132570316535971,0.0017429683464029178,0,False,D:rise|G4[0]|G5[0]|G6[0]|G7[1]|OUT:rise,D -> G4 -> G5 -> G6 -> G7
990,post_optimization,0.6029328374300145,0,0.2988568103664805,0.016143189633519517,0,False,D:rise|G4[0]|G5[0]|G6[0]|G7[1]|OUT:rise,D -> G4 -> G5 -> G6 -> G7
991,pre_optimization,-0.48417551797687025,0,0.31084761273907513,0.004152387260924872,0,False,D:rise|G4[0]|G5[0]|G6[0]|G7[1]|OUT:rise,D -> G4 -> G5 -> G6 -> G7
991,post_optimization,-0.48417551797687025,0,0.29464017769569156,0.02035982230430844,0,False,A:rise|G1[0]|G2[0]|G3[0]|G7[0]|OUT:rise,A -> G1 -> G2 -> G3 -> G7
992,pre_optimization,-0.8002347268490232,0,0.30807269899052914,0.006927301009470865,0,False,D:rise|G4[0]|G5[0]|G6[0]|G7[1]|OUT:rise,D -> G4 -> G5 -> G6 -> G7
992,post_optimization,-0.8002347268490232,0,0.2934806241564439,0.02151937584355612,0,False,D:rise|G4[0]|G5[0]|G6[0]|G7[1]|OUT:rise,D -> G4 -> G5 -> G6 -> G7
993,pre_optimization,0.6239359202275641,0,0.330811055677836,-0.015811055677835972,-0.015811055677835972,True,D:rise|G4[0]|G5[0]|G6[0]|G7[1]|OUT:rise,D -> G4 -> G5 -> G6 -> G7
993,post_optimization,0.6239359202275641,0,0.311714190015475,0.00328580998452499,0,False,D:rise|G4[0]|G5[0]|G6[0]|G7[1]|OUT:rise,D -> G4 -> G5 -> G6 -> G7
994,pre_optimization,-1.2919830186017551,0,0.3022492339551772,0.012750766044822781,0,False,A:rise|G1[0]|G2[0]|G3[0]|G7[0]|OUT:rise,A -> G1 -> G2 -> G3 -> G7
994,post_optimization,-1.2919830186017551,0,0.29092499729058974,0.024075002709410265,0,False,A:rise|G1[0]|G2[0]|G3[0]|G7[0]|OUT:rise,A -> G1 -> G2 -> G3 -> G7
995,pre_optimization,-1.4005744313700708,0,0.3202222208843774,-0.005222220884377404,-0.005222220884377404,True,D:rise|G4[0]|G5[0]|G6[0]|G7[1]|OUT:rise,D -> G4 -> G5 -> G6 -> G7
995,post_optimization,-1.4005744313700708,0,0.30207964511418,0.012920354885819996,0,False,D:rise|G4[0]|G5[0]|G6[0]|G7[1]|OUT:rise,D -> G4 -> G5 -> G6 -> G7
996,pre_optimization,0.2528411649771401,0,0.3295376432995976,-0.014537643299597613,-0.014537643299597613,True,D:rise|G4[0]|G5[0]|G6[0]|G7[1]|OUT:rise,D -> G4 -> G5 -> G6 -> G7
996,post_optimization,0.2528411649771401,0,0.3120148297478593,0.0029851702521406787,0,False,D:rise|G4[0]|G5[0]|G6[0]|G7[1]|OUT:rise,D -> G4 -> G5 -> G6 -> G7
997,pre_optimization,-1.1407628032303636,0,0.30385924575637313,0.011140754243626871,0,False,D:rise|G4[0]|G5[0]|G6[0]|G7[1]|OUT:rise,D -> G4 -> G5 -> G6 -> G7
997,post_optimization,-1.1407628032303636,0,0.2889731738171665,0.02602682618283353,0,False,A:rise|G1[0]|G2[0]|G3[0]|G7[0]|OUT:rise,A -> G1 -> G2 -> G3 -> G7
998,pre_optimization,0.6710418456135574,0,0.3247187392817866,-0.00971873928178657,-0.00971873928178657,True,A:rise|G1[0]|G2[0]|G3[0]|G7[0]|OUT:rise,A -> G1 -> G2 -> G3 -> G7
998,post_optimization,0.6710418456135574,0,0.31247144167980223,0.0025285583201977713,0,False,A:rise|G1[0]|G2[0]|G3[0]|G7[0]|OUT:rise,A -> G1 -> G2 -> G3 -> G7
999,pre_optimization,0.9027724551567259,0,0.32294629722788465,-0.007946297227884647,-0.007946297227884647,True,D:rise|G4[0]|G5[0]|G6[0]|G7[1]|OUT:rise,D -> G4 -> G5 -> G6 -> G7
999,post_optimization,0.9027724551567259,0,0.3066584107524688,0.0083415892475312,0,False,D:rise|G4[0]|G5[0]|G6[0]|G7[1]|OUT:rise,D -> G4 -> G5 -> G6 -> G7
1000,pre_optimization,0.5903283809247721,0,0.3252865268568771,-0.010286526856877087,-0.010286526856877087,True,A:rise|G1[0]|G2[0]|G3[0]|G7[0]|OUT:rise,A -> G1 -> G2 -> G3 -> G7
1000,post_optimization,0.5903283809247721,0,0.31188806857898826,0.0031119314210117377,0,False,A:rise|G1[0]|G2[0]|G3[0]|G7[0]|OUT:rise,A -> G1 -> G2 -> G3 -> G7
1001,pre_optimization,1.9446539069549147,0,0.3296312162446829,-0.014631216244682888,-0.014631216244682888,True,A:rise|G1[0]|G2[0]|G3[0]|G7[0]|OUT:rise,A -> G1 -> G2 -> G3 -> G7
1001,post_optimization,1.9446539069549147,0,0.3155826083863364,-0.0005826083863363918,-0.0005826083863363918,True,A:rise|G1[0]|G2[0]|G3[0]|G7[0]|OUT:rise,A -> G1 -> G2 -> G3 -> G7
1002,pre_optimization,0.9679923581098959,0,0.33298147403884165,-0.01798147403884165,-0.01798147403884165,True,D:rise|G4[0]|G5[0]|G6[0]|G7[1]|OUT:rise,D -> G4 -> G5 -> G6 -> G7
1002,post_optimization,0.9679923581098959,0,0.3143827114281431,0.0006172885718568888,0,False,D:rise|G4[0]|G5[0]|G6[0]|G7[1]|OUT:rise,D -> G4 -> G5 -> G6 -> G7
1003,pre_optimization,-1.9570450986600252,0,0.3007704240792704,0.014229575920729598,0,False,D:rise|G4[0]|G5[0]|G6[0]|G7[1]|OUT:rise,D -> G4 -> G5 -> G6 -> G7
1003,post_optimization,-1.9570450986600252,0,0.28709547983283645,0.02790452016716355,0,False,D:rise|G4[0]|G5[0]|G6[0]|G7[1]|OUT:rise,D -> G4 -> G5 -> G6 -> G7
1004,pre_optimization,-0.06119562093296088,0,0.31909292437651376,-0.004092924376513762,-0.004092924376513762,True,A:rise|G1[0]|G2[0]|G3[0]|G7[0]|OUT:rise,A -> G1 -> G2 -> G3 -> G7
1004,post_optimization,-0.06119562093296088,0,0.3090119109426537,0.005988089057346324,0,False,A:rise|G1[0]|G2[0]|G3[0]|G7[0]|OUT:rise,A -> G1 -> G2 -> G3 -> G7
1005,pre_optimization,0.24057850130151892,0,0.3155301073053983,-0.0005301073053983196,-0.0005301073053983196,True,D:rise|G4[0]|G5[0]|G6[0]|G7[1]|OUT:rise,D -> G4 -> G5 -> G6 -> G7
1005,post_optimization,0.24057850130151892,0,0.3026500676318348,0.012349932368165228,0,False,A:rise|G1[0]|G2[0]|G3[0]|G7[0]|OUT:rise,A -> G1 -> G2 -> G3 -> G7
1006,pre_optimization,0.3051947829017455,0,0.32153918484345656,-0.006539184843456558,-0.006539184843456558,True,A:rise|G1[0]|G2[0]|G3[0]|G7[0]|OUT:rise,A -> G1 -> G2 -> G3 -> G7
1006,post_optimization,0.3051947829017455,0,0.30772064497099544,0.007279355029004564,0,False,A:rise|G1[0]|G2[0]|G3[0]|G7[0]|OUT:rise,A -> G1 -> G2 -> G3 -> G7
1007,pre_optimization,-0.5268312332937714,0,0.3151876389166444,-0.000187638916644417,-0.000187638916644417,True,A:rise|G1[0]|G2[0]|G3[0]|G7[0]|OUT:rise,A -> G1 -> G2 -> G3 -> G7
1007,post_optimization,-0.5268312332937714,0,0.3003094958260546,0.014690504173945407,0,False,A:rise|G1[0]|G2[0]|G3[0]|G7[0]|OUT:rise,A -> G1 -> G2 -> G3 -> G7
1008,pre_optimization,-1.162107965996997,0,0.29623242959838575,0.018767570401614253,0,False,A:rise|G1[0]|G2[0]|G3[0]|G7[0]|OUT:rise,A -> G1 -> G2 -> G3 -> G7
1008,post_optimization,-1.162107965996997,0,0.28149745314651364,0.03350254685348636,0,False,A:rise|G1[0]|G2[0]|G3[0]|G7[0]|OUT:rise,A -> G1 -> G2 -> G3 -> G7
1009,pre_optimization,-0.5719147390196756,0,0.3340117999949998,-0.0190117999949998,-0.0190117999949998,True,A:rise|G1[0]|G2[0]|G3[0]|G7[0]|OUT:rise,A -> G1 -> G2 -> G3 -> G7
1009,post_optimization,-0.5719147390196756,0,0.3191384918070292,-0.004138491807029188,-0.004138491807029188,True,A:rise|G1[0]|G2[0]|G3[0]|G7[0]|OUT:rise,A -> G1 -> G2 -> G3 -> G7
1010,pre_optimization,0.31807267415103463,0,0.3310379209549334,-0.016037920954933393,-0.016037920954933393,True,A:rise|G1[0]|G2[0]|G3[0]|G7[0]|OUT:rise,A -> G1 -> G2 -> G3 -> G7
1010,post_optimization,0.31807267415103463,0,0.3154487987060751,-0.0004487987060751153,-0.0004487987060751153,True,A:rise|G1[0]|G2[0]|G3[0]|G7[0]|OUT:rise,A -> G1 -> G2 -> G3 -> G7
1011,pre_optimization,0.22994583564829774,0,0.33621897431603887,-0.021218974316038863,-0.021218974316038863,True,D:rise|G4[0]|G5[0]|G6[0]|G7[1]|OUT:rise,D -> G4 -> G5 -> G6 -> G7
1011,post_optimization,0.22994583564829774,0,0.31585278049059395,-0.0008527804905939518,-0.0008527804905939518,True,D:rise|G4[0]|G5[0]|G6[0]|G7[1]|OUT:rise,D -> G4 -> G5 -> G6 -> G7
1012,pre_optimization,-0.024817451395210376,0,0.3152594503880839,-0.00025945038808389276,-0.00025945038808389276,True,D:rise|G4[0]|G5[0]|G6[0]|G7[1]|OUT:rise,D -> G4 -> G5 -> G6 -> G7
1012,post_optimization,-0.024817451395210376,0,0.30122769220982293,0.013772307790177074,0,False,A:rise|G1[0]|G2[0]|G3[0]|G7[0]|OUT:rise,A -> G1 -> G2 -> G3 -> G7
1013,pre_optimization,0.34900209334417404,0,0.3179942619604838,-0.0029942619604838017,-0.0029942619604838017,True,A:rise|G1[0]|G2[0]|G3[0]|G7[0]|OUT:rise,A -> G1 -> G2 -> G3 -> G7
1013,post_optimization,0.34900209334417404,0,0.3057949786490144,0.00920502135098561,0,False,A:rise|G1[0]|G2[0]|G3[0]|G7[0]|OUT:rise,A -> G1 -> G2 -> G3 -> G7
1014,pre_optimization,-1.1520493704512837,0,0.30033402943002147,0.014665970569978537,0,False,D:rise|G4[0]|G5[0]|G6[0]|G7[1]|OUT:rise,D -> G4 -> G5 -> G6 -> G7
1014,post_optimization,-1.1520493704512837,0,0.28532351099218284,0.029676489007817164,0,False,D:rise|G4[0]|G5[0]|G6[0]|G7[1]|OUT:rise,D -> G4 -> G5 -> G6 -> G7
1015,pre_optimization,0.29882465797916374,0,0.31957817089912416,-0.0045781708991241565,-0.0045781708991241565,True,A:rise|G1[0]|G2[0]|G3[0]|G7[0]|OUT:rise,A -> G1 -> G2 -> G3 -> G7
1015,post_optimization,0.29882465797916374,0,0.30576640801098653,0.009233591989013468,0,False,A:rise|G1[0]|G2[0]|G3[0]|G7[0]|OUT:rise,A -> G1 -> G2 -> G3 -> G7
1016,pre_optimization,2.236257063584943,0,0.3310810096166479,-0.01608100961664788,-0.01608100961664788,True,D:rise|G4[0]|G5[0]|G6[0]|G7[1]|OUT:rise,D -> G4 -> G5 -> G6 -> G7
1016,post_optimization,2.236257063584943,0,0.31839173182983127,-0.003391731829831268,-0.003391731829831268,True,A:rise|G1[0]|G2[0]|G3[0]|G7[0]|OUT:rise,A -> G1 -> G2 -> G3 -> G7
1017,pre_optimization,1.1406132429903948,0,0.327190716408434,-0.012190716408434,-0.012190716408434,True,A:rise|G1[0]|G2[0]|G3[0]|G7[0]|OUT:rise,A -> G1 -> G2 -> G3 -> G7
1017,post_optimization,1.1406132429903948,0,0.31588472413068547,-0.0008847241306854658,-0.0008847241306854658,True,A:rise|G1[0]|G2[0]|G3[0]|G7[0]|OUT:rise,A -> G1 -> G2 -> G3 -> G7
1018,pre_optimization,-0.572304757477667,0,0.30827897407546173,0.006721025924538271,0,False,A:rise|G1[0]|G2[0]|G3[0]|G7[0]|OUT:rise,A -> G1 -> G2 -> G3 -> G7
1018,post_optimization,-0.572304757477667,0,0.29625516785810346,0.01874483214189654,0,False,A:rise|G1[0]|G2[0]|G3[0]|G7[0]|OUT:rise,A -> G1 -> G2 -> G3 -> G7
1019,pre_optimization,-0.40892941268324007,0,0.3089549050067494,0.0060450949932506215,0,False,D:rise|G4[0]|G5[0]|G6[0]|G7[1]|OUT:rise,D -> G4 -> G5 -> G6 -> G7
1019,post_optimization,-0.40892941268324007,0,0.29440096829488516,0.020599031705114845,0,False,A:rise|G1[0]|G2[0]|G3[0]|G7[0]|OUT:rise,A -> G1 -> G2 -> G3 -> G7
1020,pre_optimization,1.42694777767369,0,0.31468584389837606,0.00031415610162394136,0,False,D:rise|G4[0]|G5[0]|G6[0]|G7[1]|OUT:rise,D -> G4 -> G5 -> G6 -> G7
1020,post_optimization,1.42694777767369,0,0.30177852604582334,0.013221473954176666,0,False,D:rise|G4[0]|G5[0]|G6[0]|G7[1]|OUT:rise,D -> G4 -> G5 -> G6 -> G7
1021,pre_optimization,-1.876174922197825,0,0.32220785685943065,-0.00720785685943065,-0.00720785685943065,True,D:rise|G4[0]|G5[0]|G6[0]|G7[1]|OUT:rise,D -> G4 -> G5 -> G6 -> G7
1021,post_optimization,-1.876174922197825,0,0.3019893383052161,0.013010661694783876,0,False,D:rise|G4[0]|G5[0]|G6[0]|G7[1]|OUT:rise,D -> G4 -> G5 -> G6 -> G7
1022,pre_optimization,1.0813064521553983,0,0.3465848872602681,-0.03158488726026809,-0.03158488726026809,True,D:rise|G4[0]|G5[0]|G6[0]|G7[1]|OUT:rise,D -> G4 -> G5 -> G6 -> G7
1022,post_optimization,1.0813064521553983,0,0.32712318524662265,-0.012123185246622648,-0.012123185246622648,True,D:rise|G4[0]|G5[0]|G6[0]|G7[1]|OUT:rise,D -> G4 -> G5 -> G6 -> G7
1023,pre_optimization,0.8920050438658064,0,0.32559104437068853,-0.01059104437068853,-0.01059104437068853,True,D:rise|G4[0]|G5[0]|G6[0]|G7[1]|OUT:rise,D -> G4 -> G5 -> G6 -> G7
1023,post_optimization,0.8920050438658064,0,0.3089112193462117,0.006088780653788317,0,False,A:rise|G1[0]|G2[0]|G3[0]|G7[0]|OUT:rise,A -> G1 -> G2 -> G3 -> G7
1024,pre_optimization,0.23613114461919016,0,0.31769632588614094,-0.002696325886140938,-0.002696325886140938,True,D:rise|G4[0]|G5[0]|G6[0]|G7[1]|OUT:rise,D -> G4 -> G5 -> G6 -> G7
1024,post_optimization,0.23613114461919016,0,0.30253540074545276,0.012464599254547237,0,False,D:rise|G4[0]|G5[0]|G6[0]|G7[1]|OUT:rise,D -> G4 -> G5 -> G6 -> G7
1025,pre_optimization,0.5054269268085273,0,0.3121312305113758,0.00286876948862419,0,False,D:rise|G4[0]|G5[0]|G6[0]|G7[1]|OUT:rise,D -> G4 -> G5 -> G6 -> G7
1025,post_optimization,0.5054269268085273,0,0.29977858840546234,0.01522141159453766,0,False,A:rise|G1[0]|G2[0]|G3[0]|G7[0]|OUT:rise,A -> G1 -> G2 -> G3 -> G7
1026,pre_optimization,1.9219723783023233,0,0.33635219103864783,-0.021352191038647828,-0.021352191038647828,True,D:rise|G4[0]|G5[0]|G6[0]|G7[1]|OUT:rise,D -> G4 -> G5 -> G6 -> G7
1026,post_optimization,1.9219723783023233,0,0.3181565286809511,-0.0031565286809511206,-0.0031565286809511206,True,D:rise|G4[0]|G5[0]|G6[0]|G7[1]|OUT:rise,D -> G4 -> G5 -> G6 -> G7
1027,pre_optimization,0.21445560658907323,0,0.31115126157897094,0.003848738421029063,0,False,D:rise|G4[0]|G5[0]|G6[0]|G7[1]|OUT:rise,D -> G4 -> G5 -> G6 -> G7
1027,post_optimization,0.21445560658907323,0,0.2934369479015979,0.02156305209840209,0,False,D:rise|G4[0]|G5[0]|G6[0]|G7[1]|OUT:rise,D -> G4 -> G5 -> G6 -> G7
1028,pre_optimization,-2.7804603284976133,0,0.29717024437518624,0.01782975562481376,0,False,A:rise|G1[0]|G2[0]|G3[0]|G7[0]|OUT:rise,A -> G1 -> G2 -> G3 -> G7
1028,post_optimization,-2.7804603284976133,0,0.2876522784283929,0.027347721571607086,0,False,A:rise|G1[0]|G2[0]|G3[0]|G7[0]|OUT:rise,A -> G1 -> G2 -> G3 -> G7
1029,pre_optimization,0.39942046653390556,0,0.3254668201060509,-0.010466820106050878,-0.010466820106050878,True,A:rise|G1[0]|G2[0]|G3[0]|G7[0]|OUT:rise,A -> G1 -> G2 -> G3 -> G7
1029,post_optimization,0.39942046653390556,0,0.31141150867723294,0.0035884913227670623,0,False,A:rise|G1[0]|G2[0]|G3[0]|G7[0]|OUT:rise,A -> G1 -> G2 -> G3 -> G7
1030,pre_optimization,-1.0510406812360682,0,0.3107794969834953,0.004220503016504729,0,False,D:rise|G4[0]|G5[0]|G6[0]|G7[1]|OUT:rise,D -> G4 -> G5 -> G6 -> G7
1030,post_optimization,-1.0510406812360682,0,0.29318425446388,0.02181574553611998,0,False,D:rise|G4[0]|G5[0]|G6[0]|G7[1]|OUT:rise,D -> G4 -> G5 -> G6 -> G7
1031,pre_optimization,-1.0473370640626205,0,0.31589438294937544,-0.0008943829493754385,-0.0008943829493754385,True,D:rise|G4[0]|G5[0]|G6[0]|G7[1]|OUT:rise,D -> G4 -> G5 -> G6 -> G7
1031,post_optimization,-1.0473370640626205,0,0.2983523549464674,0.01664764505353261,0,False,D:rise|G4[0]|G5[0]|G6[0]|G7[1]|OUT:rise,D -> G4 -> G5 -> G6 -> G7
1032,pre_optimization,1.066915018672251,0,0.33195498337714724,-0.016954983377147237,-0.016954983377147237,True,A:rise|G1[0]|G2[0]|G3[0]|G7[0]|OUT:rise,A -> G1 -> G2 -> G3 -> G7
1032,post_optimization,1.066915018672251,0,0.32080874637460555,-0.0058087463746055445,-0.0058087463746055445,True,A:rise|G1[0]|G2[0]|G3[0]|G7[0]|OUT:rise,A -> G1 -> G2 -> G3 -> G7
1033,pre_optimization,0.9122997538204443,0,0.3283969217919859,-0.013396921791985872,-0.013396921791985872,True,D:rise|G4[0]|G5[0]|G6[0]|G7[1]|OUT:rise,D -> G4 -> G5 -> G6 -> G7
1033,post_optimization,0.9122997538204443,0,0.31305182662042685,0.0019481733795731482,0,False,A:rise|G1[0]|G2[0]|G3[0]|G7[0]|OUT:rise,A -> G1 -> G2 -> G3 -> G7
1034,pre_optimization,-0.6497135446793016,0,0.3011011444433414,0.013898855556658596,0,False,A:rise|G1[0]|G2[0]|G3[0]|G7[0]|OUT:rise,A -> G1 -> G2 -> G3 -> G7
1034,post_optimization,-0.6497135446793016,0,0.28935653244881704,0.025643467551182964,0,False,A:rise|G1[0]|G2[0]|G3[0]|G7[0]|OUT:rise,A -> G1 -> G2 -> G3 -> G7
1035,pre_optimization,0.48918303312933126,0,0.3346764419131699,-0.019676441913169918,-0.019676441913169918,True,A:rise|G1[0]|G2[0]|G3[0]|G7[0]|OUT:rise,A -> G1 -> G2 -> G3 -> G7
1035,post_optimization,0.48918303312933126,0,0.32026113126370226,-0.005261131263702257,-0.005261131263702257,True,A:rise|G1[0]|G2[0]|G3[0]|G7[0]|OUT:rise,A -> G1 -> G2 -> G3 -> G7
1036,pre_optimization,-0.32650543681419575,0,0.3208665956682213,-0.005866595668221286,-0.005866595668221286,True,A:rise|G1[0]|G2[0]|G3[0]|G7[0]|OUT:rise,A -> G1 -> G2 -> G3 -> G7
1036,post_optimization,-0.32650543681419575,0,0.308729733067269,0.006270266932731028,0,False,A:rise|G1[0]|G2[0]|G3[0]|G7[0]|OUT:rise,A -> G1 -> G2 -> G3 -> G7
1037,pre_optimization,1.4288478345972464,0,0.3448667669374751,-0.029866766937475087,-0.029866766937475087,True,D:rise|G4[0]|G5[0]|G6[0]|G7[1]|OUT:rise,D -> G4 -> G5 -> G6 -> G7
1037,post_optimization,1.4288478345972464,0,0.3241613154361471,-0.009161315436147122,-0.009161315436147122,True,D:rise|G4[0]|G5[0]|G6[0]|G7[1]|OUT:rise,D -> G4 -> G5 -> G6 -> G7
1038,pre_optimization,-0.2551090123769981,0,0.3170393161400236,-0.002039316140023617,-0.002039316140023617,True,D:rise|G4[0]|G5[0]|G6[0]|G7[1]|OUT:rise,D -> G4 -> G5 -> G6 -> G7
1038,post_optimization,-0.2551090123769981,0,0.30061846076331644,0.01438153923668356,0,False,D:rise|G4[0]|G5[0]|G6[0]|G7[1]|OUT:rise,D -> G4 -> G5 -> G6 -> G7
1039,pre_optimization,-0.7083477855311341,0,0.30814583847340193,0.006854161526598068,0,False,D:rise|G4[0]|G5[0]|G6[0]|G7[1]|OUT:rise,D -> G4 -> G5 -> G6 -> G7
1039,post_optimization,-0.7083477855311341,0,0.2911706964464308,0.023829303553569214,0,False,A:rise|G1[0]|G2[0]|G3[0]|G7[0]|OUT:rise,A -> G1 -> G2 -> G3 -> G7
1040,pre_optimization,0.13138848388153285,0,0.3111683491186149,0.003831650881385096,0,False,A:rise|G1[0]|G2[0]|G3[0]|G7[0]|OUT:rise,A -> G1 -> G2 -> G3 -> G7
1040,post_optimization,0.13138848388153285,0,0.2990684947230303,0.015931505276969682,0,False,A:rise|G1[0]|G2[0]|G3[0]|G7[0]|OUT:rise,A -> G1 -> G2 -> G3 -> G7
1041,pre_optimization,1.094032201005319,0,0.3244346372720559,-0.009434637272055901,-0.009434637272055901,True,A:rise|G1[0]|G2[0]|G3[0]|G7[0]|OUT:rise,A -> G1 -> G2 -> G3 -> G7
1041,post_optimization,1.094032201005319,0,0.31216131417140724,0.0028386858285927574,0,False,A:rise|G1[0]|G2[0]|G3[0]|G7[0]|OUT:rise,A -> G1 -> G2 -> G3 -> G7
1042,pre_optimization,0.25050514049262823,0,0.32762964156753777,-0.012629641567537764,-0.012629641567537764,True,A:rise|G1[0]|G2[0]|G3[0]|G7[0]|OUT:rise,A -> G1 -> G2 -> G3 -> G7
1042,post_optimization,0.25050514049262823,0,0.3120073748132125,0.002992625186787501,0,False,A:rise|G1[0]|G2[0]|G3[0]|G7[0]|OUT:rise,A -> G1 -> G2 -> G3 -> G7
1043,pre_optimization,-1.2269765105876669,0,0.31275162472558693,0.0022483752744130725,0,False,D:rise|G4[0]|G5[0]|G6[0]|G7[1]|OUT:rise,D -> G4 -> G5 -> G6 -> G7
1043,post_optimization,-1.2269765105876669,0,0.2964478474827682,0.0185521525172318,0,False,D:rise|G4[0]|G5[0]|G6[0]|G7[1]|OUT:rise,D -> G4 -> G5 -> G6 -> G7
1044,pre_optimization,-0.6440058621237025,0,0.31531667098569166,-0.0003166709856916583,-0.0003166709856916583,True,A:rise|G1[0]|G2[0]|G3[0]|G7[0]|OUT:rise,A -> G1 -> G2 -> G3 -> G7
1044,post_optimization,-0.6440058621237025,0,0.3016347911544651,0.013365208845534882,0,False,A:rise|G1[0]|G2[0]|G3[0]|G7[0]|OUT:rise,A -> G1 -> G2 -> G3 -> G7
1045,pre_optimization,1.3023936608693414,0,0.342785024576138,-0.027785024576138018,-0.027785024576138018,True,A:rise|G1[0]|G2[0]|G3[0]|G7[0]|OUT:rise,A -> G1 -> G2 -> G3 -> G7
1045,post_optimization,1.3023936608693414,0,0.3289300135615533,-0.013930013561553323,-0.013930013561553323,True,A:rise|G1[0]|G2[0]|G3[0]|G7[0]|OUT:rise,A -> G1 -> G2 -> G3 -> G7
1046,pre_optimization,0.9347267604350157,0,0.3305938458887444,-0.015593845888744406,-0.015593845888744406,True,D:rise|G4[0]|G5[0]|G6[0]|G7[1]|OUT:rise,D -> G4 -> G5 -> G6 -> G7
1046,post_optimization,0.9347267604350157,0,0.3138491288306551,0.0011508711693449247,0,False,D:rise|G4[0]|G5[0]|G6[0]|G7[1]|OUT:rise,D -> G4 -> G5 -> G6 -> G7
1047,pre_optimization,2.018116516372248,0,0.3349153000051932,-0.019915300005193204,-0.019915300005193204,True,A:rise|G1[0]|G2[0]|G3[0]|G7[0]|OUT:rise,A -> G1 -> G2 -> G3 -> G7
1047,post_optimization,2.018116516372248,0,0.3238761162417906,-0.008876116241790577,-0.008876116241790577,True,A:rise|G1[0]|G2[0]|G3[0]|G7[0]|OUT:rise,A -> G1 -> G2 -> G3 -> G7
1048,pre_optimization,-0.5502994191472229,0,0.3175121336297792,-0.0025121336297792007,-0.0025121336297792007,True,D:rise|G4[0]|G5[0]|G6[0]|G7[1]|OUT:rise,D -> G4 -> G5 -> G6 -> G7
1048,post_optimization,-0.5502994191472229,0,0.2985706780025621,0.016429321997437907,0,False,A:rise|G1[0]|G2[0]|G3[0]|G7[0]|OUT:rise,A -> G1 -> G2 -> G3 -> G7
1049,pre_optimization,-1.6500790175762556,0,0.3036171425873645,0.011382857412635505,0,False,A:rise|G1[0]|G2[0]|G3[0]|G7[0]|OUT:rise,A -> G1 -> G2 -> G3 -> G7
1049,post_optimization,-1.6500790175762556,0,0.2928825949528239,0.022117405047176075,0,False,A:rise|G1[0]|G2[0]|G3[0]|G7[0]|OUT:rise,A -> G1 -> G2 -> G3 -> G7
1050,pre_optimization,0.09355316925296368,0,0.321135293393089,-0.006135293393088992,-0.006135293393088992,True,A:rise|G1[0]|G2[0]|G3[0]|G7[0]|OUT:rise,A -> G1 -> G2 -> G3 -> G7
1050,post_optimization,0.09355316925296368,0,0.30714042620923465,0.00785957379076535,0,False,A:rise|G1[0]|G2[0]|G3[0]|G7[0]|OUT:rise,A -> G1 -> G2 -> G3 -> G7
1051,pre_optimization,-1.4538832545172014,0,0.3010136726533488,0.013986327346651228,0,False,D:rise|G4[0]|G5[0]|G6[0]|G7[1]|OUT:rise,D -> G4 -> G5 -> G6 -> G7
1051,post_optimization,-1.4538832545172014,0,0.2862316836374552,0.028768316362544788,0,False,A:rise|G1[0]|G2[0]|G3[0]|G7[0]|OUT:rise,A -> G1 -> G2 -> G3 -> G7
1052,pre_optimization,-0.4464821822938983,0,0.3132074149071809,0.001792585092819099,0,False,D:rise|G4[0]|G5[0]|G6[0]|G7[1]|OUT:rise,D -> G4 -> G5 -> G6 -> G7
1052,post_optimization,-0.4464821822938983,0,0.296555945141935,0.018444054858064995,0,False,D:rise|G4[0]|G5[0]|G6[0]|G7[1]|OUT:rise,D -> G4 -> G5 -> G6 -> G7
1053,pre_optimization,1.7489058889253257,0,0.32822636284814743,-0.013226362848147433,-0.013226362848147433,True,A:rise|G1[0]|G2[0]|G3[0]|G7[0]|OUT:rise,A -> G1 -> G2 -> G3 -> G7
1053,post_optimization,1.7489058889253257,0,0.3149890309081985,1.0969091801482644e-05,0,False,A:rise|G1[0]|G2[0]|G3[0]|G7[0]|OUT:rise,A -> G1 -> G2 -> G3 -> G7
1054,pre_optimization,-0.5858568550428062,0,0.30515205074021357,0.009847949259786437,0,False,D:rise|G4[0]|G5[0]|G6[0]|G7[1]|OUT:rise,D -> G4 -> G5 -> G6 -> G7
1054,post_optimization,-0.5858568550428062,0,0.29135306493837965,0.023646935061620356,0,False,A:rise|G1[0]|G2[0]|G3[0]|G7[0]|OUT:rise,A -> G1 -> G2 -> G3 -> G7
1055,pre_optimization,0.6704075430854768,0,0.3306240443030361,-0.0156240443030361,-0.0156240443030361,True,D:rise|G4[0]|G5[0]|G6[0]|G7[1]|OUT:rise,D -> G4 -> G5 -> G6 -> G7
1055,post_optimization,0.6704075430854768,0,0.3136603097303567,0.0013396902696433122,0,False,D:rise|G4[0]|G5[0]|G6[0]|G7[1]|OUT:rise,D -> G4 -> G5 -> G6 -> G7
1056,pre_optimization,-0.8221186826835358,0,0.32683552946449324,-0.011835529464493233,-0.011835529464493233,True,A:rise|G1[0]|G2[0]|G3[0]|G7[0]|OUT:rise,A -> G1 -> G2 -> G3 -> G7
1056,post_optimization,-0.8221186826835358,0,0.3150345202716345,-3.452027163447502e-05,-3.452027163447502e-05,True,A:rise|G1[0]|G2[0]|G3[0]|G7[0]|OUT:rise,A -> G1 -> G2 -> G3 -> G7
1057,pre_optimization,0.8012644069358292,0,0.33017835818235103,-0.015178358182351026,-0.015178358182351026,True,A:rise|G1[0]|G2[0]|G3[0]|G7[0]|OUT:rise,A -> G1 -> G2 -> G3 -> G7
1057,post_optimization,0.8012644069358292,0,0.31818321819184103,-0.0031832181918410307,-0.0031832181918410307,True,A:rise|G1[0]|G2[0]|G3[0]|G7[0]|OUT:rise,A -> G1 -> G2 -> G3 -> G7
1058,pre_optimization,-1.348513035405317,0,0.30520279172155845,0.00979720827844155,0,False,D:rise|G4[0]|G5[0]|G6[0]|G7[1]|OUT:rise,D -> G4 -> G5 -> G6 -> G7
1058,post_optimization,-1.348513035405317,0,0.29325285765318143,0.02174714234681857,0,False,A:rise|G1[0]|G2[0]|G3[0]|G7[0]|OUT:rise,A -> G1 -> G2 -> G3 -> G7
1059,pre_optimization,0.23351970445178785,0,0.3033035040245578,0.0116964959754422,0,False,D:rise|G4[0]|G5[0]|G6[0]|G7[1]|OUT:rise,D -> G4 -> G5 -> G6 -> G7
1059,post_optimization,0.23351970445178785,0,0.2898293445693171,0.02517065543068292,0,False,A:rise|G1[0]|G2[0]|G3[0]|G7[0]|OUT:rise,A -> G1 -> G2 -> G3 -> G7
1060,pre_optimization,1.1418426129945192,0,0.33884740809959707,-0.023847408099597067,-0.023847408099597067,True,A:rise|G1[0]|G2[0]|G3[0]|G7[0]|OUT:rise,A -> G1 -> G2 -> G3 -> G7
1060,post_optimization,1.1418426129945192,0,0.32632445394352105,-0.011324453943521051,-0.011324453943521051,True,A:rise|G1[0]|G2[0]|G3[0]|G7[0]|OUT:rise,A -> G1 -> G2 -> G3 -> G7
1061,pre_optimization,0.20720414690904765,0,0.31547701235013315,-0.0004770123501331436,-0.0004770123501331436,True,D:rise|G4[0]|G5[0]|G6[0]|G7[1]|OUT:rise,D -> G4 -> G5 -> G6 -> G7
1061,post_optimization,0.20720414690904765,0,0.2982513587010226,0.016748641298977407,0,False,A:rise|G1[0]|G2[0]|G3[0]|G7[0]|OUT:rise,A -> G1 -> G2 -> G3 -> G7
1062,pre_optimization,-0.26636639394183353,0,0.30557182948815786,0.009428170511842138,0,False,A:rise|G1[0]|G2[0]|G3[0]|G7[0]|OUT:rise,A -> G1 -> G2 -> G3 -> G7
1062,post_optimization,-0.26636639394183353,0,0.29527454602388403,0.01972545397611597,0,False,A:rise|G1[0]|G2[0]|G3[0]|G7[0]|OUT:rise,A -> G1 -> G2 -> G3 -> G7
1063,pre_optimization,2.026095021252935,0,0.3424173037557882,-0.027417303755788214,-0.027417303755788214,True,D:rise|G4[0]|G5[0]|G6[0]|G7[1]|OUT:rise,D -> G4 -> G5 -> G6 -> G7
1063,post_optimization,2.026095021252935,0,0.3276017136343812,-0.012601713634381173,-0.012601713634381173,True,A:rise|G1[0]|G2[0]|G3[0]|G7[0]|OUT:rise,A -> G1 -> G2 -> G3 -> G7
1064,pre_optimization,0.954433867689054,0,0.3368953167422483,-0.021895316742248316,-0.021895316742248316,True,D:rise|G4[0]|G5[0]|G6[0]|G7[1]|OUT:rise,D -> G4 -> G5 -> G6 -> G7
1064,post_optimization,0.954433867689054,0,0.31776511499012927,-0.0027651149901292693,-0.0027651149901292693,True,D:rise|G4[0]|G5[0]|G6[0]|G7[1]|OUT:rise,D -> G4 -> G5 -> G6 -> G7
1065,pre_optimization,0.6034920826043347,0,0.3183765618463138,-0.003376561846313797,-0.003376561846313797,True,D:rise|G4[0]|G5[0]|G6[0]|G7[1]|OUT:rise,D -> G4 -> G5 -> G6 -> G7
1065,post_optimization,0.6034920826043347,0,0.3017700900979684,0.0132299099020316,0,False,A:rise|G1[0]|G2[0]|G3[0]|G7[0]|OUT:rise,A -> G1 -> G2 -> G3 -> G7
1066,pre_optimization,1.7286661401730228,0,0.3313194390677015,-0.016319439067701502,-0.016319439067701502,True,D:rise|G4[0]|G5[0]|G6[0]|G7[1]|OUT:rise,D -> G4 -> G5 -> G6 -> G7
1066,post_optimization,1.7286661401730228,0,0.3122663311971855,0.002733668802814504,0,False,D:rise|G4[0]|G5[0]|G6[0]|G7[1]|OUT:rise,D -> G4 -> G5 -> G6 -> G7
1067,pre_optimization,-0.7984922676794878,0,0.3257795823006655,-0.010779582300665502,-0.010779582300665502,True,A:rise|G1[0]|G2[0]|G3[0]|G7[0]|OUT:rise,A -> G1 -> G2 -> G3 -> G7
1067,post_optimization,-0.7984922676794878,0,0.31178596724370045,0.0032140327562995563,0,False,A:rise|G1[0]|G2[0]|G3[0]|G7[0]|OUT:rise,A -> G1 -> G2 -> G3 -> G7
1068,pre_optimization,0.16819025434523396,0,0.31612820675013037,-0.0011282067501303672,-0.0011282067501303672,True,A:rise|G1[0]|G2[0]|G3[0]|G7[0]|OUT:rise,A -> G1 -> G2 -> G3 -> G7
1068,post_optimization,0.16819025434523396,0,0.3040217678014708,0.010978232198529225,0,False,A:rise|G1[0]|G2[0]|G3[0]|G7[0]|OUT:rise,A -> G1 -> G2 -> G3 -> G7
1069,pre_optimization,-0.8364592177110766,0,0.3114444003571876,0.0035555996428123793,0,False,A:rise|G1[0]|G2[0]|G3[0]|G7[0]|OUT:rise,A -> G1 -> G2 -> G3 -> G7
1069,post_optimization,-0.8364592177110766,0,0.29664261185476487,0.018357388145235132,0,False,A:rise|G1[0]|G2[0]|G3[0]|G7[0]|OUT:rise,A -> G1 -> G2 -> G3 -> G7
1070,pre_optimization,-0.19142166722515316,0,0.31932497711515423,-0.004324977115154227,-0.004324977115154227,True,D:rise|G4[0]|G5[0]|G6[0]|G7[1]|OUT:rise,D -> G4 -> G5 -> G6 -> G7
1070,post_optimization,-0.19142166722515316,0,0.3008212175620437,0.014178782437956283,0,False,D:rise|G4[0]|G5[0]|G6[0]|G7[1]|OUT:rise,D -> G4 -> G5 -> G6 -> G7
1071,pre_optimization,-0.2550701182897114,0,0.3185734581992717,-0.003573458199271684,-0.003573458199271684,True,D:rise|G4[0]|G5[0]|G6[0]|G7[1]|OUT:rise,D -> G4 -> G5 -> G6 -> G7
1071,post_optimization,-0.2550701182897114,0,0.30272038916986477,0.012279610830135235,0,False,D:rise|G4[0]|G5[0]|G6[0]|G7[1]|OUT:rise,D -> G4 -> G5 -> G6 -> G7
1072,pre_optimization,-2.072718795823898,0,0.2946649234344505,0.020335076565549504,0,False,D:rise|G4[0]|G5[0]|G6[0]|G7[1]|OUT:rise,D -> G4 -> G5 -> G6 -> G7
1072,post_optimization,-2.072718795823898,0,0.27954914620573446,0.03545085379426555,0,False,A:rise|G1[0]|G2[0]|G3[0]|G7[0]|OUT:rise,A -> G1 -> G2 -> G3 -> G7
1073,pre_optimization,-0.9943095469901116,0,0.29976637364675573,0.015233626353244267,0,False,D:rise|G4[0]|G5[0]|G6[0]|G7[1]|OUT:rise,D -> G4 -> G5 -> G6 -> G7
1073,post_optimization,-0.9943095469901116,0,0.28671210608037107,0.028287893919628937,0,False,A:rise|G1[0]|G2[0]|G3[0]|G7[0]|OUT:rise,A -> G1 -> G2 -> G3 -> G7
1074,pre_optimization,-0.498315680702341,0,0.3187401865701262,-0.0037401865701262027,-0.0037401865701262027,True,A:rise|G1[0]|G2[0]|G3[0]|G7[0]|OUT:rise,A -> G1 -> G2 -> G3 -> G7
1074,post_optimization,-0.498315680702341,0,0.30516977793655725,0.00983022206344275,0,False,A:rise|G1[0]|G2[0]|G3[0]|G7[0]|OUT:rise,A -> G1 -> G2 -> G3 -> G7
1075,pre_optimization,0.5461718902396132,0,0.3267137802752157,-0.01171378027521569,-0.01171378027521569,True,D:rise|G4[0]|G5[0]|G6[0]|G7[1]|OUT:rise,D -> G4 -> G5 -> G6 -> G7
1075,post_optimization,0.5461718902396132,0,0.30829771160421077,0.006702288395789235,0,False,D:rise|G4[0]|G5[0]|G6[0]|G7[1]|OUT:rise,D -> G4 -> G5 -> G6 -> G7
1076,pre_optimization,0.9649459360572159,0,0.32802920861115653,-0.013029208611156529,-0.013029208611156529,True,D:rise|G4[0]|G5[0]|G6[0]|G7[1]|OUT:rise,D -> G4 -> G5 -> G6 -> G7
1076,post_optimization,0.9649459360572159,0,0.31116859640711547,0.0038314035928845303,0,False,D:rise|G4[0]|G5[0]|G6[0]|G7[1]|OUT:rise,D -> G4 -> G5 -> G6 -> G7
1077,pre_optimization,0.7819659050101327,0,0.3270902527219671,-0.01209025272196712,-0.01209025272196712,True,A:rise|G1[0]|G2[0]|G3[0]|G7[0]|OUT:rise,A -> G1 -> G2 -> G3 -> G7
1077,post_optimization,0.7819659050101327,0,0.31199852177189297,0.003001478228107035,0,False,A:rise|G1[0]|G2[0]|G3[0]|G7[0]|OUT:rise,A -> G1 -> G2 -> G3 -> G7
1078,pre_optimization,-1.8348625389152502,0,0.30431931450378624,0.01068068549621376,0,False,D:rise|G4[0]|G5[0]|G6[0]|G7[1]|OUT:rise,D -> G4 -> G5 -> G6 -> G7
1078,post_optimization,-1.8348625389152502,0,0.28731041531209434,0.027689584687905666,0,False,D:rise|G4[0]|G5[0]|G6[0]|G7[1]|OUT:rise,D -> G4 -> G5 -> G6 -> G7
1079,pre_optimization,-1.6741407879658181,0,0.3088934771762952,0.00610652282370483,0,False,A:rise|G1[0]|G2[0]|G3[0]|G7[0]|OUT:rise,A -> G1 -> G2 -> G3 -> G7
1079,post_optimization,-1.6741407879658181,0,0.29572513627282043,0.01927486372717957,0,False,A:rise|G1[0]|G2[0]|G3[0]|G7[0]|OUT:rise,A -> G1 -> G2 -> G3 -> G7
1080,pre_optimization,2.5334028830573745,0,0.3387388041794394,-0.02373880417943941,-0.02373880417943941,True,A:rise|G1[0]|G2[0]|G3[0]|G7[0]|OUT:rise,A -> G1 -> G2 -> G3 -> G7
1080,post_optimization,2.5334028830573745,0,0.32660195218443705,-0.011601952184437048,-0.011601952184437048,True,A:rise|G1[0]|G2[0]|G3[0]|G7[0]|OUT:rise,A -> G1 -> G2 -> G3 -> G7
1081,pre_optimization,-0.6070663945725734,0,0.3106806516791476,0.004319348320852401,0,False,D:rise|G4[0]|G5[0]|G6[0]|G7[1]|OUT:rise,D -> G4 -> G5 -> G6 -> G7
1081,post_optimization,-0.6070663945725734,0,0.2933482482488444,0.02165175175115558,0,False,D:rise|G4[0]|G5[0]|G6[0]|G7[1]|OUT:rise,D -> G4 -> G5 -> G6 -> G7
1082,pre_optimization,1.2868195021058102,0,0.3418859449615,-0.026885944961499986,-0.026885944961499986,True,A:rise|G1[0]|G2[0]|G3[0]|G7[0]|OUT:rise,A -> G1 -> G2 -> G3 -> G7
1082,post_optimization,1.2868195021058102,0,0.33094998717807633,-0.01594998717807633,-0.01594998717807633,True,A:rise|G1[0]|G2[0]|G3[0]|G7[0]|OUT:rise,A -> G1 -> G2 -> G3 -> G7
1083,pre_optimization,-1.0317291830492217,0,0.3128719361731635,0.0021280638268365015,0,False,A:rise|G1[0]|G2[0]|G3[0]|G7[0]|OUT:rise,A -> G1 -> G2 -> G3 -> G7
1083,post_optimization,-1.0317291830492217,0,0.2998024318831538,0.015197568116846194,0,False,A:rise|G1[0]|G2[0]|G3[0]|G7[0]|OUT:rise,A -> G1 -> G2 -> G3 -> G7
1084,pre_optimization,-0.3181056634285523,0,0.302892549188159,0.012107450811841003,0,False,A:rise|G1[0]|G2[0]|G3[0]|G7[0]|OUT:rise,A -> G1 -> G2 -> G3 -> G7
1084,post_optimization,-0.3181056634285523,0,0.293881072150072,0.021118927849928026,0,False,A:rise|G1[0]|G2[0]|G3[0]|G7[0]|OUT:rise,A -> G1 -> G2 -> G3 -> G7
1085,pre_optimization,-0.25712662555756316,0,0.31356863495743786,0.0014313650425621383,0,False,D:rise|G4[0]|G5[0]|G6[0]|G7[1]|OUT:rise,D -> G4 -> G5 -> G6 -> G7
1085,post_optimization,-0.25712662555756316,0,0.2973069117489786,0.017693088251021394,0,False,D:rise|G4[0]|G5[0]|G6[0]|G7[1]|OUT:rise,D -> G4 -> G5 -> G6 -> G7
1086,pre_optimization,2.854155624628591,0,0.35344917186677954,-0.03844917186677954,-0.03844917186677954,True,D:rise|G4[0]|G5[0]|G6[0]|G7[1]|OUT:rise,D -> G4 -> G5 -> G6 -> G7
1086,post_optimization,2.854155624628591,0,0.3352844314365467,-0.02028443143654668,-0.02028443143654668,True,D:rise|G4[0]|G5[0]|G6[0]|G7[1]|OUT:rise,D -> G4 -> G5 -> G6 -> G7
1087,pre_optimization,-1.112689704793171,0,0.3055853810957157,0.0094146189042843,0,False,D:rise|G4[0]|G5[0]|G6[0]|G7[1]|OUT:rise,D -> G4 -> G5 -> G6 -> G7
1087,post_optimization,-1.112689704793171,0,0.28938044577610234,0.025619554223897667,0,False,D:rise|G4[0]|G5[0]|G6[0]|G7[1]|OUT:rise,D -> G4 -> G5 -> G6 -> G7
1088,pre_optimization,0.979118918379584,0,0.3360236913910343,-0.02102369139103427,-0.02102369139103427,True,D:rise|G4[0]|G5[0]|G6[0]|G7[1]|OUT:rise,D -> G4 -> G5 -> G6 -> G7
1088,post_optimization,0.979118918379584,0,0.3166574836937023,-0.0016574836937022774,-0.0016574836937022774,True,A:rise|G1[0]|G2[0]|G3[0]|G7[0]|OUT:rise,A -> G1 -> G2 -> G3 -> G7
1089,pre_optimization,1.2013544703195753,0,0.32741588568631663,-0.01241588568631663,-0.01241588568631663,True,A:rise|G1[0]|G2[0]|G3[0]|G7[0]|OUT:rise,A -> G1 -> G2 -> G3 -> G7
1089,post_optimization,1.2013544703195753,0,0.3156570250623972,-0.0006570250623971763,-0.0006570250623971763,True,A:rise|G1[0]|G2[0]|G3[0]|G7[0]|OUT:rise,A -> G1 -> G2 -> G3 -> G7
1090,pre_optimization,-0.22277654360839083,0,0.3143494809955341,0.0006505190044658882,0,False,D:rise|G4[0]|G5[0]|G6[0]|G7[1]|OUT:rise,D -> G4 -> G5 -> G6 -> G7
1090,post_optimization,-0.22277654360839083,0,0.29706881889253756,0.017931181107462446,0,False,D:rise|G4[0]|G5[0]|G6[0]|G7[1]|OUT:rise,D -> G4 -> G5 -> G6 -> G7
1091,pre_optimization,-1.309827065195086,0,0.30267469206798414,0.012325307932015861,0,False,A:rise|G1[0]|G2[0]|G3[0]|G7[0]|OUT:rise,A -> G1 -> G2 -> G3 -> G7
1091,post_optimization,-1.309827065195086,0,0.28877000600415503,0.02622999399584497,0,False,A:rise|G1[0]|G2[0]|G3[0]|G7[0]|OUT:rise,A -> G1 -> G2 -> G3 -> G7
1092,pre_optimization,1.5036055140309033,0,0.34733960068564584,-0.03233960068564584,-0.03233960068564584,True,D:rise|G4[0]|G5[0]|G6[0]|G7[1]|OUT:rise,D -> G4 -> G5 -> G6 -> G7
1092,post_optimization,1.5036055140309033,0,0.3281661030898436,-0.013166103089843617,-0.013166103089843617,True,D:rise|G4[0]|G5[0]|G6[0]|G7[1]|OUT:rise,D -> G4 -> G5 -> G6 -> G7
1093,pre_optimization,2.7113371804886706,0,0.34272618085229634,-0.027726180852296334,-0.027726180852296334,True,D:rise|G4[0]|G5[0]|G6[0]|G7[1]|OUT:rise,D -> G4 -> G5 -> G6 -> G7
1093,post_optimization,2.7113371804886706,0,0.32640676174957023,-0.011406761749570227,-0.011406761749570227,True,A:rise|G1[0]|G2[0]|G3[0]|G7[0]|OUT:rise,A -> G1 -> G2 -> G3 -> G7
1094,pre_optimization,-0.5715802632390907,0,0.3118204904212256,0.0031795095787743866,0,False,D:rise|G4[0]|G5[0]|G6[0]|G7[1]|OUT:rise,D -> G4 -> G5 -> G6 -> G7
1094,post_optimization,-0.5715802632390907,0,0.2945981682142586,0.020401831785741398,0,False,D:rise|G4[0]|G5[0]|G6[0]|G7[1]|OUT:rise,D -> G4 -> G5 -> G6 -> G7
1095,pre_optimization,-0.035750739667527336,0,0.31326556544778444,0.001734434552215558,0,False,D:rise|G4[0]|G5[0]|G6[0]|G7[1]|OUT:rise,D -> G4 -> G5 -> G6 -> G7
1095,post_optimization,-0.035750739667527336,0,0.2978834771021559,0.0171165228978441,0,False,A:rise|G1[0]|G2[0]|G3[0]|G7[0]|OUT:rise,A -> G1 -> G2 -> G3 -> G7
1096,pre_optimization,-1.472943192287424,0,0.31213302257501363,0.002866977424986372,0,False,A:rise|G1[0]|G2[0]|G3[0]|G7[0]|OUT:rise,A -> G1 -> G2 -> G3 -> G7
1096,post_optimization,-1.472943192287424,0,0.29917889192156966,0.015821108078430346,0,False,A:rise|G1[0]|G2[0]|G3[0]|G7[0]|OUT:rise,A -> G1 -> G2 -> G3 -> G7
1097,pre_optimization,-0.5909978132124237,0,0.32245383282081563,-0.007453832820815631,-0.007453832820815631,True,D:rise|G4[0]|G5[0]|G6[0]|G7[1]|OUT:rise,D -> G4 -> G5 -> G6 -> G7
1097,post_optimization,-0.5909978132124237,0,0.30648754814233903,0.008512451857660974,0,False,A:rise|G1[0]|G2[0]|G3[0]|G7[0]|OUT:rise,A -> G1 -> G2 -> G3 -> G7
1098,pre_optimization,1.4952382322580677,0,0.3421107163735373,-0.02711071637353729,-0.02711071637353729,True,A:rise|G1[0]|G2[0]|G3[0]|G7[0]|OUT:rise,A -> G1 -> G2 -> G3 -> G7
1098,post_optimization,1.4952382322580677,0,0.3280057626927149,-0.013005762692714917,-0.013005762692714917,True,A:rise|G1[0]|G2[0]|G3[0]|G7[0]|OUT:rise,A -> G1 -> G2 -> G3 -> G7
1099,pre_optimization,-1.0077752798691455,0,0.3114399751287938,0.0035600248712062132,0,False,A:rise|G1[0]|G2[0]|G3[0]|G7[0]|OUT:rise,A -> G1 -> G2 -> G3 -> G7
1099,post_optimization,-1.0077752798691455,0,0.29809917335725017,0.016900826642749833,0,False,A:rise|G1[0]|G2[0]|G3[0]|G7[0]|OUT:rise,A -> G1 -> G2 -> G3 -> G7
1100,pre_optimization,0.1494422386045354,0,0.32207167243610113,-0.0070716724361011285,-0.0070716724361011285,True,A:rise|G1[0]|G2[0]|G3[0]|G7[0]|OUT:rise,A -> G1 -> G2 -> G3 -> G7
1100,post_optimization,0.1494422386045354,0,0.3108538066752285,0.004146193324771508,0,False,A:rise|G1[0]|G2[0]|G3[0]|G7[0]|OUT:rise,A -> G1 -> G2 -> G3 -> G7
1101,pre_optimization,-0.47508605280167976,0,0.3145397646167107,0.00046023538328932023,0,False,A:rise|G1[0]|G2[0]|G3[0]|G7[0]|OUT:rise,A -> G1 -> G2 -> G3 -> G7
1101,post_optimization,-0.47508605280167976,0,0.2987000093307113,0.016299990669288722,0,False,A:rise|G1[0]|G2[0]|G3[0]|G7[0]|OUT:rise,A -> G1 -> G2 -> G3 -> G7
1102,pre_optimization,0.04565176336380323,0,0.32886336384778375,-0.01386336384778375,-0.01386336384778375,True,D:rise|G4[0]|G5[0]|G6[0]|G7[1]|OUT:rise,D -> G4 -> G5 -> G6 -> G7
1102,post_optimization,0.04565176336380323,0,0.31043498726117114,0.004565012738828866,0,False,D:rise|G4[0]|G5[0]|G6[0]|G7[1]|OUT:rise,D -> G4 -> G5 -> G6 -> G7
1103,pre_optimization,0.3610530529513567,0,0.3240783990265772,-0.0090783990265772,-0.0090783990265772,True,A:rise|G1[0]|G2[0]|G3[0]|G7[0]|OUT:rise,A -> G1 -> G2 -> G3 -> G7
1103,post_optimization,0.3610530529513567,0,0.3107253288453968,0.004274671154603227,0,False,A:rise|G1[0]|G2[0]|G3[0]|G7[0]|OUT:rise,A -> G1 -> G2 -> G3 -> G7
1104,pre_optimization,0.09187585018683274,0,0.3156532840665599,-0.0006532840665599005,-0.0006532840665599005,True,D:rise|G4[0]|G5[0]|G6[0]|G7[1]|OUT:rise,D -> G4 -> G5 -> G6 -> G7
1104,post_optimization,0.09187585018683274,0,0.2981620496373965,0.016837950362603493,0,False,D:rise|G4[0]|G5[0]|G6[0]|G7[1]|OUT:rise,D -> G4 -> G5 -> G6 -> G7
1105,pre_optimization,-0.4022683315418159,0,0.31385259472366206,0.0011474052763379428,0,False,A:rise|G1[0]|G2[0]|G3[0]|G7[0]|OUT:rise,A -> G1 -> G2 -> G3 -> G7
1105,post_optimization,-0.4022683315418159,0,0.304098488844159,0.010901511155840982,0,False,A:rise|G1[0]|G2[0]|G3[0]|G7[0]|OUT:rise,A -> G1 -> G2 -> G3 -> G7
1106,pre_optimization,0.22241282634756956,0,0.32501394335347755,-0.01001394335347755,-0.01001394335347755,True,D:rise|G4[0]|G5[0]|G6[0]|G7[1]|OUT:rise,D -> G4 -> G5 -> G6 -> G7
1106,post_optimization,0.22241282634756956,0,0.3057470001395509,0.009252999860449085,0,False,D:rise|G4[0]|G5[0]|G6[0]|G7[1]|OUT:rise,D -> G4 -> G5 -> G6 -> G7
1107,pre_optimization,1.435999518166746,0,0.3263729235344095,-0.011372923534409496,-0.011372923534409496,True,A:rise|G1[0]|G2[0]|G3[0]|G7[0]|OUT:rise,A -> G1 -> G2 -> G3 -> G7
1107,post_optimization,1.435999518166746,0,0.31448779963818563,0.0005122003618143744,0,False,A:rise|G1[0]|G2[0]|G3[0]|G7[0]|OUT:rise,A -> G1 -> G2 -> G3 -> G7
1108,pre_optimization,0.8547294509029691,0,0.33242057579980405,-0.01742057579980405,-0.01742057579980405,True,D:rise|G4[0]|G5[0]|G6[0]|G7[1]|OUT:rise,D -> G4 -> G5 -> G6 -> G7
1108,post_optimization,0.8547294509029691,0,0.3143747235450058,0.0006252764549942169,0,False,D:rise|G4[0]|G5[0]|G6[0]|G7[1]|OUT:rise,D -> G4 -> G5 -> G6 -> G7
1109,pre_optimization,-0.526485434555962,0,0.32679245621039443,-0.01179245621039443,-0.01179245621039443,True,D:rise|G4[0]|G5[0]|G6[0]|G7[1]|OUT:rise,D -> G4 -> G5 -> G6 -> G7
1109,post_optimization,-0.526485434555962,0,0.3079157850308418,0.007084214969158176,0,False,D:rise|G4[0]|G5[0]|G6[0]|G7[1]|OUT:rise,D -> G4 -> G5 -> G6 -> G7
1110,pre_optimization,-0.834922973683479,0,0.30518888202615074,0.00981111797384926,0,False,A:rise|G1[0]|G2[0]|G3[0]|G7[0]|OUT:rise,A -> G1 -> G2 -> G3 -> G7
1110,post_optimization,-0.834922973683479,0,0.2931055855844359,0.021894414415564112,0,False,A:rise|G1[0]|G2[0]|G3[0]|G7[0]|OUT:rise,A -> G1 -> G2 -> G3 -> G7
1111,pre_optimization,-2.3773463633461787,0,0.298542541892585,0.016457458107415,0,False,A:rise|G1[0]|G2[0]|G3[0]|G7[0]|OUT:rise,A -> G1 -> G2 -> G3 -> G7
1111,post_optimization,-2.3773463633461787,0,0.2837074876936815,0.03129251230631852,0,False,A:rise|G1[0]|G2[0]|G3[0]|G7[0]|OUT:rise,A -> G1 -> G2 -> G3 -> G7
1112,pre_optimization,-1.9087778514850506,0,0.29962319903937806,0.015376800960621939,0,False,D:rise|G4[0]|G5[0]|G6[0]|G7[1]|OUT:rise,D -> G4 -> G5 -> G6 -> G7
1112,post_optimization,-1.9087778514850506,0,0.2869969716756735,0.028003028324326495,0,False,A:rise|G1[0]|G2[0]|G3[0]|G7[0]|OUT:rise,A -> G1 -> G2 -> G3 -> G7
1113,pre_optimization,-0.9868897591488708,0,0.31445370419598107,0.000546295804018937,0,False,A:rise|G1[0]|G2[0]|G3[0]|G7[0]|OUT:rise,A -> G1 -> G2 -> G3 -> G7
1113,post_optimization,-0.9868897591488708,0,0.30516712137079566,0.009832878629204345,0,False,A:rise|G1[0]|G2[0]|G3[0]|G7[0]|OUT:rise,A -> G1 -> G2 -> G3 -> G7
1114,pre_optimization,0.06084074060075873,0,0.3163092471403707,-0.001309247140370673,-0.001309247140370673,True,D:rise|G4[0]|G5[0]|G6[0]|G7[1]|OUT:rise,D -> G4 -> G5 -> G6 -> G7
1114,post_optimization,0.06084074060075873,0,0.2984855127345767,0.016514487265423317,0,False,D:rise|G4[0]|G5[0]|G6[0]|G7[1]|OUT:rise,D -> G4 -> G5 -> G6 -> G7
1115,pre_optimization,0.08643109600183078,0,0.31947709579751427,-0.004477095797514263,-0.004477095797514263,True,D:rise|G4[0]|G5[0]|G6[0]|G7[1]|OUT:rise,D -> G4 -> G5 -> G6 -> G7
1115,post_optimization,0.08643109600183078,0,0.30256087245247304,0.012439127547526962,0,False,D:rise|G4[0]|G5[0]|G6[0]|G7[1]|OUT:rise,D -> G4 -> G5 -> G6 -> G7
1116,pre_optimization,-0.6604510765482995,0,0.3056955060033916,0.009304493996608376,0,False,D:rise|G4[0]|G5[0]|G6[0]|G7[1]|OUT:rise,D -> G4 -> G5 -> G6 -> G7
1116,post_optimization,-0.6604510765482995,0,0.2884976914897951,0.02650230851020491,0,False,D:rise|G4[0]|G5[0]|G6[0]|G7[1]|OUT:rise,D -> G4 -> G5 -> G6 -> G7
1117,pre_optimization,1.4842361286408825,0,0.3356628130914595,-0.02066281309145951,-0.02066281309145951,True,D:rise|G4[0]|G5[0]|G6[0]|G7[1]|OUT:rise,D -> G4 -> G5 -> G6 -> G7
1117,post_optimization,1.4842361286408825,0,0.31976999553062074,-0.004769995530620741,-0.004769995530620741,True,A:rise|G1[0]|G2[0]|G3[0]|G7[0]|OUT:rise,A -> G1 -> G2 -> G3 -> G7
1118,pre_optimization,-1.0137306838849582,0,0.3053284116251289,0.009671588374871087,0,False,D:rise|G4[0]|G5[0]|G6[0]|G7[1]|OUT:rise,D -> G4 -> G5 -> G6 -> G7
1118,post_optimization,-1.0137306838849582,0,0.29067130743681036,0.024328692563189647,0,False,D:rise|G4[0]|G5[0]|G6[0]|G7[1]|OUT:rise,D -> G4 -> G5 -> G6 -> G7
1119,pre_optimization,2.065147497733482,0,0.34196617767616705,-0.026966177676167047,-0.026966177676167047,True,A:rise|G1[0]|G2[0]|G3[0]|G7[0]|OUT:rise,A -> G1 -> G2 -> G3 -> G7
1119,post_optimization,2.065147497733482,0,0.32837860612684355,-0.01337860612684355,-0.01337860612684355,True,A:rise|G1[0]|G2[0]|G3[0]|G7[0]|OUT:rise,A -> G1 -> G2 -> G3 -> G7
1120,pre_optimization,0.308574155319562,0,0.32704824222391604,-0.01204824222391604,-0.01204824222391604,True,A:rise|G1[0]|G2[0]|G3[0]|G7[0]|OUT:rise,A -> G1 -> G2 -> G3 -> G7
1120,post_optimization,0.308574155319562,0,0.31218483151848464,0.002815168481515362,0,False,A:rise|G1[0]|G2[0]|G3[0]|G7[0]|OUT:rise,A -> G1 -> G2 -> G3 -> G7
1121,pre_optimization,0.2992712380704281,0,0.3159516659102153,-0.0009516659102152825,-0.0009516659102152825,True,A:rise|G1[0]|G2[0]|G3[0]|G7[0]|OUT:rise,A -> G1 -> G2 -> G3 -> G7
1121,post_optimization,0.2992712380704281,0,0.30236343766210333,0.012636562337896673,0,False,A:rise|G1[0]|G2[0]|G3[0]|G7[0]|OUT:rise,A -> G1 -> G2 -> G3 -> G7
1122,pre_optimization,-2.808044010409286,0,0.27352824262203845,0.04147175737796155,0,False,D:rise|G4[0]|G5[0]|G6[0]|G7[1]|OUT:rise,D -> G4 -> G5 -> G6 -> G7
1122,post_optimization,-2.808044010409286,0,0.2616013352328467,0.053398664767153325,0,False,A:rise|G1[0]|G2[0]|G3[0]|G7[0]|OUT:rise,A -> G1 -> G2 -> G3 -> G7
1123,pre_optimization,-0.7627079626376208,0,0.31413195738936595,0.0008680426106340566,0,False,A:rise|G1[0]|G2[0]|G3[0]|G7[0]|OUT:rise,A -> G1 -> G2 -> G3 -> G7
1123,post_optimization,-0.7627079626376208,0,0.30162297480646766,0.013377025193532344,0,False,A:rise|G1[0]|G2[0]|G3[0]|G7[0]|OUT:rise,A -> G1 -> G2 -> G3 -> G7
1124,pre_optimization,1.2451274502567087,0,0.3335739144219103,-0.01857391442191031,-0.01857391442191031,True,A:rise|G1[0]|G2[0]|G3[0]|G7[0]|OUT:rise,A -> G1 -> G2 -> G3 -> G7
1124,post_optimization,1.2451274502567087,0,0.32394303434003247,-0.008943034340032463,-0.008943034340032463,True,A:rise|G1[0]|G2[0]|G3[0]|G7[0]|OUT:rise,A -> G1 -> G2 -> G3 -> G7
1125,pre_optimization,1.0373941166318392,0,0.32561800218461884,-0.010618002184618835,-0.010618002184618835,True,D:rise|G4[0]|G5[0]|G6[0]|G7[1]|OUT:rise,D -> G4 -> G5 -> G6 -> G7
1125,post_optimization,1.0373941166318392,0,0.3087100853599367,0.006289914640063288,0,False,A:rise|G1[0]|G2[0]|G3[0]|G7[0]|OUT:rise,A -> G1 -> G2 -> G3 -> G7
1126,pre_optimization,0.8046309441523155,0,0.3171234010294547,-0.0021234010294546857,-0.0021234010294546857,True,D:rise|G4[0]|G5[0]|G6[0]|G7[1]|OUT:rise,D -> G4 -> G5 -> G6 -> G7
1126,post_optimization,0.8046309441523155,0,0.3003954231778247,0.014604576822175308,0,False,A:rise|G1[0]|G2[0]|G3[0]|G7[0]|OUT:rise,A -> G1 -> G2 -> G3 -> G7
1127,pre_optimization,1.283593552747131,0,0.3385682740285133,-0.023568274028513303,-0.023568274028513303,True,D:rise|G4[0]|G5[0]|G6[0]|G7[1]|OUT:rise,D -> G4 -> G5 -> G6 -> G7
1127,post_optimization,1.283593552747131,0,0.3215028326174629,-0.0065028326174628726,-0.0065028326174628726,True,D:rise|G4[0]|G5[0]|G6[0]|G7[1]|OUT:rise,D -> G4 -> G5 -> G6 -> G7
1128,pre_optimization,-1.0844027073601075,0,0.3125693443496484,0.0024306556503516097,0,False,A:rise|G1[0]|G2[0]|G3[0]|G7[0]|OUT:rise,A -> G1 -> G2 -> G3 -> G7
1128,post_optimization,-1.0844027073601075,0,0.29868771820890117,0.016312281791098837,0,False,A:rise|G1[0]|G2[0]|G3[0]|G7[0]|OUT:rise,A -> G1 -> G2 -> G3 -> G7
1129,pre_optimization,-1.575327588489233,0,0.31230771894535136,0.0026922810546486375,0,False,D:rise|G4[0]|G5[0]|G6[0]|G7[1]|OUT:rise,D -> G4 -> G5 -> G6 -> G7
1129,post_optimization,-1.575327588489233,0,0.2954652654139678,0.01953473458603222,0,False,D:rise|G4[0]|G5[0]|G6[0]|G7[1]|OUT:rise,D -> G4 -> G5 -> G6 -> G7
1130,pre_optimization,-0.8671760872862605,0,0.30787207021557594,0.0071279297844240586,0,False,A:rise|G1[0]|G2[0]|G3[0]|G7[0]|OUT:rise,A -> G1 -> G2 -> G3 -> G7
1130,post_optimization,-0.8671760872862605,0,0.298784646546176,0.016215353453824022,0,False,A:rise|G1[0]|G2[0]|G3[0]|G7[0]|OUT:rise,A -> G1 -> G2 -> G3 -> G7
1131,pre_optimization,-0.4101943947931726,0,0.31404964765886917,0.0009503523411308334,0,False,D:rise|G4[0]|G5[0]|G6[0]|G7[1]|OUT:rise,D -> G4 -> G5 -> G6 -> G7
1131,post_optimization,-0.4101943947931726,0,0.29494182369331556,0.02005817630668444,0,False,D:rise|G4[0]|G5[0]|G6[0]|G7[1]|OUT:rise,D -> G4 -> G5 -> G6 -> G7
1132,pre_optimization,0.9939984219346036,0,0.33175761632965006,-0.01675761632965006,-0.01675761632965006,True,D:rise|G4[0]|G5[0]|G6[0]|G7[1]|OUT:rise,D -> G4 -> G5 -> G6 -> G7
1132,post_optimization,0.9939984219346036,0,0.31349054283541755,0.0015094571645824506,0,False,D:rise|G4[0]|G5[0]|G6[0]|G7[1]|OUT:rise,D -> G4 -> G5 -> G6 -> G7
1133,pre_optimization,-0.5848918311117267,0,0.3289104935320847,-0.013910493532084678,-0.013910493532084678,True,D:rise|G4[0]|G5[0]|G6[0]|G7[1]|OUT:rise,D -> G4 -> G5 -> G6 -> G7
1133,post_optimization,-0.5848918311117267,0,0.3086268452893999,0.006373154710600126,0,False,D:rise|G4[0]|G5[0]|G6[0]|G7[1]|OUT:rise,D -> G4 -> G5 -> G6 -> G7
1134,pre_optimization,-2.2219289283299952,0,0.3067614240718515,0.008238575928148528,0,False,D:rise|G4[0]|G5[0]|G6[0]|G7[1]|OUT:rise,D -> G4 -> G5 -> G6 -> G7
1134,post_optimization,-2.2219289283299952,0,0.2909413974165426,0.024058602583457378,0,False,A:rise|G1[0]|G2[0]|G3[0]|G7[0]|OUT:rise,A -> G1 -> G2 -> G3 -> G7
1135,pre_optimization,0.8587567493161166,0,0.3211624123700907,-0.006162412370090686,-0.006162412370090686,True,D:rise|G4[0]|G5[0]|G6[0]|G7[1]|OUT:rise,D -> G4 -> G5 -> G6 -> G7
1135,post_optimization,0.8587567493161166,0,0.30685087052177407,0.008149129478225936,0,False,A:rise|G1[0]|G2[0]|G3[0]|G7[0]|OUT:rise,A -> G1 -> G2 -> G3 -> G7
1136,pre_optimization,-0.46181225997186853,0,0.3036973124901302,0.011302687509869791,0,False,D:rise|G4[0]|G5[0]|G6[0]|G7[1]|OUT:rise,D -> G4 -> G5 -> G6 -> G7
1136,post_optimization,-0.46181225997186853,0,0.2895027687921555,0.02549723120784453,0,False,A:rise|G1[0]|G2[0]|G3[0]|G7[0]|OUT:rise,A -> G1 -> G2 -> G3 -> G7
1137,pre_optimization,-0.7795923862683846,0,0.3079326019452818,0.007067398054718177,0,False,A:rise|G1[0]|G2[0]|G3[0]|G7[0]|OUT:rise,A -> G1 -> G2 -> G3 -> G7
1137,post_optimization,-0.7795923862683846,0,0.29222747908989644,0.022772520910103566,0,False,A:rise|G1[0]|G2[0]|G3[0]|G7[0]|OUT:rise,A -> G1 -> G2 -> G3 -> G7
1138,pre_optimization,0.910538778152055,0,0.33022032689268005,-0.015220326892680047,-0.015220326892680047,True,D:rise|G4[0]|G5[0]|G6[0]|G7[1]|OUT:rise,D -> G4 -> G5 -> G6 -> G7
1138,post_optimization,0.910538778152055,0,0.31114363483624374,0.003856365163756259,0,False,D:rise|G4[0]|G5[0]|G6[0]|G7[1]|OUT:rise,D -> G4 -> G5 -> G6 -> G7
1139,pre_optimization,1.2679999881176236,0,0.33775024379401264,-0.022750243794012637,-0.022750243794012637,True,D:rise|G4[0]|G5[0]|G6[0]|G7[1]|OUT:rise,D -> G4 -> G5 -> G6 -> G7
1139,post_optimization,1.2679999881176236,0,0.31905126515430693,-0.004051265154306927,-0.004051265154306927,True,D:rise|G4[0]|G5[0]|G6[0]|G7[1]|OUT:rise,D -> G4 -> G5 -> G6 -> G7
1140,pre_optimization,1.301970140347905,0,0.32637793987448444,-0.011377939874484433,-0.011377939874484433,True,A:rise|G1[0]|G2[0]|G3[0]|G7[0]|OUT:rise,A -> G1 -> G2 -> G3 -> G7
1140,post_optimization,1.301970140347905,0,0.31386395295354824,0.0011360470464517602,0,False,A:rise|G1[0]|G2[0]|G3[0]|G7[0]|OUT:rise,A -> G1 -> G2 -> G3 -> G7
1141,pre_optimization,0.5670591943413136,0,0.32223297289816055,-0.00723297289816055,-0.00723297289816055,True,D:rise|G4[0]|G5[0]|G6[0]|G7[1]|OUT:rise,D -> G4 -> G5 -> G6 -> G7
1141,post_optimization,0.5670591943413136,0,0.3039000590149532,0.011099940985046797,0,False,D:rise|G4[0]|G5[0]|G6[0]|G7[1]|OUT:rise,D -> G4 -> G5 -> G6 -> G7
1142,pre_optimization,0.013544770144653476,0,0.33489044966625275,-0.019890449666252752,-0.019890449666252752,True,A:rise|G1[0]|G2[0]|G3[0]|G7[0]|OUT:rise,A -> G1 -> G2 -> G3 -> G7
1142,post_optimization,0.013544770144653476,0,0.32142473532745974,-0.006424735327459741,-0.006424735327459741,True,A:rise|G1[0]|G2[0]|G3[0]|G7[0]|OUT:rise,A -> G1 -> G2 -> G3 -> G7
1143,pre_optimization,-2.082401742458644,0,0.2971819321697215,0.017818067830278506,0,False,D:rise|G4[0]|G5[0]|G6[0]|G7[1]|OUT:rise,D -> G4 -> G5 -> G6 -> G7
1143,post_optimization,-2.082401742458644,0,0.2826375955364451,0.03236240446355493,0,False,D:rise|G4[0]|G5[0]|G6[0]|G7[1]|OUT:rise,D -> G4 -> G5 -> G6 -> G7
1144,pre_optimization,-0.9370884580362411,0,0.30310617250865146,0.011893827491348541,0,False,A:rise|G1[0]|G2[0]|G3[0]|G7[0]|OUT:rise,A -> G1 -> G2 -> G3 -> G7
1144,post_optimization,-0.9370884580362411,0,0.2909494606370605,0.024050539362939494,0,False,A:rise|G1[0]|G2[0]|G3[0]|G7[0]|OUT:rise,A -> G1 -> G2 -> G3 -> G7
1145,pre_optimization,0.1786896790105424,0,0.312160920319305,0.0028390796806950225,0,False,D:rise|G4[0]|G5[0]|G6[0]|G7[1]|OUT:rise,D -> G4 -> G5 -> G6 -> G7
1145,post_optimization,0.1786896790105424,0,0.29720765276097405,0.017792347239025952,0,False,A:rise|G1[0]|G2[0]|G3[0]|G7[0]|OUT:rise,A -> G1 -> G2 -> G3 -> G7
1146,pre_optimization,0.7313483022219588,0,0.3216469550053598,-0.006646955005359778,-0.006646955005359778,True,A:rise|G1[0]|G2[0]|G3[0]|G7[0]|OUT:rise,A -> G1 -> G2 -> G3 -> G7
1146,post_optimization,0.7313483022219588,0,0.30847152760377344,0.006528472396226559,0,False,A:rise|G1[0]|G2[0]|G3[0]|G7[0]|OUT:rise,A -> G1 -> G2 -> G3 -> G7
1147,pre_optimization,0.877736444571837,0,0.31791348943396414,-0.0029134894339641337,-0.0029134894339641337,True,D:rise|G4[0]|G5[0]|G6[0]|G7[1]|OUT:rise,D -> G4 -> G5 -> G6 -> G7
1147,post_optimization,0.877736444571837,0,0.30347960911502614,0.011520390884973863,0,False,A:rise|G1[0]|G2[0]|G3[0]|G7[0]|OUT:rise,A -> G1 -> G2 -> G3 -> G7
1148,pre_optimization,-0.40081243628695723,0,0.3165372090837544,-0.0015372090837543761,-0.0015372090837543761,True,D:rise|G4[0]|G5[0]|G6[0]|G7[1]|OUT:rise,D -> G4 -> G5 -> G6 -> G7
1148,post_optimization,-0.40081243628695723,0,0.3003292626153622,0.01467073738463781,0,False,A:rise|G1[0]|G2[0]|G3[0]|G7[0]|OUT:rise,A -> G1 -> G2 -> G3 -> G7
1149,pre_optimization,-0.13943352687916777,0,0.31931469640129945,-0.004314696401299445,-0.004314696401299445,True,D:rise|G4[0]|G5[0]|G6[0]|G7[1]|OUT:rise,D -> G4 -> G5 -> G6 -> G7
1149,post_optimization,-0.13943352687916777,0,0.3010996176617192,0.013900382338280781,0,False,A:rise|G1[0]|G2[0]|G3[0]|G7[0]|OUT:rise,A -> G1 -> G2 -> G3 -> G7
1150,pre_optimization,-1.6657146726453371,0,0.3021910088368856,0.012808991163114403,0,False,D:rise|G4[0]|G5[0]|G6[0]|G7[1]|OUT:rise,D -> G4 -> G5 -> G6 -> G7
1150,post_optimization,-1.6657146726453371,0,0.28572569124677827,0.029274308753221734,0,False,D:rise|G4[0]|G5[0]|G6[0]|G7[1]|OUT:rise,D -> G4 -> G5 -> G6 -> G7
1151,pre_optimization,0.11168149412720137,0,0.3199550890437372,-0.004955089043737204,-0.004955089043737204,True,D:rise|G4[0]|G5[0]|G6[0]|G7[1]|OUT:rise,D -> G4 -> G5 -> G6 -> G7
1151,post_optimization,0.11168149412720137,0,0.3036153729998524,0.011384627000147585,0,False,D:rise|G4[0]|G5[0]|G6[0]|G7[1]|OUT:rise,D -> G4 -> G5 -> G6 -> G7
1152,pre_optimization,0.6518770945423026,0,0.32702771360286786,-0.012027713602867862,-0.012027713602867862,True,D:rise|G4[0]|G5[0]|G6[0]|G7[1]|OUT:rise,D -> G4 -> G5 -> G6 -> G7
1152,post_optimization,0.6518770945423026,0,0.30828740485063355,0.0067125951493664515,0,False,D:rise|G4[0]|G5[0]|G6[0]|G7[1]|OUT:rise,D -> G4 -> G5 -> G6 -> G7
1153,pre_optimization,-0.8467371901844448,0,0.3053128336653047,0.009687166334695296,0,False,A:rise|G1[0]|G2[0]|G3[0]|G7[0]|OUT:rise,A -> G1 -> G2 -> G3 -> G7
1153,post_optimization,-0.8467371901844448,0,0.29358302517818224,0.021416974821817758,0,False,A:rise|G1[0]|G2[0]|G3[0]|G7[0]|OUT:rise,A -> G1 -> G2 -> G3 -> G7
1154,pre_optimization,-0.6024016205873776,0,0.2981611146905334,0.01683888530946659,0,False,A:rise|G1[0]|G2[0]|G3[0]|G7[0]|OUT:rise,A -> G1 -> G2 -> G3 -> G7
1154,post_optimization,-0.6024016205873776,0,0.2866976517288427,0.028302348271157296,0,False,A:rise|G1[0]|G2[0]|G3[0]|G7[0]|OUT:rise,A -> G1 -> G2 -> G3 -> G7
1155,pre_optimization,-0.08983909438788751,0,0.3152522464726807,-0.0002522464726806839,-0.0002522464726806839,True,A:rise|G1[0]|G2[0]|G3[0]|G7[0]|OUT:rise,A -> G1 -> G2 -> G3 -> G7
1155,post_optimization,-0.08983909438788751,0,0.30361145703924236,0.011388542960757642,0,False,A:rise|G1[0]|G2[0]|G3[0]|G7[0]|OUT:rise,A -> G1 -> G2 -> G3 -> G7
1156,pre_optimization,-1.2272351011912244,0,0.3031126528514649,0.011887347148535121,0,False,A:rise|G1[0]|G2[0]|G3[0]|G7[0]|OUT:rise,A -> G1 -> G2 -> G3 -> G7
1156,post_optimization,-1.2272351011912244,0,0.29121868660037614,0.02378131339962386,0,False,A:rise|G1[0]|G2[0]|G3[0]|G7[0]|OUT:rise,A -> G1 -> G2 -> G3 -> G7
1157,pre_optimization,0.14613836875849148,0,0.3123224872968862,0.0026775127031137824,0,False,D:rise|G4[0]|G5[0]|G6[0]|G7[1]|OUT:rise,D -> G4 -> G5 -> G6 -> G7
1157,post_optimization,0.14613836875849148,0,0.2983547125155678,0.016645287484432225,0,False,A:rise|G1[0]|G2[0]|G3[0]|G7[0]|OUT:rise,A -> G1 -> G2 -> G3 -> G7
1158,pre_optimization,-2.650723014160289,0,0.281372802184809,0.03362719781519102,0,False,A:rise|G1[0]|G2[0]|G3[0]|G7[0]|OUT:rise,A -> G1 -> G2 -> G3 -> G7
1158,post_optimization,-2.650723014160289,0,0.2692096391617306,0.04579036083826943,0,False,A:rise|G1[0]|G2[0]|G3[0]|G7[0]|OUT:rise,A -> G1 -> G2 -> G3 -> G7
1159,pre_optimization,0.6474335758127263,0,0.3271306867925383,-0.012130686792538314,-0.012130686792538314,True,D:rise|G4[0]|G5[0]|G6[0]|G7[1]|OUT:rise,D -> G4 -> G5 -> G6 -> G7
1159,post_optimization,0.6474335758127263,0,0.3106691618792203,0.004330838120779723,0,False,A:rise|G1[0]|G2[0]|G3[0]|G7[0]|OUT:rise,A -> G1 -> G2 -> G3 -> G7
1160,pre_optimization,-0.08222978571251166,0,0.3200449770076741,-0.00504497700767409,-0.00504497700767409,True,A:rise|G1[0]|G2[0]|G3[0]|G7[0]|OUT:rise,A -> G1 -> G2 -> G3 -> G7
1160,post_optimization,-0.08222978571251166,0,0.306483340533763,0.008516659466236975,0,False,A:rise|G1[0]|G2[0]|G3[0]|G7[0]|OUT:rise,A -> G1 -> G2 -> G3 -> G7
1161,pre_optimization,1.3845401819213807,0,0.33407783513650025,-0.019077835136500243,-0.019077835136500243,True,A:rise|G1[0]|G2[0]|G3[0]|G7[0]|OUT:rise,A -> G1 -> G2 -> G3 -> G7
1161,post_optimization,1.3845401819213807,0,0.3199935711716723,-0.0049935711716723175,-0.0049935711716723175,True,A:rise|G1[0]|G2[0]|G3[0]|G7[0]|OUT:rise,A -> G1 -> G2 -> G3 -> G7
1162,pre_optimization,-1.6103884919031717,0,0.2952613378393788,0.0197386621606212,0,False,D:rise|G4[0]|G5[0]|G6[0]|G7[1]|OUT:rise,D -> G4 -> G5 -> G6 -> G7
1162,post_optimization,-1.6103884919031717,0,0.2793046984871073,0.035695301512892685,0,False,D:rise|G4[0]|G5[0]|G6[0]|G7[1]|OUT:rise,D -> G4 -> G5 -> G6 -> G7
1163,pre_optimization,-0.4637201652422446,0,0.3234871865163451,-0.008487186516345113,-0.008487186516345113,True,A:rise|G1[0]|G2[0]|G3[0]|G7[0]|OUT:rise,A -> G1 -> G2 -> G3 -> G7
1163,post_optimization,-0.4637201652422446,0,0.31002030569507916,0.004979694304920845,0,False,A:rise|G1[0]|G2[0]|G3[0]|G7[0]|OUT:rise,A -> G1 -> G2 -> G3 -> G7
1164,pre_optimization,0.5043146713563738,0,0.3145574580419271,0.0004425419580729173,0,False,D:rise|G4[0]|G5[0]|G6[0]|G7[1]|OUT:rise,D -> G4 -> G5 -> G6 -> G7
1164,post_optimization,0.5043146713563738,0,0.3017153626448179,0.013284637355182094,0,False,A:rise|G1[0]|G2[0]|G3[0]|G7[0]|OUT:rise,A -> G1 -> G2 -> G3 -> G7
1165,pre_optimization,-0.017497252836577902,0,0.3164601081211916,-0.0014601081211915723,-0.0014601081211915723,True,D:rise|G4[0]|G5[0]|G6[0]|G7[1]|OUT:rise,D -> G4 -> G5 -> G6 -> G7
1165,post_optimization,-0.017497252836577902,0,0.3016166483536437,0.01338335164635629,0,False,A:rise|G1[0]|G2[0]|G3[0]|G7[0]|OUT:rise,A -> G1 -> G2 -> G3 -> G7
1166,pre_optimization,-0.3024564336974563,0,0.323362437222394,-0.008362437222393992,-0.008362437222393992,True,D:rise|G4[0]|G5[0]|G6[0]|G7[1]|OUT:rise,D -> G4 -> G5 -> G6 -> G7
1166,post_optimization,-0.3024564336974563,0,0.30531888351031483,0.009681116489685171,0,False,A:rise|G1[0]|G2[0]|G3[0]|G7[0]|OUT:rise,A -> G1 -> G2 -> G3 -> G7
1167,pre_optimization,-2.188025140469556,0,0.28777194640779613,0.02722805359220387,0,False,D:rise|G4[0]|G5[0]|G6[0]|G7[1]|OUT:rise,D -> G4 -> G5 -> G6 -> G7
1167,post_optimization,-2.188025140469556,0,0.2742101407708647,0.040789859229135306,0,False,D:rise|G4[0]|G5[0]|G6[0]|G7[1]|OUT:rise,D -> G4 -> G5 -> G6 -> G7
1168,pre_optimization,-0.15386967346177152,0,0.31329744268191645,0.001702557318083553,0,False,A:rise|G1[0]|G2[0]|G3[0]|G7[0]|OUT:rise,A -> G1 -> G2 -> G3 -> G7
1168,post_optimization,-0.15386967346177152,0,0.3027629994168411,0.012237000583158908,0,False,A:rise|G1[0]|G2[0]|G3[0]|G7[0]|OUT:rise,A -> G1 -> G2 -> G3 -> G7
1169,pre_optimization,-1.2153212538786087,0,0.29571410030374656,0.01928589969625344,0,False,A:rise|G1[0]|G2[0]|G3[0]|G7[0]|OUT:rise,A -> G1 -> G2 -> G3 -> G7
1169,post_optimization,-1.2153212538786087,0,0.2844039057702554,0.030596094229744575,0,False,A:rise|G1[0]|G2[0]|G3[0]|G7[0]|OUT:rise,A -> G1 -> G2 -> G3 -> G7
1170,pre_optimization,0.9052226102706754,0,0.33294738682493585,-0.01794738682493585,-0.01794738682493585,True,A:rise|G1[0]|G2[0]|G3[0]|G7[0]|OUT:rise,A -> G1 -> G2 -> G3 -> G7
1170,post_optimization,0.9052226102706754,0,0.31853888900387817,-0.003538889003878165,-0.003538889003878165,True,A:rise|G1[0]|G2[0]|G3[0]|G7[0]|OUT:rise,A -> G1 -> G2 -> G3 -> G7
1171,pre_optimization,-0.17538489583011785,0,0.3112650343558688,0.0037349656441312273,0,False,A:rise|G1[0]|G2[0]|G3[0]|G7[0]|OUT:rise,A -> G1 -> G2 -> G3 -> G7
1171,post_optimization,-0.17538489583011785,0,0.29935443022991565,0.015645569770084355,0,False,A:rise|G1[0]|G2[0]|G3[0]|G7[0]|OUT:rise,A -> G1 -> G2 -> G3 -> G7
1172,pre_optimization,0.8674752090076147,0,0.3326702755343012,-0.017670275534301172,-0.017670275534301172,True,A:rise|G1[0]|G2[0]|G3[0]|G7[0]|OUT:rise,A -> G1 -> G2 -> G3 -> G7
1172,post_optimization,0.8674752090076147,0,0.32103007472409795,-0.006030074724097945,-0.006030074724097945,True,A:rise|G1[0]|G2[0]|G3[0]|G7[0]|OUT:rise,A -> G1 -> G2 -> G3 -> G7
1173,pre_optimization,-0.20804555105175374,0,0.3137127953205108,0.001287204679489229,0,False,A:rise|G1[0]|G2[0]|G3[0]|G7[0]|OUT:rise,A -> G1 -> G2 -> G3 -> G7
1173,post_optimization,-0.20804555105175374,0,0.30143497993877205,0.01356502006122795,0,False,A:rise|G1[0]|G2[0]|G3[0]|G7[0]|OUT:rise,A -> G1 -> G2 -> G3 -> G7
1174,pre_optimization,0.06026708162267136,0,0.3256040065373276,-0.01060400653732757,-0.01060400653732757,True,A:rise|G1[0]|G2[0]|G3[0]|G7[0]|OUT:rise,A -> G1 -> G2 -> G3 -> G7
1174,post_optimization,0.06026708162267136,0,0.31169956321647246,0.0033004367835275383,0,False,A:rise|G1[0]|G2[0]|G3[0]|G7[0]|OUT:rise,A -> G1 -> G2 -> G3 -> G7
1175,pre_optimization,0.7628819657263964,0,0.32551149975466853,-0.01051149975466853,-0.01051149975466853,True,D:rise|G4[0]|G5[0]|G6[0]|G7[1]|OUT:rise,D -> G4 -> G5 -> G6 -> G7
1175,post_optimization,0.7628819657263964,0,0.31111848400858466,0.0038815159914153408,0,False,A:rise|G1[0]|G2[0]|G3[0]|G7[0]|OUT:rise,A -> G1 -> G2 -> G3 -> G7
1176,pre_optimization,-0.5121595387452093,0,0.3043307367746173,0.010669263225382697,0,False,A:rise|G1[0]|G2[0]|G3[0]|G7[0]|OUT:rise,A -> G1 -> G2 -> G3 -> G7
1176,post_optimization,-0.5121595387452093,0,0.2931225751099795,0.02187742489002048,0,False,A:rise|G1[0]|G2[0]|G3[0]|G7[0]|OUT:rise,A -> G1 -> G2 -> G3 -> G7
1177,pre_optimization,0.38826061161454734,0,0.33742667335954196,-0.02242667335954196,-0.02242667335954196,True,D:rise|G4[0]|G5[0]|G6[0]|G7[1]|OUT:rise,D -> G4 -> G5 -> G6 -> G7
1177,post_optimization,0.38826061161454734,0,0.3191452912668569,-0.004145291266856921,-0.004145291266856921,True,D:rise|G4[0]|G5[0]|G6[0]|G7[1]|OUT:rise,D -> G4 -> G5 -> G6 -> G7
1178,pre_optimization,0.8357557775762595,0,0.31662792622936176,-0.0016279262293617536,-0.0016279262293617536,True,D:rise|G4[0]|G5[0]|G6[0]|G7[1]|OUT:rise,D -> G4 -> G5 -> G6 -> G7
1178,post_optimization,0.8357557775762595,0,0.3025748130597954,0.012425186940204613,0,False,A:rise|G1[0]|G2[0]|G3[0]|G7[0]|OUT:rise,A -> G1 -> G2 -> G3 -> G7
1179,pre_optimization,0.1701506614213473,0,0.31798093547029843,-0.002980935470298429,-0.002980935470298429,True,D:rise|G4[0]|G5[0]|G6[0]|G7[1]|OUT:rise,D -> G4 -> G5 -> G6 -> G7
1179,post_optimization,0.1701506614213473,0,0.30401914656690776,0.010980853433092241,0,False,A:rise|G1[0]|G2[0]|G3[0]|G7[0]|OUT:rise,A -> G1 -> G2 -> G3 -> G7
1180,pre_optimization,0.2713309771621481,0,0.3212101878490155,-0.006210187849015503,-0.006210187849015503,True,D:rise|G4[0]|G5[0]|G6[0]|G7[1]|OUT:rise,D -> G4 -> G5 -> G6 -> G7
1180,post_optimization,0.2713309771621481,0,0.3051913648134361,0.009808635186563885,0,False,A:rise|G1[0]|G2[0]|G3[0]|G7[0]|OUT:rise,A -> G1 -> G2 -> G3 -> G7
1181,pre_optimization,0.5472357179766126,0,0.3292256855939127,-0.014225685593912685,-0.014225685593912685,True,A:rise|G1[0]|G2[0]|G3[0]|G7[0]|OUT:rise,A -> G1 -> G2 -> G3 -> G7
1181,post_optimization,0.5472357179766126,0,0.3159537464739352,-0.000953746473935202,-0.000953746473935202,True,A:rise|G1[0]|G2[0]|G3[0]|G7[0]|OUT:rise,A -> G1 -> G2 -> G3 -> G7
1182,pre_optimization,1.5239195344856316,0,0.33591626809611763,-0.02091626809611763,-0.02091626809611763,True,A:rise|G1[0]|G2[0]|G3[0]|G7[0]|OUT:rise,A -> G1 -> G2 -> G3 -> G7
1182,post_optimization,1.5239195344856316,0,0.32353967449054555,-0.008539674490545546,-0.008539674490545546,True,A:rise|G1[0]|G2[0]|G3[0]|G7[0]|OUT:rise,A -> G1 -> G2 -> G3 -> G7
1183,pre_optimization,1.6857316525373454,0,0.33375644879910155,-0.018756448799101544,-0.018756448799101544,True,A:rise|G1[0]|G2[0]|G3[0]|G7[0]|OUT:rise,A -> G1 -> G2 -> G3 -> G7
1183,post_optimization,1.6857316525373454,0,0.3216516129878321,-0.006651612987832123,-0.006651612987832123,True,A:rise|G1[0]|G2[0]|G3[0]|G7[0]|OUT:rise,A -> G1 -> G2 -> G3 -> G7
1184,pre_optimization,0.16260704719427654,0,0.3238563019422722,-0.008856301942272216,-0.008856301942272216,True,A:rise|G1[0]|G2[0]|G3[0]|G7[0]|OUT:rise,A -> G1 -> G2 -> G3 -> G7
1184,post_optimization,0.16260704719427654,0,0.3113687476612926,0.0036312523387074247,0,False,A:rise|G1[0]|G2[0]|G3[0]|G7[0]|OUT:rise,A -> G1 -> G2 -> G3 -> G7
1185,pre_optimization,-0.7491123910597537,0,0.32798005133737484,-0.012980051337374843,-0.012980051337374843,True,D:rise|G4[0]|G5[0]|G6[0]|G7[1]|OUT:rise,D -> G4 -> G5 -> G6 -> G7
1185,post_optimization,-0.7491123910597537,0,0.3100756857486342,0.004924314251365802,0,False,D:rise|G4[0]|G5[0]|G6[0]|G7[1]|OUT:rise,D -> G4 -> G5 -> G6 -> G7
1186,pre_optimization,0.0067859610100851125,0,0.32261522759848366,-0.007615227598483654,-0.007615227598483654,True,A:rise|G1[0]|G2[0]|G3[0]|G7[0]|OUT:rise,A -> G1 -> G2 -> G3 -> G7
1186,post_optimization,0.0067859610100851125,0,0.3094841661255747,0.00551583387442528,0,False,A:rise|G1[0]|G2[0]|G3[0]|G7[0]|OUT:rise,A -> G1 -> G2 -> G3 -> G7
1187,pre_optimization,1.4913309215106292,0,0.3300525523270845,-0.015052552327084523,-0.015052552327084523,True,A:rise|G1[0]|G2[0]|G3[0]|G7[0]|OUT:rise,A -> G1 -> G2 -> G3 -> G7
1187,post_optimization,1.4913309215106292,0,0.3173181050518761,-0.0023181050518760737,-0.0023181050518760737,True,A:rise|G1[0]|G2[0]|G3[0]|G7[0]|OUT:rise,A -> G1 -> G2 -> G3 -> G7
1188,pre_optimization,2.337360153637254,0,0.33780639996621187,-0.022806399966211865,-0.022806399966211865,True,A:rise|G1[0]|G2[0]|G3[0]|G7[0]|OUT:rise,A -> G1 -> G2 -> G3 -> G7
1188,post_optimization,2.337360153637254,0,0.3257553485415958,-0.010755348541595822,-0.010755348541595822,True,A:rise|G1[0]|G2[0]|G3[0]|G7[0]|OUT:rise,A -> G1 -> G2 -> G3 -> G7
1189,pre_optimization,-1.7167564754770654,0,0.30572433258529713,0.00927566741470287,0,False,D:rise|G4[0]|G5[0]|G6[0]|G7[1]|OUT:rise,D -> G4 -> G5 -> G6 -> G7
1189,post_optimization,-1.7167564754770654,0,0.290540452013058,0.024459547986942,0,False,D:rise|G4[0]|G5[0]|G6[0]|G7[1]|OUT:rise,D -> G4 -> G5 -> G6 -> G7
1190,pre_optimization,0.9524968094868602,0,0.3487271115555429,-0.03372711155554292,-0.03372711155554292,True,D:rise|G4[0]|G5[0]|G6[0]|G7[1]|OUT:rise,D -> G4 -> G5 -> G6 -> G7
1190,post_optimization,0.9524968094868602,0,0.32774990233896895,-0.012749902338968944,-0.012749902338968944,True,D:rise|G4[0]|G5[0]|G6[0]|G7[1]|OUT:rise,D -> G4 -> G5 -> G6 -> G7
1191,pre_optimization,1.259780215544604,0,0.33210205631029854,-0.01710205631029854,-0.01710205631029854,True,D:rise|G4[0]|G5[0]|G6[0]|G7[1]|OUT:rise,D -> G4 -> G5 -> G6 -> G7
1191,post_optimization,1.259780215544604,0,0.3129240771115287,0.0020759228884713044,0,False,D:rise|G4[0]|G5[0]|G6[0]|G7[1]|OUT:rise,D -> G4 -> G5 -> G6 -> G7
1192,pre_optimization,-1.0184576315637126,0,0.31158922258687055,0.003410777413129451,0,False,D:rise|G4[0]|G5[0]|G6[0]|G7[1]|OUT:rise,D -> G4 -> G5 -> G6 -> G7
1192,post_optimization,-1.0184576315637126,0,0.2950480949568565,0.01995190504314348,0,False,A:rise|G1[0]|G2[0]|G3[0]|G7[0]|OUT:rise,A -> G1 -> G2 -> G3 -> G7
1193,pre_optimization,-0.17855545188805338,0,0.3160188624050374,-0.0010188624050374018,-0.0010188624050374018,True,A:rise|G1[0]|G2[0]|G3[0]|G7[0]|OUT:rise,A -> G1 -> G2 -> G3 -> G7
1193,post_optimization,-0.17855545188805338,0,0.30303715455998975,0.01196284544001025,0,False,A:rise|G1[0]|G2[0]|G3[0]|G7[0]|OUT:rise,A -> G1 -> G2 -> G3 -> G7
1194,pre_optimization,-1.1432945507510126,0,0.3013308356075647,0.013669164392435318,0,False,D:rise|G4[0]|G5[0]|G6[0]|G7[1]|OUT:rise,D -> G4 -> G5 -> G6 -> G7
1194,post_optimization,-1.1432945507510126,0,0.28433900177149485,0.030660998228505154,0,False,D:rise|G4[0]|G5[0]|G6[0]|G7[1]|OUT:rise,D -> G4 -> G5 -> G6 -> G7
1195,pre_optimization,0.1896657993543235,0,0.32871518088400375,-0.013715180884003753,-0.013715180884003753,True,D:rise|G4[0]|G5[0]|G6[0]|G7[1]|OUT:rise,D -> G4 -> G5 -> G6 -> G7
1195,post_optimization,0.1896657993543235,0,0.30996272626540605,0.00503727373459395,0,False,D:rise|G4[0]|G5[0]|G6[0]|G7[1]|OUT:rise,D -> G4 -> G5 -> G6 -> G7
1196,pre_optimization,0.0638801460121299,0,0.31005849377597666,0.00494150622402334,0,False,A:rise|G1[0]|G2[0]|G3[0]|G7[0]|OUT:rise,A -> G1 -> G2 -> G3 -> G7
1196,post_optimization,0.0638801460121299,0,0.2995433308715561,0.0154566691284439,0,False,A:rise|G1[0]|G2[0]|G3[0]|G7[0]|OUT:rise,A -> G1 -> G2 -> G3 -> G7
1197,pre_optimization,0.7787621936671932,0,0.3213201829025132,-0.006320182902513183,-0.006320182902513183,True,D:rise|G4[0]|G5[0]|G6[0]|G7[1]|OUT:rise,D -> G4 -> G5 -> G6 -> G7
1197,post_optimization,0.7787621936671932,0,0.30571280011446816,0.009287199885531838,0,False,D:rise|G4[0]|G5[0]|G6[0]|G7[1]|OUT:rise,D -> G4 -> G5 -> G6 -> G7
1198,pre_optimization,0.3081151505618153,0,0.30518254978682813,0.009817450213171874,0,False,A:rise|G1[0]|G2[0]|G3[0]|G7[0]|OUT:rise,A -> G1 -> G2 -> G3 -> G7
1198,post_optimization,0.3081151505618153,0,0.29554132296290453,0.019458677037095473,0,False,A:rise|G1[0]|G2[0]|G3[0]|G7[0]|OUT:rise,A -> G1 -> G2 -> G3 -> G7
1199,pre_optimization,1.14904033858589,0,0.32699629218465953,-0.01199629218465953,-0.01199629218465953,True,D:rise|G4[0]|G5[0]|G6[0]|G7[1]|OUT:rise,D -> G4 -> G5 -> G6 -> G7
1199,post_optimization,1.14904033858589,0,0.31011901585874324,0.004880984141256761,0,False,A:rise|G1[0]|G2[0]|G3[0]|G7[0]|OUT:rise,A -> G1 -> G2 -> G3 -> G7
1200,pre_optimization,1.067423200419897,0,0.33482085113194465,-0.01982085113194465,-0.01982085113194465,True,A:rise|G1[0]|G2[0]|G3[0]|G7[0]|OUT:rise,A -> G1 -> G2 -> G3 -> G7
1200,post_optimization,1.067423200419897,0,0.3209886091781164,-0.005988609178116389,-0.005988609178116389,True,A:rise|G1[0]|G2[0]|G3[0]|G7[0]|OUT:rise,A -> G1 -> G2 -> G3 -> G7
1201,pre_optimization,0.4290468234502756,0,0.3226257521115331,-0.007625752111533102,-0.007625752111533102,True,D:rise|G4[0]|G5[0]|G6[0]|G7[1]|OUT:rise,D -> G4 -> G5 -> G6 -> G7
1201,post_optimization,0.4290468234502756,0,0.30587633832393535,0.009123661676064654,0,False,D:rise|G4[0]|G5[0]|G6[0]|G7[1]|OUT:rise,D -> G4 -> G5 -> G6 -> G7
1202,pre_optimization,-0.7089174409496372,0,0.31134071789429885,0.003659282105701156,0,False,A:rise|G1[0]|G2[0]|G3[0]|G7[0]|OUT:rise,A -> G1 -> G2 -> G3 -> G7
1202,post_optimization,-0.7089174409496372,0,0.2980877921204151,0.016912207879584917,0,False,A:rise|G1[0]|G2[0]|G3[0]|G7[0]|OUT:rise,A -> G1 -> G2 -> G3 -> G7
1203,pre_optimization,0.15103564130168953,0,0.32813122449229865,-0.013131224492298643,-0.013131224492298643,True,D:rise|G4[0]|G5[0]|G6[0]|G7[1]|OUT:rise,D -> G4 -> G5 -> G6 -> G7
1203,post_optimization,0.15103564130168953,0,0.3103622227685221,0.004637777231477902,0,False,D:rise|G4[0]|G5[0]|G6[0]|G7[1]|OUT:rise,D -> G4 -> G5 -> G6 -> G7
1204,pre_optimization,-1.40368362829174,0,0.29909187720468994,0.015908122795310065,0,False,D:rise|G4[0]|G5[0]|G6[0]|G7[1]|OUT:rise,D -> G4 -> G5 -> G6 -> G7
1204,post_optimization,-1.40368362829174,0,0.2848376483766917,0.030162351623308326,0,False,D:rise|G4[0]|G5[0]|G6[0]|G7[1]|OUT:rise,D -> G4 -> G5 -> G6 -> G7
1205,pre_optimization,-0.9157672558226515,0,0.31518854891363124,-0.00018854891363123683,-0.00018854891363123683,True,A:rise|G1[0]|G2[0]|G3[0]|G7[0]|OUT:rise,A -> G1 -> G2 -> G3 -> G7
1205,post_optimization,-0.9157672558226515,0,0.3031460860690758,0.01185391393092422,0,False,A:rise|G1[0]|G2[0]|G3[0]|G7[0]|OUT:rise,A -> G1 -> G2 -> G3 -> G7
1206,pre_optimization,-0.17761181424150096,0,0.320728021045509,-0.005728021045509013,-0.005728021045509013,True,D:rise|G4[0]|G5[0]|G6[0]|G7[1]|OUT:rise,D -> G4 -> G5 -> G6 -> G7
1206,post_optimization,-0.17761181424150096,0,0.30188219989292997,0.013117800107070032,0,False,D:rise|G4[0]|G5[0]|G6[0]|G7[1]|OUT:rise,D -> G4 -> G5 -> G6 -> G7
1207,pre_optimization,-0.8346838396701363,0,0.30680495101259037,0.008195048987409637,0,False,A:rise|G1[0]|G2[0]|G3[0]|G7[0]|OUT:rise,A -> G1 -> G2 -> G3 -> G7
1207,post_optimization,-0.8346838396701363,0,0.2953276848390082,0.019672315160991827,0,False,A:rise|G1[0]|G2[0]|G3[0]|G7[0]|OUT:rise,A -> G1 -> G2 -> G3 -> G7
1208,pre_optimization,0.1394557001999739,0,0.3189481878470256,-0.003948187847025608,-0.003948187847025608,True,D:rise|G4[0]|G5[0]|G6[0]|G7[1]|OUT:rise,D -> G4 -> G5 -> G6 -> G7
1208,post_optimization,0.1394557001999739,0,0.3029552230281771,0.01204477697182288,0,False,D:rise|G4[0]|G5[0]|G6[0]|G7[1]|OUT:rise,D -> G4 -> G5 -> G6 -> G7
1209,pre_optimization,0.46007188651500813,0,0.3285353088471678,-0.013535308847167804,-0.013535308847167804,True,A:rise|G1[0]|G2[0]|G3[0]|G7[0]|OUT:rise,A -> G1 -> G2 -> G3 -> G7
1209,post_optimization,0.46007188651500813,0,0.3167662393008035,-0.001766239300803496,-0.001766239300803496,True,A:rise|G1[0]|G2[0]|G3[0]|G7[0]|OUT:rise,A -> G1 -> G2 -> G3 -> G7
1210,pre_optimization,-0.038847157981652704,0,0.3156042596629308,-0.0006042596629308172,-0.0006042596629308172,True,D:rise|G4[0]|G5[0]|G6[0]|G7[1]|OUT:rise,D -> G4 -> G5 -> G6 -> G7
1210,post_optimization,-0.038847157981652704,0,0.2977979266757739,0.017202073324226075,0,False,D:rise|G4[0]|G5[0]|G6[0]|G7[1]|OUT:rise,D -> G4 -> G5 -> G6 -> G7
1211,pre_optimization,-0.8491930155349888,0,0.3052489955898391,0.009751004410160913,0,False,A:rise|G1[0]|G2[0]|G3[0]|G7[0]|OUT:rise,A -> G1 -> G2 -> G3 -> G7
1211,post_optimization,-0.8491930155349888,0,0.2942698930044977,0.020730106995502318,0,False,A:rise|G1[0]|G2[0]|G3[0]|G7[0]|OUT:rise,A -> G1 -> G2 -> G3 -> G7
1212,pre_optimization,-0.585370915798737,0,0.3154115301506891,-0.00041153015068912113,-0.00041153015068912113,True,A:rise|G1[0]|G2[0]|G3[0]|G7[0]|OUT:rise,A -> G1 -> G2 -> G3 -> G7
1212,post_optimization,-0.585370915798737,0,0.30094848159188015,0.014051518408119856,0,False,A:rise|G1[0]|G2[0]|G3[0]|G7[0]|OUT:rise,A -> G1 -> G2 -> G3 -> G7
1213,pre_optimization,1.0904961619129825,0,0.32625641942912853,-0.011256419429128528,-0.011256419429128528,True,A:rise|G1[0]|G2[0]|G3[0]|G7[0]|OUT:rise,A -> G1 -> G2 -> G3 -> G7
1213,post_optimization,1.0904961619129825,0,0.3147162459995465,0.0002837540004534955,0,False,A:rise|G1[0]|G2[0]|G3[0]|G7[0]|OUT:rise,A -> G1 -> G2 -> G3 -> G7
1214,pre_optimization,2.070258673738104,0,0.33966288835815717,-0.024662888358157165,-0.024662888358157165,True,D:rise|G4[0]|G5[0]|G6[0]|G7[1]|OUT:rise,D -> G4 -> G5 -> G6 -> G7
1214,post_optimization,2.070258673738104,0,0.32311664886917457,-0.00811664886917457,-0.00811664886917457,True,A:rise|G1[0]|G2[0]|G3[0]|G7[0]|OUT:rise,A -> G1 -> G2 -> G3 -> G7
1215,pre_optimization,0.851190007480321,0,0.3180798256746288,-0.0030798256746287778,-0.0030798256746287778,True,D:rise|G4[0]|G5[0]|G6[0]|G7[1]|OUT:rise,D -> G4 -> G5 -> G6 -> G7
1215,post_optimization,0.851190007480321,0,0.30511501420597387,0.009884985794026135,0,False,A:rise|G1[0]|G2[0]|G3[0]|G7[0]|OUT:rise,A -> G1 -> G2 -> G3 -> G7
1216,pre_optimization,-0.0478207763206974,0,0.31602648266966554,-0.0010264826696655405,-0.0010264826696655405,True,A:rise|G1[0]|G2[0]|G3[0]|G7[0]|OUT:rise,A -> G1 -> G2 -> G3 -> G7
1216,post_optimization,-0.0478207763206974,0,0.30329326747887075,0.011706732521129248,0,False,A:rise|G1[0]|G2[0]|G3[0]|G7[0]|OUT:rise,A -> G1 -> G2 -> G3 -> G7
1217,pre_optimization,1.1838553242654686,0,0.3366098980854186,-0.021609898085418577,-0.021609898085418577,True,D:rise|G4[0]|G5[0]|G6[0]|G7[1]|OUT:rise,D -> G4 -> G5 -> G6 -> G7
1217,post_optimization,1.1838553242654686,0,0.31816543884382525,-0.0031654388438252523,-0.0031654388438252523,True,D:rise|G4[0]|G5[0]|G6[0]|G7[1]|OUT:rise,D -> G4 -> G5 -> G6 -> G7
1218,pre_optimization,0.7737837462575978,0,0.3259914853995517,-0.010991485399551693,-0.010991485399551693,True,D:rise|G4[0]|G5[0]|G6[0]|G7[1]|OUT:rise,D -> G4 -> G5 -> G6 -> G7
1218,post_optimization,0.7737837462575978,0,0.3107734655199013,0.004226534480098687,0,False,A:rise|G1[0]|G2[0]|G3[0]|G7[0]|OUT:rise,A -> G1 -> G2 -> G3 -> G7
1219,pre_optimization,-0.780726841974822,0,0.30215968695704504,0.012840313042954965,0,False,D:rise|G4[0]|G5[0]|G6[0]|G7[1]|OUT:rise,D -> G4 -> G5 -> G6 -> G7
1219,post_optimization,-0.780726841974822,0,0.28923802330120585,0.025761976698794153,0,False,A:rise|G1[0]|G2[0]|G3[0]|G7[0]|OUT:rise,A -> G1 -> G2 -> G3 -> G7
1220,pre_optimization,0.13312975584947842,0,0.31807054112776695,-0.003070541127766946,-0.003070541127766946,True,A:rise|G1[0]|G2[0]|G3[0]|G7[0]|OUT:rise,A -> G1 -> G2 -> G3 -> G7
1220,post_optimization,0.13312975584947842,0,0.3037361810009957,0.011263818999004305,0,False,A:rise|G1[0]|G2[0]|G3[0]|G7[0]|OUT:rise,A -> G1 -> G2 -> G3 -> G7
1221,pre_optimization,-0.16963315737728954,0,0.32227415305587187,-0.007274153055871868,-0.007274153055871868,True,A:rise|G1[0]|G2[0]|G3[0]|G7[0]|OUT:rise,A -> G1 -> G2 -> G3 -> G7
1221,post_optimization,-0.16963315737728954,0,0.30805970751917516,0.006940292480824839,0,False,A:rise|G1[0]|G2[0]|G3[0]|G7[0]|OUT:rise,A -> G1 -> G2 -> G3 -> G7
1222,pre_optimization,-0.2725680674355181,0,0.310703556741079,0.004296443258920979,0,False,D:rise|G4[0]|G5[0]|G6[0]|G7[1]|OUT:rise,D -> G4 -> G5 -> G6 -> G7
1222,post_optimization,-0.2725680674355181,0,0.29328295445040187,0.021717045549598135,0,False,D:rise|G4[0]|G5[0]|G6[0]|G7[1]|OUT:rise,D -> G4 -> G5 -> G6 -> G7
1223,pre_optimization,0.15921785032171576,0,0.32096921548456336,-0.005969215484563362,-0.005969215484563362,True,A:rise|G1[0]|G2[0]|G3[0]|G7[0]|OUT:rise,A -> G1 -> G2 -> G3 -> G7
1223,post_optimization,0.15921785032171576,0,0.3114849131167304,0.0035150868832696247,0,False,A:rise|G1[0]|G2[0]|G3[0]|G7[0]|OUT:rise,A -> G1 -> G2 -> G3 -> G7
1224,pre_optimization,-1.8547874812707006,0,0.3151095000853433,-0.0001095000853432726,-0.0001095000853432726,True,D:rise|G4[0]|G5[0]|G6[0]|G7[1]|OUT:rise,D -> G4 -> G5 -> G6 -> G7
1224,post_optimization,-1.8547874812707006,0,0.29681563306574416,0.018184366934255847,0,False,D:rise|G4[0]|G5[0]|G6[0]|G7[1]|OUT:rise,D -> G4 -> G5 -> G6 -> G7
1225,pre_optimization,0.03297223354932743,0,0.3213578127625389,-0.006357812762538884,-0.006357812762538884,True,A:rise|G1[0]|G2[0]|G3[0]|G7[0]|OUT:rise,A -> G1 -> G2 -> G3 -> G7
1225,post_optimization,0.03297223354932743,0,0.30824167852351314,0.0067583214764868615,0,False,A:rise|G1[0]|G2[0]|G3[0]|G7[0]|OUT:rise,A -> G1 -> G2 -> G3 -> G7
1226,pre_optimization,-0.18829296031856058,0,0.3189572937437992,-0.003957293743799217,-0.003957293743799217,True,D:rise|G4[0]|G5[0]|G6[0]|G7[1]|OUT:rise,D -> G4 -> G5 -> G6 -> G7
1226,post_optimization,-0.18829296031856058,0,0.30087368160642214,0.014126318393577864,0,False,D:rise|G4[0]|G5[0]|G6[0]|G7[1]|OUT:rise,D -> G4 -> G5 -> G6 -> G7
1227,pre_optimization,0.4670747492466291,0,0.3169574014840419,-0.0019574014840418874,-0.0019574014840418874,True,A:rise|G1[0]|G2[0]|G3[0]|G7[0]|OUT:rise,A -> G1 -> G2 -> G3 -> G7
1227,post_optimization,0.4670747492466291,0,0.3053877893852919,0.009612210614708128,0,False,A:rise|G1[0]|G2[0]|G3[0]|G7[0]|OUT:rise,A -> G1 -> G2 -> G3 -> G7
1228,pre_optimization,0.03715162731329817,0,0.32128975459697245,-0.006289754596972452,-0.006289754596972452,True,D:rise|G4[0]|G5[0]|G6[0]|G7[1]|OUT:rise,D -> G4 -> G5 -> G6 -> G7
1228,post_optimization,0.03715162731329817,0,0.30372611619651546,0.011273883803484541,0,False,A:rise|G1[0]|G2[0]|G3[0]|G7[0]|OUT:rise,A -> G1 -> G2 -> G3 -> G7
1229,pre_optimization,0.13144008010069866,0,0.31906798738300035,-0.004067987383000349,-0.004067987383000349,True,A:rise|G1[0]|G2[0]|G3[0]|G7[0]|OUT:rise,A -> G1 -> G2 -> G3 -> G7
1229,post_optimization,0.13144008010069866,0,0.3087167057725436,0.006283294227456382,0,False,A:rise|G1[0]|G2[0]|G3[0]|G7[0]|OUT:rise,A -> G1 -> G2 -> G3 -> G7
1230,pre_optimization,1.3274696952720708,0,0.3319948162597709,-0.016994816259770895,-0.016994816259770895,True,D:rise|G4[0]|G5[0]|G6[0]|G7[1]|OUT:rise,D -> G4 -> G5 -> G6 -> G7
1230,post_optimization,1.3274696952720708,0,0.3143446336825798,0.0006553663174201918,0,False,A:rise|G1[0]|G2[0]|G3[0]|G7[0]|OUT:rise,A -> G1 -> G2 -> G3 -> G7
1231,pre_optimization,0.12855462949573832,0,0.3263653854257328,-0.011365385425732788,-0.011365385425732788,True,D:rise|G4[0]|G5[0]|G6[0]|G7[1]|OUT:rise,D -> G4 -> G5 -> G6 -> G7
1231,post_optimization,0.12855462949573832,0,0.30831394619524877,0.006686053804751235,0,False,D:rise|G4[0]|G5[0]|G6[0]|G7[1]|OUT:rise,D -> G4 -> G5 -> G6 -> G7
1232,pre_optimization,-1.3348765060558305,0,0.3111909945395358,0.0038090054604641987,0,False,D:rise|G4[0]|G5[0]|G6[0]|G7[1]|OUT:rise,D -> G4 -> G5 -> G6 -> G7
1232,post_optimization,-1.3348765060558305,0,0.294121584708791,0.020878415291208985,0,False,A:rise|G1[0]|G2[0]|G3[0]|G7[0]|OUT:rise,A -> G1 -> G2 -> G3 -> G7
1233,pre_optimization,-0.0681240766496646,0,0.32173212288330544,-0.006732122883305436,-0.006732122883305436,True,A:rise|G1[0]|G2[0]|G3[0]|G7[0]|OUT:rise,A -> G1 -> G2 -> G3 -> G7
1233,post_optimization,-0.0681240766496646,0,0.30849475413930216,0.006505245860697839,0,False,A:rise|G1[0]|G2[0]|G3[0]|G7[0]|OUT:rise,A -> G1 -> G2 -> G3 -> G7
1234,pre_optimization,-0.8408074193022353,0,0.3235586896492907,-0.008558689649290685,-0.008558689649290685,True,D:rise|G4[0]|G5[0]|G6[0]|G7[1]|OUT:rise,D -> G4 -> G5 -> G6 -> G7
1234,post_optimization,-0.8408074193022353,0,0.30689800330649697,0.008101996693503033,0,False,A:rise|G1[0]|G2[0]|G3[0]|G7[0]|OUT:rise,A -> G1 -> G2 -> G3 -> G7
1235,pre_optimization,-1.030190560223456,0,0.3051786638664413,0.009821336133558678,0,False,D:rise|G4[0]|G5[0]|G6[0]|G7[1]|OUT:rise,D -> G4 -> G5 -> G6 -> G7
1235,post_optimization,-1.030190560223456,0,0.2943332323806923,0.02066676761930769,0,False,A:rise|G1[0]|G2[0]|G3[0]|G7[0]|OUT:rise,A -> G1 -> G2 -> G3 -> G7
1236,pre_optimization,-0.8400986951648967,0,0.306441874564917,0.008558125435082997,0,False,A:rise|G1[0]|G2[0]|G3[0]|G7[0]|OUT:rise,A -> G1 -> G2 -> G3 -> G7
1236,post_optimization,-0.8400986951648967,0,0.29264198450428375,0.022358015495716255,0,False,A:rise|G1[0]|G2[0]|G3[0]|G7[0]|OUT:rise,A -> G1 -> G2 -> G3 -> G7
1237,pre_optimization,0.28740760637384666,0,0.31942874802533955,-0.004428748025339546,-0.004428748025339546,True,A:rise|G1[0]|G2[0]|G3[0]|G7[0]|OUT:rise,A -> G1 -> G2 -> G3 -> G7
1237,post_optimization,0.28740760637384666,0,0.3057481674511164,0.00925183254888362,0,False,A:rise|G1[0]|G2[0]|G3[0]|G7[0]|OUT:rise,A -> G1 -> G2 -> G3 -> G7
1238,pre_optimization,-0.918641532973219,0,0.3318238947484302,-0.016823894748430213,-0.016823894748430213,True,D:rise|G4[0]|G5[0]|G6[0]|G7[1]|OUT:rise,D -> G4 -> G5 -> G6 -> G7
1238,post_optimization,-0.918641532973219,0,0.3107755546773762,0.004224445322623782,0,False,D:rise|G4[0]|G5[0]|G6[0]|G7[1]|OUT:rise,D -> G4 -> G5 -> G6 -> G7
1239,pre_optimization,2.0653378789043226,0,0.33429961302476324,-0.01929961302476324,-0.01929961302476324,True,D:rise|G4[0]|G5[0]|G6[0]|G7[1]|OUT:rise,D -> G4 -> G5 -> G6 -> G7
1239,post_optimization,2.0653378789043226,0,0.317384915608227,-0.0023849156082270118,-0.0023849156082270118,True,D:rise|G4[0]|G5[0]|G6[0]|G7[1]|OUT:rise,D -> G4 -> G5 -> G6 -> G7
1240,pre_optimization,1.8474747092499706,0,0.3343907136315413,-0.019390713631541323,-0.019390713631541323,True,A:rise|G1[0]|G2[0]|G3[0]|G7[0]|OUT:rise,A -> G1 -> G2 -> G3 -> G7
1240,post_optimization,1.8474747092499706,0,0.3217279176995034,-0.006727917699503372,-0.006727917699503372,True,A:rise|G1[0]|G2[0]|G3[0]|G7[0]|OUT:rise,A -> G1 -> G2 -> G3 -> G7
1241,pre_optimization,0.5451866416928343,0,0.3174318499252756,-0.00243184992527562,-0.00243184992527562,True,A:rise|G1[0]|G2[0]|G3[0]|G7[0]|OUT:rise,A -> G1 -> G2 -> G3 -> G7
1241,post_optimization,0.5451866416928343,0,0.30462475415437396,0.010375245845626047,0,False,A:rise|G1[0]|G2[0]|G3[0]|G7[0]|OUT:rise,A -> G1 -> G2 -> G3 -> G7
1242,pre_optimization,0.6639014893875016,0,0.32088307163630025,-0.005883071636300252,-0.005883071636300252,True,A:rise|G1[0]|G2[0]|G3[0]|G7[0]|OUT:rise,A -> G1 -> G2 -> G3 -> G7
1242,post_optimization,0.6639014893875016,0,0.31056465014874546,0.004435349851254544,0,False,A:rise|G1[0]|G2[0]|G3[0]|G7[0]|OUT:rise,A -> G1 -> G2 -> G3 -> G7
1243,pre_optimization,-1.269062963483561,0,0.308026407458782,0.006973592541217988,0,False,A:rise|G1[0]|G2[0]|G3[0]|G7[0]|OUT:rise,A -> G1 -> G2 -> G3 -> G7
1243,post_optimization,-1.269062963483561,0,0.2951571553154012,0.019842844684598793,0,False,A:rise|G1[0]|G2[0]|G3[0]|G7[0]|OUT:rise,A -> G1 -> G2 -> G3 -> G7
1244,pre_optimization,-1.203676759772942,0,0.3200646572135885,-0.005064657213588508,-0.005064657213588508,True,D:rise|G4[0]|G5[0]|G6[0]|G7[1]|OUT:rise,D -> G4 -> G5 -> G6 -> G7
1244,post_optimization,-1.203676759772942,0,0.3025854971826627,0.012414502817337303,0,False,D:rise|G4[0]|G5[0]|G6[0]|G7[1]|OUT:rise,D -> G4 -> G5 -> G6 -> G7
1245,pre_optimization,-0.10818157864004435,0,0.32267552207060274,-0.007675522070602736,-0.007675522070602736,True,A:rise|G1[0]|G2[0]|G3[0]|G7[0]|OUT:rise,A -> G1 -> G2 -> G3 -> G7
1245,post_optimization,-0.10818157864004435,0,0.31032288370929373,0.0046771162907062735,0,False,A:rise|G1[0]|G2[0]|G3[0]|G7[0]|OUT:rise,A -> G1 -> G2 -> G3 -> G7
1246,pre_optimization,-1.0429200030075982,0,0.30407666812200074,0.010923331877999265,0,False,A:rise|G1[0]|G2[0]|G3[0]|G7[0]|OUT:rise,A -> G1 -> G2 -> G3 -> G7
1246,post_optimization,-1.0429200030075982,0,0.2909669318129409,0.02403306818705908,0,False,A:rise|G1[0]|G2[0]|G3[0]|G7[0]|OUT:rise,A -> G1 -> G2 -> G3 -> G7
1247,pre_optimization,-0.8688905758513991,0,0.31350845685557466,0.0014915431444253446,0,False,A:rise|G1[0]|G2[0]|G3[0]|G7[0]|OUT:rise,A -> G1 -> G2 -> G3 -> G7
1247,post_optimization,-0.8688905758513991,0,0.301383967974779,0.013616032025220992,0,False,A:rise|G1[0]|G2[0]|G3[0]|G7[0]|OUT:rise,A -> G1 -> G2 -> G3 -> G7
1248,pre_optimization,0.8745756488498369,0,0.3193173464022969,-0.004317346402296918,-0.004317346402296918,True,D:rise|G4[0]|G5[0]|G6[0]|G7[1]|OUT:rise,D -> G4 -> G5 -> G6 -> G7
1248,post_optimization,0.8745756488498369,0,0.3035930910855522,0.011406908914447789,0,False,D:rise|G4[0]|G5[0]|G6[0]|G7[1]|OUT:rise,D -> G4 -> G5 -> G6 -> G7
1249,pre_optimization,-0.46550483371093515,0,0.3205398124042438,-0.005539812404243782,-0.005539812404243782,True,D:rise|G4[0]|G5[0]|G6[0]|G7[1]|OUT:rise,D -> G4 -> G5 -> G6 -> G7
1249,post_optimization,-0.46550483371093515,0,0.29914426917263953,0.01585573082736047,0,False,D:rise|G4[0]|G5[0]|G6[0]|G7[1]|OUT:rise,D -> G4 -> G5 -> G6 -> G7
1250,pre_optimization,0.2878804032006318,0,0.32347875629082107,-0.008478756290821066,-0.008478756290821066,True,D:rise|G4[0]|G5[0]|G6[0]|G7[1]|OUT:rise,D -> G4 -> G5 -> G6 -> G7
1250,post_optimization,0.2878804032006318,0,0.306002053256875,0.008997946743124985,0,False,A:rise|G1[0]|G2[0]|G3[0]|G7[0]|OUT:rise,A -> G1 -> G2 -> G3 -> G7
1251,pre_optimization,1.6604610630784487,0,0.3147675782188813,0.00023242178111870793,0,False,A:rise|G1[0]|G2[0]|G3[0]|G7[0]|OUT:rise,A -> G1 -> G2 -> G3 -> G7
1251,post_optimization,1.6604610630784487,0,0.3054325017129425,0.009567498287057496,0,False,A:rise|G1[0]|G2[0]|G3[0]|G7[0]|OUT:rise,A -> G1 -> G2 -> G3 -> G7
1252,pre_optimization,0.9596974972951414,0,0.32839674546811526,-0.013396745468115256,-0.013396745468115256,True,A:rise|G1[0]|G2[0]|G3[0]|G7[0]|OUT:rise,A -> G1 -> G2 -> G3 -> G7
1252,post_optimization,0.9596974972951414,0,0.3163457318322895,-0.0013457318322894762,-0.0013457318322894762,True,A:rise|G1[0]|G2[0]|G3[0]|G7[0]|OUT:rise,A -> G1 -> G2 -> G3 -> G7
1253,pre_optimization,-1.3075723130999681,0,0.30454906951978666,0.010450930480213338,0,False,A:rise|G1[0]|G2[0]|G3[0]|G7[0]|OUT:rise,A -> G1 -> G2 -> G3 -> G7
1253,post_optimization,-1.3075723130999681,0,0.2927096776569006,0.02229032234309941,0,False,A:rise|G1[0]|G2[0]|G3[0]|G7[0]|OUT:rise,A -> G1 -> G2 -> G3 -> G7
1254,pre_optimization,-0.6622467444815522,0,0.3103568018970177,0.004643198102982304,0,False,D:rise|G4[0]|G5[0]|G6[0]|G7[1]|OUT:rise,D -> G4 -> G5 -> G6 -> G7
1254,post_optimization,-0.6622467444815522,0,0.29432336089597266,0.02067663910402734,0,False,A:rise|G1[0]|G2[0]|G3[0]|G7[0]|OUT:rise,A -> G1 -> G2 -> G3 -> G7
1255,pre_optimization,0.3591976140126602,0,0.3228854946898616,-0.007885494689861605,-0.007885494689861605,True,D:rise|G4[0]|G5[0]|G6[0]|G7[1]|OUT:rise,D -> G4 -> G5 -> G6 -> G7
1255,post_optimization,0.3591976140126602,0,0.30595162978776647,0.009048370212233536,0,False,D:rise|G4[0]|G5[0]|G6[0]|G7[1]|OUT:rise,D -> G4 -> G5 -> G6 -> G7
1256,pre_optimization,-1.2278039958537064,0,0.3060842033081392,0.008915796691860822,0,False,D:rise|G4[0]|G5[0]|G6[0]|G7[1]|OUT:rise,D -> G4 -> G5 -> G6 -> G7
1256,post_optimization,-1.2278039958537064,0,0.29404582023377157,0.02095417976622843,0,False,A:rise|G1[0]|G2[0]|G3[0]|G7[0]|OUT:rise,A -> G1 -> G2 -> G3 -> G7
1257,pre_optimization,0.7632980285778065,0,0.33223661636914403,-0.01723661636914403,-0.01723661636914403,True,A:rise|G1[0]|G2[0]|G3[0]|G7[0]|OUT:rise,A -> G1 -> G2 -> G3 -> G7
1257,post_optimization,0.7632980285778065,0,0.31767974741650623,-0.0026797474165062285,-0.0026797474165062285,True,A:rise|G1[0]|G2[0]|G3[0]|G7[0]|OUT:rise,A -> G1 -> G2 -> G3 -> G7
1258,pre_optimization,-1.3997382692928322,0,0.30878450536357616,0.006215494636423846,0,False,D:rise|G4[0]|G5[0]|G6[0]|G7[1]|OUT:rise,D -> G4 -> G5 -> G6 -> G7
1258,post_optimization,-1.3997382692928322,0,0.29204635324507716,0.02295364675492284,0,False,D:rise|G4[0]|G5[0]|G6[0]|G7[1]|OUT:rise,D -> G4 -> G5 -> G6 -> G7
1259,pre_optimization,-0.367329441746275,0,0.32515784125193053,-0.010157841251930533,-0.010157841251930533,True,A:rise|G1[0]|G2[0]|G3[0]|G7[0]|OUT:rise,A -> G1 -> G2 -> G3 -> G7
1259,post_optimization,-0.367329441746275,0,0.3130911336159925,0.0019088663840075015,0,False,A:rise|G1[0]|G2[0]|G3[0]|G7[0]|OUT:rise,A -> G1 -> G2 -> G3 -> G7
1260,pre_optimization,1.127594579680762,0,0.32822992242792454,-0.013229922427924534,-0.013229922427924534,True,D:rise|G4[0]|G5[0]|G6[0]|G7[1]|OUT:rise,D -> G4 -> G5 -> G6 -> G7
1260,post_optimization,1.127594579680762,0,0.30987587481767276,0.005124125182327244,0,False,A:rise|G1[0]|G2[0]|G3[0]|G7[0]|OUT:rise,A -> G1 -> G2 -> G3 -> G7
1261,pre_optimization,-0.07254097584594571,0,0.3244654857245953,-0.009465485724595324,-0.009465485724595324,True,D:rise|G4[0]|G5[0]|G6[0]|G7[1]|OUT:rise,D -> G4 -> G5 -> G6 -> G7
1261,post_optimization,-0.07254097584594571,0,0.3071498702854014,0.007850129714598586,0,False,D:rise|G4[0]|G5[0]|G6[0]|G7[1]|OUT:rise,D -> G4 -> G5 -> G6 -> G7
1262,pre_optimization,-1.0484655370926783,0,0.3139166911630584,0.0010833088369415766,0,False,D:rise|G4[0]|G5[0]|G6[0]|G7[1]|OUT:rise,D -> G4 -> G5 -> G6 -> G7
1262,post_optimization,-1.0484655370926783,0,0.29629943981393736,0.018700560186062642,0,False,D:rise|G4[0]|G5[0]|G6[0]|G7[1]|OUT:rise,D -> G4 -> G5 -> G6 -> G7
1263,pre_optimization,1.6364420885052744,0,0.34085112852979293,-0.025851128529792933,-0.025851128529792933,True,A:rise|G1[0]|G2[0]|G3[0]|G7[0]|OUT:rise,A -> G1 -> G2 -> G3 -> G7
1263,post_optimization,1.6364420885052744,0,0.3283915400719678,-0.0133915400719678,-0.0133915400719678,True,A:rise|G1[0]|G2[0]|G3[0]|G7[0]|OUT:rise,A -> G1 -> G2 -> G3 -> G7
1264,pre_optimization,-0.10775227732038783,0,0.3281361397910212,-0.013136139791021184,-0.013136139791021184,True,D:rise|G4[0]|G5[0]|G6[0]|G7[1]|OUT:rise,D -> G4 -> G5 -> G6 -> G7
1264,post_optimization,-0.10775227732038783,0,0.31209661079748174,0.0029033892025182584,0,False,D:rise|G4[0]|G5[0]|G6[0]|G7[1]|OUT:rise,D -> G4 -> G5 -> G6 -> G7
1265,pre_optimization,-2.514820094216888,0,0.2837597447970562,0.031240255202943823,0,False,D:rise|G4[0]|G5[0]|G6[0]|G7[1]|OUT:rise,D -> G4 -> G5 -> G6 -> G7
1265,post_optimization,-2.514820094216888,0,0.26684512290552415,0.048154877094475856,0,False,D:rise|G4[0]|G5[0]|G6[0]|G7[1]|OUT:rise,D -> G4 -> G5 -> G6 -> G7
1266,pre_optimization,-0.9071791453660507,0,0.31183232940828676,0.0031676705917132453,0,False,D:rise|G4[0]|G5[0]|G6[0]|G7[1]|OUT:rise,D -> G4 -> G5 -> G6 -> G7
1266,post_optimization,-0.9071791453660507,0,0.29191321837762013,0.02308678162237987,0,False,D:rise|G4[0]|G5[0]|G6[0]|G7[1]|OUT:rise,D -> G4 -> G5 -> G6 -> G7
1267,pre_optimization,-0.5588254862840139,0,0.3229791874654073,-0.007979187465407322,-0.007979187465407322,True,A:rise|G1[0]|G2[0]|G3[0]|G7[0]|OUT:rise,A -> G1 -> G2 -> G3 -> G7
1267,post_optimization,-0.5588254862840139,0,0.31204109862325424,0.0029589013767457595,0,False,A:rise|G1[0]|G2[0]|G3[0]|G7[0]|OUT:rise,A -> G1 -> G2 -> G3 -> G7
1268,pre_optimization,0.0023947975063234117,0,0.3221884951333222,-0.007188495133322204,-0.007188495133322204,True,D:rise|G4[0]|G5[0]|G6[0]|G7[1]|OUT:rise,D -> G4 -> G5 -> G6 -> G7
1268,post_optimization,0.0023947975063234117,0,0.3051246217060697,0.009875378293930315,0,False,D:rise|G4[0]|G5[0]|G6[0]|G7[1]|OUT:rise,D -> G4 -> G5 -> G6 -> G7
1269,pre_optimization,-0.544756253542862,0,0.3143643399524404,0.0006356600475596053,0,False,D:rise|G4[0]|G5[0]|G6[0]|G7[1]|OUT:rise,D -> G4 -> G5 -> G6 -> G7
1269,post_optimization,-0.544756253542862,0,0.29990089649794516,0.015099103502054845,0,False,A:rise|G1[0]|G2[0]|G3[0]|G7[0]|OUT:rise,A -> G1 -> G2 -> G3 -> G7
1270,pre_optimization,-0.5100493262160509,0,0.3135856542649498,0.0014143457350502264,0,False,A:rise|G1[0]|G2[0]|G3[0]|G7[0]|OUT:rise,A -> G1 -> G2 -> G3 -> G7
1270,post_optimization,-0.5100493262160509,0,0.3008110098513785,0.014188990148621516,0,False,A:rise|G1[0]|G2[0]|G3[0]|G7[0]|OUT:rise,A -> G1 -> G2 -> G3 -> G7
1271,pre_optimization,1.3546374129290206,0,0.34692291201366576,-0.03192291201366576,-0.03192291201366576,True,A:rise|G1[0]|G2[0]|G3[0]|G7[0]|OUT:rise,A -> G1 -> G2 -> G3 -> G7
1271,post_optimization,1.3546374129290206,0,0.33389375634523233,-0.018893756345232326,-0.018893756345232326,True,A:rise|G1[0]|G2[0]|G3[0]|G7[0]|OUT:rise,A -> G1 -> G2 -> G3 -> G7
1272,pre_optimization,0.08238091779392298,0,0.32452692495414903,-0.00952692495414903,-0.00952692495414903,True,A:rise|G1[0]|G2[0]|G3[0]|G7[0]|OUT:rise,A -> G1 -> G2 -> G3 -> G7
1272,post_optimization,0.08238091779392298,0,0.31306441978370625,0.001935580216293753,0,False,A:rise|G1[0]|G2[0]|G3[0]|G7[0]|OUT:rise,A -> G1 -> G2 -> G3 -> G7
1273,pre_optimization,-1.2691378958589354,0,0.30369222534692625,0.011307774653073754,0,False,D:rise|G4[0]|G5[0]|G6[0]|G7[1]|OUT:rise,D -> G4 -> G5 -> G6 -> G7
1273,post_optimization,-1.2691378958589354,0,0.28899186201805055,0.026008137981949453,0,False,D:rise|G4[0]|G5[0]|G6[0]|G7[1]|OUT:rise,D -> G4 -> G5 -> G6 -> G7
1274,pre_optimization,-0.43238912776789057,0,0.3187581791165457,-0.00375817911654569,-0.00375817911654569,True,D:rise|G4[0]|G5[0]|G6[0]|G7[1]|OUT:rise,D -> G4 -> G5 -> G6 -> G7
1274,post_optimization,-0.43238912776789057,0,0.3018290405381048,0.013170959461895226,0,False,D:rise|G4[0]|G5[0]|G6[0]|G7[1]|OUT:rise,D -> G4 -> G5 -> G6 -> G7
1275,pre_optimization,-1.575159154772543,0,0.30618081811737435,0.008819181882625649,0,False,D:rise|G4[0]|G5[0]|G6[0]|G7[1]|OUT:rise,D -> G4 -> G5 -> G6 -> G7
1275,post_optimization,-1.575159154772543,0,0.29195278923391743,0.02304721076608257,0,False,A:rise|G1[0]|G2[0]|G3[0]|G7[0]|OUT:rise,A -> G1 -> G2 -> G3 -> G7
1276,pre_optimization,-1.166249777790496,0,0.3138470473510324,0.0011529526489675868,0,False,A:rise|G1[0]|G2[0]|G3[0]|G7[0]|OUT:rise,A -> G1 -> G2 -> G3 -> G7
1276,post_optimization,-1.166249777790496,0,0.299891645768944,0.015108354231055998,0,False,A:rise|G1[0]|G2[0]|G3[0]|G7[0]|OUT:rise,A -> G1 -> G2 -> G3 -> G7
1277,pre_optimization,-1.4152404406158434,0,0.3096571497791732,0.005342850220826811,0,False,D:rise|G4[0]|G5[0]|G6[0]|G7[1]|OUT:rise,D -> G4 -> G5 -> G6 -> G7
1277,post_optimization,-1.4152404406158434,0,0.2918452598723423,0.023154740127657725,0,False,D:rise|G4[0]|G5[0]|G6[0]|G7[1]|OUT:rise,D -> G4 -> G5 -> G6 -> G7
1278,pre_optimization,-0.37899084647205217,0,0.3096589383425443,0.005341061657455681,0,False,D:rise|G4[0]|G5[0]|G6[0]|G7[1]|OUT:rise,D -> G4 -> G5 -> G6 -> G7
1278,post_optimization,-0.37899084647205217,0,0.29651412127730337,0.018485878722696636,0,False,A:rise|G1[0]|G2[0]|G3[0]|G7[0]|OUT:rise,A -> G1 -> G2 -> G3 -> G7
1279,pre_optimization,-1.069448064947906,0,0.312952883290764,0.0020471167092360187,0,False,D:rise|G4[0]|G5[0]|G6[0]|G7[1]|OUT:rise,D -> G4 -> G5 -> G6 -> G7
1279,post_optimization,-1.069448064947906,0,0.2979485697152495,0.01705143028475048,0,False,D:rise|G4[0]|G5[0]|G6[0]|G7[1]|OUT:rise,D -> G4 -> G5 -> G6 -> G7
1280,pre_optimization,0.9780240688642281,0,0.3254093354731873,-0.010409335473187287,-0.010409335473187287,True,A:rise|G1[0]|G2[0]|G3[0]|G7[0]|OUT:rise,A -> G1 -> G2 -> G3 -> G7
1280,post_optimization,0.9780240688642281,0,0.31123403151853,0.0037659684814699834,0,False,A:rise|G1[0]|G2[0]|G3[0]|G7[0]|OUT:rise,A -> G1 -> G2 -> G3 -> G7
1281,pre_optimization,0.3512279833598586,0,0.3076395859333643,0.007360414066635679,0,False,D:rise|G4[0]|G5[0]|G6[0]|G7[1]|OUT:rise,D -> G4 -> G5 -> G6 -> G7
1281,post_optimization,0.3512279833598586,0,0.29383974960754944,0.021160250392450564,0,False,A:rise|G1[0]|G2[0]|G3[0]|G7[0]|OUT:rise,A -> G1 -> G2 -> G3 -> G7
1282,pre_optimization,-1.6053330462253252,0,0.29438790127720504,0.020612098722794958,0,False,D:rise|G4[0]|G5[0]|G6[0]|G7[1]|OUT:rise,D -> G4 -> G5 -> G6 -> G7
1282,post_optimization,-1.6053330462253252,0,0.2805939848816157,0.034406015118384314,0,False,A:rise|G1[0]|G2[0]|G3[0]|G7[0]|OUT:rise,A -> G1 -> G2 -> G3 -> G7
1283,pre_optimization,-1.2992708867512874,0,0.29834820493769226,0.01665179506230774,0,False,D:rise|G4[0]|G5[0]|G6[0]|G7[1]|OUT:rise,D -> G4 -> G5 -> G6 -> G7
1283,post_optimization,-1.2992708867512874,0,0.2813399170090253,0.03366008299097473,0,False,D:rise|G4[0]|G5[0]|G6[0]|G7[1]|OUT:rise,D -> G4 -> G5 -> G6 -> G7
1284,pre_optimization,0.8302594868613186,0,0.34026383782212827,-0.025263837822128266,-0.025263837822128266,True,D:rise|G4[0]|G5[0]|G6[0]|G7[1]|OUT:rise,D -> G4 -> G5 -> G6 -> G7
1284,post_optimization,0.8302594868613186,0,0.3205150953126453,-0.005515095312645324,-0.005515095312645324,True,D:rise|G4[0]|G5[0]|G6[0]|G7[1]|OUT:rise,D -> G4 -> G5 -> G6 -> G7
1285,pre_optimization,-0.13499613057983612,0,0.31262451412279924,0.002375485877200767,0,False,D:rise|G4[0]|G5[0]|G6[0]|G7[1]|OUT:rise,D -> G4 -> G5 -> G6 -> G7
1285,post_optimization,-0.13499613057983612,0,0.29843005666740313,0.01656994333259687,0,False,A:rise|G1[0]|G2[0]|G3[0]|G7[0]|OUT:rise,A -> G1 -> G2 -> G3 -> G7
1286,pre_optimization,0.5308613673345205,0,0.3249944105950661,-0.009994410595066117,-0.009994410595066117,True,A:rise|G1[0]|G2[0]|G3[0]|G7[0]|OUT:rise,A -> G1 -> G2 -> G3 -> G7
1286,post_optimization,0.5308613673345205,0,0.31128795259968683,0.0037120474003131676,0,False,A:rise|G1[0]|G2[0]|G3[0]|G7[0]|OUT:rise,A -> G1 -> G2 -> G3 -> G7
1287,pre_optimization,-1.099397782462156,0,0.30015450235993946,0.014845497640060545,0,False,D:rise|G4[0]|G5[0]|G6[0]|G7[1]|OUT:rise,D -> G4 -> G5 -> G6 -> G7
1287,post_optimization,-1.099397782462156,0,0.28645678531510954,0.02854321468489046,0,False,A:rise|G1[0]|G2[0]|G3[0]|G7[0]|OUT:rise,A -> G1 -> G2 -> G3 -> G7
1288,pre_optimization,0.5247003052750004,0,0.3239621316781871,-0.008962131678187102,-0.008962131678187102,True,A:rise|G1[0]|G2[0]|G3[0]|G7[0]|OUT:rise,A -> G1 -> G2 -> G3 -> G7
1288,post_optimization,0.5247003052750004,0,0.31267219945664787,0.002327800543352132,0,False,A:rise|G1[0]|G2[0]|G3[0]|G7[0]|OUT:rise,A -> G1 -> G2 -> G3 -> G7
1289,pre_optimization,0.4481106533675651,0,0.3285445382520258,-0.013544538252025784,-0.013544538252025784,True,A:rise|G1[0]|G2[0]|G3[0]|G7[0]|OUT:rise,A -> G1 -> G2 -> G3 -> G7
1289,post_optimization,0.4481106533675651,0,0.3174887734580729,-0.0024887734580729126,-0.0024887734580729126,True,A:rise|G1[0]|G2[0]|G3[0]|G7[0]|OUT:rise,A -> G1 -> G2 -> G3 -> G7
1290,pre_optimization,-1.5576640816231933,0,0.3097041935743964,0.005295806425603622,0,False,D:rise|G4[0]|G5[0]|G6[0]|G7[1]|OUT:rise,D -> G4 -> G5 -> G6 -> G7
1290,post_optimization,-1.5576640816231933,0,0.29202702363186406,0.022972976368135944,0,False,A:rise|G1[0]|G2[0]|G3[0]|G7[0]|OUT:rise,A -> G1 -> G2 -> G3 -> G7
1291,pre_optimization,-1.2776898018979383,0,0.29677065986345497,0.018229340136545036,0,False,D:rise|G4[0]|G5[0]|G6[0]|G7[1]|OUT:rise,D -> G4 -> G5 -> G6 -> G7
1291,post_optimization,-1.2776898018979383,0,0.28539439206019435,0.029605607939805656,0,False,A:rise|G1[0]|G2[0]|G3[0]|G7[0]|OUT:rise,A -> G1 -> G2 -> G3 -> G7
1292,pre_optimization,1.2158739667105742,0,0.3217242879841218,-0.0067242879841217795,-0.0067242879841217795,True,A:rise|G1[0]|G2[0]|G3[0]|G7[0]|OUT:rise,A -> G1 -> G2 -> G3 -> G7
1292,post_optimization,1.2158739667105742,0,0.3083805032376354,0.006619496762364618,0,False,A:rise|G1[0]|G2[0]|G3[0]|G7[0]|OUT:rise,A -> G1 -> G2 -> G3 -> G7
1293,pre_optimization,-1.0232206611534758,0,0.3207478501312896,-0.005747850131289589,-0.005747850131289589,True,A:rise|G1[0]|G2[0]|G3[0]|G7[0]|OUT:rise,A -> G1 -> G2 -> G3 -> G7
1293,post_optimization,-1.0232206611534758,0,0.30606443444744047,0.008935565552559532,0,False,A:rise|G1[0]|G2[0]|G3[0]|G7[0]|OUT:rise,A -> G1 -> G2 -> G3 -> G7
1294,pre_optimization,1.049432326030178,0,0.32536979866094395,-0.010369798660943952,-0.010369798660943952,True,D:rise|G4[0]|G5[0]|G6[0]|G7[1]|OUT:rise,D -> G4 -> G5 -> G6 -> G7
1294,post_optimization,1.049432326030178,0,0.31070429228282626,0.004295707717173747,0,False,A:rise|G1[0]|G2[0]|G3[0]|G7[0]|OUT:rise,A -> G1 -> G2 -> G3 -> G7
1295,pre_optimization,0.2704103451280808,0,0.3169277462403221,-0.0019277462403221035,-0.0019277462403221035,True,D:rise|G4[0]|G5[0]|G6[0]|G7[1]|OUT:rise,D -> G4 -> G5 -> G6 -> G7
1295,post_optimization,0.2704103451280808,0,0.3021630197856372,0.012836980214362803,0,False,A:rise|G1[0]|G2[0]|G3[0]|G7[0]|OUT:rise,A -> G1 -> G2 -> G3 -> G7
1296,pre_optimization,-0.3124867264558767,0,0.3240103971929973,-0.009010397192997288,-0.009010397192997288,True,D:rise|G4[0]|G5[0]|G6[0]|G7[1]|OUT:rise,D -> G4 -> G5 -> G6 -> G7
1296,post_optimization,-0.3124867264558767,0,0.30790128542300327,0.007098714576996734,0,False,A:rise|G1[0]|G2[0]|G3[0]|G7[0]|OUT:rise,A -> G1 -> G2 -> G3 -> G7
1297,pre_optimization,2.0358844910657217,0,0.3470658522335788,-0.03206585223357877,-0.03206585223357877,True,D:rise|G4[0]|G5[0]|G6[0]|G7[1]|OUT:rise,D -> G4 -> G5 -> G6 -> G7
1297,post_optimization,2.0358844910657217,0,0.3270986904887384,-0.012098690488738406,-0.012098690488738406,True,D:rise|G4[0]|G5[0]|G6[0]|G7[1]|OUT:rise,D -> G4 -> G5 -> G6 -> G7
1298,pre_optimization,-0.4779718980662536,0,0.3078966192719466,0.007103380728053388,0,False,D:rise|G4[0]|G5[0]|G6[0]|G7[1]|OUT:rise,D -> G4 -> G5 -> G6 -> G7
1298,post_optimization,-0.4779718980662536,0,0.291816376324439,0.023183623675560983,0,False,D:rise|G4[0]|G5[0]|G6[0]|G7[1]|OUT:rise,D -> G4 -> G5 -> G6 -> G7
1299,pre_optimization,1.4618196845490925,0,0.32864409178905646,-0.013644091789056456,-0.013644091789056456,True,A:rise|G1[0]|G2[0]|G3[0]|G7[0]|OUT:rise,A -> G1 -> G2 -> G3 -> G7
1299,post_optimization,1.4618196845490925,0,0.31682397215765173,-0.001823972157651732,-0.001823972157651732,True,A:rise|G1[0]|G2[0]|G3[0]|G7[0]|OUT:rise,A -> G1 -> G2 -> G3 -> G7
1300,pre_optimization,-0.9159281783892769,0,0.3083891876996533,0.006610812300346713,0,False,D:rise|G4[0]|G5[0]|G6[0]|G7[1]|OUT:rise,D -> G4 -> G5 -> G6 -> G7
1300,post_optimization,-0.9159281783892769,0,0.2897741390309559,0.02522586096904411,0,False,D:rise|G4[0]|G5[0]|G6[0]|G7[1]|OUT:rise,D -> G4 -> G5 -> G6 -> G7
1301,pre_optimization,0.8664804466774244,0,0.3203801216265105,-0.00538012162651047,-0.00538012162651047,True,D:rise|G4[0]|G5[0]|G6[0]|G7[1]|OUT:rise,D -> G4 -> G5 -> G6 -> G7
1301,post_optimization,0.8664804466774244,0,0.30191439514263635,0.013085604857363653,0,False,D:rise|G4[0]|G5[0]|G6[0]|G7[1]|OUT:rise,D -> G4 -> G5 -> G6 -> G7
1302,pre_optimization,0.31646023802100826,0,0.3237646675005285,-0.008764667500528511,-0.008764667500528511,True,D:rise|G4[0]|G5[0]|G6[0]|G7[1]|OUT:rise,D -> G4 -> G5 -> G6 -> G7
1302,post_optimization,0.31646023802100826,0,0.30537521725496597,0.009624782745034033,0,False,D:rise|G4[0]|G5[0]|G6[0]|G7[1]|OUT:rise,D -> G4 -> G5 -> G6 -> G7
1303,pre_optimization,-1.4426676755171273,0,0.3012292530934111,0.013770746906588915,0,False,D:rise|G4[0]|G5[0]|G6[0]|G7[1]|OUT:rise,D -> G4 -> G5 -> G6 -> G7
1303,post_optimization,-1.4426676755171273,0,0.28379028502558246,0.031209714974417546,0,False,D:rise|G4[0]|G5[0]|G6[0]|G7[1]|OUT:rise,D -> G4 -> G5 -> G6 -> G7
1304,pre_optimization,-0.8845565473638648,0,0.3040043744023842,0.010995625597615799,0,False,A:rise|G1[0]|G2[0]|G3[0]|G7[0]|OUT:rise,A -> G1 -> G2 -> G3 -> G7
1304,post_optimization,-0.8845565473638648,0,0.2916244169484213,0.02337558305157872,0,False,A:rise|G1[0]|G2[0]|G3[0]|G7[0]|OUT:rise,A -> G1 -> G2 -> G3 -> G7
1305,pre_optimization,-1.1058517733427364,0,0.3093839407745893,0.005616059225410697,0,False,A:rise|G1[0]|G2[0]|G3[0]|G7[0]|OUT:rise,A -> G1 -> G2 -> G3 -> G7
1305,post_optimization,-1.1058517733427364,0,0.29646457329570586,0.018535426704294145,0,False,A:rise|G1[0]|G2[0]|G3[0]|G7[0]|OUT:rise,A -> G1 -> G2 -> G3 -> G7
1306,pre_optimization,-0.7978192216472294,0,0.3296985895226659,-0.014698589522665895,-0.014698589522665895,True,A:rise|G1[0]|G2[0]|G3[0]|G7[0]|OUT:rise,A -> G1 -> G2 -> G3 -> G7
1306,post_optimization,-0.7978192216472294,0,0.3148059034037128,0.00019409659628721876,0,False,A:rise|G1[0]|G2[0]|G3[0]|G7[0]|OUT:rise,A -> G1 -> G2 -> G3 -> G7
1307,pre_optimization,-0.5781781418588655,0,0.31749915497073794,-0.002499154970737938,-0.002499154970737938,True,D:rise|G4[0]|G5[0]|G6[0]|G7[1]|OUT:rise,D -> G4 -> G5 -> G6 -> G7
1307,post_optimization,-0.5781781418588655,0,0.30131280326697496,0.013687196733025042,0,False,D:rise|G4[0]|G5[0]|G6[0]|G7[1]|OUT:rise,D -> G4 -> G5 -> G6 -> G7
1308,pre_optimization,0.5872726567027792,0,0.3317965132734741,-0.01679651327347409,-0.01679651327347409,True,A:rise|G1[0]|G2[0]|G3[0]|G7[0]|OUT:rise,A -> G1 -> G2 -> G3 -> G7
1308,post_optimization,0.5872726567027792,0,0.3189571760094805,-0.003957176009480479,-0.003957176009480479,True,A:rise|G1[0]|G2[0]|G3[0]|G7[0]|OUT:rise,A -> G1 -> G2 -> G3 -> G7
1309,pre_optimization,1.0934637666323967,0,0.33576623369946956,-0.02076623369946956,-0.02076623369946956,True,D:rise|G4[0]|G5[0]|G6[0]|G7[1]|OUT:rise,D -> G4 -> G5 -> G6 -> G7
1309,post_optimization,1.0934637666323967,0,0.3163804118076417,-0.0013804118076417016,-0.0013804118076417016,True,D:rise|G4[0]|G5[0]|G6[0]|G7[1]|OUT:rise,D -> G4 -> G5 -> G6 -> G7
1310,pre_optimization,-0.2109435344444894,0,0.31984821091279025,-0.004848210912790252,-0.004848210912790252,True,D:rise|G4[0]|G5[0]|G6[0]|G7[1]|OUT:rise,D -> G4 -> G5 -> G6 -> G7
1310,post_optimization,-0.2109435344444894,0,0.3030777253235027,0.011922274676497313,0,False,D:rise|G4[0]|G5[0]|G6[0]|G7[1]|OUT:rise,D -> G4 -> G5 -> G6 -> G7
1311,pre_optimization,-0.5485979974118432,0,0.3103122897672727,0.0046877102327272935,0,False,D:rise|G4[0]|G5[0]|G6[0]|G7[1]|OUT:rise,D -> G4 -> G5 -> G6 -> G7
1311,post_optimization,-0.5485979974118432,0,0.2920736462710985,0.022926353728901505,0,False,D:rise|G4[0]|G5[0]|G6[0]|G7[1]|OUT:rise,D -> G4 -> G5 -> G6 -> G7
1312,pre_optimization,-1.110430785124379,0,0.3172515013306543,-0.002251501330654271,-0.002251501330654271,True,D:rise|G4[0]|G5[0]|G6[0]|G7[1]|OUT:rise,D -> G4 -> G5 -> G6 -> G7
1312,post_optimization,-1.110430785124379,0,0.2999488570423484,0.015051142957651586,0,False,D:rise|G4[0]|G5[0]|G6[0]|G7[1]|OUT:rise,D -> G4 -> G5 -> G6 -> G7
1313,pre_optimization,0.7440492819383812,0,0.32461511100263896,-0.009615111002638954,-0.009615111002638954,True,D:rise|G4[0]|G5[0]|G6[0]|G7[1]|OUT:rise,D -> G4 -> G5 -> G6 -> G7
1313,post_optimization,0.7440492819383812,0,0.30653758597972075,0.008462414020279252,0,False,D:rise|G4[0]|G5[0]|G6[0]|G7[1]|OUT:rise,D -> G4 -> G5 -> G6 -> G7
1314,pre_optimization,0.9778980639686338,0,0.32403812146187394,-0.009038121461873938,-0.009038121461873938,True,A:rise|G1[0]|G2[0]|G3[0]|G7[0]|OUT:rise,A -> G1 -> G2 -> G3 -> G7
1314,post_optimization,0.9778980639686338,0,0.3112486995206338,0.0037513004793662263,0,False,A:rise|G1[0]|G2[0]|G3[0]|G7[0]|OUT:rise,A -> G1 -> G2 -> G3 -> G7
1315,pre_optimization,-0.21623435933755125,0,0.3089172699912789,0.006082730008721116,0,False,A:rise|G1[0]|G2[0]|G3[0]|G7[0]|OUT:rise,A -> G1 -> G2 -> G3 -> G7
1315,post_optimization,-0.21623435933755125,0,0.29913917257820427,0.01586082742179573,0,False,A:rise|G1[0]|G2[0]|G3[0]|G7[0]|OUT:rise,A -> G1 -> G2 -> G3 -> G7
1316,pre_optimization,-0.3430306247418135,0,0.3149615167334178,3.848326658217882e-05,0,False,A:rise|G1[0]|G2[0]|G3[0]|G7[0]|OUT:rise,A -> G1 -> G2 -> G3 -> G7
1316,post_optimization,-0.3430306247418135,0,0.3047317064634221,0.010268293536577877,0,False,A:rise|G1[0]|G2[0]|G3[0]|G7[0]|OUT:rise,A -> G1 -> G2 -> G3 -> G7
1317,pre_optimization,0.4087646027826116,0,0.3296529952111067,-0.01465299521110669,-0.01465299521110669,True,A:rise|G1[0]|G2[0]|G3[0]|G7[0]|OUT:rise,A -> G1 -> G2 -> G3 -> G7
1317,post_optimization,0.4087646027826116,0,0.31690223968036985,-0.0019022396803698438,-0.0019022396803698438,True,A:rise|G1[0]|G2[0]|G3[0]|G7[0]|OUT:rise,A -> G1 -> G2 -> G3 -> G7
1318,pre_optimization,0.290789085389992,0,0.32202539650112244,-0.007025396501122438,-0.007025396501122438,True,D:rise|G4[0]|G5[0]|G6[0]|G7[1]|OUT:rise,D -> G4 -> G5 -> G6 -> G7
1318,post_optimization,0.290789085389992,0,0.30482790986955505,0.010172090130444955,0,False,D:rise|G4[0]|G5[0]|G6[0]|G7[1]|OUT:rise,D -> G4 -> G5 -> G6 -> G7
1319,pre_optimization,-1.5272307013954611,0,0.2990126398029193,0.01598736019708069,0,False,D:rise|G4[0]|G5[0]|G6[0]|G7[1]|OUT:rise,D -> G4 -> G5 -> G6 -> G7
1319,post_optimization,-1.5272307013954611,0,0.2822366391317304,0.032763360868269586,0,False,D:rise|G4[0]|G5[0]|G6[0]|G7[1]|OUT:rise,D -> G4 -> G5 -> G6 -> G7
1320,pre_optimization,-0.48066668375383614,0,0.3118827869954783,0.003117213004521724,0,False,D:rise|G4[0]|G5[0]|G6[0]|G7[1]|OUT:rise,D -> G4 -> G5 -> G6 -> G7
1320,post_optimization,-0.48066668375383614,0,0.2919854185821018,0.023014581417898194,0,False,D:rise|G4[0]|G5[0]|G6[0]|G7[1]|OUT:rise,D -> G4 -> G5 -> G6 -> G7
1321,pre_optimization,0.6987539057838872,0,0.3371686037043219,-0.022168603704321888,-0.022168603704321888,True,D:rise|G4[0]|G5[0]|G6[0]|G7[1]|OUT:rise,D -> G4 -> G5 -> G6 -> G7
1321,post_optimization,0.6987539057838872,0,0.31674192314029953,-0.0017419231402995283,-0.0017419231402995283,True,D:rise|G4[0]|G5[0]|G6[0]|G7[1]|OUT:rise,D -> G4 -> G5 -> G6 -> G7
1322,pre_optimization,0.9947882806912921,0,0.3391753772937303,-0.024175377293730316,-0.024175377293730316,True,A:rise|G1[0]|G2[0]|G3[0]|G7[0]|OUT:rise,A -> G1 -> G2 -> G3 -> G7
1322,post_optimization,0.9947882806912921,0,0.32564888521964797,-0.010648885219647963,-0.010648885219647963,True,A:rise|G1[0]|G2[0]|G3[0]|G7[0]|OUT:rise,A -> G1 -> G2 -> G3 -> G7
1323,pre_optimization,-1.0251675334767383,0,0.29238782764230037,0.022612172357699634,0,False,D:rise|G4[0]|G5[0]|G6[0]|G7[1]|OUT:rise,D -> G4 -> G5 -> G6 -> G7
1323,post_optimization,-1.0251675334767383,0,0.2786057813471082,0.03639421865289183,0,False,A:rise|G1[0]|G2[0]|G3[0]|G7[0]|OUT:rise,A -> G1 -> G2 -> G3 -> G7
1324,pre_optimization,-0.7318530967825142,0,0.30551582786195475,0.009484172138045255,0,False,D:rise|G4[0]|G5[0]|G6[0]|G7[1]|OUT:rise,D -> G4 -> G5 -> G6 -> G7
1324,post_optimization,-0.7318530967825142,0,0.2892064666037499,0.025793533396250123,0,False,D:rise|G4[0]|G5[0]|G6[0]|G7[1]|OUT:rise,D -> G4 -> G5 -> G6 -> G7
1325,pre_optimization,-0.2088827895591525,0,0.310279492859526,0.004720507140474006,0,False,D:rise|G4[0]|G5[0]|G6[0]|G7[1]|OUT:rise,D -> G4 -> G5 -> G6 -> G7
1325,post_optimization,-0.2088827895591525,0,0.295256192431654,0.019743807568345983,0,False,A:rise|G1[0]|G2[0]|G3[0]|G7[0]|OUT:rise,A -> G1 -> G2 -> G3 -> G7
1326,pre_optimization,-0.16056733928815886,0,0.3166676187973574,-0.0016676187973573842,-0.0016676187973573842,True,A:rise|G1[0]|G2[0]|G3[0]|G7[0]|OUT:rise,A -> G1 -> G2 -> G3 -> G7
1326,post_optimization,-0.16056733928815886,0,0.303612159953195,0.011387840046804987,0,False,A:rise|G1[0]|G2[0]|G3[0]|G7[0]|OUT:rise,A -> G1 -> G2 -> G3 -> G7
1327,pre_optimization,-0.5292633328848952,0,0.306616840442708,0.00838315955729202,0,False,D:rise|G4[0]|G5[0]|G6[0]|G7[1]|OUT:rise,D -> G4 -> G5 -> G6 -> G7
1327,post_optimization,-0.5292633328848952,0,0.2937011341609566,0.02129886583904339,0,False,A:rise|G1[0]|G2[0]|G3[0]|G7[0]|OUT:rise,A -> G1 -> G2 -> G3 -> G7
1328,pre_optimization,0.7049414248391245,0,0.3396237255500224,-0.0246237255500224,-0.0246237255500224,True,A:rise|G1[0]|G2[0]|G3[0]|G7[0]|OUT:rise,A -> G1 -> G2 -> G3 -> G7
1328,post_optimization,0.7049414248391245,0,0.322553460854245,-0.00755346085424502,-0.00755346085424502,True,A:rise|G1[0]|G2[0]|G3[0]|G7[0]|OUT:rise,A -> G1 -> G2 -> G3 -> G7
1329,pre_optimization,1.5774271451116824,0,0.32844255005856576,-0.013442550058565761,-0.013442550058565761,True,D:rise|G4[0]|G5[0]|G6[0]|G7[1]|OUT:rise,D -> G4 -> G5 -> G6 -> G7
1329,post_optimization,1.5774271451116824,0,0.31251599410643155,0.002484005893568453,0,False,A:rise|G1[0]|G2[0]|G3[0]|G7[0]|OUT:rise,A -> G1 -> G2 -> G3 -> G7
1330,pre_optimization,0.805720197802754,0,0.33130572672718617,-0.016305726727186165,-0.016305726727186165,True,A:rise|G1[0]|G2[0]|G3[0]|G7[0]|OUT:rise,A -> G1 -> G2 -> G3 -> G7
1330,post_optimization,0.805720197802754,0,0.31623682261586483,-0.0012368226158648299,-0.0012368226158648299,True,A:rise|G1[0]|G2[0]|G3[0]|G7[0]|OUT:rise,A -> G1 -> G2 -> G3 -> G7
1331,pre_optimization,-1.790227542134041,0,0.3034794577693405,0.011520542230659514,0,False,D:rise|G4[0]|G5[0]|G6[0]|G7[1]|OUT:rise,D -> G4 -> G5 -> G6 -> G7
1331,post_optimization,-1.790227542134041,0,0.28774758493997266,0.027252415060027346,0,False,D:rise|G4[0]|G5[0]|G6[0]|G7[1]|OUT:rise,D -> G4 -> G5 -> G6 -> G7
1332,pre_optimization,1.698101706618927,0,0.3543785231927908,-0.03937852319279078,-0.03972009825853645,True,D:rise|G4[0]|G5[0]|G6[0]|G7[1]|OUT:rise,D -> G4 -> G5 -> G6 -> G7
1332,post_optimization,1.698101706618927,0,0.33309272873113704,-0.018092728731137042,-0.018092728731137042,True,D:rise|G4[0]|G5[0]|G6[0]|G7[1]|OUT:rise,D -> G4 -> G5 -> G6 -> G7
1333,pre_optimization,0.8916036160989996,0,0.31726247957665776,-0.002262479576657761,-0.002262479576657761,True,A:rise|G1[0]|G2[0]|G3[0]|G7[0]|OUT:rise,A -> G1 -> G2 -> G3 -> G7
1333,post_optimization,0.8916036160989996,0,0.30391595872964916,0.011084041270350842,0,False,A:rise|G1[0]|G2[0]|G3[0]|G7[0]|OUT:rise,A -> G1 -> G2 -> G3 -> G7
1334,pre_optimization,-0.9488510026435265,0,0.30991743377068826,0.005082566229311747,0,False,D:rise|G4[0]|G5[0]|G6[0]|G7[1]|OUT:rise,D -> G4 -> G5 -> G6 -> G7
1334,post_optimization,-0.9488510026435265,0,0.29848422838509864,0.016515771614901364,0,False,A:rise|G1[0]|G2[0]|G3[0]|G7[0]|OUT:rise,A -> G1 -> G2 -> G3 -> G7
1335,pre_optimization,-0.6522815583069675,0,0.3055621288220354,0.00943787117796463,0,False,A:rise|G1[0]|G2[0]|G3[0]|G7[0]|OUT:rise,A -> G1 -> G2 -> G3 -> G7
1335,post_optimization,-0.6522815583069675,0,0.2920229580235114,0.022977041976488588,0,False,A:rise|G1[0]|G2[0]|G3[0]|G7[0]|OUT:rise,A -> G1 -> G2 -> G3 -> G7
1336,pre_optimization,0.5914597764826686,0,0.3247225830546268,-0.00972258305462681,-0.00972258305462681,True,D:rise|G4[0]|G5[0]|G6[0]|G7[1]|OUT:rise,D -> G4 -> G5 -> G6 -> G7
1336,post_optimization,0.5914597764826686,0,0.3127582757147068,0.0022417242852931785,0,False,A:rise|G1[0]|G2[0]|G3[0]|G7[0]|OUT:rise,A -> G1 -> G2 -> G3 -> G7
1337,pre_optimization,-0.018282118696426975,0,0.33098226572524114,-0.01598226572524114,-0.01598226572524114,True,A:rise|G1[0]|G2[0]|G3[0]|G7[0]|OUT:rise,A -> G1 -> G2 -> G3 -> G7
1337,post_optimization,-0.018282118696426975,0,0.3167632489479696,-0.0017632489479695868,-0.0017632489479695868,True,A:rise|G1[0]|G2[0]|G3[0]|G7[0]|OUT:rise,A -> G1 -> G2 -> G3 -> G7
1338,pre_optimization,0.932632921005483,0,0.33930743506300787,-0.024307435063007865,-0.024307435063007865,True,D:rise|G4[0]|G5[0]|G6[0]|G7[1]|OUT:rise,D -> G4 -> G5 -> G6 -> G7
1338,post_optimization,0.932632921005483,0,0.32412354633429996,-0.009123546334299959,-0.009123546334299959,True,A:rise|G1[0]|G2[0]|G3[0]|G7[0]|OUT:rise,A -> G1 -> G2 -> G3 -> G7
1339,pre_optimization,0.9477017750255978,0,0.3205833141023087,-0.005583314102308723,-0.005583314102308723,True,D:rise|G4[0]|G5[0]|G6[0]|G7[1]|OUT:rise,D -> G4 -> G5 -> G6 -> G7
1339,post_optimization,0.9477017750255978,0,0.30545441124950823,0.009545588750491774,0,False,A:rise|G1[0]|G2[0]|G3[0]|G7[0]|OUT:rise,A -> G1 -> G2 -> G3 -> G7
1340,pre_optimization,0.44567821486513937,0,0.3341098803785664,-0.019109880378566424,-0.019109880378566424,True,A:rise|G1[0]|G2[0]|G3[0]|G7[0]|OUT:rise,A -> G1 -> G2 -> G3 -> G7
1340,post_optimization,0.44567821486513937,0,0.32038079691642724,-0.005380796916427233,-0.005380796916427233,True,A:rise|G1[0]|G2[0]|G3[0]|G7[0]|OUT:rise,A -> G1 -> G2 -> G3 -> G7
1341,pre_optimization,0.24749128273198231,0,0.31173124575968103,0.0032687542403189718,0,False,D:rise|G4[0]|G5[0]|G6[0]|G7[1]|OUT:rise,D -> G4 -> G5 -> G6 -> G7
1341,post_optimization,0.24749128273198231,0,0.294877471117815,0.02012252888218502,0,False,D:rise|G4[0]|G5[0]|G6[0]|G7[1]|OUT:rise,D -> G4 -> G5 -> G6 -> G7
1342,pre_optimization,1.347967782994893,0,0.3238401566804408,-0.008840156680440803,-0.008840156680440803,True,D:rise|G4[0]|G5[0]|G6[0]|G7[1]|OUT:rise,D -> G4 -> G5 -> G6 -> G7
1342,post_optimization,1.347967782994893,0,0.31023292544909054,0.004767074550909467,0,False,A:rise|G1[0]|G2[0]|G3[0]|G7[0]|OUT:rise,A -> G1 -> G2 -> G3 -> G7
1343,pre_optimization,-2.0781072853211375,0,0.2939557404230412,0.021044259576958824,0,False,D:rise|G4[0]|G5[0]|G6[0]|G7[1]|OUT:rise,D -> G4 -> G5 -> G6 -> G7
1343,post_optimization,-2.0781072853211375,0,0.27715533670566644,0.03784466329433356,0,False,A:rise|G1[0]|G2[0]|G3[0]|G7[0]|OUT:rise,A -> G1 -> G2 -> G3 -> G7
1344,pre_optimization,-0.20102497956593465,0,0.31396070834201945,0.0010392916579805567,0,False,A:rise|G1[0]|G2[0]|G3[0]|G7[0]|OUT:rise,A -> G1 -> G2 -> G3 -> G7
1344,post_optimization,-0.20102497956593465,0,0.30252656996273714,0.012473430037262867,0,False,A:rise|G1[0]|G2[0]|G3[0]|G7[0]|OUT:rise,A -> G1 -> G2 -> G3 -> G7
1345,pre_optimization,0.2812854222860372,0,0.31934866708652154,-0.0043486670865215404,-0.0043486670865215404,True,A:rise|G1[0]|G2[0]|G3[0]|G7[0]|OUT:rise,A -> G1 -> G2 -> G3 -> G7
1345,post_optimization,0.2812854222860372,0,0.3068651734786327,0.008134826521367322,0,False,A:rise|G1[0]|G2[0]|G3[0]|G7[0]|OUT:rise,A -> G1 -> G2 -> G3 -> G7
1346,pre_optimization,0.47888714724186054,0,0.31843801950632755,-0.00343801950632755,-0.00343801950632755,True,D:rise|G4[0]|G5[0]|G6[0]|G7[1]|OUT:rise,D -> G4 -> G5 -> G6 -> G7
1346,post_optimization,0.47888714724186054,0,0.303230983123814,0.011769016876185978,0,False,A:rise|G1[0]|G2[0]|G3[0]|G7[0]|OUT:rise,A -> G1 -> G2 -> G3 -> G7
1347,pre_optimization,0.6706840759878626,0,0.33708268878003017,-0.02208268878003017,-0.02208268878003017,True,D:rise|G4[0]|G5[0]|G6[0]|G7[1]|OUT:rise,D -> G4 -> G5 -> G6 -> G7
1347,post_optimization,0.6706840759878626,0,0.3177382045218482,-0.0027382045218481976,-0.0027382045218481976,True,D:rise|G4[0]|G5[0]|G6[0]|G7[1]|OUT:rise,D -> G4 -> G5 -> G6 -> G7
1348,pre_optimization,-0.9169182682293919,0,0.3032112706602091,0.011788729339790915,0,False,D:rise|G4[0]|G5[0]|G6[0]|G7[1]|OUT:rise,D -> G4 -> G5 -> G6 -> G7
1348,post_optimization,-0.9169182682293919,0,0.28585469676092523,0.02914530323907477,0,False,D:rise|G4[0]|G5[0]|G6[0]|G7[1]|OUT:rise,D -> G4 -> G5 -> G6 -> G7
1349,pre_optimization,-0.4924052516403818,0,0.31132441538612105,0.003675584613878957,0,False,A:rise|G1[0]|G2[0]|G3[0]|G7[0]|OUT:rise,A -> G1 -> G2 -> G3 -> G7
1349,post_optimization,-0.4924052516403818,0,0.2979340393271494,0.0170659606728506,0,False,A:rise|G1[0]|G2[0]|G3[0]|G7[0]|OUT:rise,A -> G1 -> G2 -> G3 -> G7
1350,pre_optimization,1.40166114859083,0,0.32234066903156355,-0.0073406690315635514,-0.0073406690315635514,True,D:rise|G4[0]|G5[0]|G6[0]|G7[1]|OUT:rise,D -> G4 -> G5 -> G6 -> G7
1350,post_optimization,1.40166114859083,0,0.30276584947553353,0.01223415052446647,0,False,A:rise|G1[0]|G2[0]|G3[0]|G7[0]|OUT:rise,A -> G1 -> G2 -> G3 -> G7
1351,pre_optimization,0.7217669675827583,0,0.32448678381284546,-0.009486783812845456,-0.009486783812845456,True,D:rise|G4[0]|G5[0]|G6[0]|G7[1]|OUT:rise,D -> G4 -> G5 -> G6 -> G7
1351,post_optimization,0.7217669675827583,0,0.3092458708173127,0.0057541291826873064,0,False,D:rise|G4[0]|G5[0]|G6[0]|G7[1]|OUT:rise,D -> G4 -> G5 -> G6 -> G7
1352,pre_optimization,0.21469162651439277,0,0.3270163043411706,-0.012016304341170625,-0.012016304341170625,True,D:rise|G4[0]|G5[0]|G6[0]|G7[1]|OUT:rise,D -> G4 -> G5 -> G6 -> G7
1352,post_optimization,0.21469162651439277,0,0.3075801675460456,0.007419832453954389,0,False,D:rise|G4[0]|G5[0]|G6[0]|G7[1]|OUT:rise,D -> G4 -> G5 -> G6 -> G7
1353,pre_optimization,-1.9147694125430008,0,0.3062230783078054,0.008776921692194628,0,False,D:rise|G4[0]|G5[0]|G6[0]|G7[1]|OUT:rise,D -> G4 -> G5 -> G6 -> G7
1353,post_optimization,-1.9147694125430008,0,0.2901156690098554,0.024884330990144587,0,False,D:rise|G4[0]|G5[0]|G6[0]|G7[1]|OUT:rise,D -> G4 -> G5 -> G6 -> G7
1354,pre_optimization,-1.6890049349642913,0,0.29879747117029876,0.016202528829701246,0,False,D:rise|G4[0]|G5[0]|G6[0]|G7[1]|OUT:rise,D -> G4 -> G5 -> G6 -> G7
1354,post_optimization,-1.6890049349642913,0,0.2826092617042529,0.032390738295747123,0,False,A:rise|G1[0]|G2[0]|G3[0]|G7[0]|OUT:rise,A -> G1 -> G2 -> G3 -> G7
1355,pre_optimization,0.9446595784159723,0,0.33508306909682917,-0.020083069096829165,-0.020083069096829165,True,D:rise|G4[0]|G5[0]|G6[0]|G7[1]|OUT:rise,D -> G4 -> G5 -> G6 -> G7
1355,post_optimization,0.9446595784159723,0,0.316227139281316,-0.0012271392813160142,-0.0012271392813160142,True,A:rise|G1[0]|G2[0]|G3[0]|G7[0]|OUT:rise,A -> G1 -> G2 -> G3 -> G7
1356,pre_optimization,-0.4365037194207324,0,0.2971828456546288,0.017817154345371178,0,False,D:rise|G4[0]|G5[0]|G6[0]|G7[1]|OUT:rise,D -> G4 -> G5 -> G6 -> G7
1356,post_optimization,-0.4365037194207324,0,0.2873160787376966,0.0276839212623034,0,False,A:rise|G1[0]|G2[0]|G3[0]|G7[0]|OUT:rise,A -> G1 -> G2 -> G3 -> G7
1357,pre_optimization,-0.2497076509777121,0,0.3252881345582447,-0.010288134558244677,-0.010288134558244677,True,A:rise|G1[0]|G2[0]|G3[0]|G7[0]|OUT:rise,A -> G1 -> G2 -> G3 -> G7
1357,post_optimization,-0.2497076509777121,0,0.30945191615517464,0.005548083844825358,0,False,A:rise|G1[0]|G2[0]|G3[0]|G7[0]|OUT:rise,A -> G1 -> G2 -> G3 -> G7
1358,pre_optimization,-0.7162649023586912,0,0.3096721310400331,0.005327868959966897,0,False,D:rise|G4[0]|G5[0]|G6[0]|G7[1]|OUT:rise,D -> G4 -> G5 -> G6 -> G7
1358,post_optimization,-0.7162649023586912,0,0.2966609811252654,0.018339018874734603,0,False,A:rise|G1[0]|G2[0]|G3[0]|G7[0]|OUT:rise,A -> G1 -> G2 -> G3 -> G7
1359,pre_optimization,0.37234008336029284,0,0.3360391290819674,-0.021039129081967423,-0.021039129081967423,True,D:rise|G4[0]|G5[0]|G6[0]|G7[1]|OUT:rise,D -> G4 -> G5 -> G6 -> G7
1359,post_optimization,0.37234008336029284,0,0.3146413396270681,0.0003586603729319182,0,False,D:rise|G4[0]|G5[0]|G6[0]|G7[1]|OUT:rise,D -> G4 -> G5 -> G6 -> G7
1360,pre_optimization,0.5276143887775037,0,0.31956735346192444,-0.004567353461924439,-0.004567353461924439,True,D:rise|G4[0]|G5[0]|G6[0]|G7[1]|OUT:rise,D -> G4 -> G5 -> G6 -> G7
1360,post_optimization,0.5276143887775037,0,0.30684376760857457,0.008156232391425433,0,False,A:rise|G1[0]|G2[0]|G3[0]|G7[0]|OUT:rise,A -> G1 -> G2 -> G3 -> G7
1361,pre_optimization,-0.19285746729050804,0,0.3163495756179063,-0.0013495756179062735,-0.0013495756179062735,True,D:rise|G4[0]|G5[0]|G6[0]|G7[1]|OUT:rise,D -> G4 -> G5 -> G6 -> G7
1361,post_optimization,-0.19285746729050804,0,0.2997681974386167,0.01523180256138329,0,False,D:rise|G4[0]|G5[0]|G6[0]|G7[1]|OUT:rise,D -> G4 -> G5 -> G6 -> G7
1362,pre_optimization,-0.05982474354445524,0,0.3236007358073132,-0.008600735807313187,-0.008600735807313187,True,D:rise|G4[0]|G5[0]|G6[0]|G7[1]|OUT:rise,D -> G4 -> G5 -> G6 -> G7
1362,post_optimization,-0.05982474354445524,0,0.304162333073982,0.010837666926018008,0,False,D:rise|G4[0]|G5[0]|G6[0]|G7[1]|OUT:rise,D -> G4 -> G5 -> G6 -> G7
1363,pre_optimization,-1.027735186403251,0,0.29899621126723425,0.016003788732765756,0,False,A:rise|G1[0]|G2[0]|G3[0]|G7[0]|OUT:rise,A -> G1 -> G2 -> G3 -> G7
1363,post_optimization,-1.027735186403251,0,0.28730795028918876,0.02769204971081124,0,False,A:rise|G1[0]|G2[0]|G3[0]|G7[0]|OUT:rise,A -> G1 -> G2 -> G3 -> G7
1364,pre_optimization,-1.1242651082586954,0,0.31160145527987193,0.0033985447201280716,0,False,A:rise|G1[0]|G2[0]|G3[0]|G7[0]|OUT:rise,A -> G1 -> G2 -> G3 -> G7
1364,post_optimization,-1.1242651082586954,0,0.29874732351965866,0.016252676480341344,0,False,A:rise|G1[0]|G2[0]|G3[0]|G7[0]|OUT:rise,A -> G1 -> G2 -> G3 -> G7
1365,pre_optimization,0.3636538443066656,0,0.33033594007248923,-0.01533594007248923,-0.01533594007248923,True,D:rise|G4[0]|G5[0]|G6[0]|G7[1]|OUT:rise,D -> G4 -> G5 -> G6 -> G7
1365,post_optimization,0.3636538443066656,0,0.3111704770025025,0.003829522997497503,0,False,A:rise|G1[0]|G2[0]|G3[0]|G7[0]|OUT:rise,A -> G1 -> G2 -> G3 -> G7
1366,pre_optimization,0.166607373258283,0,0.32719270612234425,-0.012192706122344243,-0.012192706122344243,True,D:rise|G4[0]|G5[0]|G6[0]|G7[1]|OUT:rise,D -> G4 -> G5 -> G6 -> G7
1366,post_optimization,0.166607373258283,0,0.3091889670918822,0.005811032908117797,0,False,D:rise|G4[0]|G5[0]|G6[0]|G7[1]|OUT:rise,D -> G4 -> G5 -> G6 -> G7
1367,pre_optimization,0.2761091387275517,0,0.32793032462103183,-0.01293032462103183,-0.01293032462103183,True,A:rise|G1[0]|G2[0]|G3[0]|G7[0]|OUT:rise,A -> G1 -> G2 -> G3 -> G7
1367,post_optimization,0.2761091387275517,0,0.31618750567160664,-0.0011875056716066368,-0.0011875056716066368,True,A:rise|G1[0]|G2[0]|G3[0]|G7[0]|OUT:rise,A -> G1 -> G2 -> G3 -> G7
1368,pre_optimization,-0.397690926437368,0,0.307332715940002,0.007667284059998003,0,False,A:rise|G1[0]|G2[0]|G3[0]|G7[0]|OUT:rise,A -> G1 -> G2 -> G3 -> G7
1368,post_optimization,-0.397690926437368,0,0.29396031795106736,0.02103968204893264,0,False,A:rise|G1[0]|G2[0]|G3[0]|G7[0]|OUT:rise,A -> G1 -> G2 -> G3 -> G7
1369,pre_optimization,-0.6019617374740991,0,0.31377277562641637,0.0012272243735836352,0,False,D:rise|G4[0]|G5[0]|G6[0]|G7[1]|OUT:rise,D -> G4 -> G5 -> G6 -> G7
1369,post_optimization,-0.6019617374740991,0,0.29640610528213207,0.01859389471786793,0,False,D:rise|G4[0]|G5[0]|G6[0]|G7[1]|OUT:rise,D -> G4 -> G5 -> G6 -> G7
1370,pre_optimization,1.156470643606646,0,0.3311505310507836,-0.016150531050783623,-0.016150531050783623,True,A:rise|G1[0]|G2[0]|G3[0]|G7[0]|OUT:rise,A -> G1 -> G2 -> G3 -> G7
1370,post_optimization,1.156470643606646,0,0.31675926373040525,-0.0017592637304052472,-0.0017592637304052472,True,A:rise|G1[0]|G2[0]|G3[0]|G7[0]|OUT:rise,A -> G1 -> G2 -> G3 -> G7
1371,pre_optimization,0.5706415078595856,0,0.32095163583556874,-0.005951635835568736,-0.005951635835568736,True,A:rise|G1[0]|G2[0]|G3[0]|G7[0]|OUT:rise,A -> G1 -> G2 -> G3 -> G7
1371,post_optimization,0.5706415078595856,0,0.31091559342977526,0.004084406570224741,0,False,A:rise|G1[0]|G2[0]|G3[0]|G7[0]|OUT:rise,A -> G1 -> G2 -> G3 -> G7
1372,pre_optimization,1.097025854331424,0,0.3254127218668678,-0.010412721866867813,-0.010412721866867813,True,A:rise|G1[0]|G2[0]|G3[0]|G7[0]|OUT:rise,A -> G1 -> G2 -> G3 -> G7
1372,post_optimization,1.097025854331424,0,0.3126922539803136,0.0023077460196864186,0,False,A:rise|G1[0]|G2[0]|G3[0]|G7[0]|OUT:rise,A -> G1 -> G2 -> G3 -> G7
1373,pre_optimization,2.228484822720105,0,0.3459243360885481,-0.03092433608854811,-0.03092433608854811,True,D:rise|G4[0]|G5[0]|G6[0]|G7[1]|OUT:rise,D -> G4 -> G5 -> G6 -> G7
1373,post_optimization,2.228484822720105,0,0.3272686715457605,-0.012268671545760501,-0.012268671545760501,True,D:rise|G4[0]|G5[0]|G6[0]|G7[1]|OUT:rise,D -> G4 -> G5 -> G6 -> G7
1374,pre_optimization,-0.4094527748171029,0,0.3169144626031558,-0.0019144626031558087,-0.0019144626031558087,True,A:rise|G1[0]|G2[0]|G3[0]|G7[0]|OUT:rise,A -> G1 -> G2 -> G3 -> G7
1374,post_optimization,-0.4094527748171029,0,0.3017227141636407,0.013277285836359287,0,False,A:rise|G1[0]|G2[0]|G3[0]|G7[0]|OUT:rise,A -> G1 -> G2 -> G3 -> G7
1375,pre_optimization,0.9759544352016889,0,0.3235496958682056,-0.008549695868205587,-0.008549695868205587,True,D:rise|G4[0]|G5[0]|G6[0]|G7[1]|OUT:rise,D -> G4 -> G5 -> G6 -> G7
1375,post_optimization,0.9759544352016889,0,0.3070018900031575,0.007998109996842528,0,False,A:rise|G1[0]|G2[0]|G3[0]|G7[0]|OUT:rise,A -> G1 -> G2 -> G3 -> G7
1376,pre_optimization,-0.19185952151140012,0,0.3136373357144421,0.001362664285557924,0,False,D:rise|G4[0]|G5[0]|G6[0]|G7[1]|OUT:rise,D -> G4 -> G5 -> G6 -> G7
1376,post_optimization,-0.19185952151140012,0,0.2972828803670465,0.017717119632953526,0,False,D:rise|G4[0]|G5[0]|G6[0]|G7[1]|OUT:rise,D -> G4 -> G5 -> G6 -> G7
1377,pre_optimization,-0.20036604159773483,0,0.3093292959286764,0.0056707040713235846,0,False,A:rise|G1[0]|G2[0]|G3[0]|G7[0]|OUT:rise,A -> G1 -> G2 -> G3 -> G7
1377,post_optimization,-0.20036604159773483,0,0.29690223823106415,0.01809776176893585,0,False,A:rise|G1[0]|G2[0]|G3[0]|G7[0]|OUT:rise,A -> G1 -> G2 -> G3 -> G7
1378,pre_optimization,-0.5851595305676125,0,0.3092862556754094,0.005713744324590597,0,False,D:rise|G4[0]|G5[0]|G6[0]|G7[1]|OUT:rise,D -> G4 -> G5 -> G6 -> G7
1378,post_optimization,-0.5851595305676125,0,0.29080620686971687,0.024193793130283137,0,False,D:rise|G4[0]|G5[0]|G6[0]|G7[1]|OUT:rise,D -> G4 -> G5 -> G6 -> G7
1379,pre_optimization,0.4114418643103143,0,0.3273868455662513,-0.012386845566251303,-0.012386845566251303,True,A:rise|G1[0]|G2[0]|G3[0]|G7[0]|OUT:rise,A -> G1 -> G2 -> G3 -> G7
1379,post_optimization,0.4114418643103143,0,0.3168646071899299,-0.0018646071899299232,-0.0018646071899299232,True,A:rise|G1[0]|G2[0]|G3[0]|G7[0]|OUT:rise,A -> G1 -> G2 -> G3 -> G7
1380,pre_optimization,0.5296152214836497,0,0.3235609642338189,-0.008560964233818913,-0.008560964233818913,True,A:rise|G1[0]|G2[0]|G3[0]|G7[0]|OUT:rise,A -> G1 -> G2 -> G3 -> G7
1380,post_optimization,0.5296152214836497,0,0.31121995800177527,0.003780041998224737,0,False,A:rise|G1[0]|G2[0]|G3[0]|G7[0]|OUT:rise,A -> G1 -> G2 -> G3 -> G7
1381,pre_optimization,-0.39803305687865626,0,0.3163247086076356,-0.0013247086076356163,-0.0013247086076356163,True,D:rise|G4[0]|G5[0]|G6[0]|G7[1]|OUT:rise,D -> G4 -> G5 -> G6 -> G7
1381,post_optimization,-0.39803305687865626,0,0.3017977690750849,0.013202230924915126,0,False,A:rise|G1[0]|G2[0]|G3[0]|G7[0]|OUT:rise,A -> G1 -> G2 -> G3 -> G7
1382,pre_optimization,1.2627586678428122,0,0.3415941968997135,-0.026594196899713485,-0.026594196899713485,True,D:rise|G4[0]|G5[0]|G6[0]|G7[1]|OUT:rise,D -> G4 -> G5 -> G6 -> G7
1382,post_optimization,1.2627586678428122,0,0.32442045173818373,-0.009420451738183733,-0.009420451738183733,True,D:rise|G4[0]|G5[0]|G6[0]|G7[1]|OUT:rise,D -> G4 -> G5 -> G6 -> G7
1383,pre_optimization,-0.40775317356168844,0,0.3082937851018358,0.006706214898164198,0,False,A:rise|G1[0]|G2[0]|G3[0]|G7[0]|OUT:rise,A -> G1 -> G2 -> G3 -> G7
1383,post_optimization,-0.40775317356168844,0,0.29764604469166306,0.017353955308336944,0,False,A:rise|G1[0]|G2[0]|G3[0]|G7[0]|OUT:rise,A -> G1 -> G2 -> G3 -> G7
1384,pre_optimization,-0.2396002882299255,0,0.3201786725449236,-0.0051786725449236015,-0.0051786725449236015,True,D:rise|G4[0]|G5[0]|G6[0]|G7[1]|OUT:rise,D -> G4 -> G5 -> G6 -> G7
1384,post_optimization,-0.2396002882299255,0,0.30234830019313397,0.012651699806866035,0,False,D:rise|G4[0]|G5[0]|G6[0]|G7[1]|OUT:rise,D -> G4 -> G5 -> G6 -> G7
1385,pre_optimization,0.4977130191359991,0,0.32213680748874784,-0.007136807488747843,-0.007136807488747843,True,D:rise|G4[0]|G5[0]|G6[0]|G7[1]|OUT:rise,D -> G4 -> G5 -> G6 -> G7
1385,post_optimization,0.4977130191359991,0,0.30531056094984443,0.009689439050155568,0,False,A:rise|G1[0]|G2[0]|G3[0]|G7[0]|OUT:rise,A -> G1 -> G2 -> G3 -> G7
1386,pre_optimization,0.846137543665737,0,0.32983297099539655,-0.014832970995396544,-0.014832970995396544,True,A:rise|G1[0]|G2[0]|G3[0]|G7[0]|OUT:rise,A -> G1 -> G2 -> G3 -> G7
1386,post_optimization,0.846137543665737,0,0.31265801981295394,0.0023419801870460666,0,False,A:rise|G1[0]|G2[0]|G3[0]|G7[0]|OUT:rise,A -> G1 -> G2 -> G3 -> G7
1387,pre_optimization,0.2582746218334551,0,0.31697646434957916,-0.0019764643495791545,-0.0019764643495791545,True,A:rise|G1[0]|G2[0]|G3[0]|G7[0]|OUT:rise,A -> G1 -> G2 -> G3 -> G7
1387,post_optimization,0.2582746218334551,0,0.30221862724159804,0.012781372758401965,0,False,A:rise|G1[0]|G2[0]|G3[0]|G7[0]|OUT:rise,A -> G1 -> G2 -> G3 -> G7
1388,pre_optimization,0.5309701956803071,0,0.32485404233262194,-0.009854042332621937,-0.009854042332621937,True,D:rise|G4[0]|G5[0]|G6[0]|G7[1]|OUT:rise,D -> G4 -> G5 -> G6 -> G7
1388,post_optimization,0.5309701956803071,0,0.30640263449091154,0.008597365509088462,0,False,A:rise|G1[0]|G2[0]|G3[0]|G7[0]|OUT:rise,A -> G1 -> G2 -> G3 -> G7
1389,pre_optimization,-0.14500968710344947,0,0.31617024825522255,-0.0011702482552225502,-0.0011702482552225502,True,D:rise|G4[0]|G5[0]|G6[0]|G7[1]|OUT:rise,D -> G4 -> G5 -> G6 -> G7
1389,post_optimization,-0.14500968710344947,0,0.29882303602877625,0.016176963971223757,0,False,D:rise|G4[0]|G5[0]|G6[0]|G7[1]|OUT:rise,D -> G4 -> G5 -> G6 -> G7
1390,pre_optimization,-2.339814767098745,0,0.28226864158278164,0.03273135841721836,0,False,D:rise|G4[0]|G5[0]|G6[0]|G7[1]|OUT:rise,D -> G4 -> G5 -> G6 -> G7
1390,post_optimization,-2.339814767098745,0,0.2719671105742074,0.043032889425792586,0,False,A:rise|G1[0]|G2[0]|G3[0]|G7[0]|OUT:rise,A -> G1 -> G2 -> G3 -> G7
1391,pre_optimization,-0.7668076162628469,0,0.31271733869554297,0.0022826613044570343,0,False,A:rise|G1[0]|G2[0]|G3[0]|G7[0]|OUT:rise,A -> G1 -> G2 -> G3 -> G7
1391,post_optimization,-0.7668076162628469,0,0.297794646471794,0.017205353528206013,0,False,A:rise|G1[0]|G2[0]|G3[0]|G7[0]|OUT:rise,A -> G1 -> G2 -> G3 -> G7
1392,pre_optimization,-0.4371805197425155,0,0.3191737224090499,-0.004173722409049896,-0.004173722409049896,True,A:rise|G1[0]|G2[0]|G3[0]|G7[0]|OUT:rise,A -> G1 -> G2 -> G3 -> G7
1392,post_optimization,-0.4371805197425155,0,0.3074967803368867,0.007503219663113292,0,False,A:rise|G1[0]|G2[0]|G3[0]|G7[0]|OUT:rise,A -> G1 -> G2 -> G3 -> G7
1393,pre_optimization,-0.8448220738998184,0,0.31171677919235646,0.0032832208076435387,0,False,D:rise|G4[0]|G5[0]|G6[0]|G7[1]|OUT:rise,D -> G4 -> G5 -> G6 -> G7
1393,post_optimization,-0.8448220738998184,0,0.29465242092053723,0.020347579079462774,0,False,D:rise|G4[0]|G5[0]|G6[0]|G7[1]|OUT:rise,D -> G4 -> G5 -> G6 -> G7
1394,pre_optimization,1.1998910356605486,0,0.33335729127956193,-0.018357291279561927,-0.018357291279561927,True,D:rise|G4[0]|G5[0]|G6[0]|G7[1]|OUT:rise,D -> G4 -> G5 -> G6 -> G7
1394,post_optimization,1.1998910356605486,0,0.31544990916994037,-0.00044990916994036567,-0.00044990916994036567,True,D:rise|G4[0]|G5[0]|G6[0]|G7[1]|OUT:rise,D -> G4 -> G5 -> G6 -> G7
1395,pre_optimization,0.13903470785753733,0,0.3150748603772978,-7.486037729781403e-05,-7.486037729781403e-05,True,A:rise|G1[0]|G2[0]|G3[0]|G7[0]|OUT:rise,A -> G1 -> G2 -> G3 -> G7
1395,post_optimization,0.13903470785753733,0,0.30474548377179367,0.010254516228206334,0,False,A:rise|G1[0]|G2[0]|G3[0]|G7[0]|OUT:rise,A -> G1 -> G2 -> G3 -> G7
1396,pre_optimization,1.0315646274579833,0,0.3201942493919127,-0.005194249391912709,-0.005194249391912709,True,A:rise|G1[0]|G2[0]|G3[0]|G7[0]|OUT:rise,A -> G1 -> G2 -> G3 -> G7
1396,post_optimization,1.0315646274579833,0,0.3123775428327165,0.0026224571672834873,0,False,A:rise|G1[0]|G2[0]|G3[0]|G7[0]|OUT:rise,A -> G1 -> G2 -> G3 -> G7
1397,pre_optimization,1.329729628516449,0,0.3368973778916905,-0.021897377891690495,-0.021897377891690495,True,A:rise|G1[0]|G2[0]|G3[0]|G7[0]|OUT:rise,A -> G1 -> G2 -> G3 -> G7
1397,post_optimization,1.329729628516449,0,0.323008524125472,-0.008008524125471983,-0.008008524125471983,True,A:rise|G1[0]|G2[0]|G3[0]|G7[0]|OUT:rise,A -> G1 -> G2 -> G3 -> G7
1398,pre_optimization,2.3380396738642726,0,0.32839578254205043,-0.013395782542050427,-0.013395782542050427,True,A:rise|G1[0]|G2[0]|G3[0]|G7[0]|OUT:rise,A -> G1 -> G2 -> G3 -> G7
1398,post_optimization,2.3380396738642726,0,0.31524422061097035,-0.0002442206109703471,-0.0002442206109703471,True,A:rise|G1[0]|G2[0]|G3[0]|G7[0]|OUT:rise,A -> G1 -> G2 -> G3 -> G7
1399,pre_optimization,-1.063804301934293,0,0.29576913668916144,0.019230863310838564,0,False,D:rise|G4[0]|G5[0]|G6[0]|G7[1]|OUT:rise,D -> G4 -> G5 -> G6 -> G7
1399,post_optimization,-1.063804301934293,0,0.2794715765120231,0.03552842348797691,0,False,D:rise|G4[0]|G5[0]|G6[0]|G7[1]|OUT:rise,D -> G4 -> G5 -> G6 -> G7
1400,pre_optimization,-0.4606505284158085,0,0.3232735666607103,-0.008273566660710274,-0.008273566660710274,True,D:rise|G4[0]|G5[0]|G6[0]|G7[1]|OUT:rise,D -> G4 -> G5 -> G6 -> G7
1400,post_optimization,-0.4606505284158085,0,0.3053634142544295,0.009636585745570525,0,False,A:rise|G1[0]|G2[0]|G3[0]|G7[0]|OUT:rise,A -> G1 -> G2 -> G3 -> G7
1401,pre_optimization,-0.20342056041546425,0,0.32434795833780494,-0.00934795833780494,-0.00934795833780494,True,D:rise|G4[0]|G5[0]|G6[0]|G7[1]|OUT:rise,D -> G4 -> G5 -> G6 -> G7
1401,post_optimization,-0.20342056041546425,0,0.3032097410868321,0.011790258913167928,0,False,D:rise|G4[0]|G5[0]|G6[0]|G7[1]|OUT:rise,D -> G4 -> G5 -> G6 -> G7
1402,pre_optimization,-1.018483039398625,0,0.3138603696327271,0.0011396303672728814,0,False,D:rise|G4[0]|G5[0]|G6[0]|G7[1]|OUT:rise,D -> G4 -> G5 -> G6 -> G7
1402,post_optimization,-1.018483039398625,0,0.29509198009658255,0.01990801990341745,0,False,D:rise|G4[0]|G5[0]|G6[0]|G7[1]|OUT:rise,D -> G4 -> G5 -> G6 -> G7
1403,pre_optimization,0.1576130001307753,0,0.32526566912248933,-0.01026566912248933,-0.01026566912248933,True,A:rise|G1[0]|G2[0]|G3[0]|G7[0]|OUT:rise,A -> G1 -> G2 -> G3 -> G7
1403,post_optimization,0.1576130001307753,0,0.31334678420971274,0.0016532157902872657,0,False,A:rise|G1[0]|G2[0]|G3[0]|G7[0]|OUT:rise,A -> G1 -> G2 -> G3 -> G7
1404,pre_optimization,0.7764650999989428,0,0.3249682026020093,-0.009968202602009313,-0.009968202602009313,True,D:rise|G4[0]|G5[0]|G6[0]|G7[1]|OUT:rise,D -> G4 -> G5 -> G6 -> G7
1404,post_optimization,0.7764650999989428,0,0.30467289326492736,0.010327106735072644,0,False,D:rise|G4[0]|G5[0]|G6[0]|G7[1]|OUT:rise,D -> G4 -> G5 -> G6 -> G7
1405,pre_optimization,-0.5099028107965856,0,0.30614878182994754,0.008851218170052466,0,False,D:rise|G4[0]|G5[0]|G6[0]|G7[1]|OUT:rise,D -> G4 -> G5 -> G6 -> G7
1405,post_optimization,-0.5099028107965856,0,0.28866591059145413,0.02633408940854587,0,False,D:rise|G4[0]|G5[0]|G6[0]|G7[1]|OUT:rise,D -> G4 -> G5 -> G6 -> G7
1406,pre_optimization,0.37062404401705346,0,0.3230354878579066,-0.008035487857906587,-0.008035487857906587,True,D:rise|G4[0]|G5[0]|G6[0]|G7[1]|OUT:rise,D -> G4 -> G5 -> G6 -> G7
1406,post_optimization,0.37062404401705346,0,0.30830803342993773,0.006691966570062269,0,False,A:rise|G1[0]|G2[0]|G3[0]|G7[0]|OUT:rise,A -> G1 -> G2 -> G3 -> G7
1407,pre_optimization,-1.1651980986572334,0,0.3138029859580237,0.0011970140419763076,0,False,D:rise|G4[0]|G5[0]|G6[0]|G7[1]|OUT:rise,D -> G4 -> G5 -> G6 -> G7
1407,post_optimization,-1.1651980986572334,0,0.2965069988984427,0.018493001101557327,0,False,D:rise|G4[0]|G5[0]|G6[0]|G7[1]|OUT:rise,D -> G4 -> G5 -> G6 -> G7
1408,pre_optimization,0.9014342512877318,0,0.32307793586688327,-0.008077935866883268,-0.008077935866883268,True,A:rise|G1[0]|G2[0]|G3[0]|G7[0]|OUT:rise,A -> G1 -> G2 -> G3 -> G7
1408,post_optimization,0.9014342512877318,0,0.309768737905091,0.005231262094908984,0,False,A:rise|G1[0]|G2[0]|G3[0]|G7[0]|OUT:rise,A -> G1 -> G2 -> G3 -> G7
1409,pre_optimization,-0.4601628275946383,0,0.3276746062773525,-0.012674606277352507,-0.012674606277352507,True,D:rise|G4[0]|G5[0]|G6[0]|G7[1]|OUT:rise,D -> G4 -> G5 -> G6 -> G7
1409,post_optimization,-0.4601628275946383,0,0.3100607810321391,0.0049392189678609255,0,False,D:rise|G4[0]|G5[0]|G6[0]|G7[1]|OUT:rise,D -> G4 -> G5 -> G6 -> G7
1410,pre_optimization,0.678185791607013,0,0.3096115010102614,0.005388498989738588,0,False,A:rise|G1[0]|G2[0]|G3[0]|G7[0]|OUT:rise,A -> G1 -> G2 -> G3 -> G7
1410,post_optimization,0.678185791607013,0,0.299434014476095,0.01556598552390498,0,False,A:rise|G1[0]|G2[0]|G3[0]|G7[0]|OUT:rise,A -> G1 -> G2 -> G3 -> G7
1411,pre_optimization,-0.46040180058689034,0,0.3086769202736646,0.00632307972633539,0,False,A:rise|G1[0]|G2[0]|G3[0]|G7[0]|OUT:rise,A -> G1 -> G2 -> G3 -> G7
1411,post_optimization,-0.46040180058689034,0,0.29560654717975954,0.019393452820240464,0,False,A:rise|G1[0]|G2[0]|G3[0]|G7[0]|OUT:rise,A -> G1 -> G2 -> G3 -> G7
1412,pre_optimization,0.5996193554248703,0,0.3398092427149457,-0.024809242714945723,-0.024809242714945723,True,D:rise|G4[0]|G5[0]|G6[0]|G7[1]|OUT:rise,D -> G4 -> G5 -> G6 -> G7
1412,post_optimization,0.5996193554248703,0,0.3191325776891942,-0.004132577689194172,-0.004132577689194172,True,D:rise|G4[0]|G5[0]|G6[0]|G7[1]|OUT:rise,D -> G4 -> G5 -> G6 -> G7
1413,pre_optimization,-0.8095469475209961,0,0.3143566373695445,0.0006433626304555018,0,False,A:rise|G1[0]|G2[0]|G3[0]|G7[0]|OUT:rise,A -> G1 -> G2 -> G3 -> G7
1413,post_optimization,-0.8095469475209961,0,0.3003982435119037,0.014601756488096307,0,False,A:rise|G1[0]|G2[0]|G3[0]|G7[0]|OUT:rise,A -> G1 -> G2 -> G3 -> G7
1414,pre_optimization,-0.051018223970684576,0,0.3093837321628544,0.005616267837145583,0,False,A:rise|G1[0]|G2[0]|G3[0]|G7[0]|OUT:rise,A -> G1 -> G2 -> G3 -> G7
1414,post_optimization,-0.051018223970684576,0,0.29961874891533424,0.015381251084665759,0,False,A:rise|G1[0]|G2[0]|G3[0]|G7[0]|OUT:rise,A -> G1 -> G2 -> G3 -> G7
1415,pre_optimization,-1.8275829291679286,0,0.30437362354056446,0.010626376459435538,0,False,D:rise|G4[0]|G5[0]|G6[0]|G7[1]|OUT:rise,D -> G4 -> G5 -> G6 -> G7
1415,post_optimization,-1.8275829291679286,0,0.2873488693335444,0.02765113066645558,0,False,D:rise|G4[0]|G5[0]|G6[0]|G7[1]|OUT:rise,D -> G4 -> G5 -> G6 -> G7
1416,pre_optimization,0.19572558522970893,0,0.32201794595017263,-0.007017945950172633,-0.007017945950172633,True,D:rise|G4[0]|G5[0]|G6[0]|G7[1]|OUT:rise,D -> G4 -> G5 -> G6 -> G7
1416,post_optimization,0.19572558522970893,0,0.30323230407289303,0.01176769592710697,0,False,D:rise|G4[0]|G5[0]|G6[0]|G7[1]|OUT:rise,D -> G4 -> G5 -> G6 -> G7
1417,pre_optimization,0.8351243964842614,0,0.3384948708896827,-0.023494870889682717,-0.023494870889682717,True,A:rise|G1[0]|G2[0]|G3[0]|G7[0]|OUT:rise,A -> G1 -> G2 -> G3 -> G7
1417,post_optimization,0.8351243964842614,0,0.3232185266609841,-0.008218526660984105,-0.008218526660984105,True,A:rise|G1[0]|G2[0]|G3[0]|G7[0]|OUT:rise,A -> G1 -> G2 -> G3 -> G7
1418,pre_optimization,-1.404453006679429,0,0.29672188774468017,0.018278112255319834,0,False,D:rise|G4[0]|G5[0]|G6[0]|G7[1]|OUT:rise,D -> G4 -> G5 -> G6 -> G7
1418,post_optimization,-1.404453006679429,0,0.2814603272079146,0.03353967279208542,0,False,D:rise|G4[0]|G5[0]|G6[0]|G7[1]|OUT:rise,D -> G4 -> G5 -> G6 -> G7
1419,pre_optimization,-1.3027004714009733,0,0.3077671047987576,0.007232895201242429,0,False,D:rise|G4[0]|G5[0]|G6[0]|G7[1]|OUT:rise,D -> G4 -> G5 -> G6 -> G7
1419,post_optimization,-1.3027004714009733,0,0.29146718153449225,0.023532818465507754,0,False,D:rise|G4[0]|G5[0]|G6[0]|G7[1]|OUT:rise,D -> G4 -> G5 -> G6 -> G7
1420,pre_optimization,-1.068378852199606,0,0.31877384341827203,-0.003773843418272027,-0.003773843418272027,True,D:rise|G4[0]|G5[0]|G6[0]|G7[1]|OUT:rise,D -> G4 -> G5 -> G6 -> G7
1420,post_optimization,-1.068378852199606,0,0.2997335455324481,0.015266454467551926,0,False,D:rise|G4[0]|G5[0]|G6[0]|G7[1]|OUT:rise,D -> G4 -> G5 -> G6 -> G7
1421,pre_optimization,-0.5956865627008174,0,0.3084177070978081,0.006582292902191922,0,False,D:rise|G4[0]|G5[0]|G6[0]|G7[1]|OUT:rise,D -> G4 -> G5 -> G6 -> G7
1421,post_optimization,-0.5956865627008174,0,0.29057191413191696,0.024428085868083038,0,False,D:rise|G4[0]|G5[0]|G6[0]|G7[1]|OUT:rise,D -> G4 -> G5 -> G6 -> G7
1422,pre_optimization,1.313950290453183,0,0.35316830502335766,-0.03816830502335766,-0.04349000225841354,True,A:rise|G1[0]|G2[0]|G3[0]|G7[0]|OUT:rise,A -> G1 -> G2 -> G3 -> G7
1422,post_optimization,1.313950290453183,0,0.3384452403356317,-0.023445240335631723,-0.023445240335631723,True,A:rise|G1[0]|G2[0]|G3[0]|G7[0]|OUT:rise,A -> G1 -> G2 -> G3 -> G7
1423,pre_optimization,-0.29262999364133563,0,0.32233548515622873,-0.007335485156228727,-0.007335485156228727,True,D:rise|G4[0]|G5[0]|G6[0]|G7[1]|OUT:rise,D -> G4 -> G5 -> G6 -> G7
1423,post_optimization,-0.29262999364133563,0,0.30348917676153964,0.011510823238460366,0,False,D:rise|G4[0]|G5[0]|G6[0]|G7[1]|OUT:rise,D -> G4 -> G5 -> G6 -> G7
1424,pre_optimization,2.228758970343764,0,0.3451567216350985,-0.03015672163509847,-0.03015672163509847,True,D:rise|G4[0]|G5[0]|G6[0]|G7[1]|OUT:rise,D -> G4 -> G5 -> G6 -> G7
1424,post_optimization,2.228758970343764,0,0.32308098922673617,-0.008080989226736168,-0.008080989226736168,True,D:rise|G4[0]|G5[0]|G6[0]|G7[1]|OUT:rise,D -> G4 -> G5 -> G6 -> G7
1425,pre_optimization,-2.2929400325069764,0,0.2878675861537057,0.02713241384629428,0,False,D:rise|G4[0]|G5[0]|G6[0]|G7[1]|OUT:rise,D -> G4 -> G5 -> G6 -> G7
1425,post_optimization,-2.2929400325069764,0,0.27202898176993895,0.04297101823006105,0,False,D:rise|G4[0]|G5[0]|G6[0]|G7[1]|OUT:rise,D -> G4 -> G5 -> G6 -> G7
1426,pre_optimization,-0.5606710059571316,0,0.3075077532368489,0.007492246763151078,0,False,D:rise|G4[0]|G5[0]|G6[0]|G7[1]|OUT:rise,D -> G4 -> G5 -> G6 -> G7
1426,post_optimization,-0.5606710059571316,0,0.28949917619618226,0.02550082380381774,0,False,D:rise|G4[0]|G5[0]|G6[0]|G7[1]|OUT:rise,D -> G4 -> G5 -> G6 -> G7
1427,pre_optimization,1.1719083071415484,0,0.34168681548276764,-0.026686815482767634,-0.026686815482767634,True,A:rise|G1[0]|G2[0]|G3[0]|G7[0]|OUT:rise,A -> G1 -> G2 -> G3 -> G7
1427,post_optimization,1.1719083071415484,0,0.32855587239198264,-0.013555872391982637,-0.013555872391982637,True,A:rise|G1[0]|G2[0]|G3[0]|G7[0]|OUT:rise,A -> G1 -> G2 -> G3 -> G7
1428,pre_optimization,0.9054836437969623,0,0.33106416129365046,-0.01606416129365046,-0.01606416129365046,True,A:rise|G1[0]|G2[0]|G3[0]|G7[0]|OUT:rise,A -> G1 -> G2 -> G3 -> G7
1428,post_optimization,0.9054836437969623,0,0.31387115729691273,0.0011288427030872739,0,False,A:rise|G1[0]|G2[0]|G3[0]|G7[0]|OUT:rise,A -> G1 -> G2 -> G3 -> G7
1429,pre_optimization,-0.5745554507925339,0,0.31790703085202665,-0.0029070308520266486,-0.0029070308520266486,True,A:rise|G1[0]|G2[0]|G3[0]|G7[0]|OUT:rise,A -> G1 -> G2 -> G3 -> G7
1429,post_optimization,-0.5745554507925339,0,0.30505849983699823,0.00994150016300177,0,False,A:rise|G1[0]|G2[0]|G3[0]|G7[0]|OUT:rise,A -> G1 -> G2 -> G3 -> G7
1430,pre_optimization,0.1526261602439632,0,0.3193441948347747,-0.004344194834774717,-0.004344194834774717,True,A:rise|G1[0]|G2[0]|G3[0]|G7[0]|OUT:rise,A -> G1 -> G2 -> G3 -> G7
1430,post_optimization,0.1526261602439632,0,0.3067241203991422,0.008275879600857794,0,False,A:rise|G1[0]|G2[0]|G3[0]|G7[0]|OUT:rise,A -> G1 -> G2 -> G3 -> G7
1431,pre_optimization,-2.0341735916798322,0,0.29699891773932197,0.018001082260678036,0,False,D:rise|G4[0]|G5[0]|G6[0]|G7[1]|OUT:rise,D -> G4 -> G5 -> G6 -> G7
1431,post_optimization,-2.0341735916798322,0,0.28344257887659136,0.03155742112340865,0,False,A:rise|G1[0]|G2[0]|G3[0]|G7[0]|OUT:rise,A -> G1 -> G2 -> G3 -> G7
1432,pre_optimization,-0.6445443645623247,0,0.3137416336211492,0.0012583663788507948,0,False,A:rise|G1[0]|G2[0]|G3[0]|G7[0]|OUT:rise,A -> G1 -> G2 -> G3 -> G7
1432,post_optimization,-0.6445443645623247,0,0.2983930385713355,0.016606961428664524,0,False,A:rise|G1[0]|G2[0]|G3[0]|G7[0]|OUT:rise,A -> G1 -> G2 -> G3 -> G7
1433,pre_optimization,-0.6814083095764979,0,0.3145440213328153,0.0004559786671847199,0,False,A:rise|G1[0]|G2[0]|G3[0]|G7[0]|OUT:rise,A -> G1 -> G2 -> G3 -> G7
1433,post_optimization,-0.6814083095764979,0,0.30123077331688963,0.01376922668311037,0,False,A:rise|G1[0]|G2[0]|G3[0]|G7[0]|OUT:rise,A -> G1 -> G2 -> G3 -> G7
1434,pre_optimization,-0.27481303585280703,0,0.32053451556079926,-0.005534515560799258,-0.005534515560799258,True,D:rise|G4[0]|G5[0]|G6[0]|G7[1]|OUT:rise,D -> G4 -> G5 -> G6 -> G7
1434,post_optimization,-0.27481303585280703,0,0.3032135186940679,0.011786481305932128,0,False,A:rise|G1[0]|G2[0]|G3[0]|G7[0]|OUT:rise,A -> G1 -> G2 -> G3 -> G7
1435,pre_optimization,1.6594247797642654,0,0.3259216708395487,-0.010921670839548703,-0.010921670839548703,True,D:rise|G4[0]|G5[0]|G6[0]|G7[1]|OUT:rise,D -> G4 -> G5 -> G6 -> G7
1435,post_optimization,1.6594247797642654,0,0.30872241791370614,0.006277582086293865,0,False,D:rise|G4[0]|G5[0]|G6[0]|G7[1]|OUT:rise,D -> G4 -> G5 -> G6 -> G7
1436,pre_optimization,0.8152740702077025,0,0.3193458468940856,-0.004345846894085625,-0.004345846894085625,True,A:rise|G1[0]|G2[0]|G3[0]|G7[0]|OUT:rise,A -> G1 -> G2 -> G3 -> G7
1436,post_optimization,0.8152740702077025,0,0.3088471267521342,0.006152873247865787,0,False,A:rise|G1[0]|G2[0]|G3[0]|G7[0]|OUT:rise,A -> G1 -> G2 -> G3 -> G7
1437,pre_optimization,0.6746099530841664,0,0.3304921888852056,-0.015492188885205593,-0.015492188885205593,True,A:rise|G1[0]|G2[0]|G3[0]|G7[0]|OUT:rise,A -> G1 -> G2 -> G3 -> G7
1437,post_optimization,0.6746099530841664,0,0.31585634072751867,-0.0008563407275186674,-0.0008563407275186674,True,A:rise|G1[0]|G2[0]|G3[0]|G7[0]|OUT:rise,A -> G1 -> G2 -> G3 -> G7
1438,pre_optimization,1.6191232927019659,0,0.33547069045632166,-0.02047069045632166,-0.02047069045632166,True,A:rise|G1[0]|G2[0]|G3[0]|G7[0]|OUT:rise,A -> G1 -> G2 -> G3 -> G7
1438,post_optimization,1.6191232927019659,0,0.32358705744600524,-0.008587057446005242,-0.008587057446005242,True,A:rise|G1[0]|G2[0]|G3[0]|G7[0]|OUT:rise,A -> G1 -> G2 -> G3 -> G7
1439,pre_optimization,1.7359149348867962,0,0.3314285729884331,-0.016428572988433088,-0.016428572988433088,True,A:rise|G1[0]|G2[0]|G3[0]|G7[0]|OUT:rise,A -> G1 -> G2 -> G3 -> G7
1439,post_optimization,1.7359149348867962,0,0.3186412256591014,-0.0036412256591014103,-0.0036412256591014103,True,A:rise|G1[0]|G2[0]|G3[0]|G7[0]|OUT:rise,A -> G1 -> G2 -> G3 -> G7
1440,pre_optimization,1.728592912026278,0,0.3131461394383824,0.0018538605616176262,0,False,A:rise|G1[0]|G2[0]|G3[0]|G7[0]|OUT:rise,A -> G1 -> G2 -> G3 -> G7
1440,post_optimization,1.728592912026278,0,0.3027320032933394,0.012267996706660622,0,False,A:rise|G1[0]|G2[0]|G3[0]|G7[0]|OUT:rise,A -> G1 -> G2 -> G3 -> G7
1441,pre_optimization,-1.442660561519804,0,0.3065727944970274,0.008427205502972601,0,False,D:rise|G4[0]|G5[0]|G6[0]|G7[1]|OUT:rise,D -> G4 -> G5 -> G6 -> G7
1441,post_optimization,-1.442660561519804,0,0.2895282494248918,0.0254717505751082,0,False,D:rise|G4[0]|G5[0]|G6[0]|G7[1]|OUT:rise,D -> G4 -> G5 -> G6 -> G7
1442,pre_optimization,0.4865505848855747,0,0.3209353185507349,-0.005935318550734925,-0.005935318550734925,True,D:rise|G4[0]|G5[0]|G6[0]|G7[1]|OUT:rise,D -> G4 -> G5 -> G6 -> G7
1442,post_optimization,0.4865505848855747,0,0.30491198915479745,0.010088010845202555,0,False,A:rise|G1[0]|G2[0]|G3[0]|G7[0]|OUT:rise,A -> G1 -> G2 -> G3 -> G7
1443,pre_optimization,0.774866062821083,0,0.322971852038071,-0.007971852038070992,-0.007971852038070992,True,D:rise|G4[0]|G5[0]|G6[0]|G7[1]|OUT:rise,D -> G4 -> G5 -> G6 -> G7
1443,post_optimization,0.774866062821083,0,0.30738790911838476,0.007612090881615241,0,False,A:rise|G1[0]|G2[0]|G3[0]|G7[0]|OUT:rise,A -> G1 -> G2 -> G3 -> G7
1444,pre_optimization,-1.7617364392380626,0,0.3075694745898684,0.0074305254101316165,0,False,D:rise|G4[0]|G5[0]|G6[0]|G7[1]|OUT:rise,D -> G4 -> G5 -> G6 -> G7
1444,post_optimization,-1.7617364392380626,0,0.2891199174425596,0.025880082557440398,0,False,D:rise|G4[0]|G5[0]|G6[0]|G7[1]|OUT:rise,D -> G4 -> G5 -> G6 -> G7
1445,pre_optimization,-0.09973869105963688,0,0.3299647937431762,-0.014964793743176219,-0.014964793743176219,True,A:rise|G1[0]|G2[0]|G3[0]|G7[0]|OUT:rise,A -> G1 -> G2 -> G3 -> G7
1445,post_optimization,-0.09973869105963688,0,0.3158704199306054,-0.0008704199306053817,-0.0008704199306053817,True,A:rise|G1[0]|G2[0]|G3[0]|G7[0]|OUT:rise,A -> G1 -> G2 -> G3 -> G7
1446,pre_optimization,-0.6544565052212313,0,0.3181745125844997,-0.003174512584499689,-0.003174512584499689,True,D:rise|G4[0]|G5[0]|G6[0]|G7[1]|OUT:rise,D -> G4 -> G5 -> G6 -> G7
1446,post_optimization,-0.6544565052212313,0,0.2988763663547203,0.01612363364527969,0,False,D:rise|G4[0]|G5[0]|G6[0]|G7[1]|OUT:rise,D -> G4 -> G5 -> G6 -> G7
1447,pre_optimization,0.4676397813186086,0,0.3182294418793799,-0.003229441879379902,-0.003229441879379902,True,A:rise|G1[0]|G2[0]|G3[0]|G7[0]|OUT:rise,A -> G1 -> G2 -> G3 -> G7
1447,post_optimization,0.4676397813186086,0,0.30454778680759714,0.01045221319240286,0,False,A:rise|G1[0]|G2[0]|G3[0]|G7[0]|OUT:rise,A -> G1 -> G2 -> G3 -> G7
1448,pre_optimization,-1.4411949312849097,0,0.3102771444646577,0.004722855535342296,0,False,D:rise|G4[0]|G5[0]|G6[0]|G7[1]|OUT:rise,D -> G4 -> G5 -> G6 -> G7
1448,post_optimization,-1.4411949312849097,0,0.2931390826910109,0.021860917308989092,0,False,D:rise|G4[0]|G5[0]|G6[0]|G7[1]|OUT:rise,D -> G4 -> G5 -> G6 -> G7
1449,pre_optimization,-3.0417171925466118,0,0.3032908500425443,0.0117091499574557,0,False,D:rise|G4[0]|G5[0]|G6[0]|G7[1]|OUT:rise,D -> G4 -> G5 -> G6 -> G7
1449,post_optimization,-3.0417171925466118,0,0.2862004695379012,0.02879953046209882,0,False,D:rise|G4[0]|G5[0]|G6[0]|G7[1]|OUT:rise,D -> G4 -> G5 -> G6 -> G7
1450,pre_optimization,0.6347772021319471,0,0.3182455253896213,-0.0032455253896213065,-0.0032455253896213065,True,D:rise|G4[0]|G5[0]|G6[0]|G7[1]|OUT:rise,D -> G4 -> G5 -> G6 -> G7
1450,post_optimization,0.6347772021319471,0,0.3040948333530257,0.01090516664697433,0,False,A:rise|G1[0]|G2[0]|G3[0]|G7[0]|OUT:rise,A -> G1 -> G2 -> G3 -> G7
1451,pre_optimization,-1.5578588181909887,0,0.3012361076370428,0.01376389236295722,0,False,D:rise|G4[0]|G5[0]|G6[0]|G7[1]|OUT:rise,D -> G4 -> G5 -> G6 -> G7
1451,post_optimization,-1.5578588181909887,0,0.28317206050467103,0.03182793949532897,0,False,A:rise|G1[0]|G2[0]|G3[0]|G7[0]|OUT:rise,A -> G1 -> G2 -> G3 -> G7
1452,pre_optimization,-0.06484114693576688,0,0.3197781555413473,-0.0047781555413473065,-0.0047781555413473065,True,D:rise|G4[0]|G5[0]|G6[0]|G7[1]|OUT:rise,D -> G4 -> G5 -> G6 -> G7
1452,post_optimization,-0.06484114693576688,0,0.3010677665060217,0.013932233493978319,0,False,D:rise|G4[0]|G5[0]|G6[0]|G7[1]|OUT:rise,D -> G4 -> G5 -> G6 -> G7
1453,pre_optimization,0.5802923957705058,0,0.3179005965470885,-0.0029005965470885187,-0.0029005965470885187,True,A:rise|G1[0]|G2[0]|G3[0]|G7[0]|OUT:rise,A -> G1 -> G2 -> G3 -> G7
1453,post_optimization,0.5802923957705058,0,0.30783793474497245,0.00716206525502755,0,False,A:rise|G1[0]|G2[0]|G3[0]|G7[0]|OUT:rise,A -> G1 -> G2 -> G3 -> G7
1454,pre_optimization,-0.768233823229365,0,0.31176438840906395,0.0032356115909360494,0,False,D:rise|G4[0]|G5[0]|G6[0]|G7[1]|OUT:rise,D -> G4 -> G5 -> G6 -> G7
1454,post_optimization,-0.768233823229365,0,0.29706273040483044,0.017937269595169558,0,False,A:rise|G1[0]|G2[0]|G3[0]|G7[0]|OUT:rise,A -> G1 -> G2 -> G3 -> G7
1455,pre_optimization,0.07607975087164297,0,0.33351653637025,-0.018516536370250025,-0.018516536370250025,True,D:rise|G4[0]|G5[0]|G6[0]|G7[1]|OUT:rise,D -> G4 -> G5 -> G6 -> G7
1455,post_optimization,0.07607975087164297,0,0.31229142251688047,0.002708577483119534,0,False,D:rise|G4[0]|G5[0]|G6[0]|G7[1]|OUT:rise,D -> G4 -> G5 -> G6 -> G7
1456,pre_optimization,-1.2444230595772925,0,0.2939539324946425,0.02104606750535748,0,False,D:rise|G4[0]|G5[0]|G6[0]|G7[1]|OUT:rise,D -> G4 -> G5 -> G6 -> G7
1456,post_optimization,-1.2444230595772925,0,0.27926192657997106,0.03573807342002894,0,False,D:rise|G4[0]|G5[0]|G6[0]|G7[1]|OUT:rise,D -> G4 -> G5 -> G6 -> G7
1457,pre_optimization,-0.8147231839279792,0,0.3099009816997822,0.005099018300217806,0,False,A:rise|G1[0]|G2[0]|G3[0]|G7[0]|OUT:rise,A -> G1 -> G2 -> G3 -> G7
1457,post_optimization,-0.8147231839279792,0,0.30043509061209855,0.014564909387901448,0,False,A:rise|G1[0]|G2[0]|G3[0]|G7[0]|OUT:rise,A -> G1 -> G2 -> G3 -> G7
1458,pre_optimization,-0.3754150915991485,0,0.3091159927881836,0.005884007211816422,0,False,D:rise|G4[0]|G5[0]|G6[0]|G7[1]|OUT:rise,D -> G4 -> G5 -> G6 -> G7
1458,post_optimization,-0.3754150915991485,0,0.29162016591756423,0.02337983408243577,0,False,D:rise|G4[0]|G5[0]|G6[0]|G7[1]|OUT:rise,D -> G4 -> G5 -> G6 -> G7
1459,pre_optimization,0.8702346022195515,0,0.3302024240537929,-0.015202424053792907,-0.015202424053792907,True,A:rise|G1[0]|G2[0]|G3[0]|G7[0]|OUT:rise,A -> G1 -> G2 -> G3 -> G7
1459,post_optimization,0.8702346022195515,0,0.31714544053173216,-0.0021454405317321568,-0.0021454405317321568,True,A:rise|G1[0]|G2[0]|G3[0]|G7[0]|OUT:rise,A -> G1 -> G2 -> G3 -> G7
1460,pre_optimization,0.508275178187,0,0.3271162697447897,-0.012116269744789687,-0.012116269744789687,True,D:rise|G4[0]|G5[0]|G6[0]|G7[1]|OUT:rise,D -> G4 -> G5 -> G6 -> G7
1460,post_optimization,0.508275178187,0,0.3132747334635927,0.0017252665364073105,0,False,A:rise|G1[0]|G2[0]|G3[0]|G7[0]|OUT:rise,A -> G1 -> G2 -> G3 -> G7
1461,pre_optimization,0.11145184339834453,0,0.3153127140214722,-0.0003127140214722046,-0.0003127140214722046,True,D:rise|G4[0]|G5[0]|G6[0]|G7[1]|OUT:rise,D -> G4 -> G5 -> G6 -> G7
1461,post_optimization,0.11145184339834453,0,0.2996577104996695,0.015342289500330508,0,False,D:rise|G4[0]|G5[0]|G6[0]|G7[1]|OUT:rise,D -> G4 -> G5 -> G6 -> G7
1462,pre_optimization,-0.5295675923694139,0,0.31462528116454014,0.00037471883545986406,0,False,D:rise|G4[0]|G5[0]|G6[0]|G7[1]|OUT:rise,D -> G4 -> G5 -> G6 -> G7
1462,post_optimization,-0.5295675923694139,0,0.29863249947373877,0.016367500526261236,0,False,A:rise|G1[0]|G2[0]|G3[0]|G7[0]|OUT:rise,A -> G1 -> G2 -> G3 -> G7
1463,pre_optimization,-0.43481920842178096,0,0.3153770744039541,-0.00037707440395412517,-0.00037707440395412517,True,D:rise|G4[0]|G5[0]|G6[0]|G7[1]|OUT:rise,D -> G4 -> G5 -> G6 -> G7
1463,post_optimization,-0.43481920842178096,0,0.29665984922174043,0.018340150778259567,0,False,D:rise|G4[0]|G5[0]|G6[0]|G7[1]|OUT:rise,D -> G4 -> G5 -> G6 -> G7
1464,pre_optimization,1.9631640695186885,0,0.3457477570757705,-0.030747757075770488,-0.030747757075770488,True,D:rise|G4[0]|G5[0]|G6[0]|G7[1]|OUT:rise,D -> G4 -> G5 -> G6 -> G7
1464,post_optimization,1.9631640695186885,0,0.3261997176619258,-0.01119971766192579,-0.01119971766192579,True,D:rise|G4[0]|G5[0]|G6[0]|G7[1]|OUT:rise,D -> G4 -> G5 -> G6 -> G7
1465,pre_optimization,-0.9230391006567942,0,0.2960809331486395,0.018919066851360522,0,False,D:rise|G4[0]|G5[0]|G6[0]|G7[1]|OUT:rise,D -> G4 -> G5 -> G6 -> G7
1465,post_optimization,-0.9230391006567942,0,0.28001484801827536,0.03498515198172464,0,False,D:rise|G4[0]|G5[0]|G6[0]|G7[1]|OUT:rise,D -> G4 -> G5 -> G6 -> G7
1466,pre_optimization,0.7571812476566527,0,0.32339525812248715,-0.008395258122487148,-0.008395258122487148,True,D:rise|G4[0]|G5[0]|G6[0]|G7[1]|OUT:rise,D -> G4 -> G5 -> G6 -> G7
1466,post_optimization,0.7571812476566527,0,0.3060482030741818,0.008951796925818212,0,False,D:rise|G4[0]|G5[0]|G6[0]|G7[1]|OUT:rise,D -> G4 -> G5 -> G6 -> G7
1467,pre_optimization,-0.929482378036377,0,0.3005442095140258,0.01445579048597423,0,False,D:rise|G4[0]|G5[0]|G6[0]|G7[1]|OUT:rise,D -> G4 -> G5 -> G6 -> G7
1467,post_optimization,-0.929482378036377,0,0.2871692052437732,0.027830794756226795,0,False,A:rise|G1[0]|G2[0]|G3[0]|G7[0]|OUT:rise,A -> G1 -> G2 -> G3 -> G7
1468,pre_optimization,-0.8810466060562551,0,0.32591443320308844,-0.010914433203088436,-0.010914433203088436,True,D:rise|G4[0]|G5[0]|G6[0]|G7[1]|OUT:rise,D -> G4 -> G5 -> G6 -> G7
1468,post_optimization,-0.8810466060562551,0,0.30726092064621635,0.007739079353783651,0,False,D:rise|G4[0]|G5[0]|G6[0]|G7[1]|OUT:rise,D -> G4 -> G5 -> G6 -> G7
1469,pre_optimization,0.5698196586561306,0,0.3122525909077305,0.002747409092269504,0,False,D:rise|G4[0]|G5[0]|G6[0]|G7[1]|OUT:rise,D -> G4 -> G5 -> G6 -> G7
1469,post_optimization,0.5698196586561306,0,0.2969450453799012,0.018054954620098818,0,False,D:rise|G4[0]|G5[0]|G6[0]|G7[1]|OUT:rise,D -> G4 -> G5 -> G6 -> G7
1470,pre_optimization,-0.18174724648421398,0,0.31611902929398805,-0.0011190292939880497,-0.0011190292939880497,True,D:rise|G4[0]|G5[0]|G6[0]|G7[1]|OUT:rise,D -> G4 -> G5 -> G6 -> G7
1470,post_optimization,-0.18174724648421398,0,0.2995344802358602,0.01546551976413979,0,False,D:rise|G4[0]|G5[0]|G6[0]|G7[1]|OUT:rise,D -> G4 -> G5 -> G6 -> G7
1471,pre_optimization,0.04257794734692743,0,0.32889850341900895,-0.013898503419008945,-0.013898503419008945,True,D:rise|G4[0]|G5[0]|G6[0]|G7[1]|OUT:rise,D -> G4 -> G5 -> G6 -> G7
1471,post_optimization,0.04257794734692743,0,0.31078236274986404,0.004217637250135964,0,False,D:rise|G4[0]|G5[0]|G6[0]|G7[1]|OUT:rise,D -> G4 -> G5 -> G6 -> G7
1472,pre_optimization,0.3260913124979697,0,0.3384212928193757,-0.023421292819375716,-0.023421292819375716,True,D:rise|G4[0]|G5[0]|G6[0]|G7[1]|OUT:rise,D -> G4 -> G5 -> G6 -> G7
1472,post_optimization,0.3260913124979697,0,0.31956026769763973,-0.0045602676976397305,-0.0045602676976397305,True,D:rise|G4[0]|G5[0]|G6[0]|G7[1]|OUT:rise,D -> G4 -> G5 -> G6 -> G7
1473,pre_optimization,0.853932380732988,0,0.3317044459101511,-0.016704445910151078,-0.016704445910151078,True,A:rise|G1[0]|G2[0]|G3[0]|G7[0]|OUT:rise,A -> G1 -> G2 -> G3 -> G7
1473,post_optimization,0.853932380732988,0,0.32099000390317056,-0.00599000390317056,-0.00599000390317056,True,A:rise|G1[0]|G2[0]|G3[0]|G7[0]|OUT:rise,A -> G1 -> G2 -> G3 -> G7
1474,pre_optimization,0.4247763461070078,0,0.3094393386351628,0.005560661364837183,0,False,A:rise|G1[0]|G2[0]|G3[0]|G7[0]|OUT:rise,A -> G1 -> G2 -> G3 -> G7
1474,post_optimization,0.4247763461070078,0,0.2999940918048627,0.015005908195137307,0,False,A:rise|G1[0]|G2[0]|G3[0]|G7[0]|OUT:rise,A -> G1 -> G2 -> G3 -> G7
1475,pre_optimization,0.4289850574460061,0,0.3246189309560502,-0.009618930956050209,-0.009618930956050209,True,D:rise|G4[0]|G5[0]|G6[0]|G7[1]|OUT:rise,D -> G4 -> G5 -> G6 -> G7
1475,post_optimization,0.4289850574460061,0,0.3057435036324726,0.0092564963675274,0,False,D:rise|G4[0]|G5[0]|G6[0]|G7[1]|OUT:rise,D -> G4 -> G5 -> G6 -> G7
1476,pre_optimization,-0.3046607388634299,0,0.32490517963608245,-0.00990517963608245,-0.00990517963608245,True,D:rise|G4[0]|G5[0]|G6[0]|G7[1]|OUT:rise,D -> G4 -> G5 -> G6 -> G7
1476,post_optimization,-0.3046607388634299,0,0.3111070554155457,0.0038929445844543276,0,False,A:rise|G1[0]|G2[0]|G3[0]|G7[0]|OUT:rise,A -> G1 -> G2 -> G3 -> G7
1477,pre_optimization,0.1853352471326625,0,0.32558956196726346,-0.010589561967263461,-0.010589561967263461,True,D:rise|G4[0]|G5[0]|G6[0]|G7[1]|OUT:rise,D -> G4 -> G5 -> G6 -> G7
1477,post_optimization,0.1853352471326625,0,0.30745290142101234,0.0075470985789876655,0,False,D:rise|G4[0]|G5[0]|G6[0]|G7[1]|OUT:rise,D -> G4 -> G5 -> G6 -> G7
1478,pre_optimization,-0.4787198355696706,0,0.31859162693667253,-0.0035916269366725317,-0.0035916269366725317,True,D:rise|G4[0]|G5[0]|G6[0]|G7[1]|OUT:rise,D -> G4 -> G5 -> G6 -> G7
1478,post_optimization,-0.4787198355696706,0,0.30115989833808177,0.013840101661918236,0,False,D:rise|G4[0]|G5[0]|G6[0]|G7[1]|OUT:rise,D -> G4 -> G5 -> G6 -> G7
1479,pre_optimization,0.28039175215569734,0,0.31916770272955486,-0.004167702729554856,-0.004167702729554856,True,D:rise|G4[0]|G5[0]|G6[0]|G7[1]|OUT:rise,D -> G4 -> G5 -> G6 -> G7
1479,post_optimization,0.28039175215569734,0,0.3036383560132204,0.01136164398677958,0,False,A:rise|G1[0]|G2[0]|G3[0]|G7[0]|OUT:rise,A -> G1 -> G2 -> G3 -> G7
1480,pre_optimization,1.737615218009129,0,0.3453535219730649,-0.0303535219730649,-0.0303535219730649,True,A:rise|G1[0]|G2[0]|G3[0]|G7[0]|OUT:rise,A -> G1 -> G2 -> G3 -> G7
1480,post_optimization,1.737615218009129,0,0.3309771090967034,-0.015977109096703412,-0.015977109096703412,True,A:rise|G1[0]|G2[0]|G3[0]|G7[0]|OUT:rise,A -> G1 -> G2 -> G3 -> G7
1481,pre_optimization,0.2963982459991807,0,0.3140525420556163,0.0009474579443837228,0,False,D:rise|G4[0]|G5[0]|G6[0]|G7[1]|OUT:rise,D -> G4 -> G5 -> G6 -> G7
1481,post_optimization,0.2963982459991807,0,0.297628174537021,0.017371825462978996,0,False,D:rise|G4[0]|G5[0]|G6[0]|G7[1]|OUT:rise,D -> G4 -> G5 -> G6 -> G7
1482,pre_optimization,-0.43399477313515294,0,0.30706381080243544,0.007936189197564558,0,False,A:rise|G1[0]|G2[0]|G3[0]|G7[0]|OUT:rise,A -> G1 -> G2 -> G3 -> G7
1482,post_optimization,-0.43399477313515294,0,0.294101447439713,0.020898552560286998,0,False,A:rise|G1[0]|G2[0]|G3[0]|G7[0]|OUT:rise,A -> G1 -> G2 -> G3 -> G7
1483,pre_optimization,0.4034205682812169,0,0.32489238801676795,-0.00989238801676795,-0.00989238801676795,True,D:rise|G4[0]|G5[0]|G6[0]|G7[1]|OUT:rise,D -> G4 -> G5 -> G6 -> G7
1483,post_optimization,0.4034205682812169,0,0.3062311888194534,0.00876881118054662,0,False,D:rise|G4[0]|G5[0]|G6[0]|G7[1]|OUT:rise,D -> G4 -> G5 -> G6 -> G7
1484,pre_optimization,-0.8682299794384416,0,0.3146483623736137,0.0003516376263862919,0,False,D:rise|G4[0]|G5[0]|G6[0]|G7[1]|OUT:rise,D -> G4 -> G5 -> G6 -> G7
1484,post_optimization,-0.8682299794384416,0,0.2957079684360897,0.019292031563910295,0,False,D:rise|G4[0]|G5[0]|G6[0]|G7[1]|OUT:rise,D -> G4 -> G5 -> G6 -> G7
1485,pre_optimization,1.1540684123945106,0,0.32150586653744023,-0.00650586653744023,-0.00650586653744023,True,A:rise|G1[0]|G2[0]|G3[0]|G7[0]|OUT:rise,A -> G1 -> G2 -> G3 -> G7
1485,post_optimization,1.1540684123945106,0,0.31054167836339636,0.004458321636603646,0,False,A:rise|G1[0]|G2[0]|G3[0]|G7[0]|OUT:rise,A -> G1 -> G2 -> G3 -> G7
1486,pre_optimization,-0.4534789447091545,0,0.3211710992980114,-0.0061710992980114066,-0.0061710992980114066,True,A:rise|G1[0]|G2[0]|G3[0]|G7[0]|OUT:rise,A -> G1 -> G2 -> G3 -> G7
1486,post_optimization,-0.4534789447091545,0,0.3088351450499568,0.006164854950043208,0,False,A:rise|G1[0]|G2[0]|G3[0]|G7[0]|OUT:rise,A -> G1 -> G2 -> G3 -> G7
1487,pre_optimization,-0.6104478382178637,0,0.31305262032231773,0.0019473796776822705,0,False,D:rise|G4[0]|G5[0]|G6[0]|G7[1]|OUT:rise,D -> G4 -> G5 -> G6 -> G7
1487,post_optimization,-0.6104478382178637,0,0.2966760662914616,0.01832393370853841,0,False,D:rise|G4[0]|G5[0]|G6[0]|G7[1]|OUT:rise,D -> G4 -> G5 -> G6 -> G7
1488,pre_optimization,-0.9468568747216806,0,0.30896906862552037,0.006030931374479631,0,False,D:rise|G4[0]|G5[0]|G6[0]|G7[1]|OUT:rise,D -> G4 -> G5 -> G6 -> G7
1488,post_optimization,-0.9468568747216806,0,0.2916741044285853,0.02332589557141468,0,False,D:rise|G4[0]|G5[0]|G6[0]|G7[1]|OUT:rise,D -> G4 -> G5 -> G6 -> G7
1489,pre_optimization,-0.2923967184722121,0,0.3286282088483885,-0.013628208848388501,-0.013628208848388501,True,D:rise|G4[0]|G5[0]|G6[0]|G7[1]|OUT:rise,D -> G4 -> G5 -> G6 -> G7
1489,post_optimization,-0.2923967184722121,0,0.30921780754526323,0.005782192454736768,0,False,A:rise|G1[0]|G2[0]|G3[0]|G7[0]|OUT:rise,A -> G1 -> G2 -> G3 -> G7
1490,pre_optimization,-0.9465102931875733,0,0.30900996426122923,0.0059900357387707714,0,False,D:rise|G4[0]|G5[0]|G6[0]|G7[1]|OUT:rise,D -> G4 -> G5 -> G6 -> G7
1490,post_optimization,-0.9465102931875733,0,0.2920029772572102,0.022997022742789808,0,False,D:rise|G4[0]|G5[0]|G6[0]|G7[1]|OUT:rise,D -> G4 -> G5 -> G6 -> G7
1491,pre_optimization,-0.002313038337246531,0,0.3279078699643218,-0.012907869964321805,-0.012907869964321805,True,D:rise|G4[0]|G5[0]|G6[0]|G7[1]|OUT:rise,D -> G4 -> G5 -> G6 -> G7
1491,post_optimization,-0.002313038337246531,0,0.30911836232461504,0.005881637675384965,0,False,D:rise|G4[0]|G5[0]|G6[0]|G7[1]|OUT:rise,D -> G4 -> G5 -> G6 -> G7
1492,pre_optimization,0.16556545395031155,0,0.3139387160163495,0.0010612839836505183,0,False,D:rise|G4[0]|G5[0]|G6[0]|G7[1]|OUT:rise,D -> G4 -> G5 -> G6 -> G7
1492,post_optimization,0.16556545395031155,0,0.29919184873635646,0.015808151263643544,0,False,A:rise|G1[0]|G2[0]|G3[0]|G7[0]|OUT:rise,A -> G1 -> G2 -> G3 -> G7
1493,pre_optimization,0.057202413443185704,0,0.3210600160970911,-0.006060016097091114,-0.006060016097091114,True,D:rise|G4[0]|G5[0]|G6[0]|G7[1]|OUT:rise,D -> G4 -> G5 -> G6 -> G7
1493,post_optimization,0.057202413443185704,0,0.306156117739103,0.008843882260896996,0,False,A:rise|G1[0]|G2[0]|G3[0]|G7[0]|OUT:rise,A -> G1 -> G2 -> G3 -> G7
1494,pre_optimization,1.4494158403881943,0,0.3472714915479148,-0.03227149154791481,-0.03227149154791481,True,D:rise|G4[0]|G5[0]|G6[0]|G7[1]|OUT:rise,D -> G4 -> G5 -> G6 -> G7
1494,post_optimization,1.4494158403881943,0,0.32921993965720947,-0.014219939657209468,-0.014219939657209468,True,A:rise|G1[0]|G2[0]|G3[0]|G7[0]|OUT:rise,A -> G1 -> G2 -> G3 -> G7
1495,pre_optimization,0.06719458795740951,0,0.30781552368609777,0.007184476313902233,0,False,A:rise|G1[0]|G2[0]|G3[0]|G7[0]|OUT:rise,A -> G1 -> G2 -> G3 -> G7
1495,post_optimization,0.06719458795740951,0,0.29317913918284394,0.021820860817156063,0,False,A:rise|G1[0]|G2[0]|G3[0]|G7[0]|OUT:rise,A -> G1 -> G2 -> G3 -> G7
1496,pre_optimization,0.595802553579994,0,0.3202553496284643,-0.005255349628464301,-0.005255349628464301,True,D:rise|G4[0]|G5[0]|G6[0]|G7[1]|OUT:rise,D -> G4 -> G5 -> G6 -> G7
1496,post_optimization,0.595802553579994,0,0.30484103831866793,0.010158961681332068,0,False,A:rise|G1[0]|G2[0]|G3[0]|G7[0]|OUT:rise,A -> G1 -> G2 -> G3 -> G7
1497,pre_optimization,-0.32283016726285546,0,0.3133212896656422,0.0016787103343577914,0,False,D:rise|G4[0]|G5[0]|G6[0]|G7[1]|OUT:rise,D -> G4 -> G5 -> G6 -> G7
1497,post_optimization,-0.32283016726285546,0,0.29582576277778894,0.019174237222211066,0,False,D:rise|G4[0]|G5[0]|G6[0]|G7[1]|OUT:rise,D -> G4 -> G5 -> G6 -> G7
1498,pre_optimization,0.06799716602800274,0,0.3030814052319249,0.011918594768075108,0,False,A:rise|G1[0]|G2[0]|G3[0]|G7[0]|OUT:rise,A -> G1 -> G2 -> G3 -> G7
1498,post_optimization,0.06799716602800274,0,0.2940022692584008,0.02099773074159922,0,False,A:rise|G1[0]|G2[0]|G3[0]|G7[0]|OUT:rise,A -> G1 -> G2 -> G3 -> G7
1499,pre_optimization,0.07172162969434337,0,0.32154897132415455,-0.006548971324154551,-0.006548971324154551,True,D:rise|G4[0]|G5[0]|G6[0]|G7[1]|OUT:rise,D -> G4 -> G5 -> G6 -> G7
1499,post_optimization,0.07172162969434337,0,0.3037679676843031,0.011232032315696916,0,False,D:rise|G4[0]|G5[0]|G6[0]|G7[1]|OUT:rise,D -> G4 -> G5 -> G6 -> G7
1500,pre_optimization,-1.5120342359867047,0,0.3052818176297499,0.009718182370250128,0,False,D:rise|G4[0]|G5[0]|G6[0]|G7[1]|OUT:rise,D -> G4 -> G5 -> G6 -> G7
1500,post_optimization,-1.5120342359867047,0,0.2887139146497851,0.026286085350214927,0,False,D:rise|G4[0]|G5[0]|G6[0]|G7[1]|OUT:rise,D -> G4 -> G5 -> G6 -> G7
1501,pre_optimization,-0.9814523443015024,0,0.3001626345662004,0.014837365433799599,0,False,A:rise|G1[0]|G2[0]|G3[0]|G7[0]|OUT:rise,A -> G1 -> G2 -> G3 -> G7
1501,post_optimization,-0.9814523443015024,0,0.28859805118971127,0.026401948810288733,0,False,A:rise|G1[0]|G2[0]|G3[0]|G7[0]|OUT:rise,A -> G1 -> G2 -> G3 -> G7
1502,pre_optimization,0.5263246866236376,0,0.32379639379939507,-0.008796393799395064,-0.008796393799395064,True,D:rise|G4[0]|G5[0]|G6[0]|G7[1]|OUT:rise,D -> G4 -> G5 -> G6 -> G7
1502,post_optimization,0.5263246866236376,0,0.30842599503972623,0.006574004960273772,0,False,A:rise|G1[0]|G2[0]|G3[0]|G7[0]|OUT:rise,A -> G1 -> G2 -> G3 -> G7
1503,pre_optimization,2.109258063595794,0,0.3413936666354237,-0.026393666635423696,-0.026393666635423696,True,A:rise|G1[0]|G2[0]|G3[0]|G7[0]|OUT:rise,A -> G1 -> G2 -> G3 -> G7
1503,post_optimization,2.109258063595794,0,0.3275490229774227,-0.012549022977422719,-0.012549022977422719,True,A:rise|G1[0]|G2[0]|G3[0]|G7[0]|OUT:rise,A -> G1 -> G2 -> G3 -> G7
1504,pre_optimization,0.9456206049957459,0,0.333797949987488,-0.018797949987488016,-0.018797949987488016,True,D:rise|G4[0]|G5[0]|G6[0]|G7[1]|OUT:rise,D -> G4 -> G5 -> G6 -> G7
1504,post_optimization,0.9456206049957459,0,0.3157505422127064,-0.0007505422127063732,-0.0007505422127063732,True,D:rise|G4[0]|G5[0]|G6[0]|G7[1]|OUT:rise,D -> G4 -> G5 -> G6 -> G7
1505,pre_optimization,-0.49639152236149464,0,0.3109370365715393,0.004062963428460686,0,False,A:rise|G1[0]|G2[0]|G3[0]|G7[0]|OUT:rise,A -> G1 -> G2 -> G3 -> G7
1505,post_optimization,-0.49639152236149464,0,0.30045120125713876,0.014548798742861246,0,False,A:rise|G1[0]|G2[0]|G3[0]|G7[0]|OUT:rise,A -> G1 -> G2 -> G3 -> G7
1506,pre_optimization,-0.48018861683111225,0,0.3159548708054942,-0.0009548708054942234,-0.0009548708054942234,True,A:rise|G1[0]|G2[0]|G3[0]|G7[0]|OUT:rise,A -> G1 -> G2 -> G3 -> G7
1506,post_optimization,-0.48018861683111225,0,0.2993037256781494,0.015696274321850612,0,False,A:rise|G1[0]|G2[0]|G3[0]|G7[0]|OUT:rise,A -> G1 -> G2 -> G3 -> G7
1507,pre_optimization,-0.7301440910447745,0,0.3199744351283734,-0.004974435128373422,-0.004974435128373422,True,D:rise|G4[0]|G5[0]|G6[0]|G7[1]|OUT:rise,D -> G4 -> G5 -> G6 -> G7
1507,post_optimization,-0.7301440910447745,0,0.3044089083155259,0.010591091684474085,0,False,A:rise|G1[0]|G2[0]|G3[0]|G7[0]|OUT:rise,A -> G1 -> G2 -> G3 -> G7
1508,pre_optimization,1.588150905915716,0,0.3352610014708754,-0.020261001470875395,-0.020261001470875395,True,D:rise|G4[0]|G5[0]|G6[0]|G7[1]|OUT:rise,D -> G4 -> G5 -> G6 -> G7
1508,post_optimization,1.588150905915716,0,0.3231845029018783,-0.008184502901878277,-0.008184502901878277,True,A:rise|G1[0]|G2[0]|G3[0]|G7[0]|OUT:rise,A -> G1 -> G2 -> G3 -> G7
1509,pre_optimization,-2.1164832202640618,0,0.3020708510283769,0.012929148971623117,0,False,D:rise|G4[0]|G5[0]|G6[0]|G7[1]|OUT:rise,D -> G4 -> G5 -> G6 -> G7
1509,post_optimization,-2.1164832202640618,0,0.2875390748446273,0.027460925155372684,0,False,D:rise|G4[0]|G5[0]|G6[0]|G7[1]|OUT:rise,D -> G4 -> G5 -> G6 -> G7
1510,pre_optimization,2.043226368538318,0,0.34683550248848155,-0.03183550248848155,-0.03183550248848155,True,A:rise|G1[0]|G2[0]|G3[0]|G7[0]|OUT:rise,A -> G1 -> G2 -> G3 -> G7
1510,post_optimization,2.043226368538318,0,0.33135483342436123,-0.016354833424361226,-0.016354833424361226,True,A:rise|G1[0]|G2[0]|G3[0]|G7[0]|OUT:rise,A -> G1 -> G2 -> G3 -> G7
1511,pre_optimization,0.7484993792667511,0,0.3384088812130325,-0.023408881213032473,-0.023408881213032473,True,A:rise|G1[0]|G2[0]|G3[0]|G7[0]|OUT:rise,A -> G1 -> G2 -> G3 -> G7
1511,post_optimization,0.7484993792667511,0,0.322929718626409,-0.00792971862640901,-0.00792971862640901,True,A:rise|G1[0]|G2[0]|G3[0]|G7[0]|OUT:rise,A -> G1 -> G2 -> G3 -> G7
1512,pre_optimization,-0.20259611020485957,0,0.31639072085812603,-0.0013907208581260266,-0.0013907208581260266,True,D:rise|G4[0]|G5[0]|G6[0]|G7[1]|OUT:rise,D -> G4 -> G5 -> G6 -> G7
1512,post_optimization,-0.20259611020485957,0,0.29919943378077585,0.015800566219224155,0,False,D:rise|G4[0]|G5[0]|G6[0]|G7[1]|OUT:rise,D -> G4 -> G5 -> G6 -> G7
1513,pre_optimization,-0.8443054541970296,0,0.31070364209614615,0.0042963579038538535,0,False,D:rise|G4[0]|G5[0]|G6[0]|G7[1]|OUT:rise,D -> G4 -> G5 -> G6 -> G7
1513,post_optimization,-0.8443054541970296,0,0.29508179980908783,0.019918200190912172,0,False,A:rise|G1[0]|G2[0]|G3[0]|G7[0]|OUT:rise,A -> G1 -> G2 -> G3 -> G7
1514,pre_optimization,-0.4727787631284927,0,0.3189176833834675,-0.003917683383467485,-0.003917683383467485,True,A:rise|G1[0]|G2[0]|G3[0]|G7[0]|OUT:rise,A -> G1 -> G2 -> G3 -> G7
1514,post_optimization,-0.4727787631284927,0,0.3029154504086033,0.01208454959139671,0,False,A:rise|G1[0]|G2[0]|G3[0]|G7[0]|OUT:rise,A -> G1 -> G2 -> G3 -> G7
1515,pre_optimization,-0.7182690176640834,0,0.30944854270385524,0.005551457296144757,0,False,A:rise|G1[0]|G2[0]|G3[0]|G7[0]|OUT:rise,A -> G1 -> G2 -> G3 -> G7
1515,post_optimization,-0.7182690176640834,0,0.3003144162592854,0.014685583740714603,0,False,A:rise|G1[0]|G2[0]|G3[0]|G7[0]|OUT:rise,A -> G1 -> G2 -> G3 -> G7
1516,pre_optimization,1.9171050176082511,0,0.3365781841653135,-0.021578184165313485,-0.021578184165313485,True,A:rise|G1[0]|G2[0]|G3[0]|G7[0]|OUT:rise,A -> G1 -> G2 -> G3 -> G7
1516,post_optimization,1.9171050176082511,0,0.32537297362760725,-0.010372973627607252,-0.010372973627607252,True,A:rise|G1[0]|G2[0]|G3[0]|G7[0]|OUT:rise,A -> G1 -> G2 -> G3 -> G7
1517,pre_optimization,1.2053059652876124,0,0.32724167711506225,-0.012241677115062244,-0.012241677115062244,True,D:rise|G4[0]|G5[0]|G6[0]|G7[1]|OUT:rise,D -> G4 -> G5 -> G6 -> G7
1517,post_optimization,1.2053059652876124,0,0.31155200727057375,0.0034479927294262525,0,False,A:rise|G1[0]|G2[0]|G3[0]|G7[0]|OUT:rise,A -> G1 -> G2 -> G3 -> G7
1518,pre_optimization,-0.7183831376621669,0,0.30406963099359896,0.010930369006401042,0,False,D:rise|G4[0]|G5[0]|G6[0]|G7[1]|OUT:rise,D -> G4 -> G5 -> G6 -> G7
1518,post_optimization,-0.7183831376621669,0,0.29094025018414366,0.024059749815856346,0,False,A:rise|G1[0]|G2[0]|G3[0]|G7[0]|OUT:rise,A -> G1 -> G2 -> G3 -> G7
1519,pre_optimization,-0.6083384128881949,0,0.30633603175942686,0.008663968240573139,0,False,D:rise|G4[0]|G5[0]|G6[0]|G7[1]|OUT:rise,D -> G4 -> G5 -> G6 -> G7
1519,post_optimization,-0.6083384128881949,0,0.2907714470614602,0.024228552938539816,0,False,A:rise|G1[0]|G2[0]|G3[0]|G7[0]|OUT:rise,A -> G1 -> G2 -> G3 -> G7
1520,pre_optimization,0.8753123176233911,0,0.3189691704807007,-0.003969170480700723,-0.003969170480700723,True,D:rise|G4[0]|G5[0]|G6[0]|G7[1]|OUT:rise,D -> G4 -> G5 -> G6 -> G7
1520,post_optimization,0.8753123176233911,0,0.30420464340435627,0.010795356595643735,0,False,A:rise|G1[0]|G2[0]|G3[0]|G7[0]|OUT:rise,A -> G1 -> G2 -> G3 -> G7
1521,pre_optimization,0.43396335933881347,0,0.3265927279276064,-0.011592727927606405,-0.011592727927606405,True,A:rise|G1[0]|G2[0]|G3[0]|G7[0]|OUT:rise,A -> G1 -> G2 -> G3 -> G7
1521,post_optimization,0.43396335933881347,0,0.3131864056478221,0.0018135943521779274,0,False,A:rise|G1[0]|G2[0]|G3[0]|G7[0]|OUT:rise,A -> G1 -> G2 -> G3 -> G7
1522,pre_optimization,-0.3430728005663476,0,0.3046017529854037,0.010398247014596296,0,False,A:rise|G1[0]|G2[0]|G3[0]|G7[0]|OUT:rise,A -> G1 -> G2 -> G3 -> G7
1522,post_optimization,-0.3430728005663476,0,0.2931228315244483,0.02187716847555171,0,False,A:rise|G1[0]|G2[0]|G3[0]|G7[0]|OUT:rise,A -> G1 -> G2 -> G3 -> G7
1523,pre_optimization,0.20350224455834248,0,0.3276096828324684,-0.012609682832468383,-0.012609682832468383,True,D:rise|G4[0]|G5[0]|G6[0]|G7[1]|OUT:rise,D -> G4 -> G5 -> G6 -> G7
1523,post_optimization,0.20350224455834248,0,0.3097893460932521,0.0052106539067479085,0,False,D:rise|G4[0]|G5[0]|G6[0]|G7[1]|OUT:rise,D -> G4 -> G5 -> G6 -> G7
1524,pre_optimization,0.24107586432504863,0,0.32176142641335637,-0.006761426413356364,-0.006761426413356364,True,D:rise|G4[0]|G5[0]|G6[0]|G7[1]|OUT:rise,D -> G4 -> G5 -> G6 -> G7
1524,post_optimization,0.24107586432504863,0,0.30847576142692074,0.006524238573079266,0,False,A:rise|G1[0]|G2[0]|G3[0]|G7[0]|OUT:rise,A -> G1 -> G2 -> G3 -> G7
1525,pre_optimization,1.773021618083865,0,0.3394092386856498,-0.024409238685649814,-0.024409238685649814,True,D:rise|G4[0]|G5[0]|G6[0]|G7[1]|OUT:rise,D -> G4 -> G5 -> G6 -> G7
1525,post_optimization,1.773021618083865,0,0.3208731904942267,-0.005873190494226688,-0.005873190494226688,True,D:rise|G4[0]|G5[0]|G6[0]|G7[1]|OUT:rise,D -> G4 -> G5 -> G6 -> G7
1526,pre_optimization,-0.887461950851838,0,0.31181903826330715,0.0031809617366928555,0,False,A:rise|G1[0]|G2[0]|G3[0]|G7[0]|OUT:rise,A -> G1 -> G2 -> G3 -> G7
1526,post_optimization,-0.887461950851838,0,0.2997073235728289,0.015292676427171081,0,False,A:rise|G1[0]|G2[0]|G3[0]|G7[0]|OUT:rise,A -> G1 -> G2 -> G3 -> G7
1527,pre_optimization,0.05106677175020966,0,0.32967532514612147,-0.014675325146121465,-0.014675325146121465,True,D:rise|G4[0]|G5[0]|G6[0]|G7[1]|OUT:rise,D -> G4 -> G5 -> G6 -> G7
1527,post_optimization,0.05106677175020966,0,0.3097715664633816,0.005228433536618393,0,False,D:rise|G4[0]|G5[0]|G6[0]|G7[1]|OUT:rise,D -> G4 -> G5 -> G6 -> G7
1528,pre_optimization,1.5522852948302008,0,0.344831050030511,-0.029831050030511008,-0.029831050030511008,True,A:rise|G1[0]|G2[0]|G3[0]|G7[0]|OUT:rise,A -> G1 -> G2 -> G3 -> G7
1528,post_optimization,1.5522852948302008,0,0.333812967532643,-0.018812967532643,-0.018812967532643,True,A:rise|G1[0]|G2[0]|G3[0]|G7[0]|OUT:rise,A -> G1 -> G2 -> G3 -> G7
1529,pre_optimization,1.1249100452383454,0,0.33756378473280746,-0.022563784732807457,-0.022563784732807457,True,A:rise|G1[0]|G2[0]|G3[0]|G7[0]|OUT:rise,A -> G1 -> G2 -> G3 -> G7
1529,post_optimization,1.1249100452383454,0,0.3230820783804547,-0.008082078380454716,-0.008082078380454716,True,A:rise|G1[0]|G2[0]|G3[0]|G7[0]|OUT:rise,A -> G1 -> G2 -> G3 -> G7
1530,pre_optimization,2.2567595606502717,0,0.34043584760763695,-0.025435847607636952,-0.025435847607636952,True,D:rise|G4[0]|G5[0]|G6[0]|G7[1]|OUT:rise,D -> G4 -> G5 -> G6 -> G7
1530,post_optimization,2.2567595606502717,0,0.32081039943319933,-0.005810399433199331,-0.005810399433199331,True,D:rise|G4[0]|G5[0]|G6[0]|G7[1]|OUT:rise,D -> G4 -> G5 -> G6 -> G7
1531,pre_optimization,0.4119794133306588,0,0.3119239987094353,0.0030760012905646783,0,False,D:rise|G4[0]|G5[0]|G6[0]|G7[1]|OUT:rise,D -> G4 -> G5 -> G6 -> G7
1531,post_optimization,0.4119794133306588,0,0.2980915782392709,0.016908421760729098,0,False,A:rise|G1[0]|G2[0]|G3[0]|G7[0]|OUT:rise,A -> G1 -> G2 -> G3 -> G7
1532,pre_optimization,-0.16407217356628698,0,0.3146502847213805,0.00034971527861948903,0,False,A:rise|G1[0]|G2[0]|G3[0]|G7[0]|OUT:rise,A -> G1 -> G2 -> G3 -> G7
1532,post_optimization,-0.16407217356628698,0,0.30172800905768865,0.013271990942311351,0,False,A:rise|G1[0]|G2[0]|G3[0]|G7[0]|OUT:rise,A -> G1 -> G2 -> G3 -> G7
1533,pre_optimization,1.9614655163976926,0,0.34080440414060603,-0.02580440414060603,-0.02580440414060603,True,A:rise|G1[0]|G2[0]|G3[0]|G7[0]|OUT:rise,A -> G1 -> G2 -> G3 -> G7
1533,post_optimization,1.9614655163976926,0,0.32476610692937424,-0.00976610692937424,-0.00976610692937424,True,A:rise|G1[0]|G2[0]|G3[0]|G7[0]|OUT:rise,A -> G1 -> G2 -> G3 -> G7
1534,pre_optimization,-0.06417659302634446,0,0.3230374700080406,-0.008037470008040615,-0.008037470008040615,True,D:rise|G4[0]|G5[0]|G6[0]|G7[1]|OUT:rise,D -> G4 -> G5 -> G6 -> G7
1534,post_optimization,-0.06417659302634446,0,0.3056382877156904,0.009361712284309598,0,False,D:rise|G4[0]|G5[0]|G6[0]|G7[1]|OUT:rise,D -> G4 -> G5 -> G6 -> G7
1535,pre_optimization,3.114049593587309,0,0.34492637225296785,-0.029926372252967848,-0.029926372252967848,True,D:rise|G4[0]|G5[0]|G6[0]|G7[1]|OUT:rise,D -> G4 -> G5 -> G6 -> G7
1535,post_optimization,3.114049593587309,0,0.32563591941717707,-0.010635919417177064,-0.010635919417177064,True,D:rise|G4[0]|G5[0]|G6[0]|G7[1]|OUT:rise,D -> G4 -> G5 -> G6 -> G7
1536,pre_optimization,-0.5029479874375684,0,0.30967447181297625,0.005325528187023754,0,False,D:rise|G4[0]|G5[0]|G6[0]|G7[1]|OUT:rise,D -> G4 -> G5 -> G6 -> G7
1536,post_optimization,-0.5029479874375684,0,0.297050172788384,0.017949827211615976,0,False,A:rise|G1[0]|G2[0]|G3[0]|G7[0]|OUT:rise,A -> G1 -> G2 -> G3 -> G7
1537,pre_optimization,1.7962932796741375,0,0.3392869579568586,-0.02428695795685859,-0.02428695795685859,True,D:rise|G4[0]|G5[0]|G6[0]|G7[1]|OUT:rise,D -> G4 -> G5 -> G6 -> G7
1537,post_optimization,1.7962932796741375,0,0.31984386410577026,-0.004843864105770257,-0.004843864105770257,True,D:rise|G4[0]|G5[0]|G6[0]|G7[1]|OUT:rise,D -> G4 -> G5 -> G6 -> G7
1538,pre_optimization,0.599555334115783,0,0.31909700351285875,-0.004097003512858743,-0.004097003512858743,True,D:rise|G4[0]|G5[0]|G6[0]|G7[1]|OUT:rise,D -> G4 -> G5 -> G6 -> G7
1538,post_optimization,0.599555334115783,0,0.3033933000519518,0.011606699948048194,0,False,D:rise|G4[0]|G5[0]|G6[0]|G7[1]|OUT:rise,D -> G4 -> G5 -> G6 -> G7
1539,pre_optimization,0.7638290139971784,0,0.3465558638486309,-0.031555863848630905,-0.031555863848630905,True,D:rise|G4[0]|G5[0]|G6[0]|G7[1]|OUT:rise,D -> G4 -> G5 -> G6 -> G7
1539,post_optimization,0.7638290139971784,0,0.32581237526900253,-0.010812375269002528,-0.010812375269002528,True,D:rise|G4[0]|G5[0]|G6[0]|G7[1]|OUT:rise,D -> G4 -> G5 -> G6 -> G7
1540,pre_optimization,0.38671475526551585,0,0.3124833391276383,0.002516660872361687,0,False,A:rise|G1[0]|G2[0]|G3[0]|G7[0]|OUT:rise,A -> G1 -> G2 -> G3 -> G7
1540,post_optimization,0.38671475526551585,0,0.2993358590737424,0.01566414092625762,0,False,A:rise|G1[0]|G2[0]|G3[0]|G7[0]|OUT:rise,A -> G1 -> G2 -> G3 -> G7
1541,pre_optimization,-0.10867227910315515,0,0.325247903271843,-0.010247903271842995,-0.010247903271842995,True,A:rise|G1[0]|G2[0]|G3[0]|G7[0]|OUT:rise,A -> G1 -> G2 -> G3 -> G7
1541,post_optimization,-0.10867227910315515,0,0.308765984725015,0.006234015274985016,0,False,A:rise|G1[0]|G2[0]|G3[0]|G7[0]|OUT:rise,A -> G1 -> G2 -> G3 -> G7
1542,pre_optimization,0.1798803842540532,0,0.3237062161457749,-0.008706216145774881,-0.008706216145774881,True,A:rise|G1[0]|G2[0]|G3[0]|G7[0]|OUT:rise,A -> G1 -> G2 -> G3 -> G7
1542,post_optimization,0.1798803842540532,0,0.307831012030832,0.007168987969167984,0,False,A:rise|G1[0]|G2[0]|G3[0]|G7[0]|OUT:rise,A -> G1 -> G2 -> G3 -> G7
1543,pre_optimization,0.8131899676908374,0,0.32459184040478656,-0.009591840404786556,-0.009591840404786556,True,D:rise|G4[0]|G5[0]|G6[0]|G7[1]|OUT:rise,D -> G4 -> G5 -> G6 -> G7
1543,post_optimization,0.8131899676908374,0,0.30992953318920197,0.0050704668107980355,0,False,A:rise|G1[0]|G2[0]|G3[0]|G7[0]|OUT:rise,A -> G1 -> G2 -> G3 -> G7
1544,pre_optimization,0.6942329406472101,0,0.32285314285217437,-0.007853142852174366,-0.007853142852174366,True,A:rise|G1[0]|G2[0]|G3[0]|G7[0]|OUT:rise,A -> G1 -> G2 -> G3 -> G7
1544,post_optimization,0.6942329406472101,0,0.3090164864950413,0.005983513504958682,0,False,A:rise|G1[0]|G2[0]|G3[0]|G7[0]|OUT:rise,A -> G1 -> G2 -> G3 -> G7
1545,pre_optimization,0.8351367865040433,0,0.330110064054378,-0.01511006405437798,-0.01511006405437798,True,A:rise|G1[0]|G2[0]|G3[0]|G7[0]|OUT:rise,A -> G1 -> G2 -> G3 -> G7
1545,post_optimization,0.8351367865040433,0,0.3158044897442318,-0.0008044897442318066,-0.0008044897442318066,True,A:rise|G1[0]|G2[0]|G3[0]|G7[0]|OUT:rise,A -> G1 -> G2 -> G3 -> G7
1546,pre_optimization,1.0936536312813672,0,0.32311988794938834,-0.008119887949388338,-0.008119887949388338,True,D:rise|G4[0]|G5[0]|G6[0]|G7[1]|OUT:rise,D -> G4 -> G5 -> G6 -> G7
1546,post_optimization,1.0936536312813672,0,0.3041779404948949,0.01082205950510512,0,False,D:rise|G4[0]|G5[0]|G6[0]|G7[1]|OUT:rise,D -> G4 -> G5 -> G6 -> G7
1547,pre_optimization,-0.3248436984705861,0,0.3127531422802503,0.0022468577197496953,0,False,D:rise|G4[0]|G5[0]|G6[0]|G7[1]|OUT:rise,D -> G4 -> G5 -> G6 -> G7
1547,post_optimization,-0.3248436984705861,0,0.2960620500267459,0.018937949973254098,0,False,D:rise|G4[0]|G5[0]|G6[0]|G7[1]|OUT:rise,D -> G4 -> G5 -> G6 -> G7
1548,pre_optimization,-0.2931629624628223,0,0.335982607190139,-0.020982607190139002,-0.020982607190139002,True,D:rise|G4[0]|G5[0]|G6[0]|G7[1]|OUT:rise,D -> G4 -> G5 -> G6 -> G7
1548,post_optimization,-0.2931629624628223,0,0.3159232517422188,-0.0009232517422188002,-0.0009232517422188002,True,D:rise|G4[0]|G5[0]|G6[0]|G7[1]|OUT:rise,D -> G4 -> G5 -> G6 -> G7
1549,pre_optimization,1.2732077778170474,0,0.32485866536654395,-0.00985866536654395,-0.00985866536654395,True,D:rise|G4[0]|G5[0]|G6[0]|G7[1]|OUT:rise,D -> G4 -> G5 -> G6 -> G7
1549,post_optimization,1.2732077778170474,0,0.31028938576556064,0.004710614234439359,0,False,A:rise|G1[0]|G2[0]|G3[0]|G7[0]|OUT:rise,A -> G1 -> G2 -> G3 -> G7
1550,pre_optimization,1.4307102151004274,0,0.337188054721288,-0.022188054721287986,-0.022188054721287986,True,A:rise|G1[0]|G2[0]|G3[0]|G7[0]|OUT:rise,A -> G1 -> G2 -> G3 -> G7
1550,post_optimization,1.4307102151004274,0,0.3222299666502285,-0.007229966650228514,-0.007229966650228514,True,A:rise|G1[0]|G2[0]|G3[0]|G7[0]|OUT:rise,A -> G1 -> G2 -> G3 -> G7
1551,pre_optimization,-0.7578582429010172,0,0.32293210278399803,-0.00793210278399803,-0.00793210278399803,True,D:rise|G4[0]|G5[0]|G6[0]|G7[1]|OUT:rise,D -> G4 -> G5 -> G6 -> G7
1551,post_optimization,-0.7578582429010172,0,0.3061346968405152,0.008865303159484805,0,False,D:rise|G4[0]|G5[0]|G6[0]|G7[1]|OUT:rise,D -> G4 -> G5 -> G6 -> G7
1552,pre_optimization,-1.4007748951859817,0,0.3127461322840795,0.00225386771592051,0,False,A:rise|G1[0]|G2[0]|G3[0]|G7[0]|OUT:rise,A -> G1 -> G2 -> G3 -> G7
1552,post_optimization,-1.4007748951859817,0,0.30217741924239183,0.01282258075760817,0,False,A:rise|G1[0]|G2[0]|G3[0]|G7[0]|OUT:rise,A -> G1 -> G2 -> G3 -> G7
1553,pre_optimization,0.7504513153721692,0,0.3266488033630277,-0.011648803363027704,-0.011648803363027704,True,A:rise|G1[0]|G2[0]|G3[0]|G7[0]|OUT:rise,A -> G1 -> G2 -> G3 -> G7
1553,post_optimization,0.7504513153721692,0,0.31107815952716555,0.003921840472834448,0,False,A:rise|G1[0]|G2[0]|G3[0]|G7[0]|OUT:rise,A -> G1 -> G2 -> G3 -> G7
1554,pre_optimization,0.05018884371123842,0,0.31108362946786183,0.003916370532138169,0,False,A:rise|G1[0]|G2[0]|G3[0]|G7[0]|OUT:rise,A -> G1 -> G2 -> G3 -> G7
1554,post_optimization,0.05018884371123842,0,0.29996503487947024,0.015034965120529764,0,False,A:rise|G1[0]|G2[0]|G3[0]|G7[0]|OUT:rise,A -> G1 -> G2 -> G3 -> G7
1555,pre_optimization,-2.2685379442912987,0,0.2878059677542831,0.027194032245716926,0,False,D:rise|G4[0]|G5[0]|G6[0]|G7[1]|OUT:rise,D -> G4 -> G5 -> G6 -> G7
1555,post_optimization,-2.2685379442912987,0,0.2730563073513371,0.04194369264866288,0,False,D:rise|G4[0]|G5[0]|G6[0]|G7[1]|OUT:rise,D -> G4 -> G5 -> G6 -> G7
1556,pre_optimization,0.6825268215200625,0,0.3080857972388029,0.006914202761197086,0,False,D:rise|G4[0]|G5[0]|G6[0]|G7[1]|OUT:rise,D -> G4 -> G5 -> G6 -> G7
1556,post_optimization,0.6825268215200625,0,0.29218602048680764,0.02281397951319236,0,False,A:rise|G1[0]|G2[0]|G3[0]|G7[0]|OUT:rise,A -> G1 -> G2 -> G3 -> G7
1557,pre_optimization,1.0157125585898055,0,0.3346319345974708,-0.019631934597470813,-0.019631934597470813,True,A:rise|G1[0]|G2[0]|G3[0]|G7[0]|OUT:rise,A -> G1 -> G2 -> G3 -> G7
1557,post_optimization,1.0157125585898055,0,0.3219480357011377,-0.0069480357011377225,-0.0069480357011377225,True,A:rise|G1[0]|G2[0]|G3[0]|G7[0]|OUT:rise,A -> G1 -> G2 -> G3 -> G7
1558,pre_optimization,0.11103346442106175,0,0.3154036673416084,-0.00040366734160840467,-0.00040366734160840467,True,D:rise|G4[0]|G5[0]|G6[0]|G7[1]|OUT:rise,D -> G4 -> G5 -> G6 -> G7
1558,post_optimization,0.11103346442106175,0,0.29942254569859444,0.015577454301405558,0,False,A:rise|G1[0]|G2[0]|G3[0]|G7[0]|OUT:rise,A -> G1 -> G2 -> G3 -> G7
1559,pre_optimization,-0.5657160489811855,0,0.29877610667887033,0.016223893321129668,0,False,A:rise|G1[0]|G2[0]|G3[0]|G7[0]|OUT:rise,A -> G1 -> G2 -> G3 -> G7
1559,post_optimization,-0.5657160489811855,0,0.28527540184767286,0.029724598152327142,0,False,A:rise|G1[0]|G2[0]|G3[0]|G7[0]|OUT:rise,A -> G1 -> G2 -> G3 -> G7
1560,pre_optimization,-0.6051405758729189,0,0.3114934581503209,0.003506541849679079,0,False,A:rise|G1[0]|G2[0]|G3[0]|G7[0]|OUT:rise,A -> G1 -> G2 -> G3 -> G7
1560,post_optimization,-0.6051405758729189,0,0.299403410847696,0.015596589152303997,0,False,A:rise|G1[0]|G2[0]|G3[0]|G7[0]|OUT:rise,A -> G1 -> G2 -> G3 -> G7
1561,pre_optimization,-0.8759947830716865,0,0.32689036275970734,-0.01189036275970734,-0.01189036275970734,True,D:rise|G4[0]|G5[0]|G6[0]|G7[1]|OUT:rise,D -> G4 -> G5 -> G6 -> G7
1561,post_optimization,-0.8759947830716865,0,0.3069553200378362,0.008044679962163792,0,False,D:rise|G4[0]|G5[0]|G6[0]|G7[1]|OUT:rise,D -> G4 -> G5 -> G6 -> G7
1562,pre_optimization,0.12905625345858376,0,0.330702164393494,-0.015702164393493978,-0.015702164393493978,True,A:rise|G1[0]|G2[0]|G3[0]|G7[0]|OUT:rise,A -> G1 -> G2 -> G3 -> G7
1562,post_optimization,0.12905625345858376,0,0.31717750509808024,-0.0021775050980802346,-0.0021775050980802346,True,A:rise|G1[0]|G2[0]|G3[0]|G7[0]|OUT:rise,A -> G1 -> G2 -> G3 -> G7
1563,pre_optimization,-1.3631962381671998,0,0.29606526279727186,0.018934737202728147,0,False,D:rise|G4[0]|G5[0]|G6[0]|G7[1]|OUT:rise,D -> G4 -> G5 -> G6 -> G7
1563,post_optimization,-1.3631962381671998,0,0.2847013740491807,0.03029862595081928,0,False,A:rise|G1[0]|G2[0]|G3[0]|G7[0]|OUT:rise,A -> G1 -> G2 -> G3 -> G7
1564,pre_optimization,-0.6442815910662671,0,0.31218959438397176,0.0028104056160282442,0,False,A:rise|G1[0]|G2[0]|G3[0]|G7[0]|OUT:rise,A -> G1 -> G2 -> G3 -> G7
1564,post_optimization,-0.6442815910662671,0,0.30013240974459077,0.014867590255409235,0,False,A:rise|G1[0]|G2[0]|G3[0]|G7[0]|OUT:rise,A -> G1 -> G2 -> G3 -> G7
1565,pre_optimization,0.8293771000533793,0,0.33080113214148055,-0.015801132141480545,-0.015801132141480545,True,A:rise|G1[0]|G2[0]|G3[0]|G7[0]|OUT:rise,A -> G1 -> G2 -> G3 -> G7
1565,post_optimization,0.8293771000533793,0,0.31671518273022653,-0.0017151827302265277,-0.0017151827302265277,True,A:rise|G1[0]|G2[0]|G3[0]|G7[0]|OUT:rise,A -> G1 -> G2 -> G3 -> G7
1566,pre_optimization,0.4049664600276389,0,0.32528292691009575,-0.010282926910095747,-0.010282926910095747,True,A:rise|G1[0]|G2[0]|G3[0]|G7[0]|OUT:rise,A -> G1 -> G2 -> G3 -> G7
1566,post_optimization,0.4049664600276389,0,0.31073369384486454,0.0042663061551354575,0,False,A:rise|G1[0]|G2[0]|G3[0]|G7[0]|OUT:rise,A -> G1 -> G2 -> G3 -> G7
1567,pre_optimization,0.3028755621346899,0,0.3162470219002588,-0.0012470219002587712,-0.0012470219002587712,True,D:rise|G4[0]|G5[0]|G6[0]|G7[1]|OUT:rise,D -> G4 -> G5 -> G6 -> G7
1567,post_optimization,0.3028755621346899,0,0.2991551734420852,0.015844826557914804,0,False,D:rise|G4[0]|G5[0]|G6[0]|G7[1]|OUT:rise,D -> G4 -> G5 -> G6 -> G7
1568,pre_optimization,-2.0708077025439944,0,0.2861195755739102,0.02888042442608979,0,False,D:rise|G4[0]|G5[0]|G6[0]|G7[1]|OUT:rise,D -> G4 -> G5 -> G6 -> G7
1568,post_optimization,-2.0708077025439944,0,0.2736086005775869,0.0413913994224131,0,False,A:rise|G1[0]|G2[0]|G3[0]|G7[0]|OUT:rise,A -> G1 -> G2 -> G3 -> G7
1569,pre_optimization,1.6740654138076814,0,0.3377784092353665,-0.022778409235366504,-0.022778409235366504,True,A:rise|G1[0]|G2[0]|G3[0]|G7[0]|OUT:rise,A -> G1 -> G2 -> G3 -> G7
1569,post_optimization,1.6740654138076814,0,0.3225723719101846,-0.0075723719101846165,-0.0075723719101846165,True,A:rise|G1[0]|G2[0]|G3[0]|G7[0]|OUT:rise,A -> G1 -> G2 -> G3 -> G7
1570,pre_optimization,0.6853611175555415,0,0.3144316450842411,0.0005683549157589063,0,False,A:rise|G1[0]|G2[0]|G3[0]|G7[0]|OUT:rise,A -> G1 -> G2 -> G3 -> G7
1570,post_optimization,0.6853611175555415,0,0.3019883022247651,0.01301169777523492,0,False,A:rise|G1[0]|G2[0]|G3[0]|G7[0]|OUT:rise,A -> G1 -> G2 -> G3 -> G7
1571,pre_optimization,-0.08458109934452657,0,0.32205983045898134,-0.007059830458981342,-0.007059830458981342,True,D:rise|G4[0]|G5[0]|G6[0]|G7[1]|OUT:rise,D -> G4 -> G5 -> G6 -> G7
1571,post_optimization,-0.08458109934452657,0,0.30513551542382633,0.009864484576173671,0,False,D:rise|G4[0]|G5[0]|G6[0]|G7[1]|OUT:rise,D -> G4 -> G5 -> G6 -> G7
1572,pre_optimization,0.027633738475306747,0,0.32176967236484844,-0.006769672364848434,-0.006769672364848434,True,A:rise|G1[0]|G2[0]|G3[0]|G7[0]|OUT:rise,A -> G1 -> G2 -> G3 -> G7
1572,post_optimization,0.027633738475306747,0,0.3087189777986966,0.006281022201303388,0,False,A:rise|G1[0]|G2[0]|G3[0]|G7[0]|OUT:rise,A -> G1 -> G2 -> G3 -> G7
1573,pre_optimization,1.7696112221093485,0,0.32901982754616144,-0.014019827546161434,-0.014019827546161434,True,A:rise|G1[0]|G2[0]|G3[0]|G7[0]|OUT:rise,A -> G1 -> G2 -> G3 -> G7
1573,post_optimization,1.7696112221093485,0,0.3165515905154609,-0.0015515905154608878,-0.0015515905154608878,True,A:rise|G1[0]|G2[0]|G3[0]|G7[0]|OUT:rise,A -> G1 -> G2 -> G3 -> G7
1574,pre_optimization,-0.4415515927570419,0,0.3141070533326131,0.0008929466673869291,0,False,A:rise|G1[0]|G2[0]|G3[0]|G7[0]|OUT:rise,A -> G1 -> G2 -> G3 -> G7
1574,post_optimization,-0.4415515927570419,0,0.3013744682968219,0.013625531703178095,0,False,A:rise|G1[0]|G2[0]|G3[0]|G7[0]|OUT:rise,A -> G1 -> G2 -> G3 -> G7
1575,pre_optimization,-1.1088663782680526,0,0.30880622582813544,0.006193774171864563,0,False,D:rise|G4[0]|G5[0]|G6[0]|G7[1]|OUT:rise,D -> G4 -> G5 -> G6 -> G7
1575,post_optimization,-1.1088663782680526,0,0.2928168853878438,0.02218311461215622,0,False,D:rise|G4[0]|G5[0]|G6[0]|G7[1]|OUT:rise,D -> G4 -> G5 -> G6 -> G7
1576,pre_optimization,0.3856960891961088,0,0.31966600998806705,-0.004666009988067044,-0.004666009988067044,True,D:rise|G4[0]|G5[0]|G6[0]|G7[1]|OUT:rise,D -> G4 -> G5 -> G6 -> G7
1576,post_optimization,0.3856960891961088,0,0.30222261716065274,0.012777382839347262,0,False,D:rise|G4[0]|G5[0]|G6[0]|G7[1]|OUT:rise,D -> G4 -> G5 -> G6 -> G7
1577,pre_optimization,-0.2848255580517077,0,0.3116576546245866,0.0033423453754133914,0,False,D:rise|G4[0]|G5[0]|G6[0]|G7[1]|OUT:rise,D -> G4 -> G5 -> G6 -> G7
1577,post_optimization,-0.2848255580517077,0,0.2951947052077012,0.01980529479229881,0,False,A:rise|G1[0]|G2[0]|G3[0]|G7[0]|OUT:rise,A -> G1 -> G2 -> G3 -> G7
1578,pre_optimization,-0.5490735207477859,0,0.3239201703418473,-0.008920170341847278,-0.008920170341847278,True,D:rise|G4[0]|G5[0]|G6[0]|G7[1]|OUT:rise,D -> G4 -> G5 -> G6 -> G7
1578,post_optimization,-0.5490735207477859,0,0.3028303861805349,0.012169613819465075,0,False,D:rise|G4[0]|G5[0]|G6[0]|G7[1]|OUT:rise,D -> G4 -> G5 -> G6 -> G7
1579,pre_optimization,0.7950107650861642,0,0.3199472134643001,-0.004947213464300104,-0.004947213464300104,True,A:rise|G1[0]|G2[0]|G3[0]|G7[0]|OUT:rise,A -> G1 -> G2 -> G3 -> G7
1579,post_optimization,0.7950107650861642,0,0.30745798597747825,0.007542014022521748,0,False,A:rise|G1[0]|G2[0]|G3[0]|G7[0]|OUT:rise,A -> G1 -> G2 -> G3 -> G7
1580,pre_optimization,-0.8004005171555582,0,0.31900584514989183,-0.004005845149891829,-0.004005845149891829,True,D:rise|G4[0]|G5[0]|G6[0]|G7[1]|OUT:rise,D -> G4 -> G5 -> G6 -> G7
1580,post_optimization,-0.8004005171555582,0,0.3014472105587262,0.013552789441273805,0,False,D:rise|G4[0]|G5[0]|G6[0]|G7[1]|OUT:rise,D -> G4 -> G5 -> G6 -> G7
1581,pre_optimization,-1.8096508481509588,0,0.3044752683461408,0.010524731653859198,0,False,D:rise|G4[0]|G5[0]|G6[0]|G7[1]|OUT:rise,D -> G4 -> G5 -> G6 -> G7
1581,post_optimization,-1.8096508481509588,0,0.2863592136185883,0.02864078638141171,0,False,D:rise|G4[0]|G5[0]|G6[0]|G7[1]|OUT:rise,D -> G4 -> G5 -> G6 -> G7
1582,pre_optimization,-0.09362621877808235,0,0.32831976868617785,-0.013319768686177846,-0.013319768686177846,True,A:rise|G1[0]|G2[0]|G3[0]|G7[0]|OUT:rise,A -> G1 -> G2 -> G3 -> G7
1582,post_optimization,-0.09362621877808235,0,0.3139552278261175,0.001044772173882491,0,False,A:rise|G1[0]|G2[0]|G3[0]|G7[0]|OUT:rise,A -> G1 -> G2 -> G3 -> G7
1583,pre_optimization,-1.1228351002500871,0,0.30139266945865123,0.013607330541348772,0,False,D:rise|G4[0]|G5[0]|G6[0]|G7[1]|OUT:rise,D -> G4 -> G5 -> G6 -> G7
1583,post_optimization,-1.1228351002500871,0,0.2830046799699894,0.0319953200300106,0,False,D:rise|G4[0]|G5[0]|G6[0]|G7[1]|OUT:rise,D -> G4 -> G5 -> G6 -> G7
1584,pre_optimization,-0.8795468766714957,0,0.302567148223437,0.012432851776563003,0,False,A:rise|G1[0]|G2[0]|G3[0]|G7[0]|OUT:rise,A -> G1 -> G2 -> G3 -> G7
1584,post_optimization,-0.8795468766714957,0,0.29209205188564435,0.022907948114355647,0,False,A:rise|G1[0]|G2[0]|G3[0]|G7[0]|OUT:rise,A -> G1 -> G2 -> G3 -> G7
1585,pre_optimization,-0.3424176386368418,0,0.31165441070116734,0.003345589298832663,0,False,D:rise|G4[0]|G5[0]|G6[0]|G7[1]|OUT:rise,D -> G4 -> G5 -> G6 -> G7
1585,post_optimization,-0.3424176386368418,0,0.29520827556940205,0.019791724430597957,0,False,D:rise|G4[0]|G5[0]|G6[0]|G7[1]|OUT:rise,D -> G4 -> G5 -> G6 -> G7
1586,pre_optimization,1.4091881304969196,0,0.33667295663810193,-0.021672956638101926,-0.021672956638101926,True,D:rise|G4[0]|G5[0]|G6[0]|G7[1]|OUT:rise,D -> G4 -> G5 -> G6 -> G7
1586,post_optimization,1.4091881304969196,0,0.3175837150738717,-0.002583715073871673,-0.002583715073871673,True,D:rise|G4[0]|G5[0]|G6[0]|G7[1]|OUT:rise,D -> G4 -> G5 -> G6 -> G7
1587,pre_optimization,-1.0738728627504848,0,0.30543064209103243,0.009569357908967568,0,False,D:rise|G4[0]|G5[0]|G6[0]|G7[1]|OUT:rise,D -> G4 -> G5 -> G6 -> G7
1587,post_optimization,-1.0738728627504848,0,0.2927880663260833,0.022211933673916717,0,False,D:rise|G4[0]|G5[0]|G6[0]|G7[1]|OUT:rise,D -> G4 -> G5 -> G6 -> G7
1588,pre_optimization,-0.44853350821308613,0,0.3038016998066232,0.011198300193376809,0,False,A:rise|G1[0]|G2[0]|G3[0]|G7[0]|OUT:rise,A -> G1 -> G2 -> G3 -> G7
1588,post_optimization,-0.44853350821308613,0,0.289938865162265,0.025061134837734977,0,False,A:rise|G1[0]|G2[0]|G3[0]|G7[0]|OUT:rise,A -> G1 -> G2 -> G3 -> G7
1589,pre_optimization,0.3866803805059501,0,0.337980931613834,-0.02298093161383402,-0.02298093161383402,True,A:rise|G1[0]|G2[0]|G3[0]|G7[0]|OUT:rise,A -> G1 -> G2 -> G3 -> G7
1589,post_optimization,0.3866803805059501,0,0.32595447443818915,-0.010954474438189143,-0.010954474438189143,True,A:rise|G1[0]|G2[0]|G3[0]|G7[0]|OUT:rise,A -> G1 -> G2 -> G3 -> G7
1590,pre_optimization,0.267876105515485,0,0.32339766908459866,-0.008397669084598658,-0.008397669084598658,True,D:rise|G4[0]|G5[0]|G6[0]|G7[1]|OUT:rise,D -> G4 -> G5 -> G6 -> G7
1590,post_optimization,0.267876105515485,0,0.3045366675624277,0.010463332437572304,0,False,A:rise|G1[0]|G2[0]|G3[0]|G7[0]|OUT:rise,A -> G1 -> G2 -> G3 -> G7
1591,pre_optimization,1.3993467038796925,0,0.3316744188464984,-0.016674418846498396,-0.016674418846498396,True,A:rise|G1[0]|G2[0]|G3[0]|G7[0]|OUT:rise,A -> G1 -> G2 -> G3 -> G7
1591,post_optimization,1.3993467038796925,0,0.3168437268967779,-0.0018437268967779197,-0.0018437268967779197,True,A:rise|G1[0]|G2[0]|G3[0]|G7[0]|OUT:rise,A -> G1 -> G2 -> G3 -> G7
1592,pre_optimization,-1.0705495425076565,0,0.31133136764477803,0.003668632355221968,0,False,D:rise|G4[0]|G5[0]|G6[0]|G7[1]|OUT:rise,D -> G4 -> G5 -> G6 -> G7
1592,post_optimization,-1.0705495425076565,0,0.2958704204749738,0.019129579525026197,0,False,A:rise|G1[0]|G2[0]|G3[0]|G7[0]|OUT:rise,A -> G1 -> G2 -> G3 -> G7
1593,pre_optimization,0.3127930562245608,0,0.31737296946860843,-0.0023729694686084324,-0.0023729694686084324,True,A:rise|G1[0]|G2[0]|G3[0]|G7[0]|OUT:rise,A -> G1 -> G2 -> G3 -> G7
1593,post_optimization,0.3127930562245608,0,0.30580651413994503,0.009193485860054973,0,False,A:rise|G1[0]|G2[0]|G3[0]|G7[0]|OUT:rise,A -> G1 -> G2 -> G3 -> G7
1594,pre_optimization,-0.745444270585909,0,0.3006081279718128,0.014391872028187203,0,False,A:rise|G1[0]|G2[0]|G3[0]|G7[0]|OUT:rise,A -> G1 -> G2 -> G3 -> G7
1594,post_optimization,-0.745444270585909,0,0.29010269614639356,0.024897303853606445,0,False,A:rise|G1[0]|G2[0]|G3[0]|G7[0]|OUT:rise,A -> G1 -> G2 -> G3 -> G7
1595,pre_optimization,-2.275047251436835,0,0.2929935948479293,0.022006405152070696,0,False,D:rise|G4[0]|G5[0]|G6[0]|G7[1]|OUT:rise,D -> G4 -> G5 -> G6 -> G7
1595,post_optimization,-2.275047251436835,0,0.27653647848813423,0.03846352151186577,0,False,D:rise|G4[0]|G5[0]|G6[0]|G7[1]|OUT:rise,D -> G4 -> G5 -> G6 -> G7
1596,pre_optimization,-0.8988686618644487,0,0.31481331791718004,0.00018668208281996668,0,False,A:rise|G1[0]|G2[0]|G3[0]|G7[0]|OUT:rise,A -> G1 -> G2 -> G3 -> G7
1596,post_optimization,-0.8988686618644487,0,0.30095221198111854,0.014047788018881457,0,False,A:rise|G1[0]|G2[0]|G3[0]|G7[0]|OUT:rise,A -> G1 -> G2 -> G3 -> G7
1597,pre_optimization,-1.3531404815096089,0,0.3081096931013911,0.006890306898608922,0,False,D:rise|G4[0]|G5[0]|G6[0]|G7[1]|OUT:rise,D -> G4 -> G5 -> G6 -> G7
1597,post_optimization,-1.3531404815096089,0,0.29353269563705786,0.02146730436294214,0,False,A:rise|G1[0]|G2[0]|G3[0]|G7[0]|OUT:rise,A -> G1 -> G2 -> G3 -> G7
1598,pre_optimization,-0.05682584922365187,0,0.33183978532232306,-0.016839785322323053,-0.016839785322323053,True,D:rise|G4[0]|G5[0]|G6[0]|G7[1]|OUT:rise,D -> G4 -> G5 -> G6 -> G7
1598,post_optimization,-0.05682584922365187,0,0.3139536078204338,0.0010463921795662023,0,False,D:rise|G4[0]|G5[0]|G6[0]|G7[1]|OUT:rise,D -> G4 -> G5 -> G6 -> G7
1599,pre_optimization,-0.5989081005355562,0,0.31376106976884355,0.0012389302311564543,0,False,A:rise|G1[0]|G2[0]|G3[0]|G7[0]|OUT:rise,A -> G1 -> G2 -> G3 -> G7
1599,post_optimization,-0.5989081005355562,0,0.3003313361978048,0.014668663802195225,0,False,A:rise|G1[0]|G2[0]|G3[0]|G7[0]|OUT:rise,A -> G1 -> G2 -> G3 -> G7
1600,pre_optimization,0.43830415557382013,0,0.3180022100849915,-0.003002210084991519,-0.003002210084991519,True,D:rise|G4[0]|G5[0]|G6[0]|G7[1]|OUT:rise,D -> G4 -> G5 -> G6 -> G7
1600,post_optimization,0.43830415557382013,0,0.29972465286828454,0.015275347131715467,0,False,D:rise|G4[0]|G5[0]|G6[0]|G7[1]|OUT:rise,D -> G4 -> G5 -> G6 -> G7
1601,pre_optimization,-0.7140471089055961,0,0.3076920148339671,0.0073079851660329265,0,False,A:rise|G1[0]|G2[0]|G3[0]|G7[0]|OUT:rise,A -> G1 -> G2 -> G3 -> G7
1601,post_optimization,-0.7140471089055961,0,0.2926877638385217,0.022312236161478316,0,False,A:rise|G1[0]|G2[0]|G3[0]|G7[0]|OUT:rise,A -> G1 -> G2 -> G3 -> G7
1602,pre_optimization,0.28897540753024864,0,0.3297328407280771,-0.014732840728077123,-0.014732840728077123,True,A:rise|G1[0]|G2[0]|G3[0]|G7[0]|OUT:rise,A -> G1 -> G2 -> G3 -> G7
1602,post_optimization,0.28897540753024864,0,0.3164464241331605,-0.0014464241331604843,-0.0014464241331604843,True,A:rise|G1[0]|G2[0]|G3[0]|G7[0]|OUT:rise,A -> G1 -> G2 -> G3 -> G7
1603,pre_optimization,-0.7962645021861287,0,0.30821006536050255,0.0067899346394974525,0,False,A:rise|G1[0]|G2[0]|G3[0]|G7[0]|OUT:rise,A -> G1 -> G2 -> G3 -> G7
1603,post_optimization,-0.7962645021861287,0,0.296631274526822,0.018368725473178027,0,False,A:rise|G1[0]|G2[0]|G3[0]|G7[0]|OUT:rise,A -> G1 -> G2 -> G3 -> G7
1604,pre_optimization,0.590024030652648,0,0.33137440780464433,-0.01637440780464433,-0.01637440780464433,True,D:rise|G4[0]|G5[0]|G6[0]|G7[1]|OUT:rise,D -> G4 -> G5 -> G6 -> G7
1604,post_optimization,0.590024030652648,0,0.31366967142457247,0.0013303285754275307,0,False,A:rise|G1[0]|G2[0]|G3[0]|G7[0]|OUT:rise,A -> G1 -> G2 -> G3 -> G7
1605,pre_optimization,0.6826442590610552,0,0.3373264021432502,-0.022326402143250212,-0.022326402143250212,True,A:rise|G1[0]|G2[0]|G3[0]|G7[0]|OUT:rise,A -> G1 -> G2 -> G3 -> G7
1605,post_optimization,0.6826442590610552,0,0.3244339479535592,-0.009433947953559174,-0.009433947953559174,True,A:rise|G1[0]|G2[0]|G3[0]|G7[0]|OUT:rise,A -> G1 -> G2 -> G3 -> G7
1606,pre_optimization,0.08218525079345976,0,0.32064863198836835,-0.005648631988368347,-0.005648631988368347,True,D:rise|G4[0]|G5[0]|G6[0]|G7[1]|OUT:rise,D -> G4 -> G5 -> G6 -> G7
1606,post_optimization,0.08218525079345976,0,0.3094462111006473,0.005553788899352707,0,False,A:rise|G1[0]|G2[0]|G3[0]|G7[0]|OUT:rise,A -> G1 -> G2 -> G3 -> G7
1607,pre_optimization,-1.209057868737203,0,0.3052771589914637,0.00972284100853632,0,False,A:rise|G1[0]|G2[0]|G3[0]|G7[0]|OUT:rise,A -> G1 -> G2 -> G3 -> G7
1607,post_optimization,-1.209057868737203,0,0.29230696257406097,0.022693037425939033,0,False,A:rise|G1[0]|G2[0]|G3[0]|G7[0]|OUT:rise,A -> G1 -> G2 -> G3 -> G7
1608,pre_optimization,-2.2718315481816163,0,0.2895419070474703,0.02545809295252971,0,False,A:rise|G1[0]|G2[0]|G3[0]|G7[0]|OUT:rise,A -> G1 -> G2 -> G3 -> G7
1608,post_optimization,-2.2718315481816163,0,0.276632520319393,0.038367479680607,0,False,A:rise|G1[0]|G2[0]|G3[0]|G7[0]|OUT:rise,A -> G1 -> G2 -> G3 -> G7
1609,pre_optimization,0.37216982879152144,0,0.3347914145859172,-0.01979141458591721,-0.01979141458591721,True,D:rise|G4[0]|G5[0]|G6[0]|G7[1]|OUT:rise,D -> G4 -> G5 -> G6 -> G7
1609,post_optimization,0.37216982879152144,0,0.31604196198264156,-0.0010419619826415594,-0.0010419619826415594,True,D:rise|G4[0]|G5[0]|G6[0]|G7[1]|OUT:rise,D -> G4 -> G5 -> G6 -> G7
1610,pre_optimization,0.10801771020889685,0,0.3235203576925413,-0.00852035769254128,-0.00852035769254128,True,D:rise|G4[0]|G5[0]|G6[0]|G7[1]|OUT:rise,D -> G4 -> G5 -> G6 -> G7
1610,post_optimization,0.10801771020889685,0,0.3052130863414311,0.00978691365856893,0,False,D:rise|G4[0]|G5[0]|G6[0]|G7[1]|OUT:rise,D -> G4 -> G5 -> G6 -> G7
1611,pre_optimization,-0.87962857239341,0,0.29659381694337356,0.018406183056626446,0,False,D:rise|G4[0]|G5[0]|G6[0]|G7[1]|OUT:rise,D -> G4 -> G5 -> G6 -> G7
1611,post_optimization,-0.87962857239341,0,0.2801720484659858,0.03482795153401419,0,False,D:rise|G4[0]|G5[0]|G6[0]|G7[1]|OUT:rise,D -> G4 -> G5 -> G6 -> G7
1612,pre_optimization,-1.2921680405441933,0,0.32408911593955075,-0.009089115939550751,-0.009089115939550751,True,A:rise|G1[0]|G2[0]|G3[0]|G7[0]|OUT:rise,A -> G1 -> G2 -> G3 -> G7
1612,post_optimization,-1.2921680405441933,0,0.3110855803249586,0.003914419675041414,0,False,A:rise|G1[0]|G2[0]|G3[0]|G7[0]|OUT:rise,A -> G1 -> G2 -> G3 -> G7
1613,pre_optimization,1.1178249207902018,0,0.3253605164313716,-0.010360516431371591,-0.010360516431371591,True,A:rise|G1[0]|G2[0]|G3[0]|G7[0]|OUT:rise,A -> G1 -> G2 -> G3 -> G7
1613,post_optimization,1.1178249207902018,0,0.31652496622372017,-0.00152496622372017,-0.00152496622372017,True,A:rise|G1[0]|G2[0]|G3[0]|G7[0]|OUT:rise,A -> G1 -> G2 -> G3 -> G7
1614,pre_optimization,0.059480044207073986,0,0.32108576281428497,-0.006085762814284967,-0.006085762814284967,True,D:rise|G4[0]|G5[0]|G6[0]|G7[1]|OUT:rise,D -> G4 -> G5 -> G6 -> G7
1614,post_optimization,0.059480044207073986,0,0.3027064604850874,0.012293539514912577,0,False,A:rise|G1[0]|G2[0]|G3[0]|G7[0]|OUT:rise,A -> G1 -> G2 -> G3 -> G7
1615,pre_optimization,0.8243639215710267,0,0.31646818924096076,-0.00146818924096076,-0.00146818924096076,True,A:rise|G1[0]|G2[0]|G3[0]|G7[0]|OUT:rise,A -> G1 -> G2 -> G3 -> G7
1615,post_optimization,0.8243639215710267,0,0.30530424294143854,0.00969575705856146,0,False,A:rise|G1[0]|G2[0]|G3[0]|G7[0]|OUT:rise,A -> G1 -> G2 -> G3 -> G7
1616,pre_optimization,0.8023278871603625,0,0.3281973457898411,-0.013197345789841108,-0.013197345789841108,True,D:rise|G4[0]|G5[0]|G6[0]|G7[1]|OUT:rise,D -> G4 -> G5 -> G6 -> G7
1616,post_optimization,0.8023278871603625,0,0.3143049709676651,0.0006950290323349262,0,False,A:rise|G1[0]|G2[0]|G3[0]|G7[0]|OUT:rise,A -> G1 -> G2 -> G3 -> G7
1617,pre_optimization,0.22058346865870976,0,0.31431620980815594,0.0006837901918440581,0,False,A:rise|G1[0]|G2[0]|G3[0]|G7[0]|OUT:rise,A -> G1 -> G2 -> G3 -> G7
1617,post_optimization,0.22058346865870976,0,0.30019449648479457,0.014805503515205432,0,False,A:rise|G1[0]|G2[0]|G3[0]|G7[0]|OUT:rise,A -> G1 -> G2 -> G3 -> G7
1618,pre_optimization,1.2813589021401157,0,0.34654578291658844,-0.03154578291658844,-0.03154578291658844,True,D:rise|G4[0]|G5[0]|G6[0]|G7[1]|OUT:rise,D -> G4 -> G5 -> G6 -> G7
1618,post_optimization,1.2813589021401157,0,0.32617160105741144,-0.01117160105741144,-0.01117160105741144,True,D:rise|G4[0]|G5[0]|G6[0]|G7[1]|OUT:rise,D -> G4 -> G5 -> G6 -> G7
1619,pre_optimization,-1.346112404747313,0,0.32175714929752663,-0.006757149297526632,-0.006757149297526632,True,D:rise|G4[0]|G5[0]|G6[0]|G7[1]|OUT:rise,D -> G4 -> G5 -> G6 -> G7
1619,post_optimization,-1.346112404747313,0,0.30179993005942807,0.013200069940571935,0,False,D:rise|G4[0]|G5[0]|G6[0]|G7[1]|OUT:rise,D -> G4 -> G5 -> G6 -> G7
1620,pre_optimization,-0.9633257881408699,0,0.3105290832994528,0.004470916700547223,0,False,D:rise|G4[0]|G5[0]|G6[0]|G7[1]|OUT:rise,D -> G4 -> G5 -> G6 -> G7
1620,post_optimization,-0.9633257881408699,0,0.29363213325240817,0.021367866747591835,0,False,A:rise|G1[0]|G2[0]|G3[0]|G7[0]|OUT:rise,A -> G1 -> G2 -> G3 -> G7
1621,pre_optimization,-0.8303350128535825,0,0.3102428289446403,0.004757171055359721,0,False,D:rise|G4[0]|G5[0]|G6[0]|G7[1]|OUT:rise,D -> G4 -> G5 -> G6 -> G7
1621,post_optimization,-0.8303350128535825,0,0.29614781252226663,0.018852187477733373,0,False,A:rise|G1[0]|G2[0]|G3[0]|G7[0]|OUT:rise,A -> G1 -> G2 -> G3 -> G7
1622,pre_optimization,-1.180306834048,0,0.30592995237179155,0.009070047628208455,0,False,A:rise|G1[0]|G2[0]|G3[0]|G7[0]|OUT:rise,A -> G1 -> G2 -> G3 -> G7
1622,post_optimization,-1.180306834048,0,0.29295696722149767,0.022043032778502336,0,False,A:rise|G1[0]|G2[0]|G3[0]|G7[0]|OUT:rise,A -> G1 -> G2 -> G3 -> G7
1623,pre_optimization,1.1732869273642421,0,0.32947357147403056,-0.014473571474030555,-0.014473571474030555,True,A:rise|G1[0]|G2[0]|G3[0]|G7[0]|OUT:rise,A -> G1 -> G2 -> G3 -> G7
1623,post_optimization,1.1732869273642421,0,0.3173728922967046,-0.0023728922967046207,-0.0023728922967046207,True,A:rise|G1[0]|G2[0]|G3[0]|G7[0]|OUT:rise,A -> G1 -> G2 -> G3 -> G7
1624,pre_optimization,1.7183148849642615,0,0.3392925355454705,-0.024292535545470506,-0.024292535545470506,True,A:rise|G1[0]|G2[0]|G3[0]|G7[0]|OUT:rise,A -> G1 -> G2 -> G3 -> G7
1624,post_optimization,1.7183148849642615,0,0.3267149378153616,-0.011714937815361592,-0.011714937815361592,True,A:rise|G1[0]|G2[0]|G3[0]|G7[0]|OUT:rise,A -> G1 -> G2 -> G3 -> G7
1625,pre_optimization,-0.296673329240829,0,0.3168345642263209,-0.0018345642263208894,-0.0018345642263208894,True,A:rise|G1[0]|G2[0]|G3[0]|G7[0]|OUT:rise,A -> G1 -> G2 -> G3 -> G7
1625,post_optimization,-0.296673329240829,0,0.30255340674585696,0.012446593254143046,0,False,A:rise|G1[0]|G2[0]|G3[0]|G7[0]|OUT:rise,A -> G1 -> G2 -> G3 -> G7
1626,pre_optimization,0.7583306343850849,0,0.32735354270439576,-0.012353542704395759,-0.012353542704395759,True,A:rise|G1[0]|G2[0]|G3[0]|G7[0]|OUT:rise,A -> G1 -> G2 -> G3 -> G7
1626,post_optimization,0.7583306343850849,0,0.31454360340439147,0.0004563965956085325,0,False,A:rise|G1[0]|G2[0]|G3[0]|G7[0]|OUT:rise,A -> G1 -> G2 -> G3 -> G7
1627,pre_optimization,0.897061248052495,0,0.30802842625267013,0.006971573747329873,0,False,A:rise|G1[0]|G2[0]|G3[0]|G7[0]|OUT:rise,A -> G1 -> G2 -> G3 -> G7
1627,post_optimization,0.897061248052495,0,0.2948254267318263,0.02017457326817368,0,False,A:rise|G1[0]|G2[0]|G3[0]|G7[0]|OUT:rise,A -> G1 -> G2 -> G3 -> G7
1628,pre_optimization,0.10340471768917134,0,0.31452842525572366,0.0004715747442763374,0,False,D:rise|G4[0]|G5[0]|G6[0]|G7[1]|OUT:rise,D -> G4 -> G5 -> G6 -> G7
1628,post_optimization,0.10340471768917134,0,0.298760343056843,0.016239656943156988,0,False,D:rise|G4[0]|G5[0]|G6[0]|G7[1]|OUT:rise,D -> G4 -> G5 -> G6 -> G7
1629,pre_optimization,-1.7352988239193192,0,0.2992971398411691,0.015702860158830878,0,False,A:rise|G1[0]|G2[0]|G3[0]|G7[0]|OUT:rise,A -> G1 -> G2 -> G3 -> G7
1629,post_optimization,-1.7352988239193192,0,0.28806358527674675,0.026936414723253255,0,False,A:rise|G1[0]|G2[0]|G3[0]|G7[0]|OUT:rise,A -> G1 -> G2 -> G3 -> G7
1630,pre_optimization,0.7131099832862275,0,0.324713302000683,-0.009713302000682988,-0.009713302000682988,True,A:rise|G1[0]|G2[0]|G3[0]|G7[0]|OUT:rise,A -> G1 -> G2 -> G3 -> G7
1630,post_optimization,0.7131099832862275,0,0.3128033547380349,0.0021966452619651133,0,False,A:rise|G1[0]|G2[0]|G3[0]|G7[0]|OUT:rise,A -> G1 -> G2 -> G3 -> G7
1631,pre_optimization,-0.8586491862913042,0,0.3076620683925956,0.007337931607404424,0,False,D:rise|G4[0]|G5[0]|G6[0]|G7[1]|OUT:rise,D -> G4 -> G5 -> G6 -> G7
1631,post_optimization,-0.8586491862913042,0,0.29213693545587943,0.02286306454412057,0,False,D:rise|G4[0]|G5[0]|G6[0]|G7[1]|OUT:rise,D -> G4 -> G5 -> G6 -> G7
1632,pre_optimization,0.06311465523395089,0,0.31888919874065724,-0.0038891987406572404,-0.0038891987406572404,True,D:rise|G4[0]|G5[0]|G6[0]|G7[1]|OUT:rise,D -> G4 -> G5 -> G6 -> G7
1632,post_optimization,0.06311465523395089,0,0.30228573293972505,0.012714267060274953,0,False,D:rise|G4[0]|G5[0]|G6[0]|G7[1]|OUT:rise,D -> G4 -> G5 -> G6 -> G7
1633,pre_optimization,-1.7525699820072307,0,0.2997781914994692,0.015221808500530787,0,False,D:rise|G4[0]|G5[0]|G6[0]|G7[1]|OUT:rise,D -> G4 -> G5 -> G6 -> G7
1633,post_optimization,-1.7525699820072307,0,0.2846477706614994,0.030352229338500625,0,False,D:rise|G4[0]|G5[0]|G6[0]|G7[1]|OUT:rise,D -> G4 -> G5 -> G6 -> G7
1634,pre_optimization,0.4709359280214348,0,0.3187909836710461,-0.0037909836710460776,-0.0037909836710460776,True,A:rise|G1[0]|G2[0]|G3[0]|G7[0]|OUT:rise,A -> G1 -> G2 -> G3 -> G7
1634,post_optimization,0.4709359280214348,0,0.3071429635265281,0.007857036473471912,0,False,A:rise|G1[0]|G2[0]|G3[0]|G7[0]|OUT:rise,A -> G1 -> G2 -> G3 -> G7
1635,pre_optimization,1.4387358219674589,0,0.33059497010574845,-0.015594970105748451,-0.015594970105748451,True,A:rise|G1[0]|G2[0]|G3[0]|G7[0]|OUT:rise,A -> G1 -> G2 -> G3 -> G7
1635,post_optimization,1.4387358219674589,0,0.3165024720100587,-0.0015024720100587086,-0.0015024720100587086,True,A:rise|G1[0]|G2[0]|G3[0]|G7[0]|OUT:rise,A -> G1 -> G2 -> G3 -> G7
1636,pre_optimization,-0.9981757552749756,0,0.3204214840739015,-0.0054214840739014725,-0.0054214840739014725,True,D:rise|G4[0]|G5[0]|G6[0]|G7[1]|OUT:rise,D -> G4 -> G5 -> G6 -> G7
1636,post_optimization,-0.9981757552749756,0,0.30306938933972016,0.011930610660279839,0,False,D:rise|G4[0]|G5[0]|G6[0]|G7[1]|OUT:rise,D -> G4 -> G5 -> G6 -> G7
1637,pre_optimization,0.2731602702416457,0,0.32459182956080423,-0.009591829560804233,-0.009591829560804233,True,A:rise|G1[0]|G2[0]|G3[0]|G7[0]|OUT:rise,A -> G1 -> G2 -> G3 -> G7
1637,post_optimization,0.2731602702416457,0,0.3135004615555959,0.0014995384444040916,0,False,A:rise|G1[0]|G2[0]|G3[0]|G7[0]|OUT:rise,A -> G1 -> G2 -> G3 -> G7
1638,pre_optimization,0.49377401276474103,0,0.3289520309326299,-0.013952030932629922,-0.013952030932629922,True,D:rise|G4[0]|G5[0]|G6[0]|G7[1]|OUT:rise,D -> G4 -> G5 -> G6 -> G7
1638,post_optimization,0.49377401276474103,0,0.3125066160089095,0.002493383991090503,0,False,D:rise|G4[0]|G5[0]|G6[0]|G7[1]|OUT:rise,D -> G4 -> G5 -> G6 -> G7
1639,pre_optimization,0.6415448107112369,0,0.3145592822861533,0.00044071771384668335,0,False,D:rise|G4[0]|G5[0]|G6[0]|G7[1]|OUT:rise,D -> G4 -> G5 -> G6 -> G7
1639,post_optimization,0.6415448107112369,0,0.29898009200393283,0.016019907996067173,0,False,D:rise|G4[0]|G5[0]|G6[0]|G7[1]|OUT:rise,D -> G4 -> G5 -> G6 -> G7
1640,pre_optimization,0.9814475800985452,0,0.3260685949349578,-0.01106859493495782,-0.01106859493495782,True,D:rise|G4[0]|G5[0]|G6[0]|G7[1]|OUT:rise,D -> G4 -> G5 -> G6 -> G7
1640,post_optimization,0.9814475800985452,0,0.30766101564132353,0.00733898435867647,0,False,D:rise|G4[0]|G5[0]|G6[0]|G7[1]|OUT:rise,D -> G4 -> G5 -> G6 -> G7
1641,pre_optimization,-2.55919346158328,0,0.29236185938244685,0.02263814061755315,0,False,A:rise|G1[0]|G2[0]|G3[0]|G7[0]|OUT:rise,A -> G1 -> G2 -> G3 -> G7
1641,post_optimization,-2.55919346158328,0,0.28120196125016506,0.03379803874983495,0,False,A:rise|G1[0]|G2[0]|G3[0]|G7[0]|OUT:rise,A -> G1 -> G2 -> G3 -> G7
1642,pre_optimization,0.14049173024212075,0,0.31963619036192725,-0.00463619036192725,-0.00463619036192725,True,A:rise|G1[0]|G2[0]|G3[0]|G7[0]|OUT:rise,A -> G1 -> G2 -> G3 -> G7
1642,post_optimization,0.14049173024212075,0,0.3064074578835955,0.008592542116404478,0,False,A:rise|G1[0]|G2[0]|G3[0]|G7[0]|OUT:rise,A -> G1 -> G2 -> G3 -> G7
1643,pre_optimization,0.6047929882069413,0,0.32705506584801414,-0.012055065848014135,-0.012055065848014135,True,A:rise|G1[0]|G2[0]|G3[0]|G7[0]|OUT:rise,A -> G1 -> G2 -> G3 -> G7
1643,post_optimization,0.6047929882069413,0,0.3158000927006782,-0.0008000927006782121,-0.0008000927006782121,True,A:rise|G1[0]|G2[0]|G3[0]|G7[0]|OUT:rise,A -> G1 -> G2 -> G3 -> G7
1644,pre_optimization,0.34888892996104814,0,0.3228343264333605,-0.007834326433360517,-0.007834326433360517,True,D:rise|G4[0]|G5[0]|G6[0]|G7[1]|OUT:rise,D -> G4 -> G5 -> G6 -> G7
1644,post_optimization,0.34888892996104814,0,0.30500722401813785,0.009992775981862156,0,False,D:rise|G4[0]|G5[0]|G6[0]|G7[1]|OUT:rise,D -> G4 -> G5 -> G6 -> G7
1645,pre_optimization,1.6475256150388027,0,0.3390809666978755,-0.024080966697875517,-0.024080966697875517,True,D:rise|G4[0]|G5[0]|G6[0]|G7[1]|OUT:rise,D -> G4 -> G5 -> G6 -> G7
1645,post_optimization,1.6475256150388027,0,0.32156369168283094,-0.006563691682830941,-0.006563691682830941,True,D:rise|G4[0]|G5[0]|G6[0]|G7[1]|OUT:rise,D -> G4 -> G5 -> G6 -> G7
1646,pre_optimization,0.31388984357101596,0,0.3308517224780313,-0.015851722478031294,-0.015851722478031294,True,D:rise|G4[0]|G5[0]|G6[0]|G7[1]|OUT:rise,D -> G4 -> G5 -> G6 -> G7
1646,post_optimization,0.31388984357101596,0,0.3105331298308207,0.004466870169179293,0,False,D:rise|G4[0]|G5[0]|G6[0]|G7[1]|OUT:rise,D -> G4 -> G5 -> G6 -> G7
1647,pre_optimization,-0.8287068646667693,0,0.3080382061342788,0.006961793865721211,0,False,D:rise|G4[0]|G5[0]|G6[0]|G7[1]|OUT:rise,D -> G4 -> G5 -> G6 -> G7
1647,post_optimization,-0.8287068646667693,0,0.28951739455641334,0.02548260544358666,0,False,D:rise|G4[0]|G5[0]|G6[0]|G7[1]|OUT:rise,D -> G4 -> G5 -> G6 -> G7
1648,pre_optimization,-0.5889503721139074,0,0.3102073864830701,0.004792613516929889,0,False,D:rise|G4[0]|G5[0]|G6[0]|G7[1]|OUT:rise,D -> G4 -> G5 -> G6 -> G7
1648,post_optimization,-0.5889503721139074,0,0.2918071418264362,0.023192858173563813,0,False,D:rise|G4[0]|G5[0]|G6[0]|G7[1]|OUT:rise,D -> G4 -> G5 -> G6 -> G7
1649,pre_optimization,-1.2842267550542412,0,0.3037829214800143,0.011217078519985713,0,False,D:rise|G4[0]|G5[0]|G6[0]|G7[1]|OUT:rise,D -> G4 -> G5 -> G6 -> G7
1649,post_optimization,-1.2842267550542412,0,0.2843881852908761,0.030611814709123886,0,False,A:rise|G1[0]|G2[0]|G3[0]|G7[0]|OUT:rise,A -> G1 -> G2 -> G3 -> G7
1650,pre_optimization,-0.259562156039941,0,0.3248992416218054,-0.009899241621805388,-0.009899241621805388,True,D:rise|G4[0]|G5[0]|G6[0]|G7[1]|OUT:rise,D -> G4 -> G5 -> G6 -> G7
1650,post_optimization,-0.259562156039941,0,0.3072713940146028,0.007728605985397208,0,False,D:rise|G4[0]|G5[0]|G6[0]|G7[1]|OUT:rise,D -> G4 -> G5 -> G6 -> G7
1651,pre_optimization,-1.400583711259327,0,0.29734730693577677,0.017652693064223235,0,False,D:rise|G4[0]|G5[0]|G6[0]|G7[1]|OUT:rise,D -> G4 -> G5 -> G6 -> G7
1651,post_optimization,-1.400583711259327,0,0.28079653086800516,0.034203469131994846,0,False,D:rise|G4[0]|G5[0]|G6[0]|G7[1]|OUT:rise,D -> G4 -> G5 -> G6 -> G7
1652,pre_optimization,-1.1491396933277092,0,0.3222267305493966,-0.007226730549396598,-0.007226730549396598,True,D:rise|G4[0]|G5[0]|G6[0]|G7[1]|OUT:rise,D -> G4 -> G5 -> G6 -> G7
1652,post_optimization,-1.1491396933277092,0,0.3043977953517841,0.01060220464821593,0,False,D:rise|G4[0]|G5[0]|G6[0]|G7[1]|OUT:rise,D -> G4 -> G5 -> G6 -> G7
1653,pre_optimization,0.7461657992645873,0,0.3309227075668735,-0.015922707566873473,-0.015922707566873473,True,A:rise|G1[0]|G2[0]|G3[0]|G7[0]|OUT:rise,A -> G1 -> G2 -> G3 -> G7
1653,post_optimization,0.7461657992645873,0,0.3192303362157016,-0.0042303362157016244,-0.0042303362157016244,True,A:rise|G1[0]|G2[0]|G3[0]|G7[0]|OUT:rise,A -> G1 -> G2 -> G3 -> G7
1654,pre_optimization,0.3755308221625856,0,0.31862149075217433,-0.003621490752174328,-0.003621490752174328,True,D:rise|G4[0]|G5[0]|G6[0]|G7[1]|OUT:rise,D -> G4 -> G5 -> G6 -> G7
1654,post_optimization,0.3755308221625856,0,0.300862355564288,0.014137644435712027,0,False,D:rise|G4[0]|G5[0]|G6[0]|G7[1]|OUT:rise,D -> G4 -> G5 -> G6 -> G7
1655,pre_optimization,0.013097776381476144,0,0.3131356296788405,0.001864370321159492,0,False,D:rise|G4[0]|G5[0]|G6[0]|G7[1]|OUT:rise,D -> G4 -> G5 -> G6 -> G7
1655,post_optimization,0.013097776381476144,0,0.2992343323200789,0.015765667679921103,0,False,A:rise|G1[0]|G2[0]|G3[0]|G7[0]|OUT:rise,A -> G1 -> G2 -> G3 -> G7
1656,pre_optimization,0.8841005969552226,0,0.32800416171509694,-0.01300416171509694,-0.01300416171509694,True,A:rise|G1[0]|G2[0]|G3[0]|G7[0]|OUT:rise,A -> G1 -> G2 -> G3 -> G7
1656,post_optimization,0.8841005969552226,0,0.3178606820902635,-0.002860682090263522,-0.002860682090263522,True,A:rise|G1[0]|G2[0]|G3[0]|G7[0]|OUT:rise,A -> G1 -> G2 -> G3 -> G7
1657,pre_optimization,-0.7359917376487874,0,0.29959812864408436,0.015401871355915642,0,False,D:rise|G4[0]|G5[0]|G6[0]|G7[1]|OUT:rise,D -> G4 -> G5 -> G6 -> G7
1657,post_optimization,-0.7359917376487874,0,0.28563871042020617,0.029361289579793837,0,False,A:rise|G1[0]|G2[0]|G3[0]|G7[0]|OUT:rise,A -> G1 -> G2 -> G3 -> G7
1658,pre_optimization,-0.7829723928228379,0,0.31724321081270046,-0.002243210812700458,-0.002243210812700458,True,A:rise|G1[0]|G2[0]|G3[0]|G7[0]|OUT:rise,A -> G1 -> G2 -> G3 -> G7
1658,post_optimization,-0.7829723928228379,0,0.3034458649583578,0.01155413504164221,0,False,A:rise|G1[0]|G2[0]|G3[0]|G7[0]|OUT:rise,A -> G1 -> G2 -> G3 -> G7
1659,pre_optimization,0.9150751928556387,0,0.34224950481192307,-0.027249504811923064,-0.027249504811923064,True,A:rise|G1[0]|G2[0]|G3[0]|G7[0]|OUT:rise,A -> G1 -> G2 -> G3 -> G7
1659,post_optimization,0.9150751928556387,0,0.3280034693630136,-0.013003469363013609,-0.013003469363013609,True,A:rise|G1[0]|G2[0]|G3[0]|G7[0]|OUT:rise,A -> G1 -> G2 -> G3 -> G7
1660,pre_optimization,0.09887330006060262,0,0.3203196940463179,-0.00531969404631788,-0.00531969404631788,True,D:rise|G4[0]|G5[0]|G6[0]|G7[1]|OUT:rise,D -> G4 -> G5 -> G6 -> G7
1660,post_optimization,0.09887330006060262,0,0.3036219050745197,0.011378094925480309,0,False,A:rise|G1[0]|G2[0]|G3[0]|G7[0]|OUT:rise,A -> G1 -> G2 -> G3 -> G7
1661,pre_optimization,0.15612948706394955,0,0.30725092133944204,0.007749078660557962,0,False,D:rise|G4[0]|G5[0]|G6[0]|G7[1]|OUT:rise,D -> G4 -> G5 -> G6 -> G7
1661,post_optimization,0.15612948706394955,0,0.29029226192850066,0.02470773807149934,0,False,D:rise|G4[0]|G5[0]|G6[0]|G7[1]|OUT:rise,D -> G4 -> G5 -> G6 -> G7
1662,pre_optimization,0.4499424049759207,0,0.32166362562829215,-0.006663625628292147,-0.006663625628292147,True,D:rise|G4[0]|G5[0]|G6[0]|G7[1]|OUT:rise,D -> G4 -> G5 -> G6 -> G7
1662,post_optimization,0.4499424049759207,0,0.3020991686319785,0.012900831368021504,0,False,D:rise|G4[0]|G5[0]|G6[0]|G7[1]|OUT:rise,D -> G4 -> G5 -> G6 -> G7
1663,pre_optimization,2.058851437844721,0,0.35166116617308363,-0.036661166173083626,-0.036661166173083626,True,D:rise|G4[0]|G5[0]|G6[0]|G7[1]|OUT:rise,D -> G4 -> G5 -> G6 -> G7
1663,post_optimization,2.058851437844721,0,0.33193454226480557,-0.016934542264805563,-0.016934542264805563,True,D:rise|G4[0]|G5[0]|G6[0]|G7[1]|OUT:rise,D -> G4 -> G5 -> G6 -> G7
1664,pre_optimization,-0.15122997734247812,0,0.31011356026900333,0.004886439730996672,0,False,A:rise|G1[0]|G2[0]|G3[0]|G7[0]|OUT:rise,A -> G1 -> G2 -> G3 -> G7
1664,post_optimization,-0.15122997734247812,0,0.29977413608369186,0.015225863916308147,0,False,A:rise|G1[0]|G2[0]|G3[0]|G7[0]|OUT:rise,A -> G1 -> G2 -> G3 -> G7
1665,pre_optimization,1.4685479726506994,0,0.34600311646412396,-0.03100311646412396,-0.03100311646412396,True,D:rise|G4[0]|G5[0]|G6[0]|G7[1]|OUT:rise,D -> G4 -> G5 -> G6 -> G7
1665,post_optimization,1.4685479726506994,0,0.32326959926572163,-0.008269599265721628,-0.008269599265721628,True,D:rise|G4[0]|G5[0]|G6[0]|G7[1]|OUT:rise,D -> G4 -> G5 -> G6 -> G7
1666,pre_optimization,1.8166013956486404,0,0.324678586451053,-0.009678586451053017,-0.009678586451053017,True,D:rise|G4[0]|G5[0]|G6[0]|G7[1]|OUT:rise,D -> G4 -> G5 -> G6 -> G7
1666,post_optimization,1.8166013956486404,0,0.312030824963093,0.0029691750369070236,0,False,A:rise|G1[0]|G2[0]|G3[0]|G7[0]|OUT:rise,A -> G1 -> G2 -> G3 -> G7
1667,pre_optimization,0.8272588919207847,0,0.3448976985437379,-0.029897698543737916,-0.029897698543737916,True,D:rise|G4[0]|G5[0]|G6[0]|G7[1]|OUT:rise,D -> G4 -> G5 -> G6 -> G7
1667,post_optimization,0.8272588919207847,0,0.3223558737396558,-0.007355873739655794,-0.007355873739655794,True,D:rise|G4[0]|G5[0]|G6[0]|G7[1]|OUT:rise,D -> G4 -> G5 -> G6 -> G7
1668,pre_optimization,1.0270428605423898,0,0.3324237019263985,-0.01742370192639847,-0.01742370192639847,True,D:rise|G4[0]|G5[0]|G6[0]|G7[1]|OUT:rise,D -> G4 -> G5 -> G6 -> G7
1668,post_optimization,1.0270428605423898,0,0.31411095999025523,0.0008890400097447682,0,False,D:rise|G4[0]|G5[0]|G6[0]|G7[1]|OUT:rise,D -> G4 -> G5 -> G6 -> G7
1669,pre_optimization,0.34210676945309737,0,0.3174385597673525,-0.0024385597673525217,-0.0024385597673525217,True,A:rise|G1[0]|G2[0]|G3[0]|G7[0]|OUT:rise,A -> G1 -> G2 -> G3 -> G7
1669,post_optimization,0.34210676945309737,0,0.30291495240873567,0.01208504759126433,0,False,A:rise|G1[0]|G2[0]|G3[0]|G7[0]|OUT:rise,A -> G1 -> G2 -> G3 -> G7
1670,pre_optimization,-0.06360256521304951,0,0.30269098832928565,0.012309011670714354,0,False,A:rise|G1[0]|G2[0]|G3[0]|G7[0]|OUT:rise,A -> G1 -> G2 -> G3 -> G7
1670,post_optimization,-0.06360256521304951,0,0.2917156900451011,0.023284309954898885,0,False,A:rise|G1[0]|G2[0]|G3[0]|G7[0]|OUT:rise,A -> G1 -> G2 -> G3 -> G7
1671,pre_optimization,-0.5477825213466165,0,0.3087943878323319,0.006205612167668129,0,False,D:rise|G4[0]|G5[0]|G6[0]|G7[1]|OUT:rise,D -> G4 -> G5 -> G6 -> G7
1671,post_optimization,-0.5477825213466165,0,0.2921861593543196,0.022813840645680428,0,False,D:rise|G4[0]|G5[0]|G6[0]|G7[1]|OUT:rise,D -> G4 -> G5 -> G6 -> G7
1672,pre_optimization,0.7903472888186533,0,0.3386903222741402,-0.023690322274140196,-0.023690322274140196,True,D:rise|G4[0]|G5[0]|G6[0]|G7[1]|OUT:rise,D -> G4 -> G5 -> G6 -> G7
1672,post_optimization,0.7903472888186533,0,0.31750689401873816,-0.0025068940187381594,-0.0025068940187381594,True,D:rise|G4[0]|G5[0]|G6[0]|G7[1]|OUT:rise,D -> G4 -> G5 -> G6 -> G7
1673,pre_optimization,-0.2414390772483364,0,0.3159573245159637,-0.0009573245159636978,-0.0009573245159636978,True,D:rise|G4[0]|G5[0]|G6[0]|G7[1]|OUT:rise,D -> G4 -> G5 -> G6 -> G7
1673,post_optimization,-0.2414390772483364,0,0.29862412948397016,0.016375870516029845,0,False,A:rise|G1[0]|G2[0]|G3[0]|G7[0]|OUT:rise,A -> G1 -> G2 -> G3 -> G7
1674,pre_optimization,-0.4052272240207264,0,0.3237563641234168,-0.008756364123416793,-0.008756364123416793,True,D:rise|G4[0]|G5[0]|G6[0]|G7[1]|OUT:rise,D -> G4 -> G5 -> G6 -> G7
1674,post_optimization,-0.4052272240207264,0,0.3047243072245771,0.010275692775422895,0,False,D:rise|G4[0]|G5[0]|G6[0]|G7[1]|OUT:rise,D -> G4 -> G5 -> G6 -> G7
1675,pre_optimization,0.11464563388612915,0,0.3121370221123213,0.002862977887678697,0,False,D:rise|G4[0]|G5[0]|G6[0]|G7[1]|OUT:rise,D -> G4 -> G5 -> G6 -> G7
1675,post_optimization,0.11464563388612915,0,0.2958385072705941,0.019161492729405927,0,False,D:rise|G4[0]|G5[0]|G6[0]|G7[1]|OUT:rise,D -> G4 -> G5 -> G6 -> G7
1676,pre_optimization,-0.25092904195800664,0,0.305611657865987,0.009388342134013017,0,False,A:rise|G1[0]|G2[0]|G3[0]|G7[0]|OUT:rise,A -> G1 -> G2 -> G3 -> G7
1676,post_optimization,-0.25092904195800664,0,0.2957141507128235,0.019285849287176526,0,False,A:rise|G1[0]|G2[0]|G3[0]|G7[0]|OUT:rise,A -> G1 -> G2 -> G3 -> G7
1677,pre_optimization,-0.9052337813893256,0,0.3216948779166682,-0.006694877916668174,-0.006694877916668174,True,A:rise|G1[0]|G2[0]|G3[0]|G7[0]|OUT:rise,A -> G1 -> G2 -> G3 -> G7
1677,post_optimization,-0.9052337813893256,0,0.3073203970066998,0.0076796029933002274,0,False,A:rise|G1[0]|G2[0]|G3[0]|G7[0]|OUT:rise,A -> G1 -> G2 -> G3 -> G7
1678,pre_optimization,0.26891604136622,0,0.3460509517087776,-0.031050951708777585,-0.031050951708777585,True,D:rise|G4[0]|G5[0]|G6[0]|G7[1]|OUT:rise,D -> G4 -> G5 -> G6 -> G7
1678,post_optimization,0.26891604136622,0,0.32563679101588017,-0.010636791015880165,-0.010636791015880165,True,D:rise|G4[0]|G5[0]|G6[0]|G7[1]|OUT:rise,D -> G4 -> G5 -> G6 -> G7
1679,pre_optimization,-0.18316517676186098,0,0.3280947768274243,-0.01309477682742427,-0.01309477682742427,True,D:rise|G4[0]|G5[0]|G6[0]|G7[1]|OUT:rise,D -> G4 -> G5 -> G6 -> G7
1679,post_optimization,-0.18316517676186098,0,0.30856968474322133,0.006430315256778674,0,False,D:rise|G4[0]|G5[0]|G6[0]|G7[1]|OUT:rise,D -> G4 -> G5 -> G6 -> G7
1680,pre_optimization,0.7126545229133823,0,0.3225195279846801,-0.0075195279846800855,-0.0075195279846800855,True,A:rise|G1[0]|G2[0]|G3[0]|G7[0]|OUT:rise,A -> G1 -> G2 -> G3 -> G7
1680,post_optimization,0.7126545229133823,0,0.31188925131547796,0.0031107486845220467,0,False,A:rise|G1[0]|G2[0]|G3[0]|G7[0]|OUT:rise,A -> G1 -> G2 -> G3 -> G7
1681,pre_optimization,-0.5055531864853133,0,0.31072004943335174,0.004279950566648261,0,False,A:rise|G1[0]|G2[0]|G3[0]|G7[0]|OUT:rise,A -> G1 -> G2 -> G3 -> G7
1681,post_optimization,-0.5055531864853133,0,0.29764636199028727,0.017353638009712735,0,False,A:rise|G1[0]|G2[0]|G3[0]|G7[0]|OUT:rise,A -> G1 -> G2 -> G3 -> G7
1682,pre_optimization,-0.10119028379077435,0,0.3278609073457587,-0.012860907345758676,-0.012860907345758676,True,D:rise|G4[0]|G5[0]|G6[0]|G7[1]|OUT:rise,D -> G4 -> G5 -> G6 -> G7
1682,post_optimization,-0.10119028379077435,0,0.3080192203187234,0.006980779681276583,0,False,D:rise|G4[0]|G5[0]|G6[0]|G7[1]|OUT:rise,D -> G4 -> G5 -> G6 -> G7
1683,pre_optimization,-0.6187157867288594,0,0.3141550648976766,0.0008449351023234186,0,False,A:rise|G1[0]|G2[0]|G3[0]|G7[0]|OUT:rise,A -> G1 -> G2 -> G3 -> G7
1683,post_optimization,-0.6187157867288594,0,0.3009820024474089,0.014017997552591088,0,False,A:rise|G1[0]|G2[0]|G3[0]|G7[0]|OUT:rise,A -> G1 -> G2 -> G3 -> G7
1684,pre_optimization,-0.7425186725201686,0,0.3287188029366317,-0.013718802936631691,-0.013718802936631691,True,D:rise|G4[0]|G5[0]|G6[0]|G7[1]|OUT:rise,D -> G4 -> G5 -> G6 -> G7
1684,post_optimization,-0.7425186725201686,0,0.3113744422943754,0.0036255577056246158,0,False,A:rise|G1[0]|G2[0]|G3[0]|G7[0]|OUT:rise,A -> G1 -> G2 -> G3 -> G7
1685,pre_optimization,-2.1236542403561383,0,0.3090300649554519,0.005969935044548125,0,False,D:rise|G4[0]|G5[0]|G6[0]|G7[1]|OUT:rise,D -> G4 -> G5 -> G6 -> G7
1685,post_optimization,-2.1236542403561383,0,0.29128258339262914,0.023717416607370867,0,False,D:rise|G4[0]|G5[0]|G6[0]|G7[1]|OUT:rise,D -> G4 -> G5 -> G6 -> G7
1686,pre_optimization,1.0332627842003663,0,0.33166858159077883,-0.01666858159077883,-0.01666858159077883,True,D:rise|G4[0]|G5[0]|G6[0]|G7[1]|OUT:rise,D -> G4 -> G5 -> G6 -> G7
1686,post_optimization,1.0332627842003663,0,0.31149390609448335,0.0035060939055166496,0,False,D:rise|G4[0]|G5[0]|G6[0]|G7[1]|OUT:rise,D -> G4 -> G5 -> G6 -> G7
1687,pre_optimization,0.11847872458930388,0,0.3122643056997502,0.0027356943002497802,0,False,D:rise|G4[0]|G5[0]|G6[0]|G7[1]|OUT:rise,D -> G4 -> G5 -> G6 -> G7
1687,post_optimization,0.11847872458930388,0,0.2968331077023512,0.018166892297648785,0,False,A:rise|G1[0]|G2[0]|G3[0]|G7[0]|OUT:rise,A -> G1 -> G2 -> G3 -> G7
1688,pre_optimization,0.8863942418928071,0,0.3276222030168184,-0.012622203016818379,-0.012622203016818379,True,D:rise|G4[0]|G5[0]|G6[0]|G7[1]|OUT:rise,D -> G4 -> G5 -> G6 -> G7
1688,post_optimization,0.8863942418928071,0,0.30849799400826133,0.0065020059917386686,0,False,D:rise|G4[0]|G5[0]|G6[0]|G7[1]|OUT:rise,D -> G4 -> G5 -> G6 -> G7
1689,pre_optimization,-0.554812912606216,0,0.3182521514664626,-0.0032521514664625717,-0.0032521514664625717,True,D:rise|G4[0]|G5[0]|G6[0]|G7[1]|OUT:rise,D -> G4 -> G5 -> G6 -> G7
1689,post_optimization,-0.554812912606216,0,0.30244237698911947,0.012557623010880536,0,False,A:rise|G1[0]|G2[0]|G3[0]|G7[0]|OUT:rise,A -> G1 -> G2 -> G3 -> G7
1690,pre_optimization,1.745939882335662,0,0.34052035184618956,-0.02552035184618956,-0.02552035184618956,True,A:rise|G1[0]|G2[0]|G3[0]|G7[0]|OUT:rise,A -> G1 -> G2 -> G3 -> G7
1690,post_optimization,1.745939882335662,0,0.3262031778875069,-0.01120317788750691,-0.01120317788750691,True,A:rise|G1[0]|G2[0]|G3[0]|G7[0]|OUT:rise,A -> G1 -> G2 -> G3 -> G7
1691,pre_optimization,-1.6935094542450546,0,0.3024247412585475,0.012575258741452489,0,False,A:rise|G1[0]|G2[0]|G3[0]|G7[0]|OUT:rise,A -> G1 -> G2 -> G3 -> G7
1691,post_optimization,-1.6935094542450546,0,0.2895578267995207,0.025442173200479312,0,False,A:rise|G1[0]|G2[0]|G3[0]|G7[0]|OUT:rise,A -> G1 -> G2 -> G3 -> G7
1692,pre_optimization,0.524328164945929,0,0.32070126431598667,-0.005701264315986665,-0.005701264315986665,True,A:rise|G1[0]|G2[0]|G3[0]|G7[0]|OUT:rise,A -> G1 -> G2 -> G3 -> G7
1692,post_optimization,0.524328164945929,0,0.3084293088031055,0.006570691196894518,0,False,A:rise|G1[0]|G2[0]|G3[0]|G7[0]|OUT:rise,A -> G1 -> G2 -> G3 -> G7
1693,pre_optimization,-0.3007083550275527,0,0.3266513694628676,-0.0116513694628676,-0.0116513694628676,True,D:rise|G4[0]|G5[0]|G6[0]|G7[1]|OUT:rise,D -> G4 -> G5 -> G6 -> G7
1693,post_optimization,-0.3007083550275527,0,0.3089751168699637,0.006024883130036296,0,False,D:rise|G4[0]|G5[0]|G6[0]|G7[1]|OUT:rise,D -> G4 -> G5 -> G6 -> G7
1694,pre_optimization,-0.45381713751108665,0,0.32098970886365624,-0.00598970886365624,-0.00598970886365624,True,D:rise|G4[0]|G5[0]|G6[0]|G7[1]|OUT:rise,D -> G4 -> G5 -> G6 -> G7
1694,post_optimization,-0.45381713751108665,0,0.30331898328093954,0.011681016719060466,0,False,D:rise|G4[0]|G5[0]|G6[0]|G7[1]|OUT:rise,D -> G4 -> G5 -> G6 -> G7
1695,pre_optimization,-0.1445205571018741,0,0.31544017084405135,-0.0004401708440513463,-0.0004401708440513463,True,D:rise|G4[0]|G5[0]|G6[0]|G7[1]|OUT:rise,D -> G4 -> G5 -> G6 -> G7
1695,post_optimization,-0.1445205571018741,0,0.2978504093729072,0.017149590627092814,0,False,D:rise|G4[0]|G5[0]|G6[0]|G7[1]|OUT:rise,D -> G4 -> G5 -> G6 -> G7
1696,pre_optimization,0.7120872497253001,0,0.3296223342164071,-0.014622334216407074,-0.014622334216407074,True,D:rise|G4[0]|G5[0]|G6[0]|G7[1]|OUT:rise,D -> G4 -> G5 -> G6 -> G7
1696,post_optimization,0.7120872497253001,0,0.31286287471043467,0.0021371252895653337,0,False,A:rise|G1[0]|G2[0]|G3[0]|G7[0]|OUT:rise,A -> G1 -> G2 -> G3 -> G7
1697,pre_optimization,-0.6919115079357748,0,0.3136333492827341,0.0013666507172658826,0,False,A:rise|G1[0]|G2[0]|G3[0]|G7[0]|OUT:rise,A -> G1 -> G2 -> G3 -> G7
1697,post_optimization,-0.6919115079357748,0,0.3004198429058473,0.014580157094152724,0,False,A:rise|G1[0]|G2[0]|G3[0]|G7[0]|OUT:rise,A -> G1 -> G2 -> G3 -> G7
1698,pre_optimization,0.1275722755191349,0,0.319818575925304,-0.004818575925303992,-0.004818575925303992,True,D:rise|G4[0]|G5[0]|G6[0]|G7[1]|OUT:rise,D -> G4 -> G5 -> G6 -> G7
1698,post_optimization,0.1275722755191349,0,0.30264139829277986,0.01235860170722014,0,False,D:rise|G4[0]|G5[0]|G6[0]|G7[1]|OUT:rise,D -> G4 -> G5 -> G6 -> G7
1699,pre_optimization,-1.4315219892086979,0,0.30908810047418567,0.005911899525814335,0,False,D:rise|G4[0]|G5[0]|G6[0]|G7[1]|OUT:rise,D -> G4 -> G5 -> G6 -> G7
1699,post_optimization,-1.4315219892086979,0,0.29156391380276236,0.023436086197237638,0,False,A:rise|G1[0]|G2[0]|G3[0]|G7[0]|OUT:rise,A -> G1 -> G2 -> G3 -> G7
1700,pre_optimization,-0.41739498114410006,0,0.3120350254330595,0.0029649745669405037,0,False,D:rise|G4[0]|G5[0]|G6[0]|G7[1]|OUT:rise,D -> G4 -> G5 -> G6 -> G7
1700,post_optimization,-0.41739498114410006,0,0.299303346897753,0.015696653102246994,0,False,A:rise|G1[0]|G2[0]|G3[0]|G7[0]|OUT:rise,A -> G1 -> G2 -> G3 -> G7
1701,pre_optimization,1.6129420499230556,0,0.34095308479374564,-0.02595308479374564,-0.02595308479374564,True,D:rise|G4[0]|G5[0]|G6[0]|G7[1]|OUT:rise,D -> G4 -> G5 -> G6 -> G7
1701,post_optimization,1.6129420499230556,0,0.3214222241657435,-0.006422224165743506,-0.006422224165743506,True,D:rise|G4[0]|G5[0]|G6[0]|G7[1]|OUT:rise,D -> G4 -> G5 -> G6 -> G7
1702,pre_optimization,-0.462208471007522,0,0.3134075105663688,0.0015924894336312168,0,False,D:rise|G4[0]|G5[0]|G6[0]|G7[1]|OUT:rise,D -> G4 -> G5 -> G6 -> G7
1702,post_optimization,-0.462208471007522,0,0.2969516563575132,0.018048343642486808,0,False,A:rise|G1[0]|G2[0]|G3[0]|G7[0]|OUT:rise,A -> G1 -> G2 -> G3 -> G7
1703,pre_optimization,0.8919072922643643,0,0.3221192026453156,-0.007119202645315625,-0.007119202645315625,True,A:rise|G1[0]|G2[0]|G3[0]|G7[0]|OUT:rise,A -> G1 -> G2 -> G3 -> G7
1703,post_optimization,0.8919072922643643,0,0.3070525035105016,0.007947496489498385,0,False,A:rise|G1[0]|G2[0]|G3[0]|G7[0]|OUT:rise,A -> G1 -> G2 -> G3 -> G7
1704,pre_optimization,-1.3097969407382066,0,0.3036726493715287,0.011327350628471289,0,False,D:rise|G4[0]|G5[0]|G6[0]|G7[1]|OUT:rise,D -> G4 -> G5 -> G6 -> G7
1704,post_optimization,-1.3097969407382066,0,0.28566649237369623,0.029333507626303768,0,False,D:rise|G4[0]|G5[0]|G6[0]|G7[1]|OUT:rise,D -> G4 -> G5 -> G6 -> G7
1705,pre_optimization,1.2751131004876126,0,0.335993655229898,-0.02099365522989799,-0.02099365522989799,True,D:rise|G4[0]|G5[0]|G6[0]|G7[1]|OUT:rise,D -> G4 -> G5 -> G6 -> G7
1705,post_optimization,1.2751131004876126,0,0.3187248525183436,-0.003724852518343591,-0.003724852518343591,True,A:rise|G1[0]|G2[0]|G3[0]|G7[0]|OUT:rise,A -> G1 -> G2 -> G3 -> G7
1706,pre_optimization,0.27563903680612095,0,0.32215546860096994,-0.007155468600969939,-0.007155468600969939,True,D:rise|G4[0]|G5[0]|G6[0]|G7[1]|OUT:rise,D -> G4 -> G5 -> G6 -> G7
1706,post_optimization,0.27563903680612095,0,0.3061405631304839,0.008859436869516124,0,False,A:rise|G1[0]|G2[0]|G3[0]|G7[0]|OUT:rise,A -> G1 -> G2 -> G3 -> G7
1707,pre_optimization,-0.840056648754922,0,0.31551272625585847,-0.0005127262558584644,-0.0005127262558584644,True,A:rise|G1[0]|G2[0]|G3[0]|G7[0]|OUT:rise,A -> G1 -> G2 -> G3 -> G7
1707,post_optimization,-0.840056648754922,0,0.30220741971908155,0.012792580280918453,0,False,A:rise|G1[0]|G2[0]|G3[0]|G7[0]|OUT:rise,A -> G1 -> G2 -> G3 -> G7
1708,pre_optimization,-1.0692997489881464,0,0.3355319889788834,-0.02053198897888342,-0.02053198897888342,True,D:rise|G4[0]|G5[0]|G6[0]|G7[1]|OUT:rise,D -> G4 -> G5 -> G6 -> G7
1708,post_optimization,-1.0692997489881464,0,0.314670454947341,0.00032954505265897494,0,False,D:rise|G4[0]|G5[0]|G6[0]|G7[1]|OUT:rise,D -> G4 -> G5 -> G6 -> G7
1709,pre_optimization,0.9578571684576032,0,0.3269134971364722,-0.011913497136472218,-0.011913497136472218,True,D:rise|G4[0]|G5[0]|G6[0]|G7[1]|OUT:rise,D -> G4 -> G5 -> G6 -> G7
1709,post_optimization,0.9578571684576032,0,0.31060118537493614,0.004398814625063863,0,False,A:rise|G1[0]|G2[0]|G3[0]|G7[0]|OUT:rise,A -> G1 -> G2 -> G3 -> G7
1710,pre_optimization,-0.42862137791889154,0,0.3183277773836963,-0.003327777383696273,-0.003327777383696273,True,D:rise|G4[0]|G5[0]|G6[0]|G7[1]|OUT:rise,D -> G4 -> G5 -> G6 -> G7
1710,post_optimization,-0.42862137791889154,0,0.30006832162347885,0.014931678376521151,0,False,D:rise|G4[0]|G5[0]|G6[0]|G7[1]|OUT:rise,D -> G4 -> G5 -> G6 -> G7
1711,pre_optimization,-0.6675947243560566,0,0.3139592510749326,0.0010407489250673918,0,False,D:rise|G4[0]|G5[0]|G6[0]|G7[1]|OUT:rise,D -> G4 -> G5 -> G6 -> G7
1711,post_optimization,-0.6675947243560566,0,0.2985492780767961,0.016450721923203904,0,False,A:rise|G1[0]|G2[0]|G3[0]|G7[0]|OUT:rise,A -> G1 -> G2 -> G3 -> G7
1712,pre_optimization,-0.7882751525080433,0,0.31622578878227475,-0.0012257887822747504,-0.0012257887822747504,True,D:rise|G4[0]|G5[0]|G6[0]|G7[1]|OUT:rise,D -> G4 -> G5 -> G6 -> G7
1712,post_optimization,-0.7882751525080433,0,0.29676084774984735,0.018239152250152657,0,False,D:rise|G4[0]|G5[0]|G6[0]|G7[1]|OUT:rise,D -> G4 -> G5 -> G6 -> G7
1713,pre_optimization,-0.23944366887343918,0,0.31659932601185736,-0.0015993260118573605,-0.0015993260118573605,True,A:rise|G1[0]|G2[0]|G3[0]|G7[0]|OUT:rise,A -> G1 -> G2 -> G3 -> G7
1713,post_optimization,-0.23944366887343918,0,0.3051035461112912,0.0098964538887088,0,False,A:rise|G1[0]|G2[0]|G3[0]|G7[0]|OUT:rise,A -> G1 -> G2 -> G3 -> G7
1714,pre_optimization,1.4843635216768534,0,0.3222365382342694,-0.007236538234269396,-0.007236538234269396,True,D:rise|G4[0]|G5[0]|G6[0]|G7[1]|OUT:rise,D -> G4 -> G5 -> G6 -> G7
1714,post_optimization,1.4843635216768534,0,0.31006024601506516,0.004939753984934847,0,False,A:rise|G1[0]|G2[0]|G3[0]|G7[0]|OUT:rise,A -> G1 -> G2 -> G3 -> G7
1715,pre_optimization,-1.5367531711714804,0,0.31448675816674276,0.0005132418332572386,0,False,D:rise|G4[0]|G5[0]|G6[0]|G7[1]|OUT:rise,D -> G4 -> G5 -> G6 -> G7
1715,post_optimization,-1.5367531711714804,0,0.29676083954947924,0.018239160450520764,0,False,D:rise|G4[0]|G5[0]|G6[0]|G7[1]|OUT:rise,D -> G4 -> G5 -> G6 -> G7
1716,pre_optimization,1.2740107269074614,0,0.3232057657986233,-0.00820576579862331,-0.00820576579862331,True,D:rise|G4[0]|G5[0]|G6[0]|G7[1]|OUT:rise,D -> G4 -> G5 -> G6 -> G7
1716,post_optimization,1.2740107269074614,0,0.30721012865034014,0.00778987134965986,0,False,A:rise|G1[0]|G2[0]|G3[0]|G7[0]|OUT:rise,A -> G1 -> G2 -> G3 -> G7
1717,pre_optimization,-0.06885282677510965,0,0.32658866003128545,-0.011588660031285447,-0.011588660031285447,True,D:rise|G4[0]|G5[0]|G6[0]|G7[1]|OUT:rise,D -> G4 -> G5 -> G6 -> G7
1717,post_optimization,-0.06885282677510965,0,0.30650719047335595,0.008492809526644052,0,False,D:rise|G4[0]|G5[0]|G6[0]|G7[1]|OUT:rise,D -> G4 -> G5 -> G6 -> G7
1718,pre_optimization,0.9694457922399428,0,0.3282019133947908,-0.01320191339479082,-0.01320191339479082,True,A:rise|G1[0]|G2[0]|G3[0]|G7[0]|OUT:rise,A -> G1 -> G2 -> G3 -> G7
1718,post_optimization,0.9694457922399428,0,0.31725588687933615,-0.002255886879336144,-0.002255886879336144,True,A:rise|G1[0]|G2[0]|G3[0]|G7[0]|OUT:rise,A -> G1 -> G2 -> G3 -> G7
1719,pre_optimization,0.6719506911752443,0,0.3325404284385307,-0.01754042843853071,-0.01754042843853071,True,A:rise|G1[0]|G2[0]|G3[0]|G7[0]|OUT:rise,A -> G1 -> G2 -> G3 -> G7
1719,post_optimization,0.6719506911752443,0,0.3189886089678723,-0.003988608967872287,-0.003988608967872287,True,A:rise|G1[0]|G2[0]|G3[0]|G7[0]|OUT:rise,A -> G1 -> G2 -> G3 -> G7
1720,pre_optimization,1.4882906033502492,0,0.3401617821859164,-0.025161782185916415,-0.025161782185916415,True,D:rise|G4[0]|G5[0]|G6[0]|G7[1]|OUT:rise,D -> G4 -> G5 -> G6 -> G7
1720,post_optimization,1.4882906033502492,0,0.3210630078227746,-0.00606300782277458,-0.00606300782277458,True,A:rise|G1[0]|G2[0]|G3[0]|G7[0]|OUT:rise,A -> G1 -> G2 -> G3 -> G7
1721,pre_optimization,0.4227661679552487,0,0.331203223064796,-0.01620322306479599,-0.01620322306479599,True,A:rise|G1[0]|G2[0]|G3[0]|G7[0]|OUT:rise,A -> G1 -> G2 -> G3 -> G7
1721,post_optimization,0.4227661679552487,0,0.3177308554026719,-0.0027308554026718723,-0.0027308554026718723,True,A:rise|G1[0]|G2[0]|G3[0]|G7[0]|OUT:rise,A -> G1 -> G2 -> G3 -> G7
1722,pre_optimization,2.2232015629943698,0,0.353299856565674,-0.03829985656567397,-0.03829985656567397,True,D:rise|G4[0]|G5[0]|G6[0]|G7[1]|OUT:rise,D -> G4 -> G5 -> G6 -> G7
1722,post_optimization,2.2232015629943698,0,0.3311036459429102,-0.016103645942910194,-0.016103645942910194,True,D:rise|G4[0]|G5[0]|G6[0]|G7[1]|OUT:rise,D -> G4 -> G5 -> G6 -> G7
1723,pre_optimization,-1.057693872334453,0,0.30062735042360045,0.014372649576399554,0,False,D:rise|G4[0]|G5[0]|G6[0]|G7[1]|OUT:rise,D -> G4 -> G5 -> G6 -> G7
1723,post_optimization,-1.057693872334453,0,0.2852901775489899,0.029709822451010115,0,False,D:rise|G4[0]|G5[0]|G6[0]|G7[1]|OUT:rise,D -> G4 -> G5 -> G6 -> G7
1724,pre_optimization,0.7504797186461545,0,0.32739376427081823,-0.01239376427081823,-0.01239376427081823,True,A:rise|G1[0]|G2[0]|G3[0]|G7[0]|OUT:rise,A -> G1 -> G2 -> G3 -> G7
1724,post_optimization,0.7504797186461545,0,0.3172872588898452,-0.0022872588898452118,-0.0022872588898452118,True,A:rise|G1[0]|G2[0]|G3[0]|G7[0]|OUT:rise,A -> G1 -> G2 -> G3 -> G7
1725,pre_optimization,-1.254256260836566,0,0.299308837924456,0.015691162075543996,0,False,D:rise|G4[0]|G5[0]|G6[0]|G7[1]|OUT:rise,D -> G4 -> G5 -> G6 -> G7
1725,post_optimization,-1.254256260836566,0,0.28605572528533335,0.02894427471466665,0,False,A:rise|G1[0]|G2[0]|G3[0]|G7[0]|OUT:rise,A -> G1 -> G2 -> G3 -> G7
1726,pre_optimization,-0.9934519021091609,0,0.31224938025964183,0.0027506197403581734,0,False,D:rise|G4[0]|G5[0]|G6[0]|G7[1]|OUT:rise,D -> G4 -> G5 -> G6 -> G7
1726,post_optimization,-0.9934519021091609,0,0.2958076008589234,0.01919239914107662,0,False,D:rise|G4[0]|G5[0]|G6[0]|G7[1]|OUT:rise,D -> G4 -> G5 -> G6 -> G7
1727,pre_optimization,-1.0781208325221747,0,0.3174405126734534,-0.00244051267345341,-0.00244051267345341,True,A:rise|G1[0]|G2[0]|G3[0]|G7[0]|OUT:rise,A -> G1 -> G2 -> G3 -> G7
1727,post_optimization,-1.0781208325221747,0,0.3053229962824042,0.009677003717595778,0,False,A:rise|G1[0]|G2[0]|G3[0]|G7[0]|OUT:rise,A -> G1 -> G2 -> G3 -> G7
1728,pre_optimization,0.19618742870586153,0,0.31868753273423067,-0.0036875327342306696,-0.0036875327342306696,True,D:rise|G4[0]|G5[0]|G6[0]|G7[1]|OUT:rise,D -> G4 -> G5 -> G6 -> G7
1728,post_optimization,0.19618742870586153,0,0.3006604135975132,0.014339586402486781,0,False,D:rise|G4[0]|G5[0]|G6[0]|G7[1]|OUT:rise,D -> G4 -> G5 -> G6 -> G7
1729,pre_optimization,0.8189467733447928,0,0.33162082987031455,-0.016620829870314546,-0.016620829870314546,True,A:rise|G1[0]|G2[0]|G3[0]|G7[0]|OUT:rise,A -> G1 -> G2 -> G3 -> G7
1729,post_optimization,0.8189467733447928,0,0.3187262042654171,-0.003726204265417088,-0.003726204265417088,True,A:rise|G1[0]|G2[0]|G3[0]|G7[0]|OUT:rise,A -> G1 -> G2 -> G3 -> G7
1730,pre_optimization,0.13910818964294996,0,0.3206871023427639,-0.005687102342763872,-0.005687102342763872,True,D:rise|G4[0]|G5[0]|G6[0]|G7[1]|OUT:rise,D -> G4 -> G5 -> G6 -> G7
1730,post_optimization,0.13910818964294996,0,0.30081686942628294,0.014183130573717062,0,False,D:rise|G4[0]|G5[0]|G6[0]|G7[1]|OUT:rise,D -> G4 -> G5 -> G6 -> G7
1731,pre_optimization,0.45309701224571525,0,0.31606991793997063,-0.0010699179399706327,-0.0010699179399706327,True,A:rise|G1[0]|G2[0]|G3[0]|G7[0]|OUT:rise,A -> G1 -> G2 -> G3 -> G7
1731,post_optimization,0.45309701224571525,0,0.30133641933486865,0.013663580665131347,0,False,A:rise|G1[0]|G2[0]|G3[0]|G7[0]|OUT:rise,A -> G1 -> G2 -> G3 -> G7
1732,pre_optimization,0.8554972790143976,0,0.3349038075022043,-0.019903807502204274,-0.019903807502204274,True,D:rise|G4[0]|G5[0]|G6[0]|G7[1]|OUT:rise,D -> G4 -> G5 -> G6 -> G7
1732,post_optimization,0.8554972790143976,0,0.3148110672193303,0.00018893278066972607,0,False,D:rise|G4[0]|G5[0]|G6[0]|G7[1]|OUT:rise,D -> G4 -> G5 -> G6 -> G7
1733,pre_optimization,-1.7769383009872075,0,0.3083827932713117,0.0066172067286883185,0,False,D:rise|G4[0]|G5[0]|G6[0]|G7[1]|OUT:rise,D -> G4 -> G5 -> G6 -> G7
1733,post_optimization,-1.7769383009872075,0,0.2898456591021111,0.025154340897888927,0,False,D:rise|G4[0]|G5[0]|G6[0]|G7[1]|OUT:rise,D -> G4 -> G5 -> G6 -> G7
1734,pre_optimization,-1.0271234588763365,0,0.3142556634163894,0.0007443365836106164,0,False,D:rise|G4[0]|G5[0]|G6[0]|G7[1]|OUT:rise,D -> G4 -> G5 -> G6 -> G7
1734,post_optimization,-1.0271234588763365,0,0.2995184729487743,0.015481527051225685,0,False,D:rise|G4[0]|G5[0]|G6[0]|G7[1]|OUT:rise,D -> G4 -> G5 -> G6 -> G7
1735,pre_optimization,1.9666763724874154,0,0.338879857781725,-0.023879857781725022,-0.023879857781725022,True,D:rise|G4[0]|G5[0]|G6[0]|G7[1]|OUT:rise,D -> G4 -> G5 -> G6 -> G7
1735,post_optimization,1.9666763724874154,0,0.31921445581354546,-0.004214455813545459,-0.004214455813545459,True,D:rise|G4[0]|G5[0]|G6[0]|G7[1]|OUT:rise,D -> G4 -> G5 -> G6 -> G7
1736,pre_optimization,-2.3688026358219925,0,0.2948754365467894,0.02012456345321062,0,False,D:rise|G4[0]|G5[0]|G6[0]|G7[1]|OUT:rise,D -> G4 -> G5 -> G6 -> G7
1736,post_optimization,-2.3688026358219925,0,0.27759320705881985,0.037406792941180156,0,False,D:rise|G4[0]|G5[0]|G6[0]|G7[1]|OUT:rise,D -> G4 -> G5 -> G6 -> G7
1737,pre_optimization,0.5252398491579103,0,0.33576798650975803,-0.02076798650975803,-0.02076798650975803,True,A:rise|G1[0]|G2[0]|G3[0]|G7[0]|OUT:rise,A -> G1 -> G2 -> G3 -> G7
1737,post_optimization,0.5252398491579103,0,0.3226247115932568,-0.007624711593256783,-0.007624711593256783,True,A:rise|G1[0]|G2[0]|G3[0]|G7[0]|OUT:rise,A -> G1 -> G2 -> G3 -> G7
1738,pre_optimization,-0.51990084254524,0,0.30768921503388585,0.007310784966114148,0,False,D:rise|G4[0]|G5[0]|G6[0]|G7[1]|OUT:rise,D -> G4 -> G5 -> G6 -> G7
1738,post_optimization,-0.51990084254524,0,0.29316622239823986,0.02183377760176014,0,False,D:rise|G4[0]|G5[0]|G6[0]|G7[1]|OUT:rise,D -> G4 -> G5 -> G6 -> G7
1739,pre_optimization,-0.43383201289761153,0,0.31700841490415615,-0.0020084149041561528,-0.0020084149041561528,True,D:rise|G4[0]|G5[0]|G6[0]|G7[1]|OUT:rise,D -> G4 -> G5 -> G6 -> G7
1739,post_optimization,-0.43383201289761153,0,0.2982277447447316,0.016772255255268376,0,False,D:rise|G4[0]|G5[0]|G6[0]|G7[1]|OUT:rise,D -> G4 -> G5 -> G6 -> G7
1740,pre_optimization,0.34441418876554647,0,0.3240243995053602,-0.009024399505360214,-0.009024399505360214,True,D:rise|G4[0]|G5[0]|G6[0]|G7[1]|OUT:rise,D -> G4 -> G5 -> G6 -> G7
1740,post_optimization,0.34441418876554647,0,0.30624945969975786,0.008750540300242138,0,False,D:rise|G4[0]|G5[0]|G6[0]|G7[1]|OUT:rise,D -> G4 -> G5 -> G6 -> G7
1741,pre_optimization,-0.8283153112035265,0,0.3181824162760736,-0.003182416276073574,-0.003182416276073574,True,A:rise|G1[0]|G2[0]|G3[0]|G7[0]|OUT:rise,A -> G1 -> G2 -> G3 -> G7
1741,post_optimization,-0.8283153112035265,0,0.30584767873453994,0.009152321265460062,0,False,A:rise|G1[0]|G2[0]|G3[0]|G7[0]|OUT:rise,A -> G1 -> G2 -> G3 -> G7
1742,pre_optimization,0.23316514353598425,0,0.3400161792815104,-0.025016179281510398,-0.025016179281510398,True,A:rise|G1[0]|G2[0]|G3[0]|G7[0]|OUT:rise,A -> G1 -> G2 -> G3 -> G7
1742,post_optimization,0.23316514353598425,0,0.3245894528183559,-0.009589452818355881,-0.009589452818355881,True,A:rise|G1[0]|G2[0]|G3[0]|G7[0]|OUT:rise,A -> G1 -> G2 -> G3 -> G7
1743,pre_optimization,0.5737086939522076,0,0.3172000426396551,-0.00220004263965512,-0.00220004263965512,True,A:rise|G1[0]|G2[0]|G3[0]|G7[0]|OUT:rise,A -> G1 -> G2 -> G3 -> G7
1743,post_optimization,0.5737086939522076,0,0.30295995588310587,0.012040044116894133,0,False,A:rise|G1[0]|G2[0]|G3[0]|G7[0]|OUT:rise,A -> G1 -> G2 -> G3 -> G7
1744,pre_optimization,-1.0847308199933474,0,0.31136555163761376,0.0036344483623862445,0,False,A:rise|G1[0]|G2[0]|G3[0]|G7[0]|OUT:rise,A -> G1 -> G2 -> G3 -> G7
1744,post_optimization,-1.0847308199933474,0,0.29831217858649023,0.016687821413509774,0,False,A:rise|G1[0]|G2[0]|G3[0]|G7[0]|OUT:rise,A -> G1 -> G2 -> G3 -> G7
1745,pre_optimization,-2.5692368395942613,0,0.2969058397905189,0.018094160209481125,0,False,D:rise|G4[0]|G5[0]|G6[0]|G7[1]|OUT:rise,D -> G4 -> G5 -> G6 -> G7
1745,post_optimization,-2.5692368395942613,0,0.28011747106076557,0.034882528939234436,0,False,D:rise|G4[0]|G5[0]|G6[0]|G7[1]|OUT:rise,D -> G4 -> G5 -> G6 -> G7
1746,pre_optimization,-0.6766349614748831,0,0.3119701831586856,0.0030298168413144255,0,False,D:rise|G4[0]|G5[0]|G6[0]|G7[1]|OUT:rise,D -> G4 -> G5 -> G6 -> G7
1746,post_optimization,-0.6766349614748831,0,0.29414014550675716,0.020859854493242846,0,False,D:rise|G4[0]|G5[0]|G6[0]|G7[1]|OUT:rise,D -> G4 -> G5 -> G6 -> G7
1747,pre_optimization,-1.3186291920294506,0,0.31348530965862687,0.0015146903413731372,0,False,D:rise|G4[0]|G5[0]|G6[0]|G7[1]|OUT:rise,D -> G4 -> G5 -> G6 -> G7
1747,post_optimization,-1.3186291920294506,0,0.2943023590036553,0.02069764099634469,0,False,A:rise|G1[0]|G2[0]|G3[0]|G7[0]|OUT:rise,A -> G1 -> G2 -> G3 -> G7
1748,pre_optimization,1.7174300971407666,0,0.3369711861776369,-0.02197118617763688,-0.02197118617763688,True,D:rise|G4[0]|G5[0]|G6[0]|G7[1]|OUT:rise,D -> G4 -> G5 -> G6 -> G7
1748,post_optimization,1.7174300971407666,0,0.3177519225826849,-0.002751922582684918,-0.002751922582684918,True,D:rise|G4[0]|G5[0]|G6[0]|G7[1]|OUT:rise,D -> G4 -> G5 -> G6 -> G7
1749,pre_optimization,-0.8855345266260137,0,0.30096974848233493,0.014030251517665071,0,False,A:rise|G1[0]|G2[0]|G3[0]|G7[0]|OUT:rise,A -> G1 -> G2 -> G3 -> G7
1749,post_optimization,-0.8855345266260137,0,0.29339837098930593,0.021601629010694068,0,False,A:rise|G1[0]|G2[0]|G3[0]|G7[0]|OUT:rise,A -> G1 -> G2 -> G3 -> G7
1750,pre_optimization,1.218537983254984,0,0.34611757276545113,-0.03111757276545113,-0.03111757276545113,True,D:rise|G4[0]|G5[0]|G6[0]|G7[1]|OUT:rise,D -> G4 -> G5 -> G6 -> G7
1750,post_optimization,1.218537983254984,0,0.32613198113088915,-0.011131981130889146,-0.011131981130889146,True,A:rise|G1[0]|G2[0]|G3[0]|G7[0]|OUT:rise,A -> G1 -> G2 -> G3 -> G7
1751,pre_optimization,-0.9362366198614572,0,0.30695317557304963,0.008046824426950372,0,False,D:rise|G4[0]|G5[0]|G6[0]|G7[1]|OUT:rise,D -> G4 -> G5 -> G6 -> G7
1751,post_optimization,-0.9362366198614572,0,0.2888714144659368,0.02612858553406322,0,False,D:rise|G4[0]|G5[0]|G6[0]|G7[1]|OUT:rise,D -> G4 -> G5 -> G6 -> G7
1752,pre_optimization,-0.5487150705902604,0,0.31565255883777965,-0.0006525588377796487,-0.0006525588377796487,True,D:rise|G4[0]|G5[0]|G6[0]|G7[1]|OUT:rise,D -> G4 -> G5 -> G6 -> G7
1752,post_optimization,-0.5487150705902604,0,0.30125554422719525,0.013744455772804753,0,False,A:rise|G1[0]|G2[0]|G3[0]|G7[0]|OUT:rise,A -> G1 -> G2 -> G3 -> G7
1753,pre_optimization,2.322165693177121,0,0.34911238287758484,-0.034112382877584835,-0.03587852718208595,True,A:rise|G1[0]|G2[0]|G3[0]|G7[0]|OUT:rise,A -> G1 -> G2 -> G3 -> G7
1753,post_optimization,2.322165693177121,0,0.3356643059522285,-0.020664305952228512,-0.020664305952228512,True,A:rise|G1[0]|G2[0]|G3[0]|G7[0]|OUT:rise,A -> G1 -> G2 -> G3 -> G7
1754,pre_optimization,-0.49335047245852803,0,0.3140071618229604,0.000992838177039601,0,False,A:rise|G1[0]|G2[0]|G3[0]|G7[0]|OUT:rise,A -> G1 -> G2 -> G3 -> G7
1754,post_optimization,-0.49335047245852803,0,0.300606728202759,0.01439327179724098,0,False,A:rise|G1[0]|G2[0]|G3[0]|G7[0]|OUT:rise,A -> G1 -> G2 -> G3 -> G7
1755,pre_optimization,-0.1446435226871856,0,0.3074714021660845,0.007528597833915518,0,False,D:rise|G4[0]|G5[0]|G6[0]|G7[1]|OUT:rise,D -> G4 -> G5 -> G6 -> G7
1755,post_optimization,-0.1446435226871856,0,0.29346340176305963,0.021536598236940374,0,False,A:rise|G1[0]|G2[0]|G3[0]|G7[0]|OUT:rise,A -> G1 -> G2 -> G3 -> G7
1756,pre_optimization,-1.406257280517814,0,0.3129481910347184,0.0020518089652816207,0,False,A:rise|G1[0]|G2[0]|G3[0]|G7[0]|OUT:rise,A -> G1 -> G2 -> G3 -> G7
1756,post_optimization,-1.406257280517814,0,0.29823731920198404,0.01676268079801596,0,False,A:rise|G1[0]|G2[0]|G3[0]|G7[0]|OUT:rise,A -> G1 -> G2 -> G3 -> G7
1757,pre_optimization,2.3653933131210745,0,0.3487692837290335,-0.033769283729033484,-0.0352167792531034,True,A:rise|G1[0]|G2[0]|G3[0]|G7[0]|OUT:rise,A -> G1 -> G2 -> G3 -> G7
1757,post_optimization,2.3653933131210745,0,0.33344842045009276,-0.018448420450092762,-0.018448420450092762,True,A:rise|G1[0]|G2[0]|G3[0]|G7[0]|OUT:rise,A -> G1 -> G2 -> G3 -> G7
1758,pre_optimization,1.7819963701417256,0,0.33125953337207636,-0.016259533372076362,-0.016259533372076362,True,A:rise|G1[0]|G2[0]|G3[0]|G7[0]|OUT:rise,A -> G1 -> G2 -> G3 -> G7
1758,post_optimization,1.7819963701417256,0,0.3201610014397796,-0.0051610014397796,-0.0051610014397796,True,A:rise|G1[0]|G2[0]|G3[0]|G7[0]|OUT:rise,A -> G1 -> G2 -> G3 -> G7
1759,pre_optimization,0.9027000258361058,0,0.3179696848677774,-0.002969684867777378,-0.002969684867777378,True,A:rise|G1[0]|G2[0]|G3[0]|G7[0]|OUT:rise,A -> G1 -> G2 -> G3 -> G7
1759,post_optimization,0.9027000258361058,0,0.3065655314703402,0.008434468529659789,0,False,A:rise|G1[0]|G2[0]|G3[0]|G7[0]|OUT:rise,A -> G1 -> G2 -> G3 -> G7
1760,pre_optimization,-1.4682709171991222,0,0.29280296733457556,0.022197032665424443,0,False,A:rise|G1[0]|G2[0]|G3[0]|G7[0]|OUT:rise,A -> G1 -> G2 -> G3 -> G7
1760,post_optimization,-1.4682709171991222,0,0.2824103006999026,0.03258969930009742,0,False,A:rise|G1[0]|G2[0]|G3[0]|G7[0]|OUT:rise,A -> G1 -> G2 -> G3 -> G7
1761,pre_optimization,0.3310559278928487,0,0.31823582711414616,-0.0032358271141461614,-0.0032358271141461614,True,D:rise|G4[0]|G5[0]|G6[0]|G7[1]|OUT:rise,D -> G4 -> G5 -> G6 -> G7
1761,post_optimization,0.3310559278928487,0,0.30073512517153567,0.014264874828464336,0,False,A:rise|G1[0]|G2[0]|G3[0]|G7[0]|OUT:rise,A -> G1 -> G2 -> G3 -> G7
1762,pre_optimization,-0.4104644566643963,0,0.32042889023652155,-0.005428890236521544,-0.005428890236521544,True,A:rise|G1[0]|G2[0]|G3[0]|G7[0]|OUT:rise,A -> G1 -> G2 -> G3 -> G7
1762,post_optimization,-0.4104644566643963,0,0.30606419764051396,0.008935802359486045,0,False,A:rise|G1[0]|G2[0]|G3[0]|G7[0]|OUT:rise,A -> G1 -> G2 -> G3 -> G7
1763,pre_optimization,0.2736348391894313,0,0.3233230474795573,-0.00832304747955731,-0.00832304747955731,True,D:rise|G4[0]|G5[0]|G6[0]|G7[1]|OUT:rise,D -> G4 -> G5 -> G6 -> G7
1763,post_optimization,0.2736348391894313,0,0.3099125891283441,0.0050874108716559285,0,False,A:rise|G1[0]|G2[0]|G3[0]|G7[0]|OUT:rise,A -> G1 -> G2 -> G3 -> G7
1764,pre_optimization,-0.4837635384785755,0,0.308910573763013,0.0060894262369869945,0,False,D:rise|G4[0]|G5[0]|G6[0]|G7[1]|OUT:rise,D -> G4 -> G5 -> G6 -> G7
1764,post_optimization,-0.4837635384785755,0,0.2912092261388344,0.023790773861165626,0,False,D:rise|G4[0]|G5[0]|G6[0]|G7[1]|OUT:rise,D -> G4 -> G5 -> G6 -> G7
1765,pre_optimization,0.31181831121222214,0,0.3203260482850253,-0.005326048285025309,-0.005326048285025309,True,D:rise|G4[0]|G5[0]|G6[0]|G7[1]|OUT:rise,D -> G4 -> G5 -> G6 -> G7
1765,post_optimization,0.31181831121222214,0,0.30492187483118016,0.01007812516881984,0,False,A:rise|G1[0]|G2[0]|G3[0]|G7[0]|OUT:rise,A -> G1 -> G2 -> G3 -> G7
1766,pre_optimization,1.8515761415358967,0,0.3532597714374415,-0.038259771437441525,-0.038259771437441525,True,D:rise|G4[0]|G5[0]|G6[0]|G7[1]|OUT:rise,D -> G4 -> G5 -> G6 -> G7
1766,post_optimization,1.8515761415358967,0,0.33177250527955154,-0.01677250527955154,-0.01677250527955154,True,D:rise|G4[0]|G5[0]|G6[0]|G7[1]|OUT:rise,D -> G4 -> G5 -> G6 -> G7
1767,pre_optimization,0.04565404305578499,0,0.31351611313412,0.0014838868658800242,0,False,D:rise|G4[0]|G5[0]|G6[0]|G7[1]|OUT:rise,D -> G4 -> G5 -> G6 -> G7
1767,post_optimization,0.04565404305578499,0,0.29585169033889835,0.019148309661101648,0,False,D:rise|G4[0]|G5[0]|G6[0]|G7[1]|OUT:rise,D -> G4 -> G5 -> G6 -> G7
1768,pre_optimization,-1.119442240447633,0,0.297461140568654,0.017538859431345977,0,False,D:rise|G4[0]|G5[0]|G6[0]|G7[1]|OUT:rise,D -> G4 -> G5 -> G6 -> G7
1768,post_optimization,-1.119442240447633,0,0.2794934205473758,0.0355065794526242,0,False,D:rise|G4[0]|G5[0]|G6[0]|G7[1]|OUT:rise,D -> G4 -> G5 -> G6 -> G7
1769,pre_optimization,-0.6311425000978533,0,0.3084592797249265,0.006540720275073519,0,False,A:rise|G1[0]|G2[0]|G3[0]|G7[0]|OUT:rise,A -> G1 -> G2 -> G3 -> G7
1769,post_optimization,-0.6311425000978533,0,0.29667986202913244,0.018320137970867567,0,False,A:rise|G1[0]|G2[0]|G3[0]|G7[0]|OUT:rise,A -> G1 -> G2 -> G3 -> G7
1770,pre_optimization,0.6922943304861005,0,0.3267571490312195,-0.011757149031219494,-0.011757149031219494,True,A:rise|G1[0]|G2[0]|G3[0]|G7[0]|OUT:rise,A -> G1 -> G2 -> G3 -> G7
1770,post_optimization,0.6922943304861005,0,0.31277961725479075,0.0022203827452092484,0,False,A:rise|G1[0]|G2[0]|G3[0]|G7[0]|OUT:rise,A -> G1 -> G2 -> G3 -> G7
1771,pre_optimization,-1.095555824652297,0,0.30563338745880175,0.00936661254119825,0,False,A:rise|G1[0]|G2[0]|G3[0]|G7[0]|OUT:rise,A -> G1 -> G2 -> G3 -> G7
1771,post_optimization,-1.095555824652297,0,0.29281865522296757,0.02218134477703243,0,False,A:rise|G1[0]|G2[0]|G3[0]|G7[0]|OUT:rise,A -> G1 -> G2 -> G3 -> G7
1772,pre_optimization,1.1196663958832076,0,0.34175681951778214,-0.026756819517782138,-0.026756819517782138,True,D:rise|G4[0]|G5[0]|G6[0]|G7[1]|OUT:rise,D -> G4 -> G5 -> G6 -> G7
1772,post_optimization,1.1196663958832076,0,0.3218797932250755,-0.006879793225075481,-0.006879793225075481,True,D:rise|G4[0]|G5[0]|G6[0]|G7[1]|OUT:rise,D -> G4 -> G5 -> G6 -> G7
1773,pre_optimization,1.2116493159442414,0,0.33699675717387495,-0.021996757173874948,-0.021996757173874948,True,A:rise|G1[0]|G2[0]|G3[0]|G7[0]|OUT:rise,A -> G1 -> G2 -> G3 -> G7
1773,post_optimization,1.2116493159442414,0,0.3241757467446479,-0.009175746744647884,-0.009175746744647884,True,A:rise|G1[0]|G2[0]|G3[0]|G7[0]|OUT:rise,A -> G1 -> G2 -> G3 -> G7
1774,pre_optimization,0.6383631535733715,0,0.3272428366518614,-0.012242836651861377,-0.012242836651861377,True,A:rise|G1[0]|G2[0]|G3[0]|G7[0]|OUT:rise,A -> G1 -> G2 -> G3 -> G7
1774,post_optimization,0.6383631535733715,0,0.3133214898469221,0.0016785101530779056,0,False,A:rise|G1[0]|G2[0]|G3[0]|G7[0]|OUT:rise,A -> G1 -> G2 -> G3 -> G7
1775,pre_optimization,-1.6698102745834082,0,0.2936055980273198,0.02139440197268022,0,False,D:rise|G4[0]|G5[0]|G6[0]|G7[1]|OUT:rise,D -> G4 -> G5 -> G6 -> G7
1775,post_optimization,-1.6698102745834082,0,0.27828647224382747,0.03671352775617254,0,False,D:rise|G4[0]|G5[0]|G6[0]|G7[1]|OUT:rise,D -> G4 -> G5 -> G6 -> G7
1776,pre_optimization,2.9287781818728145,0,0.3429267956890586,-0.027926795689058592,-0.027926795689058592,True,D:rise|G4[0]|G5[0]|G6[0]|G7[1]|OUT:rise,D -> G4 -> G5 -> G6 -> G7
1776,post_optimization,2.9287781818728145,0,0.3284348019620339,-0.013434801962033893,-0.013434801962033893,True,A:rise|G1[0]|G2[0]|G3[0]|G7[0]|OUT:rise,A -> G1 -> G2 -> G3 -> G7
1777,pre_optimization,2.322631683776928,0,0.34110643007079156,-0.026106430070791553,-0.026106430070791553,True,A:rise|G1[0]|G2[0]|G3[0]|G7[0]|OUT:rise,A -> G1 -> G2 -> G3 -> G7
1777,post_optimization,2.322631683776928,0,0.3288218763923831,-0.013821876392383081,-0.013821876392383081,True,A:rise|G1[0]|G2[0]|G3[0]|G7[0]|OUT:rise,A -> G1 -> G2 -> G3 -> G7
1778,pre_optimization,-2.5734805543270367,0,0.29011514811432726,0.024884851885672743,0,False,D:rise|G4[0]|G5[0]|G6[0]|G7[1]|OUT:rise,D -> G4 -> G5 -> G6 -> G7
1778,post_optimization,-2.5734805543270367,0,0.2721447568476505,0.04285524315234951,0,False,A:rise|G1[0]|G2[0]|G3[0]|G7[0]|OUT:rise,A -> G1 -> G2 -> G3 -> G7
1779,pre_optimization,-3.7095096638928022,0,0.2883684535992149,0.026631546400785078,0,False,A:rise|G1[0]|G2[0]|G3[0]|G7[0]|OUT:rise,A -> G1 -> G2 -> G3 -> G7
1779,post_optimization,-3.7095096638928022,0,0.2769625941401361,0.038037405859863926,0,False,A:rise|G1[0]|G2[0]|G3[0]|G7[0]|OUT:rise,A -> G1 -> G2 -> G3 -> G7
1780,pre_optimization,-0.9161511098830404,0,0.3047212820277756,0.010278717972224405,0,False,A:rise|G1[0]|G2[0]|G3[0]|G7[0]|OUT:rise,A -> G1 -> G2 -> G3 -> G7
1780,post_optimization,-0.9161511098830404,0,0.29528703392502853,0.019712966074971472,0,False,A:rise|G1[0]|G2[0]|G3[0]|G7[0]|OUT:rise,A -> G1 -> G2 -> G3 -> G7
1781,pre_optimization,1.250819810211092,0,0.32735179130427333,-0.01235179130427333,-0.01235179130427333,True,D:rise|G4[0]|G5[0]|G6[0]|G7[1]|OUT:rise,D -> G4 -> G5 -> G6 -> G7
1781,post_optimization,1.250819810211092,0,0.31134053388202637,0.003659466117973631,0,False,A:rise|G1[0]|G2[0]|G3[0]|G7[0]|OUT:rise,A -> G1 -> G2 -> G3 -> G7
1782,pre_optimization,-1.603436801389646,0,0.29035859191079916,0.024641408089200845,0,False,D:rise|G4[0]|G5[0]|G6[0]|G7[1]|OUT:rise,D -> G4 -> G5 -> G6 -> G7
1782,post_optimization,-1.603436801389646,0,0.2763870423865518,0.038612957613448184,0,False,D:rise|G4[0]|G5[0]|G6[0]|G7[1]|OUT:rise,D -> G4 -> G5 -> G6 -> G7
1783,pre_optimization,0.6840177903253031,0,0.3291705083065837,-0.014170508306583673,-0.014170508306583673,True,D:rise|G4[0]|G5[0]|G6[0]|G7[1]|OUT:rise,D -> G4 -> G5 -> G6 -> G7
1783,post_optimization,0.6840177903253031,0,0.3106689694829336,0.004331030517066403,0,False,A:rise|G1[0]|G2[0]|G3[0]|G7[0]|OUT:rise,A -> G1 -> G2 -> G3 -> G7
1784,pre_optimization,-0.12554187879411133,0,0.3315057641631706,-0.016505764163170622,-0.016505764163170622,True,A:rise|G1[0]|G2[0]|G3[0]|G7[0]|OUT:rise,A -> G1 -> G2 -> G3 -> G7
1784,post_optimization,-0.12554187879411133,0,0.3157361450463726,-0.0007361450463725938,-0.0007361450463725938,True,A:rise|G1[0]|G2[0]|G3[0]|G7[0]|OUT:rise,A -> G1 -> G2 -> G3 -> G7
1785,pre_optimization,-0.4992324076766448,0,0.3202122935675227,-0.0052122935675226745,-0.0052122935675226745,True,D:rise|G4[0]|G5[0]|G6[0]|G7[1]|OUT:rise,D -> G4 -> G5 -> G6 -> G7
1785,post_optimization,-0.4992324076766448,0,0.30037065679735364,0.014629343202646361,0,False,D:rise|G4[0]|G5[0]|G6[0]|G7[1]|OUT:rise,D -> G4 -> G5 -> G6 -> G7
1786,pre_optimization,0.37068550473575657,0,0.34364322904693634,-0.028643229046936336,-0.028643229046936336,True,D:rise|G4[0]|G5[0]|G6[0]|G7[1]|OUT:rise,D -> G4 -> G5 -> G6 -> G7
1786,post_optimization,0.37068550473575657,0,0.3215512180991566,-0.006551218099156597,-0.006551218099156597,True,A:rise|G1[0]|G2[0]|G3[0]|G7[0]|OUT:rise,A -> G1 -> G2 -> G3 -> G7
1787,pre_optimization,0.832857631856491,0,0.33392896525520027,-0.01892896525520027,-0.01892896525520027,True,D:rise|G4[0]|G5[0]|G6[0]|G7[1]|OUT:rise,D -> G4 -> G5 -> G6 -> G7
1787,post_optimization,0.832857631856491,0,0.316395738914803,-0.0013957389148029908,-0.0013957389148029908,True,A:rise|G1[0]|G2[0]|G3[0]|G7[0]|OUT:rise,A -> G1 -> G2 -> G3 -> G7
1788,pre_optimization,1.6912135371135548,0,0.32444997168669765,-0.009449971686697645,-0.009449971686697645,True,A:rise|G1[0]|G2[0]|G3[0]|G7[0]|OUT:rise,A -> G1 -> G2 -> G3 -> G7
1788,post_optimization,1.6912135371135548,0,0.31185673451630397,0.003143265483696034,0,False,A:rise|G1[0]|G2[0]|G3[0]|G7[0]|OUT:rise,A -> G1 -> G2 -> G3 -> G7
1789,pre_optimization,0.9070094529788733,0,0.34301539182245855,-0.028015391822458546,-0.028015391822458546,True,D:rise|G4[0]|G5[0]|G6[0]|G7[1]|OUT:rise,D -> G4 -> G5 -> G6 -> G7
1789,post_optimization,0.9070094529788733,0,0.323481407550868,-0.008481407550868014,-0.008481407550868014,True,D:rise|G4[0]|G5[0]|G6[0]|G7[1]|OUT:rise,D -> G4 -> G5 -> G6 -> G7
1790,pre_optimization,-0.6745385309044731,0,0.3247721780336213,-0.009772178033621293,-0.009772178033621293,True,D:rise|G4[0]|G5[0]|G6[0]|G7[1]|OUT:rise,D -> G4 -> G5 -> G6 -> G7
1790,post_optimization,-0.6745385309044731,0,0.3064327701923531,0.008567229807646903,0,False,D:rise|G4[0]|G5[0]|G6[0]|G7[1]|OUT:rise,D -> G4 -> G5 -> G6 -> G7
1791,pre_optimization,0.12169984991436253,0,0.30986965440036524,0.005130345599634767,0,False,A:rise|G1[0]|G2[0]|G3[0]|G7[0]|OUT:rise,A -> G1 -> G2 -> G3 -> G7
1791,post_optimization,0.12169984991436253,0,0.2954456021911672,0.01955439780883278,0,False,A:rise|G1[0]|G2[0]|G3[0]|G7[0]|OUT:rise,A -> G1 -> G2 -> G3 -> G7
1792,pre_optimization,1.9459892245527113,0,0.3630574172237958,-0.048057417223795806,-0.05668004234191448,True,D:rise|G4[0]|G5[0]|G6[0]|G7[1]|OUT:rise,D -> G4 -> G5 -> G6 -> G7
1792,post_optimization,1.9459892245527113,0,0.3407525898428429,-0.0257525898428429,-0.0257525898428429,True,D:rise|G4[0]|G5[0]|G6[0]|G7[1]|OUT:rise,D -> G4 -> G5 -> G6 -> G7
1793,pre_optimization,-0.5060694160085996,0,0.3235286292541668,-0.008528629254166809,-0.008528629254166809,True,D:rise|G4[0]|G5[0]|G6[0]|G7[1]|OUT:rise,D -> G4 -> G5 -> G6 -> G7
1793,post_optimization,-0.5060694160085996,0,0.306168959254861,0.008831040745139018,0,False,D:rise|G4[0]|G5[0]|G6[0]|G7[1]|OUT:rise,D -> G4 -> G5 -> G6 -> G7
1794,pre_optimization,-0.5326391664126127,0,0.3037075904845659,0.011292409515434088,0,False,A:rise|G1[0]|G2[0]|G3[0]|G7[0]|OUT:rise,A -> G1 -> G2 -> G3 -> G7
1794,post_optimization,-0.5326391664126127,0,0.2914692802143548,0.023530719785645193,0,False,A:rise|G1[0]|G2[0]|G3[0]|G7[0]|OUT:rise,A -> G1 -> G2 -> G3 -> G7
1795,pre_optimization,0.5163784798208486,0,0.32180109913194044,-0.006801099131940436,-0.006801099131940436,True,D:rise|G4[0]|G5[0]|G6[0]|G7[1]|OUT:rise,D -> G4 -> G5 -> G6 -> G7
1795,post_optimization,0.5163784798208486,0,0.30417273572572723,0.010827264274272774,0,False,D:rise|G4[0]|G5[0]|G6[0]|G7[1]|OUT:rise,D -> G4 -> G5 -> G6 -> G7
1796,pre_optimization,-1.521694404063905,0,0.30764525838253054,0.007354741617469462,0,False,A:rise|G1[0]|G2[0]|G3[0]|G7[0]|OUT:rise,A -> G1 -> G2 -> G3 -> G7
1796,post_optimization,-1.521694404063905,0,0.29857736288994763,0.016422637110052374,0,False,A:rise|G1[0]|G2[0]|G3[0]|G7[0]|OUT:rise,A -> G1 -> G2 -> G3 -> G7
1797,pre_optimization,0.3549001075649693,0,0.33715846557965,-0.02215846557965001,-0.02215846557965001,True,D:rise|G4[0]|G5[0]|G6[0]|G7[1]|OUT:rise,D -> G4 -> G5 -> G6 -> G7
1797,post_optimization,0.3549001075649693,0,0.3164756697717439,-0.0014756697717439038,-0.0014756697717439038,True,D:rise|G4[0]|G5[0]|G6[0]|G7[1]|OUT:rise,D -> G4 -> G5 -> G6 -> G7
1798,pre_optimization,-0.7381221789960216,0,0.2910180205565789,0.02398197944342112,0,False,D:rise|G4[0]|G5[0]|G6[0]|G7[1]|OUT:rise,D -> G4 -> G5 -> G6 -> G7
1798,post_optimization,-0.7381221789960216,0,0.27928769902822337,0.035712300971776634,0,False,A:rise|G1[0]|G2[0]|G3[0]|G7[0]|OUT:rise,A -> G1 -> G2 -> G3 -> G7
1799,pre_optimization,0.4603056274395033,0,0.3298960898809389,-0.014896089880938879,-0.014896089880938879,True,A:rise|G1[0]|G2[0]|G3[0]|G7[0]|OUT:rise,A -> G1 -> G2 -> G3 -> G7
1799,post_optimization,0.4603056274395033,0,0.31380290208292877,0.0011970979170712326,0,False,A:rise|G1[0]|G2[0]|G3[0]|G7[0]|OUT:rise,A -> G1 -> G2 -> G3 -> G7
1800,pre_optimization,-1.1814912732313043,0,0.30892832833854583,0.00607167166145417,0,False,D:rise|G4[0]|G5[0]|G6[0]|G7[1]|OUT:rise,D -> G4 -> G5 -> G6 -> G7
1800,post_optimization,-1.1814912732313043,0,0.29156755666804873,0.02343244333195127,0,False,D:rise|G4[0]|G5[0]|G6[0]|G7[1]|OUT:rise,D -> G4 -> G5 -> G6 -> G7
1801,pre_optimization,1.032673256571047,0,0.327095348662255,-0.012095348662254979,-0.012095348662254979,True,D:rise|G4[0]|G5[0]|G6[0]|G7[1]|OUT:rise,D -> G4 -> G5 -> G6 -> G7
1801,post_optimization,1.032673256571047,0,0.30991148613596925,0.0050885138640307526,0,False,D:rise|G4[0]|G5[0]|G6[0]|G7[1]|OUT:rise,D -> G4 -> G5 -> G6 -> G7
1802,pre_optimization,-1.7177530213802918,0,0.30407767014341847,0.010922329856581536,0,False,D:rise|G4[0]|G5[0]|G6[0]|G7[1]|OUT:rise,D -> G4 -> G5 -> G6 -> G7
1802,post_optimization,-1.7177530213802918,0,0.28710758547483023,0.027892414525169773,0,False,D:rise|G4[0]|G5[0]|G6[0]|G7[1]|OUT:rise,D -> G4 -> G5 -> G6 -> G7
1803,pre_optimization,-1.0048369214116548,0,0.30618415092314194,0.008815849076858062,0,False,D:rise|G4[0]|G5[0]|G6[0]|G7[1]|OUT:rise,D -> G4 -> G5 -> G6 -> G7
1803,post_optimization,-1.0048369214116548,0,0.28750510411659475,0.027494895883405257,0,False,D:rise|G4[0]|G5[0]|G6[0]|G7[1]|OUT:rise,D -> G4 -> G5 -> G6 -> G7
1804,pre_optimization,-1.1813672178401082,0,0.3047122206449699,0.010287779355030113,0,False,D:rise|G4[0]|G5[0]|G6[0]|G7[1]|OUT:rise,D -> G4 -> G5 -> G6 -> G7
1804,post_optimization,-1.1813672178401082,0,0.2884672667419116,0.026532733258088415,0,False,A:rise|G1[0]|G2[0]|G3[0]|G7[0]|OUT:rise,A -> G1 -> G2 -> G3 -> G7
1805,pre_optimization,-0.4739114889484712,0,0.3109558775493891,0.004044122450610921,0,False,D:rise|G4[0]|G5[0]|G6[0]|G7[1]|OUT:rise,D -> G4 -> G5 -> G6 -> G7
1805,post_optimization,-0.4739114889484712,0,0.2932884322887543,0.021711567711245716,0,False,D:rise|G4[0]|G5[0]|G6[0]|G7[1]|OUT:rise,D -> G4 -> G5 -> G6 -> G7
1806,pre_optimization,-1.00454934945344,0,0.31800358360576153,-0.0030035836057615284,-0.0030035836057615284,True,D:rise|G4[0]|G5[0]|G6[0]|G7[1]|OUT:rise,D -> G4 -> G5 -> G6 -> G7
1806,post_optimization,-1.00454934945344,0,0.2978621004748962,0.017137899525103806,0,False,D:rise|G4[0]|G5[0]|G6[0]|G7[1]|OUT:rise,D -> G4 -> G5 -> G6 -> G7
1807,pre_optimization,2.767141447953021,0,0.3500462677582336,-0.03504626775823361,-0.036068217998959595,True,D:rise|G4[0]|G5[0]|G6[0]|G7[1]|OUT:rise,D -> G4 -> G5 -> G6 -> G7
1807,post_optimization,2.767141447953021,0,0.3345905019375663,-0.019590501937566285,-0.019590501937566285,True,A:rise|G1[0]|G2[0]|G3[0]|G7[0]|OUT:rise,A -> G1 -> G2 -> G3 -> G7
1808,pre_optimization,0.1328147837028858,0,0.3223204075902813,-0.007320407590281297,-0.007320407590281297,True,D:rise|G4[0]|G5[0]|G6[0]|G7[1]|OUT:rise,D -> G4 -> G5 -> G6 -> G7
1808,post_optimization,0.1328147837028858,0,0.30540570710217885,0.009594292897821155,0,False,D:rise|G4[0]|G5[0]|G6[0]|G7[1]|OUT:rise,D -> G4 -> G5 -> G6 -> G7
1809,pre_optimization,-0.2501708156149849,0,0.30403702193605386,0.010962978063946138,0,False,A:rise|G1[0]|G2[0]|G3[0]|G7[0]|OUT:rise,A -> G1 -> G2 -> G3 -> G7
1809,post_optimization,-0.2501708156149849,0,0.29322549443106494,0.021774505568935065,0,False,A:rise|G1[0]|G2[0]|G3[0]|G7[0]|OUT:rise,A -> G1 -> G2 -> G3 -> G7
1810,pre_optimization,-1.0814895579907922,0,0.31249380141195426,0.0025061985880457383,0,False,D:rise|G4[0]|G5[0]|G6[0]|G7[1]|OUT:rise,D -> G4 -> G5 -> G6 -> G7
1810,post_optimization,-1.0814895579907922,0,0.2957086711219569,0.01929132887804308,0,False,A:rise|G1[0]|G2[0]|G3[0]|G7[0]|OUT:rise,A -> G1 -> G2 -> G3 -> G7
1811,pre_optimization,1.1235152655120297,0,0.31999446518700675,-0.004994465187006747,-0.004994465187006747,True,A:rise|G1[0]|G2[0]|G3[0]|G7[0]|OUT:rise,A -> G1 -> G2 -> G3 -> G7
1811,post_optimization,1.1235152655120297,0,0.3096367509655616,0.005363249034438411,0,False,A:rise|G1[0]|G2[0]|G3[0]|G7[0]|OUT:rise,A -> G1 -> G2 -> G3 -> G7
1812,pre_optimization,-0.8077469740574117,0,0.30471963249516054,0.01028036750483946,0,False,A:rise|G1[0]|G2[0]|G3[0]|G7[0]|OUT:rise,A -> G1 -> G2 -> G3 -> G7
1812,post_optimization,-0.8077469740574117,0,0.293185641826705,0.021814358173295023,0,False,A:rise|G1[0]|G2[0]|G3[0]|G7[0]|OUT:rise,A -> G1 -> G2 -> G3 -> G7
1813,pre_optimization,0.8626260693267416,0,0.3172630025685281,-0.002263002568528072,-0.002263002568528072,True,A:rise|G1[0]|G2[0]|G3[0]|G7[0]|OUT:rise,A -> G1 -> G2 -> G3 -> G7
1813,post_optimization,0.8626260693267416,0,0.3058806991276046,0.009119300872395375,0,False,A:rise|G1[0]|G2[0]|G3[0]|G7[0]|OUT:rise,A -> G1 -> G2 -> G3 -> G7
1814,pre_optimization,-0.399980748546962,0,0.32215821084872986,-0.007158210848729862,-0.007158210848729862,True,D:rise|G4[0]|G5[0]|G6[0]|G7[1]|OUT:rise,D -> G4 -> G5 -> G6 -> G7
1814,post_optimization,-0.399980748546962,0,0.30359391147378156,0.011406088526218439,0,False,D:rise|G4[0]|G5[0]|G6[0]|G7[1]|OUT:rise,D -> G4 -> G5 -> G6 -> G7
1815,pre_optimization,-1.0291780853082595,0,0.30205467063284475,0.012945329367155256,0,False,A:rise|G1[0]|G2[0]|G3[0]|G7[0]|OUT:rise,A -> G1 -> G2 -> G3 -> G7
1815,post_optimization,-1.0291780853082595,0,0.2896935904866185,0.025306409513381478,0,False,A:rise|G1[0]|G2[0]|G3[0]|G7[0]|OUT:rise,A -> G1 -> G2 -> G3 -> G7
1816,pre_optimization,0.2871657871452343,0,0.3128461731774038,0.002153826822596183,0,False,A:rise|G1[0]|G2[0]|G3[0]|G7[0]|OUT:rise,A -> G1 -> G2 -> G3 -> G7
1816,post_optimization,0.2871657871452343,0,0.30064551151853286,0.014354488481467143,0,False,A:rise|G1[0]|G2[0]|G3[0]|G7[0]|OUT:rise,A -> G1 -> G2 -> G3 -> G7
1817,pre_optimization,0.7405961502959304,0,0.33309829549085673,-0.01809829549085673,-0.01809829549085673,True,D:rise|G4[0]|G5[0]|G6[0]|G7[1]|OUT:rise,D -> G4 -> G5 -> G6 -> G7
1817,post_optimization,0.7405961502959304,0,0.3149738919329027,2.610806709729685e-05,0,False,D:rise|G4[0]|G5[0]|G6[0]|G7[1]|OUT:rise,D -> G4 -> G5 -> G6 -> G7
1818,pre_optimization,0.4163232467671586,0,0.31821230715028176,-0.003212307150281757,-0.003212307150281757,True,A:rise|G1[0]|G2[0]|G3[0]|G7[0]|OUT:rise,A -> G1 -> G2 -> G3 -> G7
1818,post_optimization,0.4163232467671586,0,0.30552057023399054,0.009479429766009462,0,False,A:rise|G1[0]|G2[0]|G3[0]|G7[0]|OUT:rise,A -> G1 -> G2 -> G3 -> G7
1819,pre_optimization,-0.5634442052692442,0,0.3043512494535179,0.010648750546482122,0,False,D:rise|G4[0]|G5[0]|G6[0]|G7[1]|OUT:rise,D -> G4 -> G5 -> G6 -> G7
1819,post_optimization,-0.5634442052692442,0,0.29061744669510486,0.024382553304895138,0,False,A:rise|G1[0]|G2[0]|G3[0]|G7[0]|OUT:rise,A -> G1 -> G2 -> G3 -> G7
1820,pre_optimization,-0.8437954478722745,0,0.323435898958,-0.00843589895800001,-0.00843589895800001,True,A:rise|G1[0]|G2[0]|G3[0]|G7[0]|OUT:rise,A -> G1 -> G2 -> G3 -> G7
1820,post_optimization,-0.8437954478722745,0,0.3126424979840002,0.002357502015999824,0,False,A:rise|G1[0]|G2[0]|G3[0]|G7[0]|OUT:rise,A -> G1 -> G2 -> G3 -> G7
1821,pre_optimization,1.1030176829570555,0,0.3243911649435852,-0.009391164943585217,-0.009391164943585217,True,D:rise|G4[0]|G5[0]|G6[0]|G7[1]|OUT:rise,D -> G4 -> G5 -> G6 -> G7
1821,post_optimization,1.1030176829570555,0,0.3080594546132945,0.006940545386705521,0,False,D:rise|G4[0]|G5[0]|G6[0]|G7[1]|OUT:rise,D -> G4 -> G5 -> G6 -> G7
1822,pre_optimization,0.9618208029016375,0,0.3355336896494216,-0.020533689649421594,-0.020533689649421594,True,A:rise|G1[0]|G2[0]|G3[0]|G7[0]|OUT:rise,A -> G1 -> G2 -> G3 -> G7
1822,post_optimization,0.9618208029016375,0,0.319324151196173,-0.004324151196173021,-0.004324151196173021,True,A:rise|G1[0]|G2[0]|G3[0]|G7[0]|OUT:rise,A -> G1 -> G2 -> G3 -> G7
1823,pre_optimization,1.2224735110994278,0,0.33567675106744194,-0.020676751067441934,-0.020676751067441934,True,D:rise|G4[0]|G5[0]|G6[0]|G7[1]|OUT:rise,D -> G4 -> G5 -> G6 -> G7
1823,post_optimization,1.2224735110994278,0,0.3145466643749053,0.0004533356250946974,0,False,A:rise|G1[0]|G2[0]|G3[0]|G7[0]|OUT:rise,A -> G1 -> G2 -> G3 -> G7
1824,pre_optimization,1.1189162084992967,0,0.3382610328742812,-0.023261032874281218,-0.023261032874281218,True,D:rise|G4[0]|G5[0]|G6[0]|G7[1]|OUT:rise,D -> G4 -> G5 -> G6 -> G7
1824,post_optimization,1.1189162084992967,0,0.3178648416577461,-0.0028648416577460867,-0.0028648416577460867,True,D:rise|G4[0]|G5[0]|G6[0]|G7[1]|OUT:rise,D -> G4 -> G5 -> G6 -> G7
1825,pre_optimization,-0.42655408027186376,0,0.3008138276446072,0.014186172355392823,0,False,D:rise|G4[0]|G5[0]|G6[0]|G7[1]|OUT:rise,D -> G4 -> G5 -> G6 -> G7
1825,post_optimization,-0.42655408027186376,0,0.28614733754514643,0.028852662454853573,0,False,D:rise|G4[0]|G5[0]|G6[0]|G7[1]|OUT:rise,D -> G4 -> G5 -> G6 -> G7
1826,pre_optimization,0.05616213789785784,0,0.315180813129355,-0.00018081312935497307,-0.00018081312935497307,True,D:rise|G4[0]|G5[0]|G6[0]|G7[1]|OUT:rise,D -> G4 -> G5 -> G6 -> G7
1826,post_optimization,0.05616213789785784,0,0.3008298000582219,0.014170199941778094,0,False,A:rise|G1[0]|G2[0]|G3[0]|G7[0]|OUT:rise,A -> G1 -> G2 -> G3 -> G7
1827,pre_optimization,-1.5641701473111287,0,0.2899755339219136,0.025024466078086394,0,False,A:rise|G1[0]|G2[0]|G3[0]|G7[0]|OUT:rise,A -> G1 -> G2 -> G3 -> G7
1827,post_optimization,-1.5641701473111287,0,0.2806111037723433,0.03438889622765673,0,False,A:rise|G1[0]|G2[0]|G3[0]|G7[0]|OUT:rise,A -> G1 -> G2 -> G3 -> G7
1828,pre_optimization,0.021027689798916345,0,0.32010465469319127,-0.005104654693191268,-0.005104654693191268,True,D:rise|G4[0]|G5[0]|G6[0]|G7[1]|OUT:rise,D -> G4 -> G5 -> G6 -> G7
1828,post_optimization,0.021027689798916345,0,0.30314984934506034,0.011850150654939662,0,False,A:rise|G1[0]|G2[0]|G3[0]|G7[0]|OUT:rise,A -> G1 -> G2 -> G3 -> G7
1829,pre_optimization,1.9893480425188546,0,0.32308553134193935,-0.008085531341939345,-0.008085531341939345,True,D:rise|G4[0]|G5[0]|G6[0]|G7[1]|OUT:rise,D -> G4 -> G5 -> G6 -> G7
1829,post_optimization,1.9893480425188546,0,0.30815121545438856,0.0068487845456114416,0,False,A:rise|G1[0]|G2[0]|G3[0]|G7[0]|OUT:rise,A -> G1 -> G2 -> G3 -> G7
1830,pre_optimization,-0.16073679970333696,0,0.3282375399346751,-0.01323753993467508,-0.01323753993467508,True,D:rise|G4[0]|G5[0]|G6[0]|G7[1]|OUT:rise,D -> G4 -> G5 -> G6 -> G7
1830,post_optimization,-0.16073679970333696,0,0.30715474262640197,0.007845257373598036,0,False,D:rise|G4[0]|G5[0]|G6[0]|G7[1]|OUT:rise,D -> G4 -> G5 -> G6 -> G7
1831,pre_optimization,1.0044226228417448,0,0.32479316215916487,-0.00979316215916487,-0.00979316215916487,True,A:rise|G1[0]|G2[0]|G3[0]|G7[0]|OUT:rise,A -> G1 -> G2 -> G3 -> G7
1831,post_optimization,1.0044226228417448,0,0.3122079799565372,0.002792020043462795,0,False,A:rise|G1[0]|G2[0]|G3[0]|G7[0]|OUT:rise,A -> G1 -> G2 -> G3 -> G7
1832,pre_optimization,-1.2277076971821475,0,0.31599633924740655,-0.0009963392474065524,-0.0009963392474065524,True,D:rise|G4[0]|G5[0]|G6[0]|G7[1]|OUT:rise,D -> G4 -> G5 -> G6 -> G7
1832,post_optimization,-1.2277076971821475,0,0.2983216701213316,0.016678329878668408,0,False,D:rise|G4[0]|G5[0]|G6[0]|G7[1]|OUT:rise,D -> G4 -> G5 -> G6 -> G7
1833,pre_optimization,-0.742132087574601,0,0.3157263825110197,-0.0007263825110196964,-0.0007263825110196964,True,A:rise|G1[0]|G2[0]|G3[0]|G7[0]|OUT:rise,A -> G1 -> G2 -> G3 -> G7
1833,post_optimization,-0.742132087574601,0,0.30442289200884354,0.010577107991156465,0,False,A:rise|G1[0]|G2[0]|G3[0]|G7[0]|OUT:rise,A -> G1 -> G2 -> G3 -> G7
1834,pre_optimization,-0.08604030750114791,0,0.32527883897773757,-0.01027883897773757,-0.01027883897773757,True,D:rise|G4[0]|G5[0]|G6[0]|G7[1]|OUT:rise,D -> G4 -> G5 -> G6 -> G7
1834,post_optimization,-0.08604030750114791,0,0.30573379753871205,0.009266202461287953,0,False,D:rise|G4[0]|G5[0]|G6[0]|G7[1]|OUT:rise,D -> G4 -> G5 -> G6 -> G7
1835,pre_optimization,0.13719488239269442,0,0.3228914537494342,-0.007891453749434174,-0.007891453749434174,True,D:rise|G4[0]|G5[0]|G6[0]|G7[1]|OUT:rise,D -> G4 -> G5 -> G6 -> G7
1835,post_optimization,0.13719488239269442,0,0.3069655423718622,0.008034457628137814,0,False,A:rise|G1[0]|G2[0]|G3[0]|G7[0]|OUT:rise,A -> G1 -> G2 -> G3 -> G7
1836,pre_optimization,0.9183416644763979,0,0.33507861490980684,-0.020078614909806836,-0.020078614909806836,True,D:rise|G4[0]|G5[0]|G6[0]|G7[1]|OUT:rise,D -> G4 -> G5 -> G6 -> G7
1836,post_optimization,0.9183416644763979,0,0.31610688284755534,-0.001106882847555335,-0.001106882847555335,True,D:rise|G4[0]|G5[0]|G6[0]|G7[1]|OUT:rise,D -> G4 -> G5 -> G6 -> G7
1837,pre_optimization,0.13873717562698232,0,0.33259031390738225,-0.01759031390738225,-0.01759031390738225,True,A:rise|G1[0]|G2[0]|G3[0]|G7[0]|OUT:rise,A -> G1 -> G2 -> G3 -> G7
1837,post_optimization,0.13873717562698232,0,0.3219783850524713,-0.006978385052471281,-0.006978385052471281,True,A:rise|G1[0]|G2[0]|G3[0]|G7[0]|OUT:rise,A -> G1 -> G2 -> G3 -> G7
1838,pre_optimization,-1.2194837102289633,0,0.3211486990020258,-0.006148699002025804,-0.006148699002025804,True,D:rise|G4[0]|G5[0]|G6[0]|G7[1]|OUT:rise,D -> G4 -> G5 -> G6 -> G7
1838,post_optimization,-1.2194837102289633,0,0.30320138465416036,0.011798615345839647,0,False,D:rise|G4[0]|G5[0]|G6[0]|G7[1]|OUT:rise,D -> G4 -> G5 -> G6 -> G7
1839,pre_optimization,-0.609360829249816,0,0.31179641068336145,0.0032035893166385554,0,False,D:rise|G4[0]|G5[0]|G6[0]|G7[1]|OUT:rise,D -> G4 -> G5 -> G6 -> G7
1839,post_optimization,-0.609360829249816,0,0.29641781826249103,0.018582181737508974,0,False,A:rise|G1[0]|G2[0]|G3[0]|G7[0]|OUT:rise,A -> G1 -> G2 -> G3 -> G7
1840,pre_optimization,0.24398711038950996,0,0.3121936269878407,0.0028063730121593022,0,False,D:rise|G4[0]|G5[0]|G6[0]|G7[1]|OUT:rise,D -> G4 -> G5 -> G6 -> G7
1840,post_optimization,0.24398711038950996,0,0.2993427828625997,0.015657217137400314,0,False,A:rise|G1[0]|G2[0]|G3[0]|G7[0]|OUT:rise,A -> G1 -> G2 -> G3 -> G7
1841,pre_optimization,-0.45758644847113794,0,0.30689145759868175,0.008108542401318253,0,False,D:rise|G4[0]|G5[0]|G6[0]|G7[1]|OUT:rise,D -> G4 -> G5 -> G6 -> G7
1841,post_optimization,-0.45758644847113794,0,0.2923281890092723,0.02267181099072768,0,False,A:rise|G1[0]|G2[0]|G3[0]|G7[0]|OUT:rise,A -> G1 -> G2 -> G3 -> G7
1842,pre_optimization,-0.10319025499938161,0,0.31279250509034967,0.0022074949096503316,0,False,A:rise|G1[0]|G2[0]|G3[0]|G7[0]|OUT:rise,A -> G1 -> G2 -> G3 -> G7
1842,post_optimization,-0.10319025499938161,0,0.3017138122277213,0.01328618777227869,0,False,A:rise|G1[0]|G2[0]|G3[0]|G7[0]|OUT:rise,A -> G1 -> G2 -> G3 -> G7
1843,pre_optimization,-0.15698055334747027,0,0.3214351178821669,-0.006435117882166885,-0.006435117882166885,True,D:rise|G4[0]|G5[0]|G6[0]|G7[1]|OUT:rise,D -> G4 -> G5 -> G6 -> G7
1843,post_optimization,-0.15698055334747027,0,0.30109584872451545,0.013904151275484555,0,False,D:rise|G4[0]|G5[0]|G6[0]|G7[1]|OUT:rise,D -> G4 -> G5 -> G6 -> G7
1844,pre_optimization,-0.1702882995246221,0,0.31761429592370394,-0.0026142959237039354,-0.0026142959237039354,True,D:rise|G4[0]|G5[0]|G6[0]|G7[1]|OUT:rise,D -> G4 -> G5 -> G6 -> G7
1844,post_optimization,-0.1702882995246221,0,0.30114761025994313,0.01385238974005687,0,False,A:rise|G1[0]|G2[0]|G3[0]|G7[0]|OUT:rise,A -> G1 -> G2 -> G3 -> G7
1845,pre_optimization,0.07374562056568587,0,0.32253261116758064,-0.007532611167580638,-0.007532611167580638,True,D:rise|G4[0]|G5[0]|G6[0]|G7[1]|OUT:rise,D -> G4 -> G5 -> G6 -> G7
1845,post_optimization,0.07374562056568587,0,0.305901270255613,0.009098729744387024,0,False,A:rise|G1[0]|G2[0]|G3[0]|G7[0]|OUT:rise,A -> G1 -> G2 -> G3 -> G7
1846,pre_optimization,0.2221228093784348,0,0.3227018373462353,-0.007701837346235307,-0.007701837346235307,True,D:rise|G4[0]|G5[0]|G6[0]|G7[1]|OUT:rise,D -> G4 -> G5 -> G6 -> G7
1846,post_optimization,0.2221228093784348,0,0.3058237228440094,0.00917627715599062,0,False,A:rise|G1[0]|G2[0]|G3[0]|G7[0]|OUT:rise,A -> G1 -> G2 -> G3 -> G7
1847,pre_optimization,-0.47646474084201845,0,0.3122067663227329,0.002793233677267082,0,False,A:rise|G1[0]|G2[0]|G3[0]|G7[0]|OUT:rise,A -> G1 -> G2 -> G3 -> G7
1847,post_optimization,-0.47646474084201845,0,0.3017337877752959,0.013266212224704088,0,False,A:rise|G1[0]|G2[0]|G3[0]|G7[0]|OUT:rise,A -> G1 -> G2 -> G3 -> G7
1848,pre_optimization,0.6989059052961357,0,0.3253157655118842,-0.010315765511884178,-0.010315765511884178,True,A:rise|G1[0]|G2[0]|G3[0]|G7[0]|OUT:rise,A -> G1 -> G2 -> G3 -> G7
1848,post_optimization,0.6989059052961357,0,0.3117734199581777,0.0032265800418223023,0,False,A:rise|G1[0]|G2[0]|G3[0]|G7[0]|OUT:rise,A -> G1 -> G2 -> G3 -> G7
1849,pre_optimization,-0.069708508500827,0,0.31970632374789204,-0.004706323747892038,-0.004706323747892038,True,D:rise|G4[0]|G5[0]|G6[0]|G7[1]|OUT:rise,D -> G4 -> G5 -> G6 -> G7
1849,post_optimization,-0.069708508500827,0,0.30148192082980285,0.01351807917019715,0,False,D:rise|G4[0]|G5[0]|G6[0]|G7[1]|OUT:rise,D -> G4 -> G5 -> G6 -> G7
1850,pre_optimization,-0.10850769241518059,0,0.30204166797390836,0.012958332026091646,0,False,A:rise|G1[0]|G2[0]|G3[0]|G7[0]|OUT:rise,A -> G1 -> G2 -> G3 -> G7
1850,post_optimization,-0.10850769241518059,0,0.29180367679889185,0.02319632320110815,0,False,A:rise|G1[0]|G2[0]|G3[0]|G7[0]|OUT:rise,A -> G1 -> G2 -> G3 -> G7
1851,pre_optimization,-0.38950443670535867,0,0.3185646293960412,-0.0035646293960411857,-0.0035646293960411857,True,D:rise|G4[0]|G5[0]|G6[0]|G7[1]|OUT:rise,D -> G4 -> G5 -> G6 -> G7
1851,post_optimization,-0.38950443670535867,0,0.3011767180901437,0.013823281909856322,0,False,D:rise|G4[0]|G5[0]|G6[0]|G7[1]|OUT:rise,D -> G4 -> G5 -> G6 -> G7
1852,pre_optimization,-0.6837728334821719,0,0.3149588761943709,4.1123805629095234e-05,0,False,D:rise|G4[0]|G5[0]|G6[0]|G7[1]|OUT:rise,D -> G4 -> G5 -> G6 -> G7
1852,post_optimization,-0.6837728334821719,0,0.2971433116507959,0.01785668834920412,0,False,D:rise|G4[0]|G5[0]|G6[0]|G7[1]|OUT:rise,D -> G4 -> G5 -> G6 -> G7
1853,pre_optimization,-1.0737672653861103,0,0.3204316027936382,-0.0054316027936381905,-0.0054316027936381905,True,A:rise|G1[0]|G2[0]|G3[0]|G7[0]|OUT:rise,A -> G1 -> G2 -> G3 -> G7
1853,post_optimization,-1.0737672653861103,0,0.3059481949362346,0.009051805063765406,0,False,A:rise|G1[0]|G2[0]|G3[0]|G7[0]|OUT:rise,A -> G1 -> G2 -> G3 -> G7
1854,pre_optimization,0.8147558739588686,0,0.32501680812726946,-0.010016808127269461,-0.010016808127269461,True,D:rise|G4[0]|G5[0]|G6[0]|G7[1]|OUT:rise,D -> G4 -> G5 -> G6 -> G7
1854,post_optimization,0.8147558739588686,0,0.3063725265612204,0.00862747343877962,0,False,D:rise|G4[0]|G5[0]|G6[0]|G7[1]|OUT:rise,D -> G4 -> G5 -> G6 -> G7
1855,pre_optimization,-0.4177480066735378,0,0.3129742430505227,0.0020257569494773198,0,False,D:rise|G4[0]|G5[0]|G6[0]|G7[1]|OUT:rise,D -> G4 -> G5 -> G6 -> G7
1855,post_optimization,-0.4177480066735378,0,0.2977425592727773,0.017257440727222684,0,False,A:rise|G1[0]|G2[0]|G3[0]|G7[0]|OUT:rise,A -> G1 -> G2 -> G3 -> G7
1856,pre_optimization,-0.1013708649000311,0,0.333388599845334,-0.018388599845333975,-0.018388599845333975,True,A:rise|G1[0]|G2[0]|G3[0]|G7[0]|OUT:rise,A -> G1 -> G2 -> G3 -> G7
1856,post_optimization,-0.1013708649000311,0,0.32173835257509475,-0.006738352575094753,-0.006738352575094753,True,A:rise|G1[0]|G2[0]|G3[0]|G7[0]|OUT:rise,A -> G1 -> G2 -> G3 -> G7
1857,pre_optimization,1.2581652321798713,0,0.3395338187083602,-0.02453381870836019,-0.02453381870836019,True,D:rise|G4[0]|G5[0]|G6[0]|G7[1]|OUT:rise,D -> G4 -> G5 -> G6 -> G7
1857,post_optimization,1.2581652321798713,0,0.3204842120495763,-0.005484212049576276,-0.005484212049576276,True,D:rise|G4[0]|G5[0]|G6[0]|G7[1]|OUT:rise,D -> G4 -> G5 -> G6 -> G7
1858,pre_optimization,0.1915383507187381,0,0.3266654924350755,-0.011665492435075475,-0.011665492435075475,True,A:rise|G1[0]|G2[0]|G3[0]|G7[0]|OUT:rise,A -> G1 -> G2 -> G3 -> G7
1858,post_optimization,0.1915383507187381,0,0.31045752185745745,0.00454247814254255,0,False,A:rise|G1[0]|G2[0]|G3[0]|G7[0]|OUT:rise,A -> G1 -> G2 -> G3 -> G7
1859,pre_optimization,1.0393124744400737,0,0.3206589778441283,-0.005658977844128277,-0.005658977844128277,True,D:rise|G4[0]|G5[0]|G6[0]|G7[1]|OUT:rise,D -> G4 -> G5 -> G6 -> G7
1859,post_optimization,1.0393124744400737,0,0.30658045482707397,0.008419545172926035,0,False,A:rise|G1[0]|G2[0]|G3[0]|G7[0]|OUT:rise,A -> G1 -> G2 -> G3 -> G7
1860,pre_optimization,-0.8091131141046689,0,0.3151346894869646,-0.00013468948696460092,-0.00013468948696460092,True,D:rise|G4[0]|G5[0]|G6[0]|G7[1]|OUT:rise,D -> G4 -> G5 -> G6 -> G7
1860,post_optimization,-0.8091131141046689,0,0.29792199216522447,0.017078007834775533,0,False,D:rise|G4[0]|G5[0]|G6[0]|G7[1]|OUT:rise,D -> G4 -> G5 -> G6 -> G7
1861,pre_optimization,-0.4612561315084117,0,0.31589150648656755,-0.0008915064865675504,-0.0008915064865675504,True,D:rise|G4[0]|G5[0]|G6[0]|G7[1]|OUT:rise,D -> G4 -> G5 -> G6 -> G7
1861,post_optimization,-0.4612561315084117,0,0.3013198163872114,0.01368018361278861,0,False,A:rise|G1[0]|G2[0]|G3[0]|G7[0]|OUT:rise,A -> G1 -> G2 -> G3 -> G7
1862,pre_optimization,-1.2794829220421495,0,0.31469385236282393,0.0003061476371760685,0,False,D:rise|G4[0]|G5[0]|G6[0]|G7[1]|OUT:rise,D -> G4 -> G5 -> G6 -> G7
1862,post_optimization,-1.2794829220421495,0,0.3005929697604319,0.014407030239568075,0,False,A:rise|G1[0]|G2[0]|G3[0]|G7[0]|OUT:rise,A -> G1 -> G2 -> G3 -> G7
1863,pre_optimization,0.3229562013227557,0,0.3215781050256253,-0.00657810502562528,-0.00657810502562528,True,A:rise|G1[0]|G2[0]|G3[0]|G7[0]|OUT:rise,A -> G1 -> G2 -> G3 -> G7
1863,post_optimization,0.3229562013227557,0,0.3124530277478682,0.002546972252131796,0,False,A:rise|G1[0]|G2[0]|G3[0]|G7[0]|OUT:rise,A -> G1 -> G2 -> G3 -> G7
1864,pre_optimization,0.38733500706343243,0,0.3199723171770651,-0.004972317177065089,-0.004972317177065089,True,A:rise|G1[0]|G2[0]|G3[0]|G7[0]|OUT:rise,A -> G1 -> G2 -> G3 -> G7
1864,post_optimization,0.38733500706343243,0,0.3083432844872017,0.0066567155127982836,0,False,A:rise|G1[0]|G2[0]|G3[0]|G7[0]|OUT:rise,A -> G1 -> G2 -> G3 -> G7
1865,pre_optimization,-1.198067108130813,0,0.30492762755875846,0.01007237244124154,0,False,D:rise|G4[0]|G5[0]|G6[0]|G7[1]|OUT:rise,D -> G4 -> G5 -> G6 -> G7
1865,post_optimization,-1.198067108130813,0,0.28921228027211393,0.02578771972788607,0,False,D:rise|G4[0]|G5[0]|G6[0]|G7[1]|OUT:rise,D -> G4 -> G5 -> G6 -> G7
1866,pre_optimization,-1.548808943932538,0,0.2980540616218031,0.016945938378196912,0,False,A:rise|G1[0]|G2[0]|G3[0]|G7[0]|OUT:rise,A -> G1 -> G2 -> G3 -> G7
1866,post_optimization,-1.548808943932538,0,0.28685039313976707,0.028149606860232934,0,False,A:rise|G1[0]|G2[0]|G3[0]|G7[0]|OUT:rise,A -> G1 -> G2 -> G3 -> G7
1867,pre_optimization,-0.23155912956267571,0,0.32039611690517433,-0.005396116905174331,-0.005396116905174331,True,A:rise|G1[0]|G2[0]|G3[0]|G7[0]|OUT:rise,A -> G1 -> G2 -> G3 -> G7
1867,post_optimization,-0.23155912956267571,0,0.3095638496205431,0.005436150379456883,0,False,A:rise|G1[0]|G2[0]|G3[0]|G7[0]|OUT:rise,A -> G1 -> G2 -> G3 -> G7
1868,pre_optimization,0.9237579019078896,0,0.32807935365967944,-0.013079353659679438,-0.013079353659679438,True,A:rise|G1[0]|G2[0]|G3[0]|G7[0]|OUT:rise,A -> G1 -> G2 -> G3 -> G7
1868,post_optimization,0.9237579019078896,0,0.3168732583925726,-0.0018732583925725743,-0.0018732583925725743,True,A:rise|G1[0]|G2[0]|G3[0]|G7[0]|OUT:rise,A -> G1 -> G2 -> G3 -> G7
1869,pre_optimization,1.6182754010047118,0,0.3395153668203682,-0.0245153668203682,-0.0245153668203682,True,A:rise|G1[0]|G2[0]|G3[0]|G7[0]|OUT:rise,A -> G1 -> G2 -> G3 -> G7
1869,post_optimization,1.6182754010047118,0,0.3256014811452695,-0.010601481145269487,-0.010601481145269487,True,A:rise|G1[0]|G2[0]|G3[0]|G7[0]|OUT:rise,A -> G1 -> G2 -> G3 -> G7
1870,pre_optimization,0.3050589586747025,0,0.328748360257247,-0.013748360257247016,-0.013748360257247016,True,D:rise|G4[0]|G5[0]|G6[0]|G7[1]|OUT:rise,D -> G4 -> G5 -> G6 -> G7
1870,post_optimization,0.3050589586747025,0,0.30811010005105544,0.006889899948944567,0,False,D:rise|G4[0]|G5[0]|G6[0]|G7[1]|OUT:rise,D -> G4 -> G5 -> G6 -> G7
1871,pre_optimization,-0.8123902234139777,0,0.31263456299751025,0.0023654370024897564,0,False,D:rise|G4[0]|G5[0]|G6[0]|G7[1]|OUT:rise,D -> G4 -> G5 -> G6 -> G7
1871,post_optimization,-0.8123902234139777,0,0.2969742804713944,0.0180257195286056,0,False,A:rise|G1[0]|G2[0]|G3[0]|G7[0]|OUT:rise,A -> G1 -> G2 -> G3 -> G7
1872,pre_optimization,1.9921829017688635,0,0.34388448744438127,-0.028884487444381268,-0.028884487444381268,True,D:rise|G4[0]|G5[0]|G6[0]|G7[1]|OUT:rise,D -> G4 -> G5 -> G6 -> G7
1872,post_optimization,1.9921829017688635,0,0.32491217452492593,-0.009912174524925932,-0.009912174524925932,True,D:rise|G4[0]|G5[0]|G6[0]|G7[1]|OUT:rise,D -> G4 -> G5 -> G6 -> G7
1873,pre_optimization,-1.9077240175582768,0,0.2986468900083748,0.016353109991625203,0,False,D:rise|G4[0]|G5[0]|G6[0]|G7[1]|OUT:rise,D -> G4 -> G5 -> G6 -> G7
1873,post_optimization,-1.9077240175582768,0,0.28227522837913377,0.03272477162086623,0,False,D:rise|G4[0]|G5[0]|G6[0]|G7[1]|OUT:rise,D -> G4 -> G5 -> G6 -> G7
1874,pre_optimization,-0.853295981417499,0,0.3050955640437339,0.009904435956266111,0,False,D:rise|G4[0]|G5[0]|G6[0]|G7[1]|OUT:rise,D -> G4 -> G5 -> G6 -> G7
1874,post_optimization,-0.853295981417499,0,0.2888341080037369,0.026165891996263124,0,False,D:rise|G4[0]|G5[0]|G6[0]|G7[1]|OUT:rise,D -> G4 -> G5 -> G6 -> G7
1875,pre_optimization,-0.4110944621257639,0,0.3086120799495663,0.006387920050433704,0,False,D:rise|G4[0]|G5[0]|G6[0]|G7[1]|OUT:rise,D -> G4 -> G5 -> G6 -> G7
1875,post_optimization,-0.4110944621257639,0,0.29159964875434363,0.02340035124565637,0,False,D:rise|G4[0]|G5[0]|G6[0]|G7[1]|OUT:rise,D -> G4 -> G5 -> G6 -> G7
1876,pre_optimization,-0.9519209230466643,0,0.31522551380415703,-0.00022551380415702926,-0.00022551380415702926,True,D:rise|G4[0]|G5[0]|G6[0]|G7[1]|OUT:rise,D -> G4 -> G5 -> G6 -> G7
1876,post_optimization,-0.9519209230466643,0,0.3007047683571317,0.014295231642868278,0,False,A:rise|G1[0]|G2[0]|G3[0]|G7[0]|OUT:rise,A -> G1 -> G2 -> G3 -> G7
1877,pre_optimization,1.8521337030853935,0,0.32999574894357636,-0.014995748943576359,-0.014995748943576359,True,A:rise|G1[0]|G2[0]|G3[0]|G7[0]|OUT:rise,A -> G1 -> G2 -> G3 -> G7
1877,post_optimization,1.8521337030853935,0,0.3206416987032121,-0.0056416987032120725,-0.0056416987032120725,True,A:rise|G1[0]|G2[0]|G3[0]|G7[0]|OUT:rise,A -> G1 -> G2 -> G3 -> G7
1878,pre_optimization,-1.0040871111431249,0,0.3162561968988447,-0.001256196898844708,-0.001256196898844708,True,D:rise|G4[0]|G5[0]|G6[0]|G7[1]|OUT:rise,D -> G4 -> G5 -> G6 -> G7
1878,post_optimization,-1.0040871111431249,0,0.2989524826478059,0.01604751735219412,0,False,D:rise|G4[0]|G5[0]|G6[0]|G7[1]|OUT:rise,D -> G4 -> G5 -> G6 -> G7
1879,pre_optimization,-0.6378751292154715,0,0.31601477161240715,-0.0010147716124071504,-0.0010147716124071504,True,D:rise|G4[0]|G5[0]|G6[0]|G7[1]|OUT:rise,D -> G4 -> G5 -> G6 -> G7
1879,post_optimization,-0.6378751292154715,0,0.3006760848007767,0.014323915199223325,0,False,A:rise|G1[0]|G2[0]|G3[0]|G7[0]|OUT:rise,A -> G1 -> G2 -> G3 -> G7
1880,pre_optimization,-0.7997254755700154,0,0.3042289688293123,0.010771031170687728,0,False,D:rise|G4[0]|G5[0]|G6[0]|G7[1]|OUT:rise,D -> G4 -> G5 -> G6 -> G7
1880,post_optimization,-0.7997254755700154,0,0.29026957448353125,0.024730425516468757,0,False,A:rise|G1[0]|G2[0]|G3[0]|G7[0]|OUT:rise,A -> G1 -> G2 -> G3 -> G7
1881,pre_optimization,0.30124674554358194,0,0.3162907323104571,-0.0012907323104571211,-0.0012907323104571211,True,A:rise|G1[0]|G2[0]|G3[0]|G7[0]|OUT:rise,A -> G1 -> G2 -> G3 -> G7
1881,post_optimization,0.30124674554358194,0,0.30293228884171797,0.012067711158282035,0,False,A:rise|G1[0]|G2[0]|G3[0]|G7[0]|OUT:rise,A -> G1 -> G2 -> G3 -> G7
1882,pre_optimization,-0.1471259260666105,0,0.31632966583357736,-0.0013296658335773537,-0.0013296658335773537,True,D:rise|G4[0]|G5[0]|G6[0]|G7[1]|OUT:rise,D -> G4 -> G5 -> G6 -> G7
1882,post_optimization,-0.1471259260666105,0,0.2983147584749656,0.016685241525034422,0,False,A:rise|G1[0]|G2[0]|G3[0]|G7[0]|OUT:rise,A -> G1 -> G2 -> G3 -> G7
1883,pre_optimization,-0.4375010383962155,0,0.3231799977755094,-0.008179997775509373,-0.008179997775509373,True,D:rise|G4[0]|G5[0]|G6[0]|G7[1]|OUT:rise,D -> G4 -> G5 -> G6 -> G7
1883,post_optimization,-0.4375010383962155,0,0.30597653847244993,0.00902346152755007,0,False,D:rise|G4[0]|G5[0]|G6[0]|G7[1]|OUT:rise,D -> G4 -> G5 -> G6 -> G7
1884,pre_optimization,0.49731392136561664,0,0.33250654757632997,-0.017506547576329967,-0.017506547576329967,True,D:rise|G4[0]|G5[0]|G6[0]|G7[1]|OUT:rise,D -> G4 -> G5 -> G6 -> G7
1884,post_optimization,0.49731392136561664,0,0.3138725341767918,0.001127465823208218,0,False,D:rise|G4[0]|G5[0]|G6[0]|G7[1]|OUT:rise,D -> G4 -> G5 -> G6 -> G7
1885,pre_optimization,0.9793917708440971,0,0.3364684287861366,-0.021468428786136584,-0.021468428786136584,True,D:rise|G4[0]|G5[0]|G6[0]|G7[1]|OUT:rise,D -> G4 -> G5 -> G6 -> G7
1885,post_optimization,0.9793917708440971,0,0.3200847853941775,-0.0050847853941775045,-0.0050847853941775045,True,D:rise|G4[0]|G5[0]|G6[0]|G7[1]|OUT:rise,D -> G4 -> G5 -> G6 -> G7
1886,pre_optimization,-1.244491416412133,0,0.312119315554351,0.0028806844456489844,0,False,A:rise|G1[0]|G2[0]|G3[0]|G7[0]|OUT:rise,A -> G1 -> G2 -> G3 -> G7
1886,post_optimization,-1.244491416412133,0,0.29828754966657944,0.01671245033342056,0,False,A:rise|G1[0]|G2[0]|G3[0]|G7[0]|OUT:rise,A -> G1 -> G2 -> G3 -> G7
1887,pre_optimization,0.027557505437095713,0,0.32100554618586064,-0.006005546185860633,-0.006005546185860633,True,A:rise|G1[0]|G2[0]|G3[0]|G7[0]|OUT:rise,A -> G1 -> G2 -> G3 -> G7
1887,post_optimization,0.027557505437095713,0,0.309402645572012,0.005597354427987977,0,False,A:rise|G1[0]|G2[0]|G3[0]|G7[0]|OUT:rise,A -> G1 -> G2 -> G3 -> G7
1888,pre_optimization,-0.15825684800674567,0,0.31569074725374197,-0.0006907472537419634,-0.0006907472537419634,True,D:rise|G4[0]|G5[0]|G6[0]|G7[1]|OUT:rise,D -> G4 -> G5 -> G6 -> G7
1888,post_optimization,-0.15825684800674567,0,0.30199894074500494,0.013001059254995062,0,False,A:rise|G1[0]|G2[0]|G3[0]|G7[0]|OUT:rise,A -> G1 -> G2 -> G3 -> G7
1889,pre_optimization,0.3185575627651842,0,0.3247087259036421,-0.00970872590364208,-0.00970872590364208,True,D:rise|G4[0]|G5[0]|G6[0]|G7[1]|OUT:rise,D -> G4 -> G5 -> G6 -> G7
1889,post_optimization,0.3185575627651842,0,0.3050192031141392,0.009980796885860788,0,False,D:rise|G4[0]|G5[0]|G6[0]|G7[1]|OUT:rise,D -> G4 -> G5 -> G6 -> G7
1890,pre_optimization,0.45829507518301077,0,0.3174649007109619,-0.0024649007109618926,-0.0024649007109618926,True,A:rise|G1[0]|G2[0]|G3[0]|G7[0]|OUT:rise,A -> G1 -> G2 -> G3 -> G7
1890,post_optimization,0.45829507518301077,0,0.30694988752561164,0.00805011247438836,0,False,A:rise|G1[0]|G2[0]|G3[0]|G7[0]|OUT:rise,A -> G1 -> G2 -> G3 -> G7
1891,pre_optimization,-0.23810474078655997,0,0.33248577068968327,-0.017485770689683267,-0.017485770689683267,True,D:rise|G4[0]|G5[0]|G6[0]|G7[1]|OUT:rise,D -> G4 -> G5 -> G6 -> G7
1891,post_optimization,-0.23810474078655997,0,0.3133880729136494,0.0016119270863506063,0,False,D:rise|G4[0]|G5[0]|G6[0]|G7[1]|OUT:rise,D -> G4 -> G5 -> G6 -> G7
1892,pre_optimization,0.7802387934468635,0,0.32563154240372916,-0.010631542403729155,-0.010631542403729155,True,A:rise|G1[0]|G2[0]|G3[0]|G7[0]|OUT:rise,A -> G1 -> G2 -> G3 -> G7
1892,post_optimization,0.7802387934468635,0,0.31323105715815724,0.0017689428418427577,0,False,A:rise|G1[0]|G2[0]|G3[0]|G7[0]|OUT:rise,A -> G1 -> G2 -> G3 -> G7
1893,pre_optimization,2.009195259944729,0,0.34722225226739856,-0.032222252267398555,-0.032222252267398555,True,D:rise|G4[0]|G5[0]|G6[0]|G7[1]|OUT:rise,D -> G4 -> G5 -> G6 -> G7
1893,post_optimization,2.009195259944729,0,0.32713426567052006,-0.012134265670520061,-0.012134265670520061,True,D:rise|G4[0]|G5[0]|G6[0]|G7[1]|OUT:rise,D -> G4 -> G5 -> G6 -> G7
1894,pre_optimization,1.6191640573961354,0,0.33576364546364257,-0.020763645463642566,-0.020763645463642566,True,A:rise|G1[0]|G2[0]|G3[0]|G7[0]|OUT:rise,A -> G1 -> G2 -> G3 -> G7
1894,post_optimization,1.6191640573961354,0,0.3213501410631063,-0.006350141063106274,-0.006350141063106274,True,A:rise|G1[0]|G2[0]|G3[0]|G7[0]|OUT:rise,A -> G1 -> G2 -> G3 -> G7
1895,pre_optimization,-0.41486027912024925,0,0.323905037209613,-0.008905037209612998,-0.008905037209612998,True,A:rise|G1[0]|G2[0]|G3[0]|G7[0]|OUT:rise,A -> G1 -> G2 -> G3 -> G7
1895,post_optimization,-0.41486027912024925,0,0.30960638297805687,0.005393617021943131,0,False,A:rise|G1[0]|G2[0]|G3[0]|G7[0]|OUT:rise,A -> G1 -> G2 -> G3 -> G7
1896,pre_optimization,-0.5518728022411273,0,0.30070862064218684,0.014291379357813161,0,False,A:rise|G1[0]|G2[0]|G3[0]|G7[0]|OUT:rise,A -> G1 -> G2 -> G3 -> G7
1896,post_optimization,-0.5518728022411273,0,0.28919392933681487,0.025806070663185132,0,False,A:rise|G1[0]|G2[0]|G3[0]|G7[0]|OUT:rise,A -> G1 -> G2 -> G3 -> G7
1897,pre_optimization,-0.21806875074938029,0,0.317167425351304,-0.0021674253513039865,-0.0021674253513039865,True,A:rise|G1[0]|G2[0]|G3[0]|G7[0]|OUT:rise,A -> G1 -> G2 -> G3 -> G7
1897,post_optimization,-0.21806875074938029,0,0.30652203684307483,0.008477963156925172,0,False,A:rise|G1[0]|G2[0]|G3[0]|G7[0]|OUT:rise,A -> G1 -> G2 -> G3 -> G7
1898,pre_optimization,0.5759805813719375,0,0.33109082570478227,-0.016090825704782263,-0.016090825704782263,True,D:rise|G4[0]|G5[0]|G6[0]|G7[1]|OUT:rise,D -> G4 -> G5 -> G6 -> G7
1898,post_optimization,0.5759805813719375,0,0.31281634719558715,0.00218365280441285,0,False,D:rise|G4[0]|G5[0]|G6[0]|G7[1]|OUT:rise,D -> G4 -> G5 -> G6 -> G7
1899,pre_optimization,0.5012170676819727,0,0.3200091653428732,-0.005009165342873212,-0.005009165342873212,True,D:rise|G4[0]|G5[0]|G6[0]|G7[1]|OUT:rise,D -> G4 -> G5 -> G6 -> G7
1899,post_optimization,0.5012170676819727,0,0.30415075386100815,0.010849246138991853,0,False,D:rise|G4[0]|G5[0]|G6[0]|G7[1]|OUT:rise,D -> G4 -> G5 -> G6 -> G7
1900,pre_optimization,0.10661465151614463,0,0.3311021227976509,-0.016102122797650886,-0.016102122797650886,True,D:rise|G4[0]|G5[0]|G6[0]|G7[1]|OUT:rise,D -> G4 -> G5 -> G6 -> G7
1900,post_optimization,0.10661465151614463,0,0.314365104696565,0.0006348953034350235,0,False,D:rise|G4[0]|G5[0]|G6[0]|G7[1]|OUT:rise,D -> G4 -> G5 -> G6 -> G7
1901,pre_optimization,-0.08379250895662042,0,0.3152851128716212,-0.0002851128716211959,-0.0002851128716211959,True,A:rise|G1[0]|G2[0]|G3[0]|G7[0]|OUT:rise,A -> G1 -> G2 -> G3 -> G7
1901,post_optimization,-0.08379250895662042,0,0.305209542556204,0.009790457443795975,0,False,A:rise|G1[0]|G2[0]|G3[0]|G7[0]|OUT:rise,A -> G1 -> G2 -> G3 -> G7
1902,pre_optimization,-1.1174036208897324,0,0.2981945908264343,0.01680540917356571,0,False,D:rise|G4[0]|G5[0]|G6[0]|G7[1]|OUT:rise,D -> G4 -> G5 -> G6 -> G7
1902,post_optimization,-1.1174036208897324,0,0.28409792824166713,0.030902071758332872,0,False,D:rise|G4[0]|G5[0]|G6[0]|G7[1]|OUT:rise,D -> G4 -> G5 -> G6 -> G7
1903,pre_optimization,1.5458904255985984,0,0.33183446064963523,-0.01683446064963523,-0.01683446064963523,True,A:rise|G1[0]|G2[0]|G3[0]|G7[0]|OUT:rise,A -> G1 -> G2 -> G3 -> G7
1903,post_optimization,1.5458904255985984,0,0.3202141400475254,-0.005214140047525406,-0.005214140047525406,True,A:rise|G1[0]|G2[0]|G3[0]|G7[0]|OUT:rise,A -> G1 -> G2 -> G3 -> G7
1904,pre_optimization,0.29744438266920253,0,0.3115210081613648,0.0034789918386352037,0,False,D:rise|G4[0]|G5[0]|G6[0]|G7[1]|OUT:rise,D -> G4 -> G5 -> G6 -> G7
1904,post_optimization,0.29744438266920253,0,0.29809303700720186,0.016906962992798147,0,False,A:rise|G1[0]|G2[0]|G3[0]|G7[0]|OUT:rise,A -> G1 -> G2 -> G3 -> G7
1905,pre_optimization,0.7284119852995236,0,0.3375027232641187,-0.022502723264118674,-0.022502723264118674,True,A:rise|G1[0]|G2[0]|G3[0]|G7[0]|OUT:rise,A -> G1 -> G2 -> G3 -> G7
1905,post_optimization,0.7284119852995236,0,0.32088020674301926,-0.005880206743019256,-0.005880206743019256,True,A:rise|G1[0]|G2[0]|G3[0]|G7[0]|OUT:rise,A -> G1 -> G2 -> G3 -> G7
1906,pre_optimization,1.1425425959258368,0,0.31666372477601146,-0.0016637247760114549,-0.0016637247760114549,True,D:rise|G4[0]|G5[0]|G6[0]|G7[1]|OUT:rise,D -> G4 -> G5 -> G6 -> G7
1906,post_optimization,1.1425425959258368,0,0.29930960096435183,0.015690399035648173,0,False,D:rise|G4[0]|G5[0]|G6[0]|G7[1]|OUT:rise,D -> G4 -> G5 -> G6 -> G7
1907,pre_optimization,-0.06011972530367201,0,0.3137729498591527,0.0012270501408472856,0,False,D:rise|G4[0]|G5[0]|G6[0]|G7[1]|OUT:rise,D -> G4 -> G5 -> G6 -> G7
1907,post_optimization,-0.06011972530367201,0,0.2960516940248603,0.01894830597513969,0,False,D:rise|G4[0]|G5[0]|G6[0]|G7[1]|OUT:rise,D -> G4 -> G5 -> G6 -> G7
1908,pre_optimization,-0.4406924163944296,0,0.3223169233054959,-0.0073169233054958815,-0.0073169233054958815,True,D:rise|G4[0]|G5[0]|G6[0]|G7[1]|OUT:rise,D -> G4 -> G5 -> G6 -> G7
1908,post_optimization,-0.4406924163944296,0,0.3061611569787961,0.008838843021203913,0,False,D:rise|G4[0]|G5[0]|G6[0]|G7[1]|OUT:rise,D -> G4 -> G5 -> G6 -> G7
1909,pre_optimization,-2.2168816141260006,0,0.29983238110258936,0.01516761889741064,0,False,A:rise|G1[0]|G2[0]|G3[0]|G7[0]|OUT:rise,A -> G1 -> G2 -> G3 -> G7
1909,post_optimization,-2.2168816141260006,0,0.2863929094072649,0.028607090592735085,0,False,A:rise|G1[0]|G2[0]|G3[0]|G7[0]|OUT:rise,A -> G1 -> G2 -> G3 -> G7
1910,pre_optimization,0.877653895186905,0,0.31885789256391184,-0.0038578925639118355,-0.0038578925639118355,True,D:rise|G4[0]|G5[0]|G6[0]|G7[1]|OUT:rise,D -> G4 -> G5 -> G6 -> G7
1910,post_optimization,0.877653895186905,0,0.30447509906008297,0.010524900939917037,0,False,A:rise|G1[0]|G2[0]|G3[0]|G7[0]|OUT:rise,A -> G1 -> G2 -> G3 -> G7
1911,pre_optimization,-0.5386500594985016,0,0.3174482959938245,-0.002448295993824512,-0.002448295993824512,True,A:rise|G1[0]|G2[0]|G3[0]|G7[0]|OUT:rise,A -> G1 -> G2 -> G3 -> G7
1911,post_optimization,-0.5386500594985016,0,0.30325090296030716,0.011749097039692846,0,False,A:rise|G1[0]|G2[0]|G3[0]|G7[0]|OUT:rise,A -> G1 -> G2 -> G3 -> G7
1912,pre_optimization,0.03313802575165421,0,0.33005994040197145,-0.01505994040197145,-0.01505994040197145,True,D:rise|G4[0]|G5[0]|G6[0]|G7[1]|OUT:rise,D -> G4 -> G5 -> G6 -> G7
1912,post_optimization,0.03313802575165421,0,0.31258794843493304,0.002412051565066964,0,False,A:rise|G1[0]|G2[0]|G3[0]|G7[0]|OUT:rise,A -> G1 -> G2 -> G3 -> G7
1913,pre_optimization,-0.6380121556223992,0,0.3280034631199832,-0.013003463119983183,-0.013003463119983183,True,D:rise|G4[0]|G5[0]|G6[0]|G7[1]|OUT:rise,D -> G4 -> G5 -> G6 -> G7
1913,post_optimization,-0.6380121556223992,0,0.30759104864228703,0.007408951357712967,0,False,D:rise|G4[0]|G5[0]|G6[0]|G7[1]|OUT:rise,D -> G4 -> G5 -> G6 -> G7
1914,pre_optimization,0.6465363431125153,0,0.3264299567073058,-0.011429956707305788,-0.011429956707305788,True,D:rise|G4[0]|G5[0]|G6[0]|G7[1]|OUT:rise,D -> G4 -> G5 -> G6 -> G7
1914,post_optimization,0.6465363431125153,0,0.31045710182498004,0.00454289817501996,0,False,A:rise|G1[0]|G2[0]|G3[0]|G7[0]|OUT:rise,A -> G1 -> G2 -> G3 -> G7
1915,pre_optimization,0.28217667035999294,0,0.31736871845058706,-0.0023687184505870595,-0.0023687184505870595,True,A:rise|G1[0]|G2[0]|G3[0]|G7[0]|OUT:rise,A -> G1 -> G2 -> G3 -> G7
1915,post_optimization,0.28217667035999294,0,0.3058959260368158,0.00910407396318419,0,False,A:rise|G1[0]|G2[0]|G3[0]|G7[0]|OUT:rise,A -> G1 -> G2 -> G3 -> G7
1916,pre_optimization,1.073655210545775,0,0.32737202959505485,-0.012372029595054845,-0.012372029595054845,True,D:rise|G4[0]|G5[0]|G6[0]|G7[1]|OUT:rise,D -> G4 -> G5 -> G6 -> G7
1916,post_optimization,1.073655210545775,0,0.3122973920513741,0.0027026079486259236,0,False,A:rise|G1[0]|G2[0]|G3[0]|G7[0]|OUT:rise,A -> G1 -> G2 -> G3 -> G7
1917,pre_optimization,0.7540702600663697,0,0.33038018270221,-0.015380182702209977,-0.015380182702209977,True,D:rise|G4[0]|G5[0]|G6[0]|G7[1]|OUT:rise,D -> G4 -> G5 -> G6 -> G7
1917,post_optimization,0.7540702600663697,0,0.31092359912636947,0.004076400873630537,0,False,A:rise|G1[0]|G2[0]|G3[0]|G7[0]|OUT:rise,A -> G1 -> G2 -> G3 -> G7
1918,pre_optimization,-0.7274068677478883,0,0.31550240957288106,-0.0005024095728810574,-0.0005024095728810574,True,D:rise|G4[0]|G5[0]|G6[0]|G7[1]|OUT:rise,D -> G4 -> G5 -> G6 -> G7
1918,post_optimization,-0.7274068677478883,0,0.3010048791848808,0.013995120815119222,0,False,A:rise|G1[0]|G2[0]|G3[0]|G7[0]|OUT:rise,A -> G1 -> G2 -> G3 -> G7
1919,pre_optimization,1.4390023589667367,0,0.32644283484900594,-0.011442834849005934,-0.011442834849005934,True,D:rise|G4[0]|G5[0]|G6[0]|G7[1]|OUT:rise,D -> G4 -> G5 -> G6 -> G7
1919,post_optimization,1.4390023589667367,0,0.31527976419518317,-0.0002797641951831631,-0.0002797641951831631,True,A:rise|G1[0]|G2[0]|G3[0]|G7[0]|OUT:rise,A -> G1 -> G2 -> G3 -> G7
1920,pre_optimization,-0.9000071073423931,0,0.31935055640904986,-0.004350556409049855,-0.004350556409049855,True,D:rise|G4[0]|G5[0]|G6[0]|G7[1]|OUT:rise,D -> G4 -> G5 -> G6 -> G7
1920,post_optimization,-0.9000071073423931,0,0.3041633355373151,0.010836664462684886,0,False,A:rise|G1[0]|G2[0]|G3[0]|G7[0]|OUT:rise,A -> G1 -> G2 -> G3 -> G7
1921,pre_optimization,-0.19054184798155452,0,0.31976551337514414,-0.004765513375144137,-0.004765513375144137,True,D:rise|G4[0]|G5[0]|G6[0]|G7[1]|OUT:rise,D -> G4 -> G5 -> G6 -> G7
1921,post_optimization,-0.19054184798155452,0,0.30548020394519926,0.009519796054800744,0,False,A:rise|G1[0]|G2[0]|G3[0]|G7[0]|OUT:rise,A -> G1 -> G2 -> G3 -> G7
1922,pre_optimization,1.401213806705911,0,0.34228562439647275,-0.027285624396472752,-0.027285624396472752,True,D:rise|G4[0]|G5[0]|G6[0]|G7[1]|OUT:rise,D -> G4 -> G5 -> G6 -> G7
1922,post_optimization,1.401213806705911,0,0.320436984202392,-0.00543698420239197,-0.00543698420239197,True,D:rise|G4[0]|G5[0]|G6[0]|G7[1]|OUT:rise,D -> G4 -> G5 -> G6 -> G7
1923,pre_optimization,0.6609674621539391,0,0.3205558577836722,-0.00555585778367218,-0.00555585778367218,True,D:rise|G4[0]|G5[0]|G6[0]|G7[1]|OUT:rise,D -> G4 -> G5 -> G6 -> G7
1923,post_optimization,0.6609674621539391,0,0.3046931303991293,0.010306869600870683,0,False,A:rise|G1[0]|G2[0]|G3[0]|G7[0]|OUT:rise,A -> G1 -> G2 -> G3 -> G7
1924,pre_optimization,-0.14274355297260283,0,0.3210319868534486,-0.006031986853448579,-0.006031986853448579,True,A:rise|G1[0]|G2[0]|G3[0]|G7[0]|OUT:rise,A -> G1 -> G2 -> G3 -> G7
1924,post_optimization,-0.14274355297260283,0,0.3083098214291924,0.0066901785708076145,0,False,A:rise|G1[0]|G2[0]|G3[0]|G7[0]|OUT:rise,A -> G1 -> G2 -> G3 -> G7
1925,pre_optimization,0.6168821823558754,0,0.32374554540240796,-0.008745545402407962,-0.008745545402407962,True,A:rise|G1[0]|G2[0]|G3[0]|G7[0]|OUT:rise,A -> G1 -> G2 -> G3 -> G7
1925,post_optimization,0.6168821823558754,0,0.309919307478791,0.005080692521209018,0,False,A:rise|G1[0]|G2[0]|G3[0]|G7[0]|OUT:rise,A -> G1 -> G2 -> G3 -> G7
1926,pre_optimization,-0.7305409095471999,0,0.30861123911533417,0.006388760884665834,0,False,D:rise|G4[0]|G5[0]|G6[0]|G7[1]|OUT:rise,D -> G4 -> G5 -> G6 -> G7
1926,post_optimization,-0.7305409095471999,0,0.293869681068171,0.021130318931828984,0,False,A:rise|G1[0]|G2[0]|G3[0]|G7[0]|OUT:rise,A -> G1 -> G2 -> G3 -> G7
1927,pre_optimization,-0.05442537372599608,0,0.3215515104521378,-0.00655151045213781,-0.00655151045213781,True,D:rise|G4[0]|G5[0]|G6[0]|G7[1]|OUT:rise,D -> G4 -> G5 -> G6 -> G7
1927,post_optimization,-0.05442537372599608,0,0.30590907988193794,0.009090920118062062,0,False,A:rise|G1[0]|G2[0]|G3[0]|G7[0]|OUT:rise,A -> G1 -> G2 -> G3 -> G7
1928,pre_optimization,-0.04218034100936133,0,0.3102915865227073,0.004708413477292728,0,False,D:rise|G4[0]|G5[0]|G6[0]|G7[1]|OUT:rise,D -> G4 -> G5 -> G6 -> G7
1928,post_optimization,-0.04218034100936133,0,0.2924874548876277,0.02251254511237233,0,False,D:rise|G4[0]|G5[0]|G6[0]|G7[1]|OUT:rise,D -> G4 -> G5 -> G6 -> G7
1929,pre_optimization,0.13742584225001891,0,0.31208246653070026,0.002917533469299738,0,False,A:rise|G1[0]|G2[0]|G3[0]|G7[0]|OUT:rise,A -> G1 -> G2 -> G3 -> G7
1929,post_optimization,0.13742584225001891,0,0.30184853562496994,0.013151464375030064,0,False,A:rise|G1[0]|G2[0]|G3[0]|G7[0]|OUT:rise,A -> G1 -> G2 -> G3 -> G7
1930,pre_optimization,-1.1504969110310042,0,0.31417510341369614,0.0008248965863038582,0,False,D:rise|G4[0]|G5[0]|G6[0]|G7[1]|OUT:rise,D -> G4 -> G5 -> G6 -> G7
1930,post_optimization,-1.1504969110310042,0,0.2955673521651971,0.01943264783480292,0,False,D:rise|G4[0]|G5[0]|G6[0]|G7[1]|OUT:rise,D -> G4 -> G5 -> G6 -> G7
1931,pre_optimization,0.4210886601169416,0,0.32529147815619786,-0.010291478156197853,-0.010291478156197853,True,A:rise|G1[0]|G2[0]|G3[0]|G7[0]|OUT:rise,A -> G1 -> G2 -> G3 -> G7
1931,post_optimization,0.4210886601169416,0,0.31100696292002794,0.003993037079972062,0,False,A:rise|G1[0]|G2[0]|G3[0]|G7[0]|OUT:rise,A -> G1 -> G2 -> G3 -> G7
1932,pre_optimization,1.1022956603367595,0,0.32655248422718675,-0.011552484227186743,-0.011552484227186743,True,D:rise|G4[0]|G5[0]|G6[0]|G7[1]|OUT:rise,D -> G4 -> G5 -> G6 -> G7
1932,post_optimization,1.1022956603367595,0,0.3074722636095193,0.00752773639048071,0,False,D:rise|G4[0]|G5[0]|G6[0]|G7[1]|OUT:rise,D -> G4 -> G5 -> G6 -> G7
1933,pre_optimization,-1.3472703998374433,0,0.30449710293429794,0.010502897065702066,0,False,A:rise|G1[0]|G2[0]|G3[0]|G7[0]|OUT:rise,A -> G1 -> G2 -> G3 -> G7
1933,post_optimization,-1.3472703998374433,0,0.2900361423920123,0.024963857607987694,0,False,A:rise|G1[0]|G2[0]|G3[0]|G7[0]|OUT:rise,A -> G1 -> G2 -> G3 -> G7
1934,pre_optimization,1.5583865247428688,0,0.3381117071587398,-0.02311170715873978,-0.02311170715873978,True,A:rise|G1[0]|G2[0]|G3[0]|G7[0]|OUT:rise,A -> G1 -> G2 -> G3 -> G7
1934,post_optimization,1.5583865247428688,0,0.3240860419115723,-0.009086041911572307,-0.009086041911572307,True,A:rise|G1[0]|G2[0]|G3[0]|G7[0]|OUT:rise,A -> G1 -> G2 -> G3 -> G7
1935,pre_optimization,-0.029139619389317147,0,0.32610607352123167,-0.011106073521231663,-0.011106073521231663,True,D:rise|G4[0]|G5[0]|G6[0]|G7[1]|OUT:rise,D -> G4 -> G5 -> G6 -> G7
1935,post_optimization,-0.029139619389317147,0,0.31099100598123963,0.00400899401876037,0,False,A:rise|G1[0]|G2[0]|G3[0]|G7[0]|OUT:rise,A -> G1 -> G2 -> G3 -> G7
1936,pre_optimization,-1.7644455596192148,0,0.31337481823801644,0.001625181761983563,0,False,A:rise|G1[0]|G2[0]|G3[0]|G7[0]|OUT:rise,A -> G1 -> G2 -> G3 -> G7
1936,post_optimization,-1.7644455596192148,0,0.2997723835484038,0.015227616451596204,0,False,A:rise|G1[0]|G2[0]|G3[0]|G7[0]|OUT:rise,A -> G1 -> G2 -> G3 -> G7
1937,pre_optimization,-0.8277915440879274,0,0.30622274807708716,0.008777251922912843,0,False,D:rise|G4[0]|G5[0]|G6[0]|G7[1]|OUT:rise,D -> G4 -> G5 -> G6 -> G7
1937,post_optimization,-0.8277915440879274,0,0.29068508564691964,0.024314914353080364,0,False,A:rise|G1[0]|G2[0]|G3[0]|G7[0]|OUT:rise,A -> G1 -> G2 -> G3 -> G7
1938,pre_optimization,1.1929361507790217,0,0.3356136549000934,-0.020613654900093425,-0.020613654900093425,True,A:rise|G1[0]|G2[0]|G3[0]|G7[0]|OUT:rise,A -> G1 -> G2 -> G3 -> G7
1938,post_optimization,1.1929361507790217,0,0.3212646529698611,-0.0062646529698611175,-0.0062646529698611175,True,A:rise|G1[0]|G2[0]|G3[0]|G7[0]|OUT:rise,A -> G1 -> G2 -> G3 -> G7
1939,pre_optimization,-0.14180532438729962,0,0.3065282369567771,0.00847176304322289,0,False,D:rise|G4[0]|G5[0]|G6[0]|G7[1]|OUT:rise,D -> G4 -> G5 -> G6 -> G7
1939,post_optimization,-0.14180532438729962,0,0.2911192515379444,0.023880748462055623,0,False,D:rise|G4[0]|G5[0]|G6[0]|G7[1]|OUT:rise,D -> G4 -> G5 -> G6 -> G7
1940,pre_optimization,0.6862820960863935,0,0.3298143364163735,-0.014814336416373475,-0.014814336416373475,True,D:rise|G4[0]|G5[0]|G6[0]|G7[1]|OUT:rise,D -> G4 -> G5 -> G6 -> G7
1940,post_optimization,0.6862820960863935,0,0.3110623594589734,0.003937640541026577,0,False,D:rise|G4[0]|G5[0]|G6[0]|G7[1]|OUT:rise,D -> G4 -> G5 -> G6 -> G7
1941,pre_optimization,1.2105461368353374,0,0.32922354809191823,-0.014223548091918226,-0.014223548091918226,True,A:rise|G1[0]|G2[0]|G3[0]|G7[0]|OUT:rise,A -> G1 -> G2 -> G3 -> G7
1941,post_optimization,1.2105461368353374,0,0.3140100073710773,0.0009899926289226868,0,False,A:rise|G1[0]|G2[0]|G3[0]|G7[0]|OUT:rise,A -> G1 -> G2 -> G3 -> G7
1942,pre_optimization,0.48069049547159304,0,0.3163519093453082,-0.001351909345308211,-0.001351909345308211,True,D:rise|G4[0]|G5[0]|G6[0]|G7[1]|OUT:rise,D -> G4 -> G5 -> G6 -> G7
1942,post_optimization,0.48069049547159304,0,0.29846728183044663,0.016532718169553373,0,False,D:rise|G4[0]|G5[0]|G6[0]|G7[1]|OUT:rise,D -> G4 -> G5 -> G6 -> G7
1943,pre_optimization,-0.5238427963119836,0,0.29244553397434114,0.02255446602565886,0,False,D:rise|G4[0]|G5[0]|G6[0]|G7[1]|OUT:rise,D -> G4 -> G5 -> G6 -> G7
1943,post_optimization,-0.5238427963119836,0,0.28189795989734356,0.03310204010265644,0,False,A:rise|G1[0]|G2[0]|G3[0]|G7[0]|OUT:rise,A -> G1 -> G2 -> G3 -> G7
1944,pre_optimization,-1.3910399792344288,0,0.3296071120296708,-0.014607112029670799,-0.014607112029670799,True,D:rise|G4[0]|G5[0]|G6[0]|G7[1]|OUT:rise,D -> G4 -> G5 -> G6 -> G7
1944,post_optimization,-1.3910399792344288,0,0.30870875018779115,0.0062912498122088545,0,False,D:rise|G4[0]|G5[0]|G6[0]|G7[1]|OUT:rise,D -> G4 -> G5 -> G6 -> G7
1945,pre_optimization,0.18856174338905532,0,0.33590405157356407,-0.020904051573564064,-0.020904051573564064,True,A:rise|G1[0]|G2[0]|G3[0]|G7[0]|OUT:rise,A -> G1 -> G2 -> G3 -> G7
1945,post_optimization,0.18856174338905532,0,0.32426906437286984,-0.00926906437286984,-0.00926906437286984,True,A:rise|G1[0]|G2[0]|G3[0]|G7[0]|OUT:rise,A -> G1 -> G2 -> G3 -> G7
1946,pre_optimization,0.29791498517580267,0,0.32494386337275516,-0.009943863372755157,-0.009943863372755157,True,D:rise|G4[0]|G5[0]|G6[0]|G7[1]|OUT:rise,D -> G4 -> G5 -> G6 -> G7
1946,post_optimization,0.29791498517580267,0,0.30648846416860476,0.008511535831395245,0,False,D:rise|G4[0]|G5[0]|G6[0]|G7[1]|OUT:rise,D -> G4 -> G5 -> G6 -> G7
1947,pre_optimization,0.3734696257412744,0,0.3131396627256602,0.0018603372743398183,0,False,D:rise|G4[0]|G5[0]|G6[0]|G7[1]|OUT:rise,D -> G4 -> G5 -> G6 -> G7
1947,post_optimization,0.3734696257412744,0,0.29816573632115456,0.01683426367884544,0,False,A:rise|G1[0]|G2[0]|G3[0]|G7[0]|OUT:rise,A -> G1 -> G2 -> G3 -> G7
1948,pre_optimization,-0.3320790037740289,0,0.31309420791629144,0.0019057920837085573,0,False,A:rise|G1[0]|G2[0]|G3[0]|G7[0]|OUT:rise,A -> G1 -> G2 -> G3 -> G7
1948,post_optimization,-0.3320790037740289,0,0.3018141185552554,0.013185881444744585,0,False,A:rise|G1[0]|G2[0]|G3[0]|G7[0]|OUT:rise,A -> G1 -> G2 -> G3 -> G7
1949,pre_optimization,-0.8176629484382859,0,0.32482711444578155,-0.009827114445781548,-0.009827114445781548,True,D:rise|G4[0]|G5[0]|G6[0]|G7[1]|OUT:rise,D -> G4 -> G5 -> G6 -> G7
1949,post_optimization,-0.8176629484382859,0,0.304994442093013,0.010005557906986984,0,False,D:rise|G4[0]|G5[0]|G6[0]|G7[1]|OUT:rise,D -> G4 -> G5 -> G6 -> G7
1950,pre_optimization,0.9497603933408035,0,0.32696130846935795,-0.011961308469357945,-0.011961308469357945,True,D:rise|G4[0]|G5[0]|G6[0]|G7[1]|OUT:rise,D -> G4 -> G5 -> G6 -> G7
1950,post_optimization,0.9497603933408035,0,0.3136659086307696,0.0013340913692304057,0,False,A:rise|G1[0]|G2[0]|G3[0]|G7[0]|OUT:rise,A -> G1 -> G2 -> G3 -> G7
1951,pre_optimization,0.646372504470086,0,0.32738591811677387,-0.012385918116773864,-0.012385918116773864,True,D:rise|G4[0]|G5[0]|G6[0]|G7[1]|OUT:rise,D -> G4 -> G5 -> G6 -> G7
1951,post_optimization,0.646372504470086,0,0.3071671360253019,0.007832863974698123,0,False,D:rise|G4[0]|G5[0]|G6[0]|G7[1]|OUT:rise,D -> G4 -> G5 -> G6 -> G7
1952,pre_optimization,-0.9140398815250848,0,0.3027571542753957,0.012242845724604323,0,False,A:rise|G1[0]|G2[0]|G3[0]|G7[0]|OUT:rise,A -> G1 -> G2 -> G3 -> G7
1952,post_optimization,-0.9140398815250848,0,0.29220541347448503,0.02279458652551497,0,False,A:rise|G1[0]|G2[0]|G3[0]|G7[0]|OUT:rise,A -> G1 -> G2 -> G3 -> G7
1953,pre_optimization,-0.40428676815634285,0,0.324497094320941,-0.00949709432094098,-0.00949709432094098,True,A:rise|G1[0]|G2[0]|G3[0]|G7[0]|OUT:rise,A -> G1 -> G2 -> G3 -> G7
1953,post_optimization,-0.40428676815634285,0,0.3089943502875078,0.006005649712492178,0,False,A:rise|G1[0]|G2[0]|G3[0]|G7[0]|OUT:rise,A -> G1 -> G2 -> G3 -> G7
1954,pre_optimization,0.11573988093547408,0,0.32308338692322863,-0.00808338692322863,-0.00808338692322863,True,D:rise|G4[0]|G5[0]|G6[0]|G7[1]|OUT:rise,D -> G4 -> G5 -> G6 -> G7
1954,post_optimization,0.11573988093547408,0,0.3040725426430245,0.010927457356975478,0,False,D:rise|G4[0]|G5[0]|G6[0]|G7[1]|OUT:rise,D -> G4 -> G5 -> G6 -> G7
1955,pre_optimization,0.05169756561904337,0,0.3170066016983643,-0.0020066016983643076,-0.0020066016983643076,True,A:rise|G1[0]|G2[0]|G3[0]|G7[0]|OUT:rise,A -> G1 -> G2 -> G3 -> G7
1955,post_optimization,0.05169756561904337,0,0.3050096255316323,0.009990374468367702,0,False,A:rise|G1[0]|G2[0]|G3[0]|G7[0]|OUT:rise,A -> G1 -> G2 -> G3 -> G7
1956,pre_optimization,0.6060234153867087,0,0.3318591600038086,-0.016859160003808604,-0.016859160003808604,True,D:rise|G4[0]|G5[0]|G6[0]|G7[1]|OUT:rise,D -> G4 -> G5 -> G6 -> G7
1956,post_optimization,0.6060234153867087,0,0.313806012826241,0.0011939871737590146,0,False,D:rise|G4[0]|G5[0]|G6[0]|G7[1]|OUT:rise,D -> G4 -> G5 -> G6 -> G7
1957,pre_optimization,0.7009893089189055,0,0.3180698698149194,-0.0030698698149194126,-0.0030698698149194126,True,A:rise|G1[0]|G2[0]|G3[0]|G7[0]|OUT:rise,A -> G1 -> G2 -> G3 -> G7
1957,post_optimization,0.7009893089189055,0,0.30538870592582595,0.009611294074174048,0,False,A:rise|G1[0]|G2[0]|G3[0]|G7[0]|OUT:rise,A -> G1 -> G2 -> G3 -> G7
1958,pre_optimization,0.5625740282661231,0,0.3240668089854011,-0.009066808985401076,-0.009066808985401076,True,D:rise|G4[0]|G5[0]|G6[0]|G7[1]|OUT:rise,D -> G4 -> G5 -> G6 -> G7
1958,post_optimization,0.5625740282661231,0,0.3074024492837415,0.007597550716258505,0,False,D:rise|G4[0]|G5[0]|G6[0]|G7[1]|OUT:rise,D -> G4 -> G5 -> G6 -> G7
1959,pre_optimization,0.5724264440351546,0,0.3199024649830967,-0.00490246498309671,-0.00490246498309671,True,D:rise|G4[0]|G5[0]|G6[0]|G7[1]|OUT:rise,D -> G4 -> G5 -> G6 -> G7
1959,post_optimization,0.5724264440351546,0,0.3024471012824729,0.012552898717527128,0,False,D:rise|G4[0]|G5[0]|G6[0]|G7[1]|OUT:rise,D -> G4 -> G5 -> G6 -> G7
1960,pre_optimization,-0.8105597099931585,0,0.31018766751444293,0.004812332485557069,0,False,D:rise|G4[0]|G5[0]|G6[0]|G7[1]|OUT:rise,D -> G4 -> G5 -> G6 -> G7
1960,post_optimization,-0.8105597099931585,0,0.29502750037160075,0.019972499628399254,0,False,A:rise|G1[0]|G2[0]|G3[0]|G7[0]|OUT:rise,A -> G1 -> G2 -> G3 -> G7
1961,pre_optimization,-0.21208938501420949,0,0.30228636545438803,0.012713634545611974,0,False,A:rise|G1[0]|G2[0]|G3[0]|G7[0]|OUT:rise,A -> G1 -> G2 -> G3 -> G7
1961,post_optimization,-0.21208938501420949,0,0.2920845325119382,0.02291546748806178,0,False,A:rise|G1[0]|G2[0]|G3[0]|G7[0]|OUT:rise,A -> G1 -> G2 -> G3 -> G7
1962,pre_optimization,0.24505114499971087,0,0.3170533704544993,-0.0020533704544992704,-0.0020533704544992704,True,A:rise|G1[0]|G2[0]|G3[0]|G7[0]|OUT:rise,A -> G1 -> G2 -> G3 -> G7
1962,post_optimization,0.24505114499971087,0,0.3041411390937147,0.010858860906285295,0,False,A:rise|G1[0]|G2[0]|G3[0]|G7[0]|OUT:rise,A -> G1 -> G2 -> G3 -> G7
1963,pre_optimization,0.6444643276646528,0,0.31672090612214326,-0.001720906122143262,-0.001720906122143262,True,A:rise|G1[0]|G2[0]|G3[0]|G7[0]|OUT:rise,A -> G1 -> G2 -> G3 -> G7
1963,post_optimization,0.6444643276646528,0,0.30450216095561083,0.010497839044389168,0,False,A:rise|G1[0]|G2[0]|G3[0]|G7[0]|OUT:rise,A -> G1 -> G2 -> G3 -> G7
1964,pre_optimization,0.31128148530801125,0,0.3396567570573106,-0.024656757057310574,-0.024656757057310574,True,A:rise|G1[0]|G2[0]|G3[0]|G7[0]|OUT:rise,A -> G1 -> G2 -> G3 -> G7
1964,post_optimization,0.31128148530801125,0,0.32578457830513696,-0.01078457830513696,-0.01078457830513696,True,A:rise|G1[0]|G2[0]|G3[0]|G7[0]|OUT:rise,A -> G1 -> G2 -> G3 -> G7
1965,pre_optimization,-1.2301265353815636,0,0.31220946265377436,0.002790537346225641,0,False,D:rise|G4[0]|G5[0]|G6[0]|G7[1]|OUT:rise,D -> G4 -> G5 -> G6 -> G7
1965,post_optimization,-1.2301265353815636,0,0.29522700883467473,0.01977299116532527,0,False,D:rise|G4[0]|G5[0]|G6[0]|G7[1]|OUT:rise,D -> G4 -> G5 -> G6 -> G7
1966,pre_optimization,-0.6374453912292143,0,0.31568878397881894,-0.0006887839788189409,-0.0006887839788189409,True,D:rise|G4[0]|G5[0]|G6[0]|G7[1]|OUT:rise,D -> G4 -> G5 -> G6 -> G7
1966,post_optimization,-0.6374453912292143,0,0.29880987405639703,0.016190125943602973,0,False,D:rise|G4[0]|G5[0]|G6[0]|G7[1]|OUT:rise,D -> G4 -> G5 -> G6 -> G7
1967,pre_optimization,0.9715852450573127,0,0.34181682465310087,-0.026816824653100868,-0.026816824653100868,True,D:rise|G4[0]|G5[0]|G6[0]|G7[1]|OUT:rise,D -> G4 -> G5 -> G6 -> G7
1967,post_optimization,0.9715852450573127,0,0.3213449916869949,-0.006344991686994872,-0.006344991686994872,True,D:rise|G4[0]|G5[0]|G6[0]|G7[1]|OUT:rise,D -> G4 -> G5 -> G6 -> G7
1968,pre_optimization,-1.5993593132176869,0,0.2996298178664243,0.015370182133575716,0,False,A:rise|G1[0]|G2[0]|G3[0]|G7[0]|OUT:rise,A -> G1 -> G2 -> G3 -> G7
1968,post_optimization,-1.5993593132176869,0,0.2863252471101,0.028674752889900013,0,False,A:rise|G1[0]|G2[0]|G3[0]|G7[0]|OUT:rise,A -> G1 -> G2 -> G3 -> G7
1969,pre_optimization,-0.5755261371333943,0,0.2985192127714485,0.016480787228551508,0,False,D:rise|G4[0]|G5[0]|G6[0]|G7[1]|OUT:rise,D -> G4 -> G5 -> G6 -> G7
1969,post_optimization,-0.5755261371333943,0,0.28682692721540115,0.02817307278459885,0,False,A:rise|G1[0]|G2[0]|G3[0]|G7[0]|OUT:rise,A -> G1 -> G2 -> G3 -> G7
1970,pre_optimization,-0.21351249238546455,0,0.3034447222420875,0.011555277757912485,0,False,D:rise|G4[0]|G5[0]|G6[0]|G7[1]|OUT:rise,D -> G4 -> G5 -> G6 -> G7
1970,post_optimization,-0.21351249238546455,0,0.2883281003618496,0.02667189963815042,0,False,D:rise|G4[0]|G5[0]|G6[0]|G7[1]|OUT:rise,D -> G4 -> G5 -> G6 -> G7
1971,pre_optimization,-1.5200467709374144,0,0.29620097834413395,0.018799021655866055,0,False,A:rise|G1[0]|G2[0]|G3[0]|G7[0]|OUT:rise,A -> G1 -> G2 -> G3 -> G7
1971,post_optimization,-1.5200467709374144,0,0.28282055660625577,0.032179443393744234,0,False,A:rise|G1[0]|G2[0]|G3[0]|G7[0]|OUT:rise,A -> G1 -> G2 -> G3 -> G7
1972,pre_optimization,0.4504352559386432,0,0.31395170171121556,0.0010482982887844439,0,False,A:rise|G1[0]|G2[0]|G3[0]|G7[0]|OUT:rise,A -> G1 -> G2 -> G3 -> G7
1972,post_optimization,0.4504352559386432,0,0.3024864389378522,0.012513561062147793,0,False,A:rise|G1[0]|G2[0]|G3[0]|G7[0]|OUT:rise,A -> G1 -> G2 -> G3 -> G7
1973,pre_optimization,-0.7257000160314689,0,0.31395140098921637,0.0010485990107836352,0,False,A:rise|G1[0]|G2[0]|G3[0]|G7[0]|OUT:rise,A -> G1 -> G2 -> G3 -> G7
1973,post_optimization,-0.7257000160314689,0,0.303793400119045,0.011206599880955015,0,False,A:rise|G1[0]|G2[0]|G3[0]|G7[0]|OUT:rise,A -> G1 -> G2 -> G3 -> G7
1974,pre_optimization,0.8984150972626056,0,0.33088333549965715,-0.015883335499657147,-0.015883335499657147,True,A:rise|G1[0]|G2[0]|G3[0]|G7[0]|OUT:rise,A -> G1 -> G2 -> G3 -> G7
1974,post_optimization,0.8984150972626056,0,0.3170788693805251,-0.0020788693805250946,-0.0020788693805250946,True,A:rise|G1[0]|G2[0]|G3[0]|G7[0]|OUT:rise,A -> G1 -> G2 -> G3 -> G7
1975,pre_optimization,0.5029118427808228,0,0.33084646280388025,-0.015846462803880246,-0.015846462803880246,True,D:rise|G4[0]|G5[0]|G6[0]|G7[1]|OUT:rise,D -> G4 -> G5 -> G6 -> G7
1975,post_optimization,0.5029118427808228,0,0.3115387366257465,0.0034612633742535093,0,False,D:rise|G4[0]|G5[0]|G6[0]|G7[1]|OUT:rise,D -> G4 -> G5 -> G6 -> G7
1976,pre_optimization,0.37522224437770546,0,0.33358662822827795,-0.018586628228277946,-0.018586628228277946,True,D:rise|G4[0]|G5[0]|G6[0]|G7[1]|OUT:rise,D -> G4 -> G5 -> G6 -> G7
1976,post_optimization,0.37522224437770546,0,0.316832041679838,-0.0018320416798379702,-0.0018320416798379702,True,A:rise|G1[0]|G2[0]|G3[0]|G7[0]|OUT:rise,A -> G1 -> G2 -> G3 -> G7
1977,pre_optimization,0.04020922777172078,0,0.3325098501871446,-0.01750985018714457,-0.01750985018714457,True,D:rise|G4[0]|G5[0]|G6[0]|G7[1]|OUT:rise,D -> G4 -> G5 -> G6 -> G7
1977,post_optimization,0.04020922777172078,0,0.3138068067434874,0.0011931932565126258,0,False,A:rise|G1[0]|G2[0]|G3[0]|G7[0]|OUT:rise,A -> G1 -> G2 -> G3 -> G7
1978,pre_optimization,0.32754817568724093,0,0.32656229174043,-0.011562291740429997,-0.011562291740429997,True,D:rise|G4[0]|G5[0]|G6[0]|G7[1]|OUT:rise,D -> G4 -> G5 -> G6 -> G7
1978,post_optimization,0.32754817568724093,0,0.30921860665893375,0.005781393341066254,0,False,D:rise|G4[0]|G5[0]|G6[0]|G7[1]|OUT:rise,D -> G4 -> G5 -> G6 -> G7
1979,pre_optimization,0.033277604764348254,0,0.3176428821163423,-0.002642882116342282,-0.002642882116342282,True,A:rise|G1[0]|G2[0]|G3[0]|G7[0]|OUT:rise,A -> G1 -> G2 -> G3 -> G7
1979,post_optimization,0.033277604764348254,0,0.30395062306643184,0.011049376933568167,0,False,A:rise|G1[0]|G2[0]|G3[0]|G7[0]|OUT:rise,A -> G1 -> G2 -> G3 -> G7
1980,pre_optimization,-0.2798683697699843,0,0.31405921092866296,0.0009407890713370448,0,False,A:rise|G1[0]|G2[0]|G3[0]|G7[0]|OUT:rise,A -> G1 -> G2 -> G3 -> G7
1980,post_optimization,-0.2798683697699843,0,0.30000337833833357,0.014996621661666432,0,False,A:rise|G1[0]|G2[0]|G3[0]|G7[0]|OUT:rise,A -> G1 -> G2 -> G3 -> G7
1981,pre_optimization,-0.1902886865654108,0,0.33010825890048434,-0.01510825890048434,-0.01510825890048434,True,A:rise|G1[0]|G2[0]|G3[0]|G7[0]|OUT:rise,A -> G1 -> G2 -> G3 -> G7
1981,post_optimization,-0.1902886865654108,0,0.3159933255451538,-0.0009933255451538003,-0.0009933255451538003,True,A:rise|G1[0]|G2[0]|G3[0]|G7[0]|OUT:rise,A -> G1 -> G2 -> G3 -> G7
1982,pre_optimization,-0.2508481847100209,0,0.3191799785188048,-0.0041799785188048055,-0.0041799785188048055,True,D:rise|G4[0]|G5[0]|G6[0]|G7[1]|OUT:rise,D -> G4 -> G5 -> G6 -> G7
1982,post_optimization,-0.2508481847100209,0,0.30058538200116663,0.014414617998833368,0,False,D:rise|G4[0]|G5[0]|G6[0]|G7[1]|OUT:rise,D -> G4 -> G5 -> G6 -> G7
1983,pre_optimization,-1.0347479222365785,0,0.30259735684336364,0.012402643156636362,0,False,A:rise|G1[0]|G2[0]|G3[0]|G7[0]|OUT:rise,A -> G1 -> G2 -> G3 -> G7
1983,post_optimization,-1.0347479222365785,0,0.2918756330304091,0.023124366969590915,0,False,A:rise|G1[0]|G2[0]|G3[0]|G7[0]|OUT:rise,A -> G1 -> G2 -> G3 -> G7
1984,pre_optimization,1.6357359991280196,0,0.34181666553680035,-0.026816665536800344,-0.026816665536800344,True,A:rise|G1[0]|G2[0]|G3[0]|G7[0]|OUT:rise,A -> G1 -> G2 -> G3 -> G7
1984,post_optimization,1.6357359991280196,0,0.32891775400822587,-0.013917754008225869,-0.013917754008225869,True,A:rise|G1[0]|G2[0]|G3[0]|G7[0]|OUT:rise,A -> G1 -> G2 -> G3 -> G7
1985,pre_optimization,1.135403897525433,0,0.3327656374686488,-0.017765637468648787,-0.017765637468648787,True,D:rise|G4[0]|G5[0]|G6[0]|G7[1]|OUT:rise,D -> G4 -> G5 -> G6 -> G7
1985,post_optimization,1.135403897525433,0,0.31609410258508897,-0.001094102585088963,-0.001094102585088963,True,D:rise|G4[0]|G5[0]|G6[0]|G7[1]|OUT:rise,D -> G4 -> G5 -> G6 -> G7
1986,pre_optimization,1.232426538712202,0,0.33348338496413166,-0.018483384964131655,-0.018483384964131655,True,D:rise|G4[0]|G5[0]|G6[0]|G7[1]|OUT:rise,D -> G4 -> G5 -> G6 -> G7
1986,post_optimization,1.232426538712202,0,0.3175681098767157,-0.002568109876715685,-0.002568109876715685,True,A:rise|G1[0]|G2[0]|G3[0]|G7[0]|OUT:rise,A -> G1 -> G2 -> G3 -> G7
1987,pre_optimization,-0.032167381612263145,0,0.3189692438002731,-0.003969243800273081,-0.003969243800273081,True,D:rise|G4[0]|G5[0]|G6[0]|G7[1]|OUT:rise,D -> G4 -> G5 -> G6 -> G7
1987,post_optimization,-0.032167381612263145,0,0.3031632650311665,0.011836734968833529,0,False,A:rise|G1[0]|G2[0]|G3[0]|G7[0]|OUT:rise,A -> G1 -> G2 -> G3 -> G7
1988,pre_optimization,0.9118337617130562,0,0.32576349100385105,-0.010763491003851045,-0.010763491003851045,True,D:rise|G4[0]|G5[0]|G6[0]|G7[1]|OUT:rise,D -> G4 -> G5 -> G6 -> G7
1988,post_optimization,0.9118337617130562,0,0.31205282561346603,0.0029471743865339683,0,False,A:rise|G1[0]|G2[0]|G3[0]|G7[0]|OUT:rise,A -> G1 -> G2 -> G3 -> G7
1989,pre_optimization,-1.0770136180804817,0,0.31448895385479025,0.0005110461452097481,0,False,A:rise|G1[0]|G2[0]|G3[0]|G7[0]|OUT:rise,A -> G1 -> G2 -> G3 -> G7
1989,post_optimization,-1.0770136180804817,0,0.30109809436137847,0.013901905638621537,0,False,A:rise|G1[0]|G2[0]|G3[0]|G7[0]|OUT:rise,A -> G1 -> G2 -> G3 -> G7
1990,pre_optimization,0.5134440759369857,0,0.3284705511924781,-0.013470551192478086,-0.013470551192478086,True,D:rise|G4[0]|G5[0]|G6[0]|G7[1]|OUT:rise,D -> G4 -> G5 -> G6 -> G7
1990,post_optimization,0.5134440759369857,0,0.3102123588013982,0.004787641198601811,0,False,D:rise|G4[0]|G5[0]|G6[0]|G7[1]|OUT:rise,D -> G4 -> G5 -> G6 -> G7
1991,pre_optimization,-0.5365986822469353,0,0.31420310181275507,0.0007968981872449321,0,False,A:rise|G1[0]|G2[0]|G3[0]|G7[0]|OUT:rise,A -> G1 -> G2 -> G3 -> G7
1991,post_optimization,-0.5365986822469353,0,0.3046212121173523,0.010378787882647678,0,False,A:rise|G1[0]|G2[0]|G3[0]|G7[0]|OUT:rise,A -> G1 -> G2 -> G3 -> G7
1992,pre_optimization,-1.413808955718574,0,0.29515565702613455,0.019844342973865448,0,False,D:rise|G4[0]|G5[0]|G6[0]|G7[1]|OUT:rise,D -> G4 -> G5 -> G6 -> G7
1992,post_optimization,-1.413808955718574,0,0.28168535323144783,0.03331464676855217,0,False,A:rise|G1[0]|G2[0]|G3[0]|G7[0]|OUT:rise,A -> G1 -> G2 -> G3 -> G7
1993,pre_optimization,1.101874425492414,0,0.3271158368346769,-0.012115836834676874,-0.012115836834676874,True,D:rise|G4[0]|G5[0]|G6[0]|G7[1]|OUT:rise,D -> G4 -> G5 -> G6 -> G7
1993,post_optimization,1.101874425492414,0,0.31373564918545893,0.001264350814541071,0,False,A:rise|G1[0]|G2[0]|G3[0]|G7[0]|OUT:rise,A -> G1 -> G2 -> G3 -> G7
1994,pre_optimization,0.482184615792597,0,0.327225970556886,-0.012225970556886012,-0.012225970556886012,True,D:rise|G4[0]|G5[0]|G6[0]|G7[1]|OUT:rise,D -> G4 -> G5 -> G6 -> G7
1994,post_optimization,0.482184615792597,0,0.30856987537223846,0.0064301246277615465,0,False,D:rise|G4[0]|G5[0]|G6[0]|G7[1]|OUT:rise,D -> G4 -> G5 -> G6 -> G7
1995,pre_optimization,-0.4027155782649655,0,0.31716231417365753,-0.0021623141736575313,-0.0021623141736575313,True,A:rise|G1[0]|G2[0]|G3[0]|G7[0]|OUT:rise,A -> G1 -> G2 -> G3 -> G7
1995,post_optimization,-0.4027155782649655,0,0.3030949672831517,0.011905032716848285,0,False,A:rise|G1[0]|G2[0]|G3[0]|G7[0]|OUT:rise,A -> G1 -> G2 -> G3 -> G7
1996,pre_optimization,-0.7873692262625632,0,0.31439116515790827,0.0006088348420917322,0,False,D:rise|G4[0]|G5[0]|G6[0]|G7[1]|OUT:rise,D -> G4 -> G5 -> G6 -> G7
1996,post_optimization,-0.7873692262625632,0,0.2972505214999609,0.017749478500039106,0,False,D:rise|G4[0]|G5[0]|G6[0]|G7[1]|OUT:rise,D -> G4 -> G5 -> G6 -> G7
1997,pre_optimization,-3.9388676141931726e-05,0,0.3064324013410307,0.008567598658969278,0,False,D:rise|G4[0]|G5[0]|G6[0]|G7[1]|OUT:rise,D -> G4 -> G5 -> G6 -> G7
1997,post_optimization,-3.9388676141931726e-05,0,0.2917048342380675,0.023295165761932524,0,False,D:rise|G4[0]|G5[0]|G6[0]|G7[1]|OUT:rise,D -> G4 -> G5 -> G6 -> G7
1998,pre_optimization,0.31706926569594013,0,0.32566981236248616,-0.010669812362486153,-0.010669812362486153,True,D:rise|G4[0]|G5[0]|G6[0]|G7[1]|OUT:rise,D -> G4 -> G5 -> G6 -> G7
1998,post_optimization,0.31706926569594013,0,0.3069735703332528,0.008026429666747215,0,False,A:rise|G1[0]|G2[0]|G3[0]|G7[0]|OUT:rise,A -> G1 -> G2 -> G3 -> G7
1999,pre_optimization,-0.3132349718200583,0,0.316408586419018,-0.0014085864190179764,-0.0014085864190179764,True,A:rise|G1[0]|G2[0]|G3[0]|G7[0]|OUT:rise,A -> G1 -> G2 -> G3 -> G7
1999,post_optimization,-0.3132349718200583,0,0.30294975210161085,0.012050247898389155,0,False,A:rise|G1[0]|G2[0]|G3[0]|G7[0]|OUT:rise,A -> G1 -> G2 -> G3 -> G7
2000,pre_optimization,0.8058297935552301,0,0.3320216641067891,-0.017021664106789125,-0.017021664106789125,True,D:rise|G4[0]|G5[0]|G6[0]|G7[1]|OUT:rise,D -> G4 -> G5 -> G6 -> G7
2000,post_optimization,0.8058297935552301,0,0.31398151497248317,0.0010184850275168356,0,False,D:rise|G4[0]|G5[0]|G6[0]|G7[1]|OUT:rise,D -> G4 -> G5 -> G6 -> G7
2001,pre_optimization,-1.282596777078308,0,0.31309397424535373,0.0019060257546462678,0,False,A:rise|G1[0]|G2[0]|G3[0]|G7[0]|OUT:rise,A -> G1 -> G2 -> G3 -> G7
2001,post_optimization,-1.282596777078308,0,0.3017790183396988,0.013220981660301223,0,False,A:rise|G1[0]|G2[0]|G3[0]|G7[0]|OUT:rise,A -> G1 -> G2 -> G3 -> G7
2002,pre_optimization,1.3097042995979697,0,0.3173297301923858,-0.002329730192385804,-0.002329730192385804,True,D:rise|G4[0]|G5[0]|G6[0]|G7[1]|OUT:rise,D -> G4 -> G5 -> G6 -> G7
2002,post_optimization,1.3097042995979697,0,0.3036584869389095,0.011341513061090491,0,False,A:rise|G1[0]|G2[0]|G3[0]|G7[0]|OUT:rise,A -> G1 -> G2 -> G3 -> G7
2003,pre_optimization,-1.0338777024232837,0,0.3175501594853609,-0.0025501594853609144,-0.0025501594853609144,True,A:rise|G1[0]|G2[0]|G3[0]|G7[0]|OUT:rise,A -> G1 -> G2 -> G3 -> G7
2003,post_optimization,-1.0338777024232837,0,0.3033971869617452,0.011602813038254778,0,False,A:rise|G1[0]|G2[0]|G3[0]|G7[0]|OUT:rise,A -> G1 -> G2 -> G3 -> G7
2004,pre_optimization,0.015997176100344075,0,0.32653047089140264,-0.011530470891402633,-0.011530470891402633,True,D:rise|G4[0]|G5[0]|G6[0]|G7[1]|OUT:rise,D -> G4 -> G5 -> G6 -> G7
2004,post_optimization,0.015997176100344075,0,0.30860340404027725,0.006396595959722751,0,False,A:rise|G1[0]|G2[0]|G3[0]|G7[0]|OUT:rise,A -> G1 -> G2 -> G3 -> G7
2005,pre_optimization,-0.12143382616961523,0,0.3157180313305885,-0.0007180313305885089,-0.0007180313305885089,True,D:rise|G4[0]|G5[0]|G6[0]|G7[1]|OUT:rise,D -> G4 -> G5 -> G6 -> G7
2005,post_optimization,-0.12143382616961523,0,0.29831589817569654,0.016684101824303466,0,False,A:rise|G1[0]|G2[0]|G3[0]|G7[0]|OUT:rise,A -> G1 -> G2 -> G3 -> G7
2006,pre_optimization,0.6991692358740439,0,0.3256818211584164,-0.010681821158416371,-0.010681821158416371,True,A:rise|G1[0]|G2[0]|G3[0]|G7[0]|OUT:rise,A -> G1 -> G2 -> G3 -> G7
2006,post_optimization,0.6991692358740439,0,0.3170409111557256,-0.0020409111557255777,-0.0020409111557255777,True,A:rise|G1[0]|G2[0]|G3[0]|G7[0]|OUT:rise,A -> G1 -> G2 -> G3 -> G7
2007,pre_optimization,-1.0553112019762874,0,0.31293341991136625,0.0020665800886337515,0,False,D:rise|G4[0]|G5[0]|G6[0]|G7[1]|OUT:rise,D -> G4 -> G5 -> G6 -> G7
2007,post_optimization,-1.0553112019762874,0,0.29391419163943955,0.021085808360560454,0,False,A:rise|G1[0]|G2[0]|G3[0]|G7[0]|OUT:rise,A -> G1 -> G2 -> G3 -> G7
2008,pre_optimization,0.41236796541724735,0,0.3267664262036761,-0.011766426203676073,-0.011766426203676073,True,D:rise|G4[0]|G5[0]|G6[0]|G7[1]|OUT:rise,D -> G4 -> G5 -> G6 -> G7
2008,post_optimization,0.41236796541724735,0,0.3097351681688654,0.005264831831134575,0,False,D:rise|G4[0]|G5[0]|G6[0]|G7[1]|OUT:rise,D -> G4 -> G5 -> G6 -> G7
2009,pre_optimization,-1.9526243560793808,0,0.29493301581792647,0.020066984182073533,0,False,D:rise|G4[0]|G5[0]|G6[0]|G7[1]|OUT:rise,D -> G4 -> G5 -> G6 -> G7
2009,post_optimization,-1.9526243560793808,0,0.2821832011862143,0.032816798813785686,0,False,A:rise|G1[0]|G2[0]|G3[0]|G7[0]|OUT:rise,A -> G1 -> G2 -> G3 -> G7
2010,pre_optimization,0.2671404711134612,0,0.3156787026532698,-0.0006787026532698026,-0.0006787026532698026,True,D:rise|G4[0]|G5[0]|G6[0]|G7[1]|OUT:rise,D -> G4 -> G5 -> G6 -> G7
2010,post_optimization,0.2671404711134612,0,0.301188497749847,0.013811502250152985,0,False,A:rise|G1[0]|G2[0]|G3[0]|G7[0]|OUT:rise,A -> G1 -> G2 -> G3 -> G7
2011,pre_optimization,-1.3245484633948437,0,0.2997894879523538,0.01521051204764623,0,False,D:rise|G4[0]|G5[0]|G6[0]|G7[1]|OUT:rise,D -> G4 -> G5 -> G6 -> G7
2011,post_optimization,-1.3245484633948437,0,0.2837461462290302,0.031253853770969786,0,False,D:rise|G4[0]|G5[0]|G6[0]|G7[1]|OUT:rise,D -> G4 -> G5 -> G6 -> G7
2012,pre_optimization,-0.28502139451059094,0,0.31339934856890156,0.0016006514310984432,0,False,A:rise|G1[0]|G2[0]|G3[0]|G7[0]|OUT:rise,A -> G1 -> G2 -> G3 -> G7
2012,post_optimization,-0.28502139451059094,0,0.30176659106121784,0.013233408938782165,0,False,A:rise|G1[0]|G2[0]|G3[0]|G7[0]|OUT:rise,A -> G1 -> G2 -> G3 -> G7
2013,pre_optimization,-2.360806044410997,0,0.309294949027659,0.005705050972340975,0,False,D:rise|G4[0]|G5[0]|G6[0]|G7[1]|OUT:rise,D -> G4 -> G5 -> G6 -> G7
2013,post_optimization,-2.360806044410997,0,0.2892984294821981,0.02570157051780192,0,False,D:rise|G4[0]|G5[0]|G6[0]|G7[1]|OUT:rise,D -> G4 -> G5 -> G6 -> G7
2014,pre_optimization,-1.9854460926495274,0,0.3024292046302264,0.012570795369773624,0,False,A:rise|G1[0]|G2[0]|G3[0]|G7[0]|OUT:rise,A -> G1 -> G2 -> G3 -> G7
2014,post_optimization,-1.9854460926495274,0,0.29298927607390607,0.022010723926093934,0,False,A:rise|G1[0]|G2[0]|G3[0]|G7[0]|OUT:rise,A -> G1 -> G2 -> G3 -> G7
2015,pre_optimization,0.5484157302252297,0,0.31532200334591975,-0.00032200334591975244,-0.00032200334591975244,True,D:rise|G4[0]|G5[0]|G6[0]|G7[1]|OUT:rise,D -> G4 -> G5 -> G6 -> G7
2015,post_optimization,0.5484157302252297,0,0.296068720007966,0.018931279992033978,0,False,D:rise|G4[0]|G5[0]|G6[0]|G7[1]|OUT:rise,D -> G4 -> G5 -> G6 -> G7
2016,pre_optimization,-1.8294050138437812,0,0.30143395867711903,0.013566041322880973,0,False,A:rise|G1[0]|G2[0]|G3[0]|G7[0]|OUT:rise,A -> G1 -> G2 -> G3 -> G7
2016,post_optimization,-1.8294050138437812,0,0.287604014402421,0.027395985597578998,0,False,A:rise|G1[0]|G2[0]|G3[0]|G7[0]|OUT:rise,A -> G1 -> G2 -> G3 -> G7
2017,pre_optimization,0.3369022883071308,0,0.3324821762154877,-0.0174821762154877,-0.0174821762154877,True,A:rise|G1[0]|G2[0]|G3[0]|G7[0]|OUT:rise,A -> G1 -> G2 -> G3 -> G7
2017,post_optimization,0.3369022883071308,0,0.3195319222353167,-0.004531922235316677,-0.004531922235316677,True,A:rise|G1[0]|G2[0]|G3[0]|G7[0]|OUT:rise,A -> G1 -> G2 -> G3 -> G7
2018,pre_optimization,-1.3182176523324975,0,0.2980663688999784,0.016933631100021607,0,False,A:rise|G1[0]|G2[0]|G3[0]|G7[0]|OUT:rise,A -> G1 -> G2 -> G3 -> G7
2018,post_optimization,-1.3182176523324975,0,0.287615780051533,0.027384219948467015,0,False,A:rise|G1[0]|G2[0]|G3[0]|G7[0]|OUT:rise,A -> G1 -> G2 -> G3 -> G7
2019,pre_optimization,0.877758777355222,0,0.3409655298978541,-0.02596552989785411,-0.02596552989785411,True,D:rise|G4[0]|G5[0]|G6[0]|G7[1]|OUT:rise,D -> G4 -> G5 -> G6 -> G7
2019,post_optimization,0.877758777355222,0,0.31982494662337996,-0.004824946623379955,-0.004824946623379955,True,D:rise|G4[0]|G5[0]|G6[0]|G7[1]|OUT:rise,D -> G4 -> G5 -> G6 -> G7
2020,pre_optimization,0.4937005246887775,0,0.31764104487694456,-0.002641044876944554,-0.002641044876944554,True,D:rise|G4[0]|G5[0]|G6[0]|G7[1]|OUT:rise,D -> G4 -> G5 -> G6 -> G7
2020,post_optimization,0.4937005246887775,0,0.3018588624523478,0.013141137547652226,0,False,D:rise|G4[0]|G5[0]|G6[0]|G7[1]|OUT:rise,D -> G4 -> G5 -> G6 -> G7
2021,pre_optimization,1.2162711408318359,0,0.33402221520492625,-0.01902221520492625,-0.01902221520492625,True,D:rise|G4[0]|G5[0]|G6[0]|G7[1]|OUT:rise,D -> G4 -> G5 -> G6 -> G7
2021,post_optimization,1.2162711408318359,0,0.3148309186931976,0.00016908130680237665,0,False,D:rise|G4[0]|G5[0]|G6[0]|G7[1]|OUT:rise,D -> G4 -> G5 -> G6 -> G7
2022,pre_optimization,2.2643039896400734,0,0.3447788888200448,-0.029778888820044813,-0.029778888820044813,True,D:rise|G4[0]|G5[0]|G6[0]|G7[1]|OUT:rise,D -> G4 -> G5 -> G6 -> G7
2022,post_optimization,2.2643039896400734,0,0.3246710388310015,-0.00967103883100151,-0.00967103883100151,True,A:rise|G1[0]|G2[0]|G3[0]|G7[0]|OUT:rise,A -> G1 -> G2 -> G3 -> G7
2023,pre_optimization,-0.7737347931067705,0,0.31638076311374663,-0.0013807631137466303,-0.0013807631137466303,True,A:rise|G1[0]|G2[0]|G3[0]|G7[0]|OUT:rise,A -> G1 -> G2 -> G3 -> G7
2023,post_optimization,-0.7737347931067705,0,0.3045763879655422,0.010423612034457796,0,False,A:rise|G1[0]|G2[0]|G3[0]|G7[0]|OUT:rise,A -> G1 -> G2 -> G3 -> G7
2024,pre_optimization,0.1562682205327206,0,0.30876610071188476,0.006233899288115241,0,False,A:rise|G1[0]|G2[0]|G3[0]|G7[0]|OUT:rise,A -> G1 -> G2 -> G3 -> G7
2024,post_optimization,0.1562682205327206,0,0.2977873280211448,0.017212671978855176,0,False,A:rise|G1[0]|G2[0]|G3[0]|G7[0]|OUT:rise,A -> G1 -> G2 -> G3 -> G7
2025,pre_optimization,0.6884378234989389,0,0.3290847901980169,-0.014084790198016894,-0.014084790198016894,True,A:rise|G1[0]|G2[0]|G3[0]|G7[0]|OUT:rise,A -> G1 -> G2 -> G3 -> G7
2025,post_optimization,0.6884378234989389,0,0.3146511369064165,0.00034886309358350687,0,False,A:rise|G1[0]|G2[0]|G3[0]|G7[0]|OUT:rise,A -> G1 -> G2 -> G3 -> G7
2026,pre_optimization,0.20035638509703824,0,0.31990045955135993,-0.004900459551359926,-0.004900459551359926,True,D:rise|G4[0]|G5[0]|G6[0]|G7[1]|OUT:rise,D -> G4 -> G5 -> G6 -> G7
2026,post_optimization,0.20035638509703824,0,0.3030606345139581,0.011939365486041909,0,False,A:rise|G1[0]|G2[0]|G3[0]|G7[0]|OUT:rise,A -> G1 -> G2 -> G3 -> G7
2027,pre_optimization,-1.236910130005413,0,0.3030164895272347,0.011983510472765302,0,False,D:rise|G4[0]|G5[0]|G6[0]|G7[1]|OUT:rise,D -> G4 -> G5 -> G6 -> G7
2027,post_optimization,-1.236910130005413,0,0.29038853956943805,0.02461146043056195,0,False,A:rise|G1[0]|G2[0]|G3[0]|G7[0]|OUT:rise,A -> G1 -> G2 -> G3 -> G7
2028,pre_optimization,-1.1769988428369549,0,0.31201997323422537,0.002980026765774635,0,False,A:rise|G1[0]|G2[0]|G3[0]|G7[0]|OUT:rise,A -> G1 -> G2 -> G3 -> G7
2028,post_optimization,-1.1769988428369549,0,0.29963721640221364,0.015362783597786367,0,False,A:rise|G1[0]|G2[0]|G3[0]|G7[0]|OUT:rise,A -> G1 -> G2 -> G3 -> G7
2029,pre_optimization,1.0316605631311377,0,0.32371665558391427,-0.008716655583914268,-0.008716655583914268,True,A:rise|G1[0]|G2[0]|G3[0]|G7[0]|OUT:rise,A -> G1 -> G2 -> G3 -> G7
2029,post_optimization,1.0316605631311377,0,0.31047840552595407,0.004521594474045931,0,False,A:rise|G1[0]|G2[0]|G3[0]|G7[0]|OUT:rise,A -> G1 -> G2 -> G3 -> G7
2030,pre_optimization,0.2408809646094647,0,0.31947166909260877,-0.0044716690926087654,-0.0044716690926087654,True,D:rise|G4[0]|G5[0]|G6[0]|G7[1]|OUT:rise,D -> G4 -> G5 -> G6 -> G7
2030,post_optimization,0.2408809646094647,0,0.3066268767262794,0.008373123273720584,0,False,A:rise|G1[0]|G2[0]|G3[0]|G7[0]|OUT:rise,A -> G1 -> G2 -> G3 -> G7
2031,pre_optimization,0.1859050730862795,0,0.32109798949004564,-0.006097989490045641,-0.006097989490045641,True,D:rise|G4[0]|G5[0]|G6[0]|G7[1]|OUT:rise,D -> G4 -> G5 -> G6 -> G7
2031,post_optimization,0.1859050730862795,0,0.3015718372552773,0.013428162744722694,0,False,D:rise|G4[0]|G5[0]|G6[0]|G7[1]|OUT:rise,D -> G4 -> G5 -> G6 -> G7
2032,pre_optimization,0.9121805666931807,0,0.3261418818239922,-0.011141881823992172,-0.011141881823992172,True,D:rise|G4[0]|G5[0]|G6[0]|G7[1]|OUT:rise,D -> G4 -> G5 -> G6 -> G7
2032,post_optimization,0.9121805666931807,0,0.3103755004932243,0.004624499506775681,0,False,A:rise|G1[0]|G2[0]|G3[0]|G7[0]|OUT:rise,A -> G1 -> G2 -> G3 -> G7
2033,pre_optimization,1.0710516412643918,0,0.3312926951786624,-0.016292695178662386,-0.016292695178662386,True,A:rise|G1[0]|G2[0]|G3[0]|G7[0]|OUT:rise,A -> G1 -> G2 -> G3 -> G7
2033,post_optimization,1.0710516412643918,0,0.3172254039566362,-0.002225403956636174,-0.002225403956636174,True,A:rise|G1[0]|G2[0]|G3[0]|G7[0]|OUT:rise,A -> G1 -> G2 -> G3 -> G7
2034,pre_optimization,0.22754961575854646,0,0.32358690369663157,-0.008586903696631565,-0.008586903696631565,True,D:rise|G4[0]|G5[0]|G6[0]|G7[1]|OUT:rise,D -> G4 -> G5 -> G6 -> G7
2034,post_optimization,0.22754961575854646,0,0.3056675594464377,0.009332440553562305,0,False,D:rise|G4[0]|G5[0]|G6[0]|G7[1]|OUT:rise,D -> G4 -> G5 -> G6 -> G7
2035,pre_optimization,0.3437279870571058,0,0.3116410921486135,0.0033589078513864834,0,False,D:rise|G4[0]|G5[0]|G6[0]|G7[1]|OUT:rise,D -> G4 -> G5 -> G6 -> G7
2035,post_optimization,0.3437279870571058,0,0.29630722507412655,0.018692774925873457,0,False,D:rise|G4[0]|G5[0]|G6[0]|G7[1]|OUT:rise,D -> G4 -> G5 -> G6 -> G7
2036,pre_optimization,1.1896717729798894,0,0.33656102938614874,-0.021561029386148733,-0.021561029386148733,True,A:rise|G1[0]|G2[0]|G3[0]|G7[0]|OUT:rise,A -> G1 -> G2 -> G3 -> G7
2036,post_optimization,1.1896717729798894,0,0.32212796174587266,-0.007127961745872657,-0.007127961745872657,True,A:rise|G1[0]|G2[0]|G3[0]|G7[0]|OUT:rise,A -> G1 -> G2 -> G3 -> G7
2037,pre_optimization,-0.6696262061280327,0,0.3132304474745086,0.0017695525254913802,0,False,D:rise|G4[0]|G5[0]|G6[0]|G7[1]|OUT:rise,D -> G4 -> G5 -> G6 -> G7
2037,post_optimization,-0.6696262061280327,0,0.29586846821737817,0.019131531782621836,0,False,D:rise|G4[0]|G5[0]|G6[0]|G7[1]|OUT:rise,D -> G4 -> G5 -> G6 -> G7
2038,pre_optimization,0.5348536589571115,0,0.3222159408355541,-0.007215940835554102,-0.007215940835554102,True,D:rise|G4[0]|G5[0]|G6[0]|G7[1]|OUT:rise,D -> G4 -> G5 -> G6 -> G7
2038,post_optimization,0.5348536589571115,0,0.3060068523889625,0.008993147611037478,0,False,D:rise|G4[0]|G5[0]|G6[0]|G7[1]|OUT:rise,D -> G4 -> G5 -> G6 -> G7
2039,pre_optimization,0.8253981092446131,0,0.316891651191948,-0.0018916511919480072,-0.0018916511919480072,True,A:rise|G1[0]|G2[0]|G3[0]|G7[0]|OUT:rise,A -> G1 -> G2 -> G3 -> G7
2039,post_optimization,0.8253981092446131,0,0.3026933247824069,0.0123066752175931,0,False,A:rise|G1[0]|G2[0]|G3[0]|G7[0]|OUT:rise,A -> G1 -> G2 -> G3 -> G7
2040,pre_optimization,2.023883105024355,0,0.3369643483084873,-0.021964348308487314,-0.021964348308487314,True,D:rise|G4[0]|G5[0]|G6[0]|G7[1]|OUT:rise,D -> G4 -> G5 -> G6 -> G7
2040,post_optimization,2.023883105024355,0,0.31779566807729404,-0.0027956680772940334,-0.0027956680772940334,True,D:rise|G4[0]|G5[0]|G6[0]|G7[1]|OUT:rise,D -> G4 -> G5 -> G6 -> G7
2041,pre_optimization,0.6410977004546292,0,0.32404117445094704,-0.009041174450947043,-0.009041174450947043,True,D:rise|G4[0]|G5[0]|G6[0]|G7[1]|OUT:rise,D -> G4 -> G5 -> G6 -> G7
2041,post_optimization,0.6410977004546292,0,0.3061196779801472,0.008880322019852782,0,False,D:rise|G4[0]|G5[0]|G6[0]|G7[1]|OUT:rise,D -> G4 -> G5 -> G6 -> G7
2042,pre_optimization,0.38530920744238145,0,0.31932639066015117,-0.004326390660151169,-0.004326390660151169,True,D:rise|G4[0]|G5[0]|G6[0]|G7[1]|OUT:rise,D -> G4 -> G5 -> G6 -> G7
2042,post_optimization,0.38530920744238145,0,0.30348557071919147,0.011514429280808536,0,False,D:rise|G4[0]|G5[0]|G6[0]|G7[1]|OUT:rise,D -> G4 -> G5 -> G6 -> G7
2043,pre_optimization,-1.161473867613996,0,0.3135825453075521,0.001417454692447917,0,False,D:rise|G4[0]|G5[0]|G6[0]|G7[1]|OUT:rise,D -> G4 -> G5 -> G6 -> G7
2043,post_optimization,-1.161473867613996,0,0.2949462576283764,0.020053742371623606,0,False,A:rise|G1[0]|G2[0]|G3[0]|G7[0]|OUT:rise,A -> G1 -> G2 -> G3 -> G7
2044,pre_optimization,0.21485885352790662,0,0.32323057403793964,-0.008230574037939642,-0.008230574037939642,True,A:rise|G1[0]|G2[0]|G3[0]|G7[0]|OUT:rise,A -> G1 -> G2 -> G3 -> G7
2044,post_optimization,0.21485885352790662,0,0.3108379253485044,0.004162074651495595,0,False,A:rise|G1[0]|G2[0]|G3[0]|G7[0]|OUT:rise,A -> G1 -> G2 -> G3 -> G7
2045,pre_optimization,1.3672556434016796,0,0.32525835043278856,-0.010258350432788554,-0.010258350432788554,True,A:rise|G1[0]|G2[0]|G3[0]|G7[0]|OUT:rise,A -> G1 -> G2 -> G3 -> G7
2045,post_optimization,1.3672556434016796,0,0.31287520967820104,0.002124790321798964,0,False,A:rise|G1[0]|G2[0]|G3[0]|G7[0]|OUT:rise,A -> G1 -> G2 -> G3 -> G7
2046,pre_optimization,-1.2933258333336142,0,0.2936086654629443,0.021391334537055717,0,False,A:rise|G1[0]|G2[0]|G3[0]|G7[0]|OUT:rise,A -> G1 -> G2 -> G3 -> G7
2046,post_optimization,-1.2933258333336142,0,0.2827177846174821,0.03228221538251791,0,False,A:rise|G1[0]|G2[0]|G3[0]|G7[0]|OUT:rise,A -> G1 -> G2 -> G3 -> G7
2047,pre_optimization,-0.3523105978910303,0,0.3091758817575635,0.0058241182424365046,0,False,A:rise|G1[0]|G2[0]|G3[0]|G7[0]|OUT:rise,A -> G1 -> G2 -> G3 -> G7
2047,post_optimization,-0.3523105978910303,0,0.29695907687382245,0.018040923126177555,0,False,A:rise|G1[0]|G2[0]|G3[0]|G7[0]|OUT:rise,A -> G1 -> G2 -> G3 -> G7
2048,pre_optimization,1.7694982098921828,0,0.33218610170410295,-0.017186101704102952,-0.017186101704102952,True,D:rise|G4[0]|G5[0]|G6[0]|G7[1]|OUT:rise,D -> G4 -> G5 -> G6 -> G7
2048,post_optimization,1.7694982098921828,0,0.3144070400484167,0.0005929599515833162,0,False,D:rise|G4[0]|G5[0]|G6[0]|G7[1]|OUT:rise,D -> G4 -> G5 -> G6 -> G7
2049,pre_optimization,-1.4258494291479746,0,0.3260264537594074,-0.011026453759407417,-0.011026453759407417,True,D:rise|G4[0]|G5[0]|G6[0]|G7[1]|OUT:rise,D -> G4 -> G5 -> G6 -> G7
2049,post_optimization,-1.4258494291479746,0,0.3048292244845744,0.010170775515425612,0,False,D:rise|G4[0]|G5[0]|G6[0]|G7[1]|OUT:rise,D -> G4 -> G5 -> G6 -> G7
2050,pre_optimization,1.0044970927413241,0,0.3375906352002743,-0.022590635200274323,-0.022590635200274323,True,A:rise|G1[0]|G2[0]|G3[0]|G7[0]|OUT:rise,A -> G1 -> G2 -> G3 -> G7
2050,post_optimization,1.0044970927413241,0,0.3227658631925516,-0.007765863192551625,-0.007765863192551625,True,A:rise|G1[0]|G2[0]|G3[0]|G7[0]|OUT:rise,A -> G1 -> G2 -> G3 -> G7
2051,pre_optimization,0.33482543161351086,0,0.31627494283896224,-0.0012749428389622341,-0.0012749428389622341,True,D:rise|G4[0]|G5[0]|G6[0]|G7[1]|OUT:rise,D -> G4 -> G5 -> G6 -> G7
2051,post_optimization,0.33482543161351086,0,0.302366748084758,0.012633251915242005,0,False,A:rise|G1[0]|G2[0]|G3[0]|G7[0]|OUT:rise,A -> G1 -> G2 -> G3 -> G7
2052,pre_optimization,-0.7733370671219782,0,0.32500302092861477,-0.01000302092861477,-0.01000302092861477,True,D:rise|G4[0]|G5[0]|G6[0]|G7[1]|OUT:rise,D -> G4 -> G5 -> G6 -> G7
2052,post_optimization,-0.7733370671219782,0,0.3054413897776281,0.009558610222371922,0,False,D:rise|G4[0]|G5[0]|G6[0]|G7[1]|OUT:rise,D -> G4 -> G5 -> G6 -> G7
2053,pre_optimization,0.7715180951279376,0,0.33036493350902596,-0.015364933509025958,-0.015364933509025958,True,D:rise|G4[0]|G5[0]|G6[0]|G7[1]|OUT:rise,D -> G4 -> G5 -> G6 -> G7
2053,post_optimization,0.7715180951279376,0,0.31278548515840077,0.0022145148415992355,0,False,D:rise|G4[0]|G5[0]|G6[0]|G7[1]|OUT:rise,D -> G4 -> G5 -> G6 -> G7
2054,pre_optimization,-0.18524576107650007,0,0.3247259646551578,-0.009725964655157793,-0.009725964655157793,True,A:rise|G1[0]|G2[0]|G3[0]|G7[0]|OUT:rise,A -> G1 -> G2 -> G3 -> G7
2054,post_optimization,-0.18524576107650007,0,0.31219617490953633,0.002803825090463674,0,False,A:rise|G1[0]|G2[0]|G3[0]|G7[0]|OUT:rise,A -> G1 -> G2 -> G3 -> G7
2055,pre_optimization,-1.2050736386423408,0,0.31293185702826337,0.0020681429717366306,0,False,D:rise|G4[0]|G5[0]|G6[0]|G7[1]|OUT:rise,D -> G4 -> G5 -> G6 -> G7
2055,post_optimization,-1.2050736386423408,0,0.29457947622247777,0.020420523777522237,0,False,D:rise|G4[0]|G5[0]|G6[0]|G7[1]|OUT:rise,D -> G4 -> G5 -> G6 -> G7
2056,pre_optimization,-0.6114912707977934,0,0.3209515642761553,-0.005951564276155286,-0.005951564276155286,True,D:rise|G4[0]|G5[0]|G6[0]|G7[1]|OUT:rise,D -> G4 -> G5 -> G6 -> G7
2056,post_optimization,-0.6114912707977934,0,0.30224671506548245,0.01275328493451755,0,False,D:rise|G4[0]|G5[0]|G6[0]|G7[1]|OUT:rise,D -> G4 -> G5 -> G6 -> G7
2057,pre_optimization,-0.12435519808762747,0,0.31448464286735955,0.0005153571326404482,0,False,A:rise|G1[0]|G2[0]|G3[0]|G7[0]|OUT:rise,A -> G1 -> G2 -> G3 -> G7
2057,post_optimization,-0.12435519808762747,0,0.3028526324833011,0.012147367516698926,0,False,A:rise|G1[0]|G2[0]|G3[0]|G7[0]|OUT:rise,A -> G1 -> G2 -> G3 -> G7
2058,pre_optimization,-0.8825709111865884,0,0.31058469994272214,0.00441530005727786,0,False,D:rise|G4[0]|G5[0]|G6[0]|G7[1]|OUT:rise,D -> G4 -> G5 -> G6 -> G7
2058,post_optimization,-0.8825709111865884,0,0.29208022640251363,0.02291977359748637,0,False,D:rise|G4[0]|G5[0]|G6[0]|G7[1]|OUT:rise,D -> G4 -> G5 -> G6 -> G7
2059,pre_optimization,-1.4208974732367095,0,0.2891668719874721,0.025833128012527906,0,False,A:rise|G1[0]|G2[0]|G3[0]|G7[0]|OUT:rise,A -> G1 -> G2 -> G3 -> G7
2059,post_optimization,-1.4208974732367095,0,0.2783267819364392,0.036673218063560775,0,False,A:rise|G1[0]|G2[0]|G3[0]|G7[0]|OUT:rise,A -> G1 -> G2 -> G3 -> G7
2060,pre_optimization,1.715879736898476,0,0.3297178001274681,-0.014717800127468095,-0.014717800127468095,True,A:rise|G1[0]|G2[0]|G3[0]|G7[0]|OUT:rise,A -> G1 -> G2 -> G3 -> G7
2060,post_optimization,1.715879736898476,0,0.31556820915114736,-0.0005682091511473586,-0.0005682091511473586,True,A:rise|G1[0]|G2[0]|G3[0]|G7[0]|OUT:rise,A -> G1 -> G2 -> G3 -> G7
2061,pre_optimization,-1.3240403222980546,0,0.3148516022479457,0.00014839775205427452,0,False,D:rise|G4[0]|G5[0]|G6[0]|G7[1]|OUT:rise,D -> G4 -> G5 -> G6 -> G7
2061,post_optimization,-1.3240403222980546,0,0.29702989753885645,0.017970102461143556,0,False,D:rise|G4[0]|G5[0]|G6[0]|G7[1]|OUT:rise,D -> G4 -> G5 -> G6 -> G7
2062,pre_optimization,0.45469713352360686,0,0.3294531394180682,-0.014453139418068195,-0.014453139418068195,True,D:rise|G4[0]|G5[0]|G6[0]|G7[1]|OUT:rise,D -> G4 -> G5 -> G6 -> G7
2062,post_optimization,0.45469713352360686,0,0.31184786259391056,0.003152137406089439,0,False,A:rise|G1[0]|G2[0]|G3[0]|G7[0]|OUT:rise,A -> G1 -> G2 -> G3 -> G7
2063,pre_optimization,0.12030290247868357,0,0.31124360389395783,0.0037563961060421702,0,False,D:rise|G4[0]|G5[0]|G6[0]|G7[1]|OUT:rise,D -> G4 -> G5 -> G6 -> G7
2063,post_optimization,0.12030290247868357,0,0.2936715876105767,0.02132841238942329,0,False,D:rise|G4[0]|G5[0]|G6[0]|G7[1]|OUT:rise,D -> G4 -> G5 -> G6 -> G7
2064,pre_optimization,-0.3174008563527262,0,0.3160593590154012,-0.0010593590154012178,-0.0010593590154012178,True,A:rise|G1[0]|G2[0]|G3[0]|G7[0]|OUT:rise,A -> G1 -> G2 -> G3 -> G7
2064,post_optimization,-0.3174008563527262,0,0.3031926043753925,0.011807395624607475,0,False,A:rise|G1[0]|G2[0]|G3[0]|G7[0]|OUT:rise,A -> G1 -> G2 -> G3 -> G7
2065,pre_optimization,0.7207555510470013,0,0.32732538382183934,-0.012325383821839342,-0.012325383821839342,True,A:rise|G1[0]|G2[0]|G3[0]|G7[0]|OUT:rise,A -> G1 -> G2 -> G3 -> G7
2065,post_optimization,0.7207555510470013,0,0.3143807400145799,0.0006192599854201175,0,False,A:rise|G1[0]|G2[0]|G3[0]|G7[0]|OUT:rise,A -> G1 -> G2 -> G3 -> G7
2066,pre_optimization,-1.6855971736234434,0,0.30454169530278796,0.01045830469721204,0,False,D:rise|G4[0]|G5[0]|G6[0]|G7[1]|OUT:rise,D -> G4 -> G5 -> G6 -> G7
2066,post_optimization,-1.6855971736234434,0,0.2868490811668628,0.028150918833137195,0,False,D:rise|G4[0]|G5[0]|G6[0]|G7[1]|OUT:rise,D -> G4 -> G5 -> G6 -> G7
2067,pre_optimization,0.7545365140899953,0,0.3190110689779292,-0.004011068977929189,-0.004011068977929189,True,A:rise|G1[0]|G2[0]|G3[0]|G7[0]|OUT:rise,A -> G1 -> G2 -> G3 -> G7
2067,post_optimization,0.7545365140899953,0,0.3066312948871955,0.00836870511280452,0,False,A:rise|G1[0]|G2[0]|G3[0]|G7[0]|OUT:rise,A -> G1 -> G2 -> G3 -> G7
2068,pre_optimization,0.4437672092913301,0,0.3245053094754085,-0.009505309475408508,-0.009505309475408508,True,D:rise|G4[0]|G5[0]|G6[0]|G7[1]|OUT:rise,D -> G4 -> G5 -> G6 -> G7
2068,post_optimization,0.4437672092913301,0,0.30611526886575713,0.008884731134242874,0,False,D:rise|G4[0]|G5[0]|G6[0]|G7[1]|OUT:rise,D -> G4 -> G5 -> G6 -> G7
2069,pre_optimization,-0.2271633719163729,0,0.31697309224454745,-0.0019730922445474475,-0.0019730922445474475,True,D:rise|G4[0]|G5[0]|G6[0]|G7[1]|OUT:rise,D -> G4 -> G5 -> G6 -> G7
2069,post_optimization,-0.2271633719163729,0,0.30175836604012385,0.013241633959876153,0,False,D:rise|G4[0]|G5[0]|G6[0]|G7[1]|OUT:rise,D -> G4 -> G5 -> G6 -> G7
2070,pre_optimization,-0.3514199219003007,0,0.32774113677249045,-0.012741136772490447,-0.012741136772490447,True,D:rise|G4[0]|G5[0]|G6[0]|G7[1]|OUT:rise,D -> G4 -> G5 -> G6 -> G7
2070,post_optimization,-0.3514199219003007,0,0.3078897335768829,0.007110266423117129,0,False,D:rise|G4[0]|G5[0]|G6[0]|G7[1]|OUT:rise,D -> G4 -> G5 -> G6 -> G7
2071,pre_optimization,1.1204443976259635,0,0.3291289258642528,-0.014128925864252795,-0.014128925864252795,True,D:rise|G4[0]|G5[0]|G6[0]|G7[1]|OUT:rise,D -> G4 -> G5 -> G6 -> G7
2071,post_optimization,1.1204443976259635,0,0.31194305263807265,0.0030569473619273535,0,False,D:rise|G4[0]|G5[0]|G6[0]|G7[1]|OUT:rise,D -> G4 -> G5 -> G6 -> G7
2072,pre_optimization,-0.9682807167225544,0,0.31201639798090164,0.0029836020190983636,0,False,D:rise|G4[0]|G5[0]|G6[0]|G7[1]|OUT:rise,D -> G4 -> G5 -> G6 -> G7
2072,post_optimization,-0.9682807167225544,0,0.29388642715283253,0.021113572847167472,0,False,D:rise|G4[0]|G5[0]|G6[0]|G7[1]|OUT:rise,D -> G4 -> G5 -> G6 -> G7
2073,pre_optimization,-1.207576257679331,0,0.31106636168523544,0.003933638314764565,0,False,D:rise|G4[0]|G5[0]|G6[0]|G7[1]|OUT:rise,D -> G4 -> G5 -> G6 -> G7
2073,post_optimization,-1.207576257679331,0,0.2934013138085474,0.02159868619145261,0,False,D:rise|G4[0]|G5[0]|G6[0]|G7[1]|OUT:rise,D -> G4 -> G5 -> G6 -> G7
2074,pre_optimization,1.1838664697954446,0,0.33751797292965646,-0.02251797292965646,-0.02251797292965646,True,D:rise|G4[0]|G5[0]|G6[0]|G7[1]|OUT:rise,D -> G4 -> G5 -> G6 -> G7
2074,post_optimization,1.1838664697954446,0,0.3202429684437949,-0.005242968443794904,-0.005242968443794904,True,A:rise|G1[0]|G2[0]|G3[0]|G7[0]|OUT:rise,A -> G1 -> G2 -> G3 -> G7
2075,pre_optimization,-0.7584149115311138,0,0.3149894621072069,1.0537892793094361e-05,0,False,D:rise|G4[0]|G5[0]|G6[0]|G7[1]|OUT:rise,D -> G4 -> G5 -> G6 -> G7
2075,post_optimization,-0.7584149115311138,0,0.2977621959307106,0.017237804069289375,0,False,D:rise|G4[0]|G5[0]|G6[0]|G7[1]|OUT:rise,D -> G4 -> G5 -> G6 -> G7
2076,pre_optimization,0.128631264141399,0,0.31990693537635195,-0.004906935376351951,-0.004906935376351951,True,D:rise|G4[0]|G5[0]|G6[0]|G7[1]|OUT:rise,D -> G4 -> G5 -> G6 -> G7
2076,post_optimization,0.128631264141399,0,0.30228477254469055,0.012715227455309452,0,False,D:rise|G4[0]|G5[0]|G6[0]|G7[1]|OUT:rise,D -> G4 -> G5 -> G6 -> G7
2077,pre_optimization,-0.21430445910157772,0,0.32441624951358905,-0.009416249513589048,-0.009416249513589048,True,D:rise|G4[0]|G5[0]|G6[0]|G7[1]|OUT:rise,D -> G4 -> G5 -> G6 -> G7
2077,post_optimization,-0.21430445910157772,0,0.30673139881528966,0.008268601184710345,0,False,A:rise|G1[0]|G2[0]|G3[0]|G7[0]|OUT:rise,A -> G1 -> G2 -> G3 -> G7
2078,pre_optimization,1.1008997478174767,0,0.3402696377753248,-0.025269637775324816,-0.025269637775324816,True,D:rise|G4[0]|G5[0]|G6[0]|G7[1]|OUT:rise,D -> G4 -> G5 -> G6 -> G7
2078,post_optimization,1.1008997478174767,0,0.3199804906587787,-0.004980490658778702,-0.004980490658778702,True,D:rise|G4[0]|G5[0]|G6[0]|G7[1]|OUT:rise,D -> G4 -> G5 -> G6 -> G7
2079,pre_optimization,0.06024722795183675,0,0.3234709254843285,-0.008470925484328484,-0.008470925484328484,True,A:rise|G1[0]|G2[0]|G3[0]|G7[0]|OUT:rise,A -> G1 -> G2 -> G3 -> G7
2079,post_optimization,0.06024722795183675,0,0.30844681421879305,0.006553185781206949,0,False,A:rise|G1[0]|G2[0]|G3[0]|G7[0]|OUT:rise,A -> G1 -> G2 -> G3 -> G7
2080,pre_optimization,1.0341931412174281,0,0.326723441505577,-0.01172344150557697,-0.01172344150557697,True,D:rise|G4[0]|G5[0]|G6[0]|G7[1]|OUT:rise,D -> G4 -> G5 -> G6 -> G7
2080,post_optimization,1.0341931412174281,0,0.3088328415262815,0.006167158473718515,0,False,D:rise|G4[0]|G5[0]|G6[0]|G7[1]|OUT:rise,D -> G4 -> G5 -> G6 -> G7
2081,pre_optimization,0.23377393059142038,0,0.33000087010011225,-0.015000870100112251,-0.015000870100112251,True,A:rise|G1[0]|G2[0]|G3[0]|G7[0]|OUT:rise,A -> G1 -> G2 -> G3 -> G7
2081,post_optimization,0.23377393059142038,0,0.31877005446754436,-0.0037700544675443592,-0.0037700544675443592,True,A:rise|G1[0]|G2[0]|G3[0]|G7[0]|OUT:rise,A -> G1 -> G2 -> G3 -> G7
2082,pre_optimization,0.6507896063584668,0,0.3187890402355333,-0.003789040235533281,-0.003789040235533281,True,A:rise|G1[0]|G2[0]|G3[0]|G7[0]|OUT:rise,A -> G1 -> G2 -> G3 -> G7
2082,post_optimization,0.6507896063584668,0,0.30523432001889905,0.00976567998110095,0,False,A:rise|G1[0]|G2[0]|G3[0]|G7[0]|OUT:rise,A -> G1 -> G2 -> G3 -> G7
2083,pre_optimization,-0.03078529404838723,0,0.3192502362812946,-0.004250236281294617,-0.004250236281294617,True,D:rise|G4[0]|G5[0]|G6[0]|G7[1]|OUT:rise,D -> G4 -> G5 -> G6 -> G7
2083,post_optimization,-0.03078529404838723,0,0.30099067295061677,0.014009327049383236,0,False,A:rise|G1[0]|G2[0]|G3[0]|G7[0]|OUT:rise,A -> G1 -> G2 -> G3 -> G7
2084,pre_optimization,0.13093924386227232,0,0.33023188828597916,-0.015231888285979156,-0.015231888285979156,True,D:rise|G4[0]|G5[0]|G6[0]|G7[1]|OUT:rise,D -> G4 -> G5 -> G6 -> G7
2084,post_optimization,0.13093924386227232,0,0.311394044411463,0.003605955588536991,0,False,D:rise|G4[0]|G5[0]|G6[0]|G7[1]|OUT:rise,D -> G4 -> G5 -> G6 -> G7
2085,pre_optimization,-0.8609240363907461,0,0.3227373452261404,-0.007737345226140391,-0.007737345226140391,True,D:rise|G4[0]|G5[0]|G6[0]|G7[1]|OUT:rise,D -> G4 -> G5 -> G6 -> G7
2085,post_optimization,-0.8609240363907461,0,0.3026817881677669,0.012318211832233084,0,False,A:rise|G1[0]|G2[0]|G3[0]|G7[0]|OUT:rise,A -> G1 -> G2 -> G3 -> G7
2086,pre_optimization,0.8783085534321989,0,0.3201085098398918,-0.005108509839891806,-0.005108509839891806,True,D:rise|G4[0]|G5[0]|G6[0]|G7[1]|OUT:rise,D -> G4 -> G5 -> G6 -> G7
2086,post_optimization,0.8783085534321989,0,0.3031491844101245,0.011850815589875496,0,False,A:rise|G1[0]|G2[0]|G3[0]|G7[0]|OUT:rise,A -> G1 -> G2 -> G3 -> G7
2087,pre_optimization,-0.4638564040717325,0,0.31121977717188176,0.0037802228281182404,0,False,D:rise|G4[0]|G5[0]|G6[0]|G7[1]|OUT:rise,D -> G4 -> G5 -> G6 -> G7
2087,post_optimization,-0.4638564040717325,0,0.29413069622066035,0.020869303779339654,0,False,D:rise|G4[0]|G5[0]|G6[0]|G7[1]|OUT:rise,D -> G4 -> G5 -> G6 -> G7
2088,pre_optimization,-0.10567012633173903,0,0.31830984137837876,-0.003309841378378753,-0.003309841378378753,True,A:rise|G1[0]|G2[0]|G3[0]|G7[0]|OUT:rise,A -> G1 -> G2 -> G3 -> G7
2088,post_optimization,-0.10567012633173903,0,0.30486934493470913,0.010130655065290872,0,False,A:rise|G1[0]|G2[0]|G3[0]|G7[0]|OUT:rise,A -> G1 -> G2 -> G3 -> G7
2089,pre_optimization,-0.17053845808356477,0,0.3331217672047586,-0.01812176720475861,-0.01812176720475861,True,D:rise|G4[0]|G5[0]|G6[0]|G7[1]|OUT:rise,D -> G4 -> G5 -> G6 -> G7
2089,post_optimization,-0.17053845808356477,0,0.3132569159711137,0.001743084028886288,0,False,D:rise|G4[0]|G5[0]|G6[0]|G7[1]|OUT:rise,D -> G4 -> G5 -> G6 -> G7
2090,pre_optimization,0.8649349946923526,0,0.33633641801734804,-0.021336418017348036,-0.021336418017348036,True,D:rise|G4[0]|G5[0]|G6[0]|G7[1]|OUT:rise,D -> G4 -> G5 -> G6 -> G7
2090,post_optimization,0.8649349946923526,0,0.3164321998860698,-0.001432199886069796,-0.001432199886069796,True,D:rise|G4[0]|G5[0]|G6[0]|G7[1]|OUT:rise,D -> G4 -> G5 -> G6 -> G7
2091,pre_optimization,0.7962381159767586,0,0.33565614577401737,-0.020656145774017365,-0.020656145774017365,True,D:rise|G4[0]|G5[0]|G6[0]|G7[1]|OUT:rise,D -> G4 -> G5 -> G6 -> G7
2091,post_optimization,0.7962381159767586,0,0.3185464478634636,-0.0035464478634635865,-0.0035464478634635865,True,A:rise|G1[0]|G2[0]|G3[0]|G7[0]|OUT:rise,A -> G1 -> G2 -> G3 -> G7
2092,pre_optimization,0.8566111340975915,0,0.3241066372567646,-0.009106637256764583,-0.009106637256764583,True,D:rise|G4[0]|G5[0]|G6[0]|G7[1]|OUT:rise,D -> G4 -> G5 -> G6 -> G7
2092,post_optimization,0.8566111340975915,0,0.3067167180088676,0.00828328199113243,0,False,D:rise|G4[0]|G5[0]|G6[0]|G7[1]|OUT:rise,D -> G4 -> G5 -> G6 -> G7
2093,pre_optimization,-2.41889698780948,0,0.2964990195241201,0.01850098047587989,0,False,D:rise|G4[0]|G5[0]|G6[0]|G7[1]|OUT:rise,D -> G4 -> G5 -> G6 -> G7
2093,post_optimization,-2.41889698780948,0,0.28133685281322474,0.033663147186775266,0,False,D:rise|G4[0]|G5[0]|G6[0]|G7[1]|OUT:rise,D -> G4 -> G5 -> G6 -> G7
2094,pre_optimization,1.9411416630850713,0,0.33657776219900476,-0.021577762199004757,-0.021577762199004757,True,D:rise|G4[0]|G5[0]|G6[0]|G7[1]|OUT:rise,D -> G4 -> G5 -> G6 -> G7
2094,post_optimization,1.9411416630850713,0,0.3195687880144535,-0.004568788014453484,-0.004568788014453484,True,D:rise|G4[0]|G5[0]|G6[0]|G7[1]|OUT:rise,D -> G4 -> G5 -> G6 -> G7
2095,pre_optimization,1.105425917356494,0,0.3320901322637864,-0.017090132263786417,-0.017090132263786417,True,D:rise|G4[0]|G5[0]|G6[0]|G7[1]|OUT:rise,D -> G4 -> G5 -> G6 -> G7
2095,post_optimization,1.105425917356494,0,0.3136120102662049,0.0013879897337951141,0,False,A:rise|G1[0]|G2[0]|G3[0]|G7[0]|OUT:rise,A -> G1 -> G2 -> G3 -> G7
2096,pre_optimization,0.8534302472779173,0,0.33226099341091075,-0.017260993410910752,-0.017260993410910752,True,D:rise|G4[0]|G5[0]|G6[0]|G7[1]|OUT:rise,D -> G4 -> G5 -> G6 -> G7
2096,post_optimization,0.8534302472779173,0,0.31286591691371,0.002134083086289984,0,False,D:rise|G4[0]|G5[0]|G6[0]|G7[1]|OUT:rise,D -> G4 -> G5 -> G6 -> G7
2097,pre_optimization,0.22165369748826877,0,0.3276425665904657,-0.012642566590465698,-0.012642566590465698,True,D:rise|G4[0]|G5[0]|G6[0]|G7[1]|OUT:rise,D -> G4 -> G5 -> G6 -> G7
2097,post_optimization,0.22165369748826877,0,0.3104728405558559,0.004527159444144113,0,False,D:rise|G4[0]|G5[0]|G6[0]|G7[1]|OUT:rise,D -> G4 -> G5 -> G6 -> G7
2098,pre_optimization,0.08675701996855133,0,0.31374936686878474,0.0012506331312152619,0,False,D:rise|G4[0]|G5[0]|G6[0]|G7[1]|OUT:rise,D -> G4 -> G5 -> G6 -> G7
2098,post_optimization,0.08675701996855133,0,0.2993345606201115,0.015665439379888513,0,False,A:rise|G1[0]|G2[0]|G3[0]|G7[0]|OUT:rise,A -> G1 -> G2 -> G3 -> G7
2099,pre_optimization,-1.5410510407923868,0,0.2972982321475009,0.017701767852499106,0,False,D:rise|G4[0]|G5[0]|G6[0]|G7[1]|OUT:rise,D -> G4 -> G5 -> G6 -> G7
2099,post_optimization,-1.5410510407923868,0,0.2835518429055035,0.0314481570944965,0,False,D:rise|G4[0]|G5[0]|G6[0]|G7[1]|OUT:rise,D -> G4 -> G5 -> G6 -> G7
2100,pre_optimization,-0.4051630721134964,0,0.31332040770604597,0.0016795922939540353,0,False,A:rise|G1[0]|G2[0]|G3[0]|G7[0]|OUT:rise,A -> G1 -> G2 -> G3 -> G7
2100,post_optimization,-0.4051630721134964,0,0.301240381918777,0.013759618081223002,0,False,A:rise|G1[0]|G2[0]|G3[0]|G7[0]|OUT:rise,A -> G1 -> G2 -> G3 -> G7
2101,pre_optimization,0.07273645977473445,0,0.31838342197172115,-0.0033834219717211456,-0.0033834219717211456,True,A:rise|G1[0]|G2[0]|G3[0]|G7[0]|OUT:rise,A -> G1 -> G2 -> G3 -> G7
2101,post_optimization,0.07273645977473445,0,0.3067680670817598,0.008231932918240203,0,False,A:rise|G1[0]|G2[0]|G3[0]|G7[0]|OUT:rise,A -> G1 -> G2 -> G3 -> G7
2102,pre_optimization,1.0415883430651955,0,0.3256993557147626,-0.010699355714762604,-0.010699355714762604,True,D:rise|G4[0]|G5[0]|G6[0]|G7[1]|OUT:rise,D -> G4 -> G5 -> G6 -> G7
2102,post_optimization,1.0415883430651955,0,0.30851921909825397,0.0064807809017460305,0,False,D:rise|G4[0]|G5[0]|G6[0]|G7[1]|OUT:rise,D -> G4 -> G5 -> G6 -> G7
2103,pre_optimization,1.3513492105358451,0,0.33614280773201194,-0.021142807732011937,-0.021142807732011937,True,D:rise|G4[0]|G5[0]|G6[0]|G7[1]|OUT:rise,D -> G4 -> G5 -> G6 -> G7
2103,post_optimization,1.3513492105358451,0,0.31689589430005444,-0.0018958943000544348,-0.0018958943000544348,True,D:rise|G4[0]|G5[0]|G6[0]|G7[1]|OUT:rise,D -> G4 -> G5 -> G6 -> G7
2104,pre_optimization,0.5505115726900018,0,0.31079432549990954,0.004205674500090462,0,False,D:rise|G4[0]|G5[0]|G6[0]|G7[1]|OUT:rise,D -> G4 -> G5 -> G6 -> G7
2104,post_optimization,0.5505115726900018,0,0.2962526837785907,0.018747316221409294,0,False,A:rise|G1[0]|G2[0]|G3[0]|G7[0]|OUT:rise,A -> G1 -> G2 -> G3 -> G7
2105,pre_optimization,0.5571720990057429,0,0.3152422294628454,-0.00024222946284541136,-0.00024222946284541136,True,A:rise|G1[0]|G2[0]|G3[0]|G7[0]|OUT:rise,A -> G1 -> G2 -> G3 -> G7
2105,post_optimization,0.5571720990057429,0,0.30277349928521574,0.01222650071478426,0,False,A:rise|G1[0]|G2[0]|G3[0]|G7[0]|OUT:rise,A -> G1 -> G2 -> G3 -> G7
2106,pre_optimization,-1.9847779657436955,0,0.30454133284185864,0.010458667158141366,0,False,D:rise|G4[0]|G5[0]|G6[0]|G7[1]|OUT:rise,D -> G4 -> G5 -> G6 -> G7
2106,post_optimization,-1.9847779657436955,0,0.2895228943283928,0.025477105671607214,0,False,A:rise|G1[0]|G2[0]|G3[0]|G7[0]|OUT:rise,A -> G1 -> G2 -> G3 -> G7
2107,pre_optimization,0.1739747841815861,0,0.3272149281477955,-0.012214928147795512,-0.012214928147795512,True,A:rise|G1[0]|G2[0]|G3[0]|G7[0]|OUT:rise,A -> G1 -> G2 -> G3 -> G7
2107,post_optimization,0.1739747841815861,0,0.31463527713926853,0.0003647228607314701,0,False,A:rise|G1[0]|G2[0]|G3[0]|G7[0]|OUT:rise,A -> G1 -> G2 -> G3 -> G7
2108,pre_optimization,-0.03233545440751044,0,0.31307007645880214,0.0019299235411978644,0,False,D:rise|G4[0]|G5[0]|G6[0]|G7[1]|OUT:rise,D -> G4 -> G5 -> G6 -> G7
2108,post_optimization,-0.03233545440751044,0,0.29992579120183216,0.015074208798167843,0,False,A:rise|G1[0]|G2[0]|G3[0]|G7[0]|OUT:rise,A -> G1 -> G2 -> G3 -> G7
2109,pre_optimization,0.5077556597153848,0,0.3185685830184168,-0.003568583018416782,-0.003568583018416782,True,D:rise|G4[0]|G5[0]|G6[0]|G7[1]|OUT:rise,D -> G4 -> G5 -> G6 -> G7
2109,post_optimization,0.5077556597153848,0,0.30126690750605944,0.013733092493940557,0,False,D:rise|G4[0]|G5[0]|G6[0]|G7[1]|OUT:rise,D -> G4 -> G5 -> G6 -> G7
2110,pre_optimization,0.7372323221924671,0,0.32275986105507387,-0.007759861055073869,-0.007759861055073869,True,D:rise|G4[0]|G5[0]|G6[0]|G7[1]|OUT:rise,D -> G4 -> G5 -> G6 -> G7
2110,post_optimization,0.7372323221924671,0,0.30332019233991303,0.011679807660086972,0,False,D:rise|G4[0]|G5[0]|G6[0]|G7[1]|OUT:rise,D -> G4 -> G5 -> G6 -> G7
2111,pre_optimization,0.40689624928857765,0,0.32761462072469105,-0.01261462072469105,-0.01261462072469105,True,A:rise|G1[0]|G2[0]|G3[0]|G7[0]|OUT:rise,A -> G1 -> G2 -> G3 -> G7
2111,post_optimization,0.40689624928857765,0,0.31395383138830724,0.001046168611692766,0,False,A:rise|G1[0]|G2[0]|G3[0]|G7[0]|OUT:rise,A -> G1 -> G2 -> G3 -> G7
2112,pre_optimization,1.6003511200791785,0,0.33787940973549274,-0.02287940973549274,-0.02287940973549274,True,A:rise|G1[0]|G2[0]|G3[0]|G7[0]|OUT:rise,A -> G1 -> G2 -> G3 -> G7
2112,post_optimization,1.6003511200791785,0,0.3261659103813809,-0.011165910381380872,-0.011165910381380872,True,A:rise|G1[0]|G2[0]|G3[0]|G7[0]|OUT:rise,A -> G1 -> G2 -> G3 -> G7
2113,pre_optimization,2.2883927804200677,0,0.34658036670655257,-0.031580366706552565,-0.031580366706552565,True,D:rise|G4[0]|G5[0]|G6[0]|G7[1]|OUT:rise,D -> G4 -> G5 -> G6 -> G7
2113,post_optimization,2.2883927804200677,0,0.32664853254808146,-0.011648532548081458,-0.011648532548081458,True,D:rise|G4[0]|G5[0]|G6[0]|G7[1]|OUT:rise,D -> G4 -> G5 -> G6 -> G7
2114,pre_optimization,0.6553475469200125,0,0.3348314977486495,-0.019831497748649507,-0.019831497748649507,True,D:rise|G4[0]|G5[0]|G6[0]|G7[1]|OUT:rise,D -> G4 -> G5 -> G6 -> G7
2114,post_optimization,0.6553475469200125,0,0.31356543850240737,0.0014345614975926346,0,False,D:rise|G4[0]|G5[0]|G6[0]|G7[1]|OUT:rise,D -> G4 -> G5 -> G6 -> G7
2115,pre_optimization,0.691788031032388,0,0.3096258212537636,0.005374178746236413,0,False,A:rise|G1[0]|G2[0]|G3[0]|G7[0]|OUT:rise,A -> G1 -> G2 -> G3 -> G7
2115,post_optimization,0.691788031032388,0,0.2971483965732489,0.017851603426751128,0,False,A:rise|G1[0]|G2[0]|G3[0]|G7[0]|OUT:rise,A -> G1 -> G2 -> G3 -> G7
2116,pre_optimization,-2.1071372349229094,0,0.30971914905400444,0.005280850945995563,0,False,D:rise|G4[0]|G5[0]|G6[0]|G7[1]|OUT:rise,D -> G4 -> G5 -> G6 -> G7
2116,post_optimization,-2.1071372349229094,0,0.29271705082148275,0.022282949178517253,0,False,D:rise|G4[0]|G5[0]|G6[0]|G7[1]|OUT:rise,D -> G4 -> G5 -> G6 -> G7
2117,pre_optimization,0.35440709486907684,0,0.3188966330128864,-0.003896633012886397,-0.003896633012886397,True,A:rise|G1[0]|G2[0]|G3[0]|G7[0]|OUT:rise,A -> G1 -> G2 -> G3 -> G7
2117,post_optimization,0.35440709486907684,0,0.30625317949156716,0.00874682050843284,0,False,A:rise|G1[0]|G2[0]|G3[0]|G7[0]|OUT:rise,A -> G1 -> G2 -> G3 -> G7
2118,pre_optimization,0.12399004828536893,0,0.30807747102837496,0.0069225289716250415,0,False,A:rise|G1[0]|G2[0]|G3[0]|G7[0]|OUT:rise,A -> G1 -> G2 -> G3 -> G7
2118,post_optimization,0.12399004828536893,0,0.2976012727639097,0.017398727236090317,0,False,A:rise|G1[0]|G2[0]|G3[0]|G7[0]|OUT:rise,A -> G1 -> G2 -> G3 -> G7
2119,pre_optimization,1.4148726978399921,0,0.3214966826177511,-0.006496682617751104,-0.006496682617751104,True,A:rise|G1[0]|G2[0]|G3[0]|G7[0]|OUT:rise,A -> G1 -> G2 -> G3 -> G7
2119,post_optimization,1.4148726978399921,0,0.3098476541075935,0.005152345892406485,0,False,A:rise|G1[0]|G2[0]|G3[0]|G7[0]|OUT:rise,A -> G1 -> G2 -> G3 -> G7
2120,pre_optimization,0.966423772413188,0,0.3320041571460114,-0.01700415714601139,-0.01700415714601139,True,D:rise|G4[0]|G5[0]|G6[0]|G7[1]|OUT:rise,D -> G4 -> G5 -> G6 -> G7
2120,post_optimization,0.966423772413188,0,0.31722394703199375,-0.002223947031993745,-0.002223947031993745,True,A:rise|G1[0]|G2[0]|G3[0]|G7[0]|OUT:rise,A -> G1 -> G2 -> G3 -> G7
2121,pre_optimization,0.06193151582622923,0,0.33165136142831875,-0.016651361428318745,-0.016651361428318745,True,D:rise|G4[0]|G5[0]|G6[0]|G7[1]|OUT:rise,D -> G4 -> G5 -> G6 -> G7
2121,post_optimization,0.06193151582622923,0,0.31634441828994153,-0.0013444182899415291,-0.0013444182899415291,True,A:rise|G1[0]|G2[0]|G3[0]|G7[0]|OUT:rise,A -> G1 -> G2 -> G3 -> G7
2122,pre_optimization,-0.729267657899466,0,0.3145830002036557,0.0004169997963442973,0,False,D:rise|G4[0]|G5[0]|G6[0]|G7[1]|OUT:rise,D -> G4 -> G5 -> G6 -> G7
2122,post_optimization,-0.729267657899466,0,0.29690052242737386,0.018099477572626144,0,False,A:rise|G1[0]|G2[0]|G3[0]|G7[0]|OUT:rise,A -> G1 -> G2 -> G3 -> G7
2123,pre_optimization,1.2135968443584828,0,0.33701269879156825,-0.022012698791568253,-0.022012698791568253,True,A:rise|G1[0]|G2[0]|G3[0]|G7[0]|OUT:rise,A -> G1 -> G2 -> G3 -> G7
2123,post_optimization,1.2135968443584828,0,0.32196742215266194,-0.0069674221526619395,-0.0069674221526619395,True,A:rise|G1[0]|G2[0]|G3[0]|G7[0]|OUT:rise,A -> G1 -> G2 -> G3 -> G7
2124,pre_optimization,0.19783913703115513,0,0.31537021553941547,-0.0003702155394154638,-0.0003702155394154638,True,D:rise|G4[0]|G5[0]|G6[0]|G7[1]|OUT:rise,D -> G4 -> G5 -> G6 -> G7
2124,post_optimization,0.19783913703115513,0,0.3037757072542072,0.011224292745792785,0,False,A:rise|G1[0]|G2[0]|G3[0]|G7[0]|OUT:rise,A -> G1 -> G2 -> G3 -> G7
2125,pre_optimization,-0.0454807849238973,0,0.31000266855843456,0.004997331441565445,0,False,A:rise|G1[0]|G2[0]|G3[0]|G7[0]|OUT:rise,A -> G1 -> G2 -> G3 -> G7
2125,post_optimization,-0.0454807849238973,0,0.2996145639933572,0.015385436006642828,0,False,A:rise|G1[0]|G2[0]|G3[0]|G7[0]|OUT:rise,A -> G1 -> G2 -> G3 -> G7
2126,pre_optimization,-0.9328763038021857,0,0.3108639307375974,0.00413606926240262,0,False,A:rise|G1[0]|G2[0]|G3[0]|G7[0]|OUT:rise,A -> G1 -> G2 -> G3 -> G7
2126,post_optimization,-0.9328763038021857,0,0.299675734526928,0.01532426547307203,0,False,A:rise|G1[0]|G2[0]|G3[0]|G7[0]|OUT:rise,A -> G1 -> G2 -> G3 -> G7
2127,pre_optimization,-1.0470807146238137,0,0.30010498530594076,0.014895014694059239,0,False,A:rise|G1[0]|G2[0]|G3[0]|G7[0]|OUT:rise,A -> G1 -> G2 -> G3 -> G7
2127,post_optimization,-1.0470807146238137,0,0.2905385979009346,0.024461402099065388,0,False,A:rise|G1[0]|G2[0]|G3[0]|G7[0]|OUT:rise,A -> G1 -> G2 -> G3 -> G7
2128,pre_optimization,-0.060558132072806,0,0.31679692142608873,-0.0017969214260887267,-0.0017969214260887267,True,D:rise|G4[0]|G5[0]|G6[0]|G7[1]|OUT:rise,D -> G4 -> G5 -> G6 -> G7
2128,post_optimization,-0.060558132072806,0,0.29876883662607995,0.016231163373920054,0,False,D:rise|G4[0]|G5[0]|G6[0]|G7[1]|OUT:rise,D -> G4 -> G5 -> G6 -> G7
2129,pre_optimization,0.19839788410163842,0,0.31400962146430006,0.0009903785356999428,0,False,D:rise|G4[0]|G5[0]|G6[0]|G7[1]|OUT:rise,D -> G4 -> G5 -> G6 -> G7
2129,post_optimization,0.19839788410163842,0,0.2980792716904319,0.01692072830956809,0,False,A:rise|G1[0]|G2[0]|G3[0]|G7[0]|OUT:rise,A -> G1 -> G2 -> G3 -> G7
2130,pre_optimization,0.30375982097171134,0,0.3266183384021264,-0.011618338402126394,-0.011618338402126394,True,A:rise|G1[0]|G2[0]|G3[0]|G7[0]|OUT:rise,A -> G1 -> G2 -> G3 -> G7
2130,post_optimization,0.30375982097171134,0,0.31400408909779687,0.0009959109022031343,0,False,A:rise|G1[0]|G2[0]|G3[0]|G7[0]|OUT:rise,A -> G1 -> G2 -> G3 -> G7
2131,pre_optimization,2.284696259375915,0,0.34491916330399974,-0.02991916330399974,-0.02991916330399974,True,D:rise|G4[0]|G5[0]|G6[0]|G7[1]|OUT:rise,D -> G4 -> G5 -> G6 -> G7
2131,post_optimization,2.284696259375915,0,0.32621214805166915,-0.011212148051669146,-0.011212148051669146,True,D:rise|G4[0]|G5[0]|G6[0]|G7[1]|OUT:rise,D -> G4 -> G5 -> G6 -> G7
2132,pre_optimization,0.19215062952613254,0,0.32487502445356725,-0.00987502445356725,-0.00987502445356725,True,A:rise|G1[0]|G2[0]|G3[0]|G7[0]|OUT:rise,A -> G1 -> G2 -> G3 -> G7
2132,post_optimization,0.19215062952613254,0,0.3116938703151732,0.0033061296848267974,0,False,A:rise|G1[0]|G2[0]|G3[0]|G7[0]|OUT:rise,A -> G1 -> G2 -> G3 -> G7
2133,pre_optimization,1.4567429529363503,0,0.3336108122174353,-0.018610812217435324,-0.018610812217435324,True,D:rise|G4[0]|G5[0]|G6[0]|G7[1]|OUT:rise,D -> G4 -> G5 -> G6 -> G7
2133,post_optimization,1.4567429529363503,0,0.3146236820368613,0.0003763179631386948,0,False,D:rise|G4[0]|G5[0]|G6[0]|G7[1]|OUT:rise,D -> G4 -> G5 -> G6 -> G7
2134,pre_optimization,0.8031953970439132,0,0.3390701928886511,-0.024070192888651087,-0.024070192888651087,True,A:rise|G1[0]|G2[0]|G3[0]|G7[0]|OUT:rise,A -> G1 -> G2 -> G3 -> G7
2134,post_optimization,0.8031953970439132,0,0.32247829676367606,-0.007478296763676062,-0.007478296763676062,True,A:rise|G1[0]|G2[0]|G3[0]|G7[0]|OUT:rise,A -> G1 -> G2 -> G3 -> G7
2135,pre_optimization,0.0724391200188871,0,0.3204677147004775,-0.005467714700477522,-0.005467714700477522,True,D:rise|G4[0]|G5[0]|G6[0]|G7[1]|OUT:rise,D -> G4 -> G5 -> G6 -> G7
2135,post_optimization,0.0724391200188871,0,0.3029667154637168,0.012033284536283217,0,False,D:rise|G4[0]|G5[0]|G6[0]|G7[1]|OUT:rise,D -> G4 -> G5 -> G6 -> G7
2136,pre_optimization,0.19912079411147915,0,0.3342869236965369,-0.019286923696536895,-0.019286923696536895,True,D:rise|G4[0]|G5[0]|G6[0]|G7[1]|OUT:rise,D -> G4 -> G5 -> G6 -> G7
2136,post_optimization,0.19912079411147915,0,0.31423167042828104,0.000768329571718962,0,False,D:rise|G4[0]|G5[0]|G6[0]|G7[1]|OUT:rise,D -> G4 -> G5 -> G6 -> G7
2137,pre_optimization,-0.11469382683780041,0,0.3116041444216303,0.0033958555783696887,0,False,D:rise|G4[0]|G5[0]|G6[0]|G7[1]|OUT:rise,D -> G4 -> G5 -> G6 -> G7
2137,post_optimization,-0.11469382683780041,0,0.2953499084772819,0.019650091522718127,0,False,D:rise|G4[0]|G5[0]|G6[0]|G7[1]|OUT:rise,D -> G4 -> G5 -> G6 -> G7
2138,pre_optimization,1.0463270952928698,0,0.3390796014984969,-0.024079601498496916,-0.024079601498496916,True,D:rise|G4[0]|G5[0]|G6[0]|G7[1]|OUT:rise,D -> G4 -> G5 -> G6 -> G7
2138,post_optimization,1.0463270952928698,0,0.3196326478687673,-0.00463264786876727,-0.00463264786876727,True,D:rise|G4[0]|G5[0]|G6[0]|G7[1]|OUT:rise,D -> G4 -> G5 -> G6 -> G7
2139,pre_optimization,-0.06189661272682265,0,0.3089244482825896,0.006075551717410421,0,False,D:rise|G4[0]|G5[0]|G6[0]|G7[1]|OUT:rise,D -> G4 -> G5 -> G6 -> G7
2139,post_optimization,-0.06189661272682265,0,0.2939894165343364,0.02101058346566359,0,False,A:rise|G1[0]|G2[0]|G3[0]|G7[0]|OUT:rise,A -> G1 -> G2 -> G3 -> G7
2140,pre_optimization,-0.16536862745632866,0,0.3050694027091006,0.009930597290899401,0,False,D:rise|G4[0]|G5[0]|G6[0]|G7[1]|OUT:rise,D -> G4 -> G5 -> G6 -> G7
2140,post_optimization,-0.16536862745632866,0,0.2870466350827605,0.027953364917239487,0,False,A:rise|G1[0]|G2[0]|G3[0]|G7[0]|OUT:rise,A -> G1 -> G2 -> G3 -> G7
2141,pre_optimization,-0.9847839936838906,0,0.30748601184100927,0.0075139881589907365,0,False,A:rise|G1[0]|G2[0]|G3[0]|G7[0]|OUT:rise,A -> G1 -> G2 -> G3 -> G7
2141,post_optimization,-0.9847839936838906,0,0.2926829265360771,0.02231707346392292,0,False,A:rise|G1[0]|G2[0]|G3[0]|G7[0]|OUT:rise,A -> G1 -> G2 -> G3 -> G7
2142,pre_optimization,-0.36182446933187834,0,0.31818166816548443,-0.0031816681654844303,-0.0031816681654844303,True,A:rise|G1[0]|G2[0]|G3[0]|G7[0]|OUT:rise,A -> G1 -> G2 -> G3 -> G7
2142,post_optimization,-0.36182446933187834,0,0.3082929186184007,0.006707081381599311,0,False,A:rise|G1[0]|G2[0]|G3[0]|G7[0]|OUT:rise,A -> G1 -> G2 -> G3 -> G7
2143,pre_optimization,0.5109688267142333,0,0.3226283389536107,-0.007628338953610703,-0.007628338953610703,True,D:rise|G4[0]|G5[0]|G6[0]|G7[1]|OUT:rise,D -> G4 -> G5 -> G6 -> G7
2143,post_optimization,0.5109688267142333,0,0.30516153916128974,0.009838460838710261,0,False,D:rise|G4[0]|G5[0]|G6[0]|G7[1]|OUT:rise,D -> G4 -> G5 -> G6 -> G7
2144,pre_optimization,-0.9566031429614354,0,0.2939429109845611,0.0210570890154389,0,False,D:rise|G4[0]|G5[0]|G6[0]|G7[1]|OUT:rise,D -> G4 -> G5 -> G6 -> G7
2144,post_optimization,-0.9566031429614354,0,0.2814529878339381,0.03354701216606193,0,False,A:rise|G1[0]|G2[0]|G3[0]|G7[0]|OUT:rise,A -> G1 -> G2 -> G3 -> G7
2145,pre_optimization,-0.8737897277410545,0,0.3080697150632418,0.00693028493675818,0,False,A:rise|G1[0]|G2[0]|G3[0]|G7[0]|OUT:rise,A -> G1 -> G2 -> G3 -> G7
2145,post_optimization,-0.8737897277410545,0,0.2949265378059443,0.020073462194055702,0,False,A:rise|G1[0]|G2[0]|G3[0]|G7[0]|OUT:rise,A -> G1 -> G2 -> G3 -> G7
2146,pre_optimization,0.9492013130531051,0,0.3425703506864729,-0.0275703506864729,-0.0275703506864729,True,A:rise|G1[0]|G2[0]|G3[0]|G7[0]|OUT:rise,A -> G1 -> G2 -> G3 -> G7
2146,post_optimization,0.9492013130531051,0,0.32951055519384653,-0.01451055519384653,-0.01451055519384653,True,A:rise|G1[0]|G2[0]|G3[0]|G7[0]|OUT:rise,A -> G1 -> G2 -> G3 -> G7
2147,pre_optimization,-1.436325975943854,0,0.2967205401502003,0.01827945984979973,0,False,A:rise|G1[0]|G2[0]|G3[0]|G7[0]|OUT:rise,A -> G1 -> G2 -> G3 -> G7
2147,post_optimization,-1.436325975943854,0,0.2848878312738955,0.030112168726104505,0,False,A:rise|G1[0]|G2[0]|G3[0]|G7[0]|OUT:rise,A -> G1 -> G2 -> G3 -> G7
2148,pre_optimization,0.5180187066079602,0,0.30999408594589206,0.0050059140541079405,0,False,A:rise|G1[0]|G2[0]|G3[0]|G7[0]|OUT:rise,A -> G1 -> G2 -> G3 -> G7
2148,post_optimization,0.5180187066079602,0,0.2993088384686172,0.01569116153138278,0,False,A:rise|G1[0]|G2[0]|G3[0]|G7[0]|OUT:rise,A -> G1 -> G2 -> G3 -> G7
2149,pre_optimization,-0.6068590103806145,0,0.3170805380432688,-0.002080538043268798,-0.002080538043268798,True,D:rise|G4[0]|G5[0]|G6[0]|G7[1]|OUT:rise,D -> G4 -> G5 -> G6 -> G7
2149,post_optimization,-0.6068590103806145,0,0.29816613673740133,0.01683386326259867,0,False,A:rise|G1[0]|G2[0]|G3[0]|G7[0]|OUT:rise,A -> G1 -> G2 -> G3 -> G7
2150,pre_optimization,-0.5671926718483743,0,0.30965039517490617,0.005349604825093834,0,False,A:rise|G1[0]|G2[0]|G3[0]|G7[0]|OUT:rise,A -> G1 -> G2 -> G3 -> G7
2150,post_optimization,-0.5671926718483743,0,0.29753755529547654,0.01746244470452346,0,False,A:rise|G1[0]|G2[0]|G3[0]|G7[0]|OUT:rise,A -> G1 -> G2 -> G3 -> G7
2151,pre_optimization,-2.6426533431456583,0,0.2918164335457235,0.023183566454276494,0,False,D:rise|G4[0]|G5[0]|G6[0]|G7[1]|OUT:rise,D -> G4 -> G5 -> G6 -> G7
2151,post_optimization,-2.6426533431456583,0,0.276152197675284,0.03884780232471602,0,False,D:rise|G4[0]|G5[0]|G6[0]|G7[1]|OUT:rise,D -> G4 -> G5 -> G6 -> G7
2152,pre_optimization,-2.4298890883633453,0,0.299019042107912,0.015980957892087977,0,False,A:rise|G1[0]|G2[0]|G3[0]|G7[0]|OUT:rise,A -> G1 -> G2 -> G3 -> G7
2152,post_optimization,-2.4298890883633453,0,0.28652926471230655,0.02847073528769345,0,False,A:rise|G1[0]|G2[0]|G3[0]|G7[0]|OUT:rise,A -> G1 -> G2 -> G3 -> G7
2153,pre_optimization,-0.17101725211460045,0,0.3129419834982607,0.0020580165017393126,0,False,D:rise|G4[0]|G5[0]|G6[0]|G7[1]|OUT:rise,D -> G4 -> G5 -> G6 -> G7
2153,post_optimization,-0.17101725211460045,0,0.2994111097370646,0.015588890262935418,0,False,A:rise|G1[0]|G2[0]|G3[0]|G7[0]|OUT:rise,A -> G1 -> G2 -> G3 -> G7
2154,pre_optimization,-1.5741986340625982,0,0.30194091047786475,0.013059089522135248,0,False,A:rise|G1[0]|G2[0]|G3[0]|G7[0]|OUT:rise,A -> G1 -> G2 -> G3 -> G7
2154,post_optimization,-1.5741986340625982,0,0.2899210461732379,0.025078953826762118,0,False,A:rise|G1[0]|G2[0]|G3[0]|G7[0]|OUT:rise,A -> G1 -> G2 -> G3 -> G7
2155,pre_optimization,-0.15589280951685847,0,0.3226607553429777,-0.007660755342977721,-0.007660755342977721,True,D:rise|G4[0]|G5[0]|G6[0]|G7[1]|OUT:rise,D -> G4 -> G5 -> G6 -> G7
2155,post_optimization,-0.15589280951685847,0,0.3045789194624805,0.0104210805375195,0,False,D:rise|G4[0]|G5[0]|G6[0]|G7[1]|OUT:rise,D -> G4 -> G5 -> G6 -> G7
2156,pre_optimization,0.692996852200479,0,0.3319100505734316,-0.01691005057343159,-0.01691005057343159,True,A:rise|G1[0]|G2[0]|G3[0]|G7[0]|OUT:rise,A -> G1 -> G2 -> G3 -> G7
2156,post_optimization,0.692996852200479,0,0.3193428860336127,-0.004342886033612714,-0.004342886033612714,True,A:rise|G1[0]|G2[0]|G3[0]|G7[0]|OUT:rise,A -> G1 -> G2 -> G3 -> G7
2157,pre_optimization,-0.4403874136148341,0,0.3199567777565603,-0.004956777756560282,-0.004956777756560282,True,D:rise|G4[0]|G5[0]|G6[0]|G7[1]|OUT:rise,D -> G4 -> G5 -> G6 -> G7
2157,post_optimization,-0.4403874136148341,0,0.30262211361371133,0.012377886386288672,0,False,D:rise|G4[0]|G5[0]|G6[0]|G7[1]|OUT:rise,D -> G4 -> G5 -> G6 -> G7
2158,pre_optimization,0.3821322329106172,0,0.322333219054072,-0.007333219054071971,-0.007333219054071971,True,A:rise|G1[0]|G2[0]|G3[0]|G7[0]|OUT:rise,A -> G1 -> G2 -> G3 -> G7
2158,post_optimization,0.3821322329106172,0,0.30933350511163354,0.005666494888366458,0,False,A:rise|G1[0]|G2[0]|G3[0]|G7[0]|OUT:rise,A -> G1 -> G2 -> G3 -> G7
2159,pre_optimization,-0.8044534093643646,0,0.31728879244419417,-0.0022887924441941654,-0.0022887924441941654,True,A:rise|G1[0]|G2[0]|G3[0]|G7[0]|OUT:rise,A -> G1 -> G2 -> G3 -> G7
2159,post_optimization,-0.8044534093643646,0,0.302784407921291,0.012215592078708981,0,False,A:rise|G1[0]|G2[0]|G3[0]|G7[0]|OUT:rise,A -> G1 -> G2 -> G3 -> G7
2160,pre_optimization,1.9639066809836854,0,0.3266557007497427,-0.011655700749742703,-0.011655700749742703,True,A:rise|G1[0]|G2[0]|G3[0]|G7[0]|OUT:rise,A -> G1 -> G2 -> G3 -> G7
2160,post_optimization,1.9639066809836854,0,0.31434232190132755,0.000657678098672454,0,False,A:rise|G1[0]|G2[0]|G3[0]|G7[0]|OUT:rise,A -> G1 -> G2 -> G3 -> G7
2161,pre_optimization,-1.5399730579022262,0,0.2997565259943421,0.015243474005657898,0,False,A:rise|G1[0]|G2[0]|G3[0]|G7[0]|OUT:rise,A -> G1 -> G2 -> G3 -> G7
2161,post_optimization,-1.5399730579022262,0,0.2903030659093956,0.024696934090604417,0,False,A:rise|G1[0]|G2[0]|G3[0]|G7[0]|OUT:rise,A -> G1 -> G2 -> G3 -> G7
2162,pre_optimization,-1.3722695464575279,0,0.32076701545608366,-0.005767015456083657,-0.005767015456083657,True,A:rise|G1[0]|G2[0]|G3[0]|G7[0]|OUT:rise,A -> G1 -> G2 -> G3 -> G7
2162,post_optimization,-1.3722695464575279,0,0.30698146615086824,0.00801853384913176,0,False,A:rise|G1[0]|G2[0]|G3[0]|G7[0]|OUT:rise,A -> G1 -> G2 -> G3 -> G7
2163,pre_optimization,-0.46249856592888366,0,0.3165716500555973,-0.0015716500555972845,-0.0015716500555972845,True,A:rise|G1[0]|G2[0]|G3[0]|G7[0]|OUT:rise,A -> G1 -> G2 -> G3 -> G7
2163,post_optimization,-0.46249856592888366,0,0.30551081422164084,0.009489185778359166,0,False,A:rise|G1[0]|G2[0]|G3[0]|G7[0]|OUT:rise,A -> G1 -> G2 -> G3 -> G7
2164,pre_optimization,1.9695606409341113,0,0.3299165936282378,-0.014916593628237773,-0.014916593628237773,True,D:rise|G4[0]|G5[0]|G6[0]|G7[1]|OUT:rise,D -> G4 -> G5 -> G6 -> G7
2164,post_optimization,1.9695606409341113,0,0.312851927808688,0.0021480721913120226,0,False,D:rise|G4[0]|G5[0]|G6[0]|G7[1]|OUT:rise,D -> G4 -> G5 -> G6 -> G7
2165,pre_optimization,2.3789350938131553,0,0.3362832340781522,-0.02128323407815219,-0.02128323407815219,True,D:rise|G4[0]|G5[0]|G6[0]|G7[1]|OUT:rise,D -> G4 -> G5 -> G6 -> G7
2165,post_optimization,2.3789350938131553,0,0.3181527438468368,-0.0031527438468367808,-0.0031527438468367808,True,A:rise|G1[0]|G2[0]|G3[0]|G7[0]|OUT:rise,A -> G1 -> G2 -> G3 -> G7
2166,pre_optimization,1.6947988073742528,0,0.33548191617864653,-0.02048191617864653,-0.02048191617864653,True,A:rise|G1[0]|G2[0]|G3[0]|G7[0]|OUT:rise,A -> G1 -> G2 -> G3 -> G7
2166,post_optimization,1.6947988073742528,0,0.322422660548465,-0.007422660548465021,-0.007422660548465021,True,A:rise|G1[0]|G2[0]|G3[0]|G7[0]|OUT:rise,A -> G1 -> G2 -> G3 -> G7
2167,pre_optimization,-0.21282805600437338,0,0.3048010549501061,0.010198945049893882,0,False,D:rise|G4[0]|G5[0]|G6[0]|G7[1]|OUT:rise,D -> G4 -> G5 -> G6 -> G7
2167,post_optimization,-0.21282805600437338,0,0.28981651126943786,0.025183488730562142,0,False,A:rise|G1[0]|G2[0]|G3[0]|G7[0]|OUT:rise,A -> G1 -> G2 -> G3 -> G7
2168,pre_optimization,0.04323233823528317,0,0.3116469989581725,0.003353001041827508,0,False,A:rise|G1[0]|G2[0]|G3[0]|G7[0]|OUT:rise,A -> G1 -> G2 -> G3 -> G7
2168,post_optimization,0.04323233823528317,0,0.30018702702948785,0.01481297297051215,0,False,A:rise|G1[0]|G2[0]|G3[0]|G7[0]|OUT:rise,A -> G1 -> G2 -> G3 -> G7
2169,pre_optimization,-1.448238707490351,0,0.3137116508619337,0.0012883491380663026,0,False,D:rise|G4[0]|G5[0]|G6[0]|G7[1]|OUT:rise,D -> G4 -> G5 -> G6 -> G7
2169,post_optimization,-1.448238707490351,0,0.2951457494075969,0.01985425059240309,0,False,D:rise|G4[0]|G5[0]|G6[0]|G7[1]|OUT:rise,D -> G4 -> G5 -> G6 -> G7
2170,pre_optimization,2.025114769075272,0,0.3462502681691687,-0.031250268169168705,-0.031250268169168705,True,D:rise|G4[0]|G5[0]|G6[0]|G7[1]|OUT:rise,D -> G4 -> G5 -> G6 -> G7
2170,post_optimization,2.025114769075272,0,0.32355050950569475,-0.008550509505694748,-0.008550509505694748,True,A:rise|G1[0]|G2[0]|G3[0]|G7[0]|OUT:rise,A -> G1 -> G2 -> G3 -> G7
2171,pre_optimization,0.4045723191117272,0,0.3258821413540446,-0.010882141354044583,-0.010882141354044583,True,D:rise|G4[0]|G5[0]|G6[0]|G7[1]|OUT:rise,D -> G4 -> G5 -> G6 -> G7
2171,post_optimization,0.4045723191117272,0,0.3092291814142294,0.00577081858577061,0,False,A:rise|G1[0]|G2[0]|G3[0]|G7[0]|OUT:rise,A -> G1 -> G2 -> G3 -> G7
2172,pre_optimization,0.6076524590164408,0,0.33496191084271676,-0.019961910842716757,-0.019961910842716757,True,A:rise|G1[0]|G2[0]|G3[0]|G7[0]|OUT:rise,A -> G1 -> G2 -> G3 -> G7
2172,post_optimization,0.6076524590164408,0,0.31904158556355916,-0.004041585563559158,-0.004041585563559158,True,A:rise|G1[0]|G2[0]|G3[0]|G7[0]|OUT:rise,A -> G1 -> G2 -> G3 -> G7
2173,pre_optimization,0.13479571707415935,0,0.32841867113218354,-0.013418671132183535,-0.013418671132183535,True,D:rise|G4[0]|G5[0]|G6[0]|G7[1]|OUT:rise,D -> G4 -> G5 -> G6 -> G7
2173,post_optimization,0.13479571707415935,0,0.3116586255499199,0.0033413744500800924,0,False,D:rise|G4[0]|G5[0]|G6[0]|G7[1]|OUT:rise,D -> G4 -> G5 -> G6 -> G7
2174,pre_optimization,1.0859344528978638,0,0.3258963322526206,-0.0108963322526206,-0.0108963322526206,True,A:rise|G1[0]|G2[0]|G3[0]|G7[0]|OUT:rise,A -> G1 -> G2 -> G3 -> G7
2174,post_optimization,1.0859344528978638,0,0.31306216774472717,0.001937832255272831,0,False,A:rise|G1[0]|G2[0]|G3[0]|G7[0]|OUT:rise,A -> G1 -> G2 -> G3 -> G7
2175,pre_optimization,-1.1248669672482656,0,0.31185411479703984,0.0031458852029601636,0,False,A:rise|G1[0]|G2[0]|G3[0]|G7[0]|OUT:rise,A -> G1 -> G2 -> G3 -> G7
2175,post_optimization,-1.1248669672482656,0,0.2997001622174905,0.015299837782509484,0,False,A:rise|G1[0]|G2[0]|G3[0]|G7[0]|OUT:rise,A -> G1 -> G2 -> G3 -> G7
2176,pre_optimization,-0.14057993350092152,0,0.3078887468550266,0.007111253144973406,0,False,D:rise|G4[0]|G5[0]|G6[0]|G7[1]|OUT:rise,D -> G4 -> G5 -> G6 -> G7
2176,post_optimization,-0.14057993350092152,0,0.29380775844632506,0.02119224155367494,0,False,A:rise|G1[0]|G2[0]|G3[0]|G7[0]|OUT:rise,A -> G1 -> G2 -> G3 -> G7
2177,pre_optimization,-0.19342408024455157,0,0.32111224614700795,-0.006112246147007949,-0.006112246147007949,True,D:rise|G4[0]|G5[0]|G6[0]|G7[1]|OUT:rise,D -> G4 -> G5 -> G6 -> G7
2177,post_optimization,-0.19342408024455157,0,0.303652686147869,0.011347313852131002,0,False,D:rise|G4[0]|G5[0]|G6[0]|G7[1]|OUT:rise,D -> G4 -> G5 -> G6 -> G7
2178,pre_optimization,-0.5206539965883551,0,0.3145773433494287,0.00042265665057128476,0,False,A:rise|G1[0]|G2[0]|G3[0]|G7[0]|OUT:rise,A -> G1 -> G2 -> G3 -> G7
2178,post_optimization,-0.5206539965883551,0,0.30196136698496523,0.013038633015034773,0,False,A:rise|G1[0]|G2[0]|G3[0]|G7[0]|OUT:rise,A -> G1 -> G2 -> G3 -> G7
2179,pre_optimization,0.343576420498488,0,0.3394484229151826,-0.02444842291518262,-0.02444842291518262,True,D:rise|G4[0]|G5[0]|G6[0]|G7[1]|OUT:rise,D -> G4 -> G5 -> G6 -> G7
2179,post_optimization,0.343576420498488,0,0.32095283732093494,-0.005952837320934934,-0.005952837320934934,True,A:rise|G1[0]|G2[0]|G3[0]|G7[0]|OUT:rise,A -> G1 -> G2 -> G3 -> G7
2180,pre_optimization,0.261183768983781,0,0.31555118507259805,-0.0005511850725980483,-0.0005511850725980483,True,A:rise|G1[0]|G2[0]|G3[0]|G7[0]|OUT:rise,A -> G1 -> G2 -> G3 -> G7
2180,post_optimization,0.261183768983781,0,0.3059257938424974,0.009074206157502596,0,False,A:rise|G1[0]|G2[0]|G3[0]|G7[0]|OUT:rise,A -> G1 -> G2 -> G3 -> G7
2181,pre_optimization,1.6965793278409262,0,0.35165369799550966,-0.03665369799550966,-0.03665369799550966,True,D:rise|G4[0]|G5[0]|G6[0]|G7[1]|OUT:rise,D -> G4 -> G5 -> G6 -> G7
2181,post_optimization,1.6965793278409262,0,0.33101603920368416,-0.016016039203684163,-0.016016039203684163,True,D:rise|G4[0]|G5[0]|G6[0]|G7[1]|OUT:rise,D -> G4 -> G5 -> G6 -> G7
2182,pre_optimization,-0.041177976697981414,0,0.3139373617498622,0.001062638250137804,0,False,D:rise|G4[0]|G5[0]|G6[0]|G7[1]|OUT:rise,D -> G4 -> G5 -> G6 -> G7
2182,post_optimization,-0.041177976697981414,0,0.2973289727405231,0.01767102725947689,0,False,D:rise|G4[0]|G5[0]|G6[0]|G7[1]|OUT:rise,D -> G4 -> G5 -> G6 -> G7
2183,pre_optimization,-0.3803849976438295,0,0.33044983547717793,-0.015449835477177931,-0.015449835477177931,True,D:rise|G4[0]|G5[0]|G6[0]|G7[1]|OUT:rise,D -> G4 -> G5 -> G6 -> G7
2183,post_optimization,-0.3803849976438295,0,0.31270620503045476,0.0022937949695452375,0,False,A:rise|G1[0]|G2[0]|G3[0]|G7[0]|OUT:rise,A -> G1 -> G2 -> G3 -> G7
2184,pre_optimization,-0.5371472991171795,0,0.3151715216733958,-0.00017152167339579139,-0.00017152167339579139,True,D:rise|G4[0]|G5[0]|G6[0]|G7[1]|OUT:rise,D -> G4 -> G5 -> G6 -> G7
2184,post_optimization,-0.5371472991171795,0,0.2974155797786312,0.0175844202213688,0,False,A:rise|G1[0]|G2[0]|G3[0]|G7[0]|OUT:rise,A -> G1 -> G2 -> G3 -> G7
2185,pre_optimization,-0.6709081226455563,0,0.29657375237753736,0.018426247622462644,0,False,D:rise|G4[0]|G5[0]|G6[0]|G7[1]|OUT:rise,D -> G4 -> G5 -> G6 -> G7
2185,post_optimization,-0.6709081226455563,0,0.2853607804887215,0.029639219511278514,0,False,A:rise|G1[0]|G2[0]|G3[0]|G7[0]|OUT:rise,A -> G1 -> G2 -> G3 -> G7
2186,pre_optimization,-0.8189503251605602,0,0.310539667978069,0.004460332021931024,0,False,A:rise|G1[0]|G2[0]|G3[0]|G7[0]|OUT:rise,A -> G1 -> G2 -> G3 -> G7
2186,post_optimization,-0.8189503251605602,0,0.29931769545509823,0.01568230454490177,0,False,A:rise|G1[0]|G2[0]|G3[0]|G7[0]|OUT:rise,A -> G1 -> G2 -> G3 -> G7
2187,pre_optimization,-0.8719627807669416,0,0.3015199855858664,0.013480014414133601,0,False,D:rise|G4[0]|G5[0]|G6[0]|G7[1]|OUT:rise,D -> G4 -> G5 -> G6 -> G7
2187,post_optimization,-0.8719627807669416,0,0.2859080753874877,0.02909192461251231,0,False,D:rise|G4[0]|G5[0]|G6[0]|G7[1]|OUT:rise,D -> G4 -> G5 -> G6 -> G7
2188,pre_optimization,-0.211628728047173,0,0.3254871267273999,-0.010487126727399876,-0.010487126727399876,True,D:rise|G4[0]|G5[0]|G6[0]|G7[1]|OUT:rise,D -> G4 -> G5 -> G6 -> G7
2188,post_optimization,-0.211628728047173,0,0.3064915976784228,0.00850840232157718,0,False,D:rise|G4[0]|G5[0]|G6[0]|G7[1]|OUT:rise,D -> G4 -> G5 -> G6 -> G7
2189,pre_optimization,-0.4786122676471875,0,0.30394067606537556,0.011059323934624443,0,False,D:rise|G4[0]|G5[0]|G6[0]|G7[1]|OUT:rise,D -> G4 -> G5 -> G6 -> G7
2189,post_optimization,-0.4786122676471875,0,0.29126577883325994,0.023734221166740066,0,False,D:rise|G4[0]|G5[0]|G6[0]|G7[1]|OUT:rise,D -> G4 -> G5 -> G6 -> G7
2190,pre_optimization,0.7537463710197698,0,0.3161461725450413,-0.0011461725450412907,-0.0011461725450412907,True,D:rise|G4[0]|G5[0]|G6[0]|G7[1]|OUT:rise,D -> G4 -> G5 -> G6 -> G7
2190,post_optimization,0.7537463710197698,0,0.30411961225658257,0.01088038774341743,0,False,A:rise|G1[0]|G2[0]|G3[0]|G7[0]|OUT:rise,A -> G1 -> G2 -> G3 -> G7
2191,pre_optimization,-0.2770673661304647,0,0.3231002202522237,-0.008100220252223678,-0.008100220252223678,True,A:rise|G1[0]|G2[0]|G3[0]|G7[0]|OUT:rise,A -> G1 -> G2 -> G3 -> G7
2191,post_optimization,-0.2770673661304647,0,0.30806617544502957,0.006933824554970436,0,False,A:rise|G1[0]|G2[0]|G3[0]|G7[0]|OUT:rise,A -> G1 -> G2 -> G3 -> G7
2192,pre_optimization,-0.5026712065084501,0,0.31498720582863415,1.2794171365848594e-05,0,False,D:rise|G4[0]|G5[0]|G6[0]|G7[1]|OUT:rise,D -> G4 -> G5 -> G6 -> G7
2192,post_optimization,-0.5026712065084501,0,0.29747193533665783,0.01752806466334217,0,False,A:rise|G1[0]|G2[0]|G3[0]|G7[0]|OUT:rise,A -> G1 -> G2 -> G3 -> G7
2193,pre_optimization,1.7122069092695802,0,0.33308237386160655,-0.01808237386160655,-0.01808237386160655,True,A:rise|G1[0]|G2[0]|G3[0]|G7[0]|OUT:rise,A -> G1 -> G2 -> G3 -> G7
2193,post_optimization,1.7122069092695802,0,0.32104145973731935,-0.0060414597373193435,-0.0060414597373193435,True,A:rise|G1[0]|G2[0]|G3[0]|G7[0]|OUT:rise,A -> G1 -> G2 -> G3 -> G7
2194,pre_optimization,0.4837269116331002,0,0.32034571816669477,-0.005345718166694768,-0.005345718166694768,True,D:rise|G4[0]|G5[0]|G6[0]|G7[1]|OUT:rise,D -> G4 -> G5 -> G6 -> G7
2194,post_optimization,0.4837269116331002,0,0.30229244239969344,0.012707557600306563,0,False,A:rise|G1[0]|G2[0]|G3[0]|G7[0]|OUT:rise,A -> G1 -> G2 -> G3 -> G7
2195,pre_optimization,1.3243381080359595,0,0.3251736059133755,-0.010173605913375516,-0.010173605913375516,True,D:rise|G4[0]|G5[0]|G6[0]|G7[1]|OUT:rise,D -> G4 -> G5 -> G6 -> G7
2195,post_optimization,1.3243381080359595,0,0.3082888390575032,0.006711160942496797,0,False,D:rise|G4[0]|G5[0]|G6[0]|G7[1]|OUT:rise,D -> G4 -> G5 -> G6 -> G7
2196,pre_optimization,-1.7927069455586626,0,0.3054257864381243,0.00957421356187571,0,False,D:rise|G4[0]|G5[0]|G6[0]|G7[1]|OUT:rise,D -> G4 -> G5 -> G6 -> G7
2196,post_optimization,-1.7927069455586626,0,0.28777620104197804,0.02722379895802196,0,False,D:rise|G4[0]|G5[0]|G6[0]|G7[1]|OUT:rise,D -> G4 -> G5 -> G6 -> G7
2197,pre_optimization,0.22164537058198067,0,0.316164698270604,-0.0011646982706040032,-0.0011646982706040032,True,D:rise|G4[0]|G5[0]|G6[0]|G7[1]|OUT:rise,D -> G4 -> G5 -> G6 -> G7
2197,post_optimization,0.22164537058198067,0,0.29930581685221735,0.015694183147782648,0,False,D:rise|G4[0]|G5[0]|G6[0]|G7[1]|OUT:rise,D -> G4 -> G5 -> G6 -> G7
2198,pre_optimization,1.5538646788793788,0,0.3289196912806307,-0.013919691280630697,-0.013919691280630697,True,D:rise|G4[0]|G5[0]|G6[0]|G7[1]|OUT:rise,D -> G4 -> G5 -> G6 -> G7
2198,post_optimization,1.5538646788793788,0,0.31125050672116017,0.0037494932788398327,0,False,A:rise|G1[0]|G2[0]|G3[0]|G7[0]|OUT:rise,A -> G1 -> G2 -> G3 -> G7
2199,pre_optimization,0.2216237609358373,0,0.3200817553532559,-0.00508175535325589,-0.00508175535325589,True,D:rise|G4[0]|G5[0]|G6[0]|G7[1]|OUT:rise,D -> G4 -> G5 -> G6 -> G7
2199,post_optimization,0.2216237609358373,0,0.3019043945107585,0.01309560548924149,0,False,D:rise|G4[0]|G5[0]|G6[0]|G7[1]|OUT:rise,D -> G4 -> G5 -> G6 -> G7
2200,pre_optimization,1.0848643491330896,0,0.3151897059543769,-0.0001897059543768953,-0.0001897059543768953,True,D:rise|G4[0]|G5[0]|G6[0]|G7[1]|OUT:rise,D -> G4 -> G5 -> G6 -> G7
2200,post_optimization,1.0848643491330896,0,0.29930902074746224,0.015690979252537762,0,False,D:rise|G4[0]|G5[0]|G6[0]|G7[1]|OUT:rise,D -> G4 -> G5 -> G6 -> G7
2201,pre_optimization,-0.03970445611339266,0,0.33102170348492643,-0.01602170348492643,-0.01602170348492643,True,D:rise|G4[0]|G5[0]|G6[0]|G7[1]|OUT:rise,D -> G4 -> G5 -> G6 -> G7
2201,post_optimization,-0.03970445611339266,0,0.3121613090251455,0.0028386909748545075,0,False,D:rise|G4[0]|G5[0]|G6[0]|G7[1]|OUT:rise,D -> G4 -> G5 -> G6 -> G7
2202,pre_optimization,1.6811241899178206,0,0.34481399097631904,-0.029813990976319038,-0.029813990976319038,True,A:rise|G1[0]|G2[0]|G3[0]|G7[0]|OUT:rise,A -> G1 -> G2 -> G3 -> G7
2202,post_optimization,1.6811241899178206,0,0.3278529630169479,-0.012852963016947883,-0.012852963016947883,True,A:rise|G1[0]|G2[0]|G3[0]|G7[0]|OUT:rise,A -> G1 -> G2 -> G3 -> G7
2203,pre_optimization,0.08629279062479286,0,0.3180519433644913,-0.003051943364491272,-0.003051943364491272,True,D:rise|G4[0]|G5[0]|G6[0]|G7[1]|OUT:rise,D -> G4 -> G5 -> G6 -> G7
2203,post_optimization,0.08629279062479286,0,0.3010537755386435,0.013946224461356516,0,False,D:rise|G4[0]|G5[0]|G6[0]|G7[1]|OUT:rise,D -> G4 -> G5 -> G6 -> G7
2204,pre_optimization,-1.7409495409576912,0,0.30565775639072423,0.009342243609275769,0,False,D:rise|G4[0]|G5[0]|G6[0]|G7[1]|OUT:rise,D -> G4 -> G5 -> G6 -> G7
2204,post_optimization,-1.7409495409576912,0,0.287092598186929,0.027907401813070998,0,False,D:rise|G4[0]|G5[0]|G6[0]|G7[1]|OUT:rise,D -> G4 -> G5 -> G6 -> G7
2205,pre_optimization,0.0902355913269959,0,0.30092803252233413,0.01407196747766587,0,False,D:rise|G4[0]|G5[0]|G6[0]|G7[1]|OUT:rise,D -> G4 -> G5 -> G6 -> G7
2205,post_optimization,0.0902355913269959,0,0.289081227425832,0.025918772574168025,0,False,A:rise|G1[0]|G2[0]|G3[0]|G7[0]|OUT:rise,A -> G1 -> G2 -> G3 -> G7
2206,pre_optimization,-1.3120153888483481,0,0.3164783627984169,-0.001478362798416899,-0.001478362798416899,True,D:rise|G4[0]|G5[0]|G6[0]|G7[1]|OUT:rise,D -> G4 -> G5 -> G6 -> G7
2206,post_optimization,-1.3120153888483481,0,0.29636867470689543,0.018631325293104573,0,False,D:rise|G4[0]|G5[0]|G6[0]|G7[1]|OUT:rise,D -> G4 -> G5 -> G6 -> G7
2207,pre_optimization,-1.141515443619293,0,0.302587375466936,0.01241262453306402,0,False,A:rise|G1[0]|G2[0]|G3[0]|G7[0]|OUT:rise,A -> G1 -> G2 -> G3 -> G7
2207,post_optimization,-1.141515443619293,0,0.28859095999400564,0.026409040005994366,0,False,A:rise|G1[0]|G2[0]|G3[0]|G7[0]|OUT:rise,A -> G1 -> G2 -> G3 -> G7
2208,pre_optimization,0.09441293156198166,0,0.31267837163606205,0.0023216283639379554,0,False,D:rise|G4[0]|G5[0]|G6[0]|G7[1]|OUT:rise,D -> G4 -> G5 -> G6 -> G7
2208,post_optimization,0.09441293156198166,0,0.2976020176263712,0.01739798237362883,0,False,D:rise|G4[0]|G5[0]|G6[0]|G7[1]|OUT:rise,D -> G4 -> G5 -> G6 -> G7
2209,pre_optimization,0.9291034705713094,0,0.3273253816993417,-0.01232538169934172,-0.01232538169934172,True,A:rise|G1[0]|G2[0]|G3[0]|G7[0]|OUT:rise,A -> G1 -> G2 -> G3 -> G7
2209,post_optimization,0.9291034705713094,0,0.3158075166654992,-0.0008075166654992194,-0.0008075166654992194,True,A:rise|G1[0]|G2[0]|G3[0]|G7[0]|OUT:rise,A -> G1 -> G2 -> G3 -> G7
2210,pre_optimization,0.6607016644946854,0,0.32951209814209587,-0.014512098142095864,-0.014512098142095864,True,D:rise|G4[0]|G5[0]|G6[0]|G7[1]|OUT:rise,D -> G4 -> G5 -> G6 -> G7
2210,post_optimization,0.6607016644946854,0,0.31352528513353484,0.0014747148664651655,0,False,D:rise|G4[0]|G5[0]|G6[0]|G7[1]|OUT:rise,D -> G4 -> G5 -> G6 -> G7
2211,pre_optimization,-0.663528421063096,0,0.3156688717784809,-0.0006688717784809062,-0.0006688717784809062,True,D:rise|G4[0]|G5[0]|G6[0]|G7[1]|OUT:rise,D -> G4 -> G5 -> G6 -> G7
2211,post_optimization,-0.663528421063096,0,0.29637327640837574,0.01862672359162426,0,False,D:rise|G4[0]|G5[0]|G6[0]|G7[1]|OUT:rise,D -> G4 -> G5 -> G6 -> G7
2212,pre_optimization,0.4388067681416298,0,0.32039980150254904,-0.00539980150254904,-0.00539980150254904,True,A:rise|G1[0]|G2[0]|G3[0]|G7[0]|OUT:rise,A -> G1 -> G2 -> G3 -> G7
2212,post_optimization,0.4388067681416298,0,0.3065889015854824,0.008411098414517593,0,False,A:rise|G1[0]|G2[0]|G3[0]|G7[0]|OUT:rise,A -> G1 -> G2 -> G3 -> G7
2213,pre_optimization,-1.2391864174126062,0,0.2945453082648251,0.02045469173517489,0,False,A:rise|G1[0]|G2[0]|G3[0]|G7[0]|OUT:rise,A -> G1 -> G2 -> G3 -> G7
2213,post_optimization,-1.2391864174126062,0,0.2823144231279366,0.032685576872063415,0,False,A:rise|G1[0]|G2[0]|G3[0]|G7[0]|OUT:rise,A -> G1 -> G2 -> G3 -> G7
2214,pre_optimization,-0.39601311021862295,0,0.3290863551126036,-0.014086355112603588,-0.014086355112603588,True,D:rise|G4[0]|G5[0]|G6[0]|G7[1]|OUT:rise,D -> G4 -> G5 -> G6 -> G7
2214,post_optimization,-0.39601311021862295,0,0.31059087682710323,0.004409123172896767,0,False,D:rise|G4[0]|G5[0]|G6[0]|G7[1]|OUT:rise,D -> G4 -> G5 -> G6 -> G7
2215,pre_optimization,-0.2390879474441865,0,0.31710828130911717,-0.002108281309117166,-0.002108281309117166,True,D:rise|G4[0]|G5[0]|G6[0]|G7[1]|OUT:rise,D -> G4 -> G5 -> G6 -> G7
2215,post_optimization,-0.2390879474441865,0,0.29734211223974366,0.01765788776025634,0,False,D:rise|G4[0]|G5[0]|G6[0]|G7[1]|OUT:rise,D -> G4 -> G5 -> G6 -> G7
2216,pre_optimization,0.23425998542495513,0,0.3131110889372195,0.0018889110627804961,0,False,A:rise|G1[0]|G2[0]|G3[0]|G7[0]|OUT:rise,A -> G1 -> G2 -> G3 -> G7
2216,post_optimization,0.23425998542495513,0,0.30212765154132065,0.01287234845867935,0,False,A:rise|G1[0]|G2[0]|G3[0]|G7[0]|OUT:rise,A -> G1 -> G2 -> G3 -> G7
2217,pre_optimization,0.8096010200392033,0,0.3231045423104202,-0.008104542310420182,-0.008104542310420182,True,A:rise|G1[0]|G2[0]|G3[0]|G7[0]|OUT:rise,A -> G1 -> G2 -> G3 -> G7
2217,post_optimization,0.8096010200392033,0,0.30956743103652484,0.0054325689634751595,0,False,A:rise|G1[0]|G2[0]|G3[0]|G7[0]|OUT:rise,A -> G1 -> G2 -> G3 -> G7
2218,pre_optimization,1.4545622765920574,0,0.3248935145953835,-0.009893514595383512,-0.009893514595383512,True,D:rise|G4[0]|G5[0]|G6[0]|G7[1]|OUT:rise,D -> G4 -> G5 -> G6 -> G7
2218,post_optimization,1.4545622765920574,0,0.3083246447337978,0.006675355266202221,0,False,D:rise|G4[0]|G5[0]|G6[0]|G7[1]|OUT:rise,D -> G4 -> G5 -> G6 -> G7
2219,pre_optimization,-0.14467598177419072,0,0.31766431297870945,-0.002664312978709449,-0.002664312978709449,True,D:rise|G4[0]|G5[0]|G6[0]|G7[1]|OUT:rise,D -> G4 -> G5 -> G6 -> G7
2219,post_optimization,-0.14467598177419072,0,0.3015580083923302,0.01344199160766979,0,False,D:rise|G4[0]|G5[0]|G6[0]|G7[1]|OUT:rise,D -> G4 -> G5 -> G6 -> G7
2220,pre_optimization,1.127073071714224,0,0.3284719847451728,-0.013471984745172805,-0.013471984745172805,True,D:rise|G4[0]|G5[0]|G6[0]|G7[1]|OUT:rise,D -> G4 -> G5 -> G6 -> G7
2220,post_optimization,1.127073071714224,0,0.3092237149401779,0.005776285059822084,0,False,D:rise|G4[0]|G5[0]|G6[0]|G7[1]|OUT:rise,D -> G4 -> G5 -> G6 -> G7
2221,pre_optimization,-0.8947295412083396,0,0.31414839819847507,0.0008516018015249371,0,False,D:rise|G4[0]|G5[0]|G6[0]|G7[1]|OUT:rise,D -> G4 -> G5 -> G6 -> G7
2221,post_optimization,-0.8947295412083396,0,0.2971533934696911,0.017846606530308895,0,False,A:rise|G1[0]|G2[0]|G3[0]|G7[0]|OUT:rise,A -> G1 -> G2 -> G3 -> G7
2222,pre_optimization,0.4384182332188378,0,0.3190772910160723,-0.004077291016072293,-0.004077291016072293,True,A:rise|G1[0]|G2[0]|G3[0]|G7[0]|OUT:rise,A -> G1 -> G2 -> G3 -> G7
2222,post_optimization,0.4384182332188378,0,0.30822824402766524,0.006771755972334759,0,False,A:rise|G1[0]|G2[0]|G3[0]|G7[0]|OUT:rise,A -> G1 -> G2 -> G3 -> G7
2223,pre_optimization,-1.519923227270319,0,0.3046831384766536,0.010316861523346377,0,False,D:rise|G4[0]|G5[0]|G6[0]|G7[1]|OUT:rise,D -> G4 -> G5 -> G6 -> G7
2223,post_optimization,-1.519923227270319,0,0.28720881127607584,0.027791188723924165,0,False,A:rise|G1[0]|G2[0]|G3[0]|G7[0]|OUT:rise,A -> G1 -> G2 -> G3 -> G7
2224,pre_optimization,1.3646315387993964,0,0.33386565890639436,-0.018865658906394356,-0.018865658906394356,True,D:rise|G4[0]|G5[0]|G6[0]|G7[1]|OUT:rise,D -> G4 -> G5 -> G6 -> G7
2224,post_optimization,1.3646315387993964,0,0.3154392885564722,-0.0004392885564721838,-0.0004392885564721838,True,A:rise|G1[0]|G2[0]|G3[0]|G7[0]|OUT:rise,A -> G1 -> G2 -> G3 -> G7
2225,pre_optimization,0.648099704851614,0,0.3232908846764966,-0.00829088467649658,-0.00829088467649658,True,A:rise|G1[0]|G2[0]|G3[0]|G7[0]|OUT:rise,A -> G1 -> G2 -> G3 -> G7
2225,post_optimization,0.648099704851614,0,0.30928011651957804,0.005719883480421961,0,False,A:rise|G1[0]|G2[0]|G3[0]|G7[0]|OUT:rise,A -> G1 -> G2 -> G3 -> G7
2226,pre_optimization,-1.0912830639304218,0,0.30793101889943797,0.007068981100562033,0,False,D:rise|G4[0]|G5[0]|G6[0]|G7[1]|OUT:rise,D -> G4 -> G5 -> G6 -> G7
2226,post_optimization,-1.0912830639304218,0,0.2905659365742908,0.024434063425709196,0,False,D:rise|G4[0]|G5[0]|G6[0]|G7[1]|OUT:rise,D -> G4 -> G5 -> G6 -> G7
2227,pre_optimization,1.8379994909420718,0,0.3358149664122881,-0.020814966412288083,-0.020814966412288083,True,D:rise|G4[0]|G5[0]|G6[0]|G7[1]|OUT:rise,D -> G4 -> G5 -> G6 -> G7
2227,post_optimization,1.8379994909420718,0,0.31636616438661,-0.0013661643866100248,-0.0013661643866100248,True,D:rise|G4[0]|G5[0]|G6[0]|G7[1]|OUT:rise,D -> G4 -> G5 -> G6 -> G7
2228,pre_optimization,0.7670795405518234,0,0.32014886596373426,-0.0051488659637342615,-0.0051488659637342615,True,D:rise|G4[0]|G5[0]|G6[0]|G7[1]|OUT:rise,D -> G4 -> G5 -> G6 -> G7
2228,post_optimization,0.7670795405518234,0,0.3020871049842617,0.01291289501573828,0,False,D:rise|G4[0]|G5[0]|G6[0]|G7[1]|OUT:rise,D -> G4 -> G5 -> G6 -> G7
2229,pre_optimization,1.0305101713908147,0,0.3391212354147274,-0.024121235414727382,-0.024121235414727382,True,A:rise|G1[0]|G2[0]|G3[0]|G7[0]|OUT:rise,A -> G1 -> G2 -> G3 -> G7
2229,post_optimization,1.0305101713908147,0,0.32502733340141127,-0.010027333401411265,-0.010027333401411265,True,A:rise|G1[0]|G2[0]|G3[0]|G7[0]|OUT:rise,A -> G1 -> G2 -> G3 -> G7
2230,pre_optimization,0.2716475976989171,0,0.31646615243785714,-0.0014661524378571378,-0.0014661524378571378,True,A:rise|G1[0]|G2[0]|G3[0]|G7[0]|OUT:rise,A -> G1 -> G2 -> G3 -> G7
2230,post_optimization,0.2716475976989171,0,0.3047735857673029,0.0102264142326971,0,False,A:rise|G1[0]|G2[0]|G3[0]|G7[0]|OUT:rise,A -> G1 -> G2 -> G3 -> G7
2231,pre_optimization,-1.3177846564406734,0,0.3065829529293175,0.008417047070682526,0,False,D:rise|G4[0]|G5[0]|G6[0]|G7[1]|OUT:rise,D -> G4 -> G5 -> G6 -> G7
2231,post_optimization,-1.3177846564406734,0,0.289556459025711,0.025443540974289025,0,False,D:rise|G4[0]|G5[0]|G6[0]|G7[1]|OUT:rise,D -> G4 -> G5 -> G6 -> G7
2232,pre_optimization,-0.9383579415919656,0,0.31479793836675846,0.0002020616332415459,0,False,D:rise|G4[0]|G5[0]|G6[0]|G7[1]|OUT:rise,D -> G4 -> G5 -> G6 -> G7
2232,post_optimization,-0.9383579415919656,0,0.2966114285407411,0.01838857145925893,0,False,D:rise|G4[0]|G5[0]|G6[0]|G7[1]|OUT:rise,D -> G4 -> G5 -> G6 -> G7
2233,pre_optimization,0.3642468470354575,0,0.3216668498669518,-0.006666849866951818,-0.006666849866951818,True,A:rise|G1[0]|G2[0]|G3[0]|G7[0]|OUT:rise,A -> G1 -> G2 -> G3 -> G7
2233,post_optimization,0.3642468470354575,0,0.30934846927460014,0.005651530725399867,0,False,A:rise|G1[0]|G2[0]|G3[0]|G7[0]|OUT:rise,A -> G1 -> G2 -> G3 -> G7
2234,pre_optimization,-0.3776500713095274,0,0.3155025907401954,-0.0005025907401953744,-0.0005025907401953744,True,D:rise|G4[0]|G5[0]|G6[0]|G7[1]|OUT:rise,D -> G4 -> G5 -> G6 -> G7
2234,post_optimization,-0.3776500713095274,0,0.3004296822696317,0.01457031773036832,0,False,A:rise|G1[0]|G2[0]|G3[0]|G7[0]|OUT:rise,A -> G1 -> G2 -> G3 -> G7
2235,pre_optimization,0.30741689974161585,0,0.3220367670115569,-0.007036767011556921,-0.007036767011556921,True,D:rise|G4[0]|G5[0]|G6[0]|G7[1]|OUT:rise,D -> G4 -> G5 -> G6 -> G7
2235,post_optimization,0.30741689974161585,0,0.3037360451826126,0.0112639548173874,0,False,D:rise|G4[0]|G5[0]|G6[0]|G7[1]|OUT:rise,D -> G4 -> G5 -> G6 -> G7
2236,pre_optimization,0.31531025093315457,0,0.31983767473805136,-0.004837674738051356,-0.004837674738051356,True,A:rise|G1[0]|G2[0]|G3[0]|G7[0]|OUT:rise,A -> G1 -> G2 -> G3 -> G7
2236,post_optimization,0.31531025093315457,0,0.31000295793351373,0.004997042066486268,0,False,A:rise|G1[0]|G2[0]|G3[0]|G7[0]|OUT:rise,A -> G1 -> G2 -> G3 -> G7
2237,pre_optimization,-1.4371467752486462,0,0.31670154657165656,-0.0017015465716565537,-0.0017015465716565537,True,D:rise|G4[0]|G5[0]|G6[0]|G7[1]|OUT:rise,D -> G4 -> G5 -> G6 -> G7
2237,post_optimization,-1.4371467752486462,0,0.29834316275699496,0.01665683724300504,0,False,D:rise|G4[0]|G5[0]|G6[0]|G7[1]|OUT:rise,D -> G4 -> G5 -> G6 -> G7
2238,pre_optimization,-1.0188491416287389,0,0.29414994551145274,0.020850054488547265,0,False,D:rise|G4[0]|G5[0]|G6[0]|G7[1]|OUT:rise,D -> G4 -> G5 -> G6 -> G7
2238,post_optimization,-1.0188491416287389,0,0.2829478069410696,0.03205219305893042,0,False,A:rise|G1[0]|G2[0]|G3[0]|G7[0]|OUT:rise,A -> G1 -> G2 -> G3 -> G7
2239,pre_optimization,-1.0203795269129698,0,0.3074671262012578,0.007532873798742179,0,False,D:rise|G4[0]|G5[0]|G6[0]|G7[1]|OUT:rise,D -> G4 -> G5 -> G6 -> G7
2239,post_optimization,-1.0203795269129698,0,0.29591170089329416,0.01908829910670584,0,False,A:rise|G1[0]|G2[0]|G3[0]|G7[0]|OUT:rise,A -> G1 -> G2 -> G3 -> G7
2240,pre_optimization,0.18446957430094418,0,0.3231655837551549,-0.008165583755154915,-0.008165583755154915,True,D:rise|G4[0]|G5[0]|G6[0]|G7[1]|OUT:rise,D -> G4 -> G5 -> G6 -> G7
2240,post_optimization,0.18446957430094418,0,0.3087202821010929,0.006279717898907078,0,False,A:rise|G1[0]|G2[0]|G3[0]|G7[0]|OUT:rise,A -> G1 -> G2 -> G3 -> G7
2241,pre_optimization,-1.9239958626713896,0,0.3073884992398803,0.007611500760119683,0,False,D:rise|G4[0]|G5[0]|G6[0]|G7[1]|OUT:rise,D -> G4 -> G5 -> G6 -> G7
2241,post_optimization,-1.9239958626713896,0,0.29076553006286093,0.02423446993713907,0,False,D:rise|G4[0]|G5[0]|G6[0]|G7[1]|OUT:rise,D -> G4 -> G5 -> G6 -> G7
2242,pre_optimization,-0.8555902677470746,0,0.30782788437617903,0.007172115623820974,0,False,D:rise|G4[0]|G5[0]|G6[0]|G7[1]|OUT:rise,D -> G4 -> G5 -> G6 -> G7
2242,post_optimization,-0.8555902677470746,0,0.2940513397550544,0.020948660244945627,0,False,A:rise|G1[0]|G2[0]|G3[0]|G7[0]|OUT:rise,A -> G1 -> G2 -> G3 -> G7
2243,pre_optimization,0.8739532867180475,0,0.33049156274326214,-0.015491562743262133,-0.015491562743262133,True,A:rise|G1[0]|G2[0]|G3[0]|G7[0]|OUT:rise,A -> G1 -> G2 -> G3 -> G7
2243,post_optimization,0.8739532867180475,0,0.3164775471301814,-0.0014775471301813892,-0.0014775471301813892,True,A:rise|G1[0]|G2[0]|G3[0]|G7[0]|OUT:rise,A -> G1 -> G2 -> G3 -> G7
2244,pre_optimization,0.4436839536683158,0,0.3284646320510359,-0.013464632051035874,-0.013464632051035874,True,A:rise|G1[0]|G2[0]|G3[0]|G7[0]|OUT:rise,A -> G1 -> G2 -> G3 -> G7
2244,post_optimization,0.4436839536683158,0,0.3152007283199866,-0.00020072831998657614,-0.00020072831998657614,True,A:rise|G1[0]|G2[0]|G3[0]|G7[0]|OUT:rise,A -> G1 -> G2 -> G3 -> G7
2245,pre_optimization,-1.4151951527480768,0,0.29883494004566535,0.01616505995433465,0,False,A:rise|G1[0]|G2[0]|G3[0]|G7[0]|OUT:rise,A -> G1 -> G2 -> G3 -> G7
2245,post_optimization,-1.4151951527480768,0,0.28772944448585436,0.027270555514145645,0,False,A:rise|G1[0]|G2[0]|G3[0]|G7[0]|OUT:rise,A -> G1 -> G2 -> G3 -> G7
2246,pre_optimization,1.2851306490018064,0,0.32981830714916466,-0.014818307149164656,-0.014818307149164656,True,A:rise|G1[0]|G2[0]|G3[0]|G7[0]|OUT:rise,A -> G1 -> G2 -> G3 -> G7
2246,post_optimization,1.2851306490018064,0,0.31705975897061656,-0.0020597589706165542,-0.0020597589706165542,True,A:rise|G1[0]|G2[0]|G3[0]|G7[0]|OUT:rise,A -> G1 -> G2 -> G3 -> G7
2247,pre_optimization,1.414272029746444,0,0.33284417581707315,-0.01784417581707315,-0.01784417581707315,True,D:rise|G4[0]|G5[0]|G6[0]|G7[1]|OUT:rise,D -> G4 -> G5 -> G6 -> G7
2247,post_optimization,1.414272029746444,0,0.3139112910802648,0.0010887089197352262,0,False,D:rise|G4[0]|G5[0]|G6[0]|G7[1]|OUT:rise,D -> G4 -> G5 -> G6 -> G7
2248,pre_optimization,0.8354494584343937,0,0.32757369591034047,-0.012573695910340466,-0.012573695910340466,True,A:rise|G1[0]|G2[0]|G3[0]|G7[0]|OUT:rise,A -> G1 -> G2 -> G3 -> G7
2248,post_optimization,0.8354494584343937,0,0.3146074907567753,0.0003925092432247035,0,False,A:rise|G1[0]|G2[0]|G3[0]|G7[0]|OUT:rise,A -> G1 -> G2 -> G3 -> G7
2249,pre_optimization,-0.6269020026107093,0,0.3052757806316474,0.009724219368352605,0,False,D:rise|G4[0]|G5[0]|G6[0]|G7[1]|OUT:rise,D -> G4 -> G5 -> G6 -> G7
2249,post_optimization,-0.6269020026107093,0,0.2865004636148087,0.028499536385191315,0,False,D:rise|G4[0]|G5[0]|G6[0]|G7[1]|OUT:rise,D -> G4 -> G5 -> G6 -> G7
2250,pre_optimization,1.2590532904489042,0,0.32303704126241134,-0.008037041262411337,-0.008037041262411337,True,D:rise|G4[0]|G5[0]|G6[0]|G7[1]|OUT:rise,D -> G4 -> G5 -> G6 -> G7
2250,post_optimization,1.2590532904489042,0,0.30714206836091423,0.007857931639085769,0,False,D:rise|G4[0]|G5[0]|G6[0]|G7[1]|OUT:rise,D -> G4 -> G5 -> G6 -> G7
2251,pre_optimization,-0.6969371947552209,0,0.31901006804447657,-0.004010068044476567,-0.004010068044476567,True,D:rise|G4[0]|G5[0]|G6[0]|G7[1]|OUT:rise,D -> G4 -> G5 -> G6 -> G7
2251,post_optimization,-0.6969371947552209,0,0.3027188681679635,0.012281131832036496,0,False,D:rise|G4[0]|G5[0]|G6[0]|G7[1]|OUT:rise,D -> G4 -> G5 -> G6 -> G7
2252,pre_optimization,-0.5237938427911539,0,0.31056507673488315,0.004434923265116852,0,False,D:rise|G4[0]|G5[0]|G6[0]|G7[1]|OUT:rise,D -> G4 -> G5 -> G6 -> G7
2252,post_optimization,-0.5237938427911539,0,0.2931151422637667,0.021884857736233276,0,False,D:rise|G4[0]|G5[0]|G6[0]|G7[1]|OUT:rise,D -> G4 -> G5 -> G6 -> G7
2253,pre_optimization,-1.229148144059852,0,0.30468976118719937,0.010310238812800632,0,False,D:rise|G4[0]|G5[0]|G6[0]|G7[1]|OUT:rise,D -> G4 -> G5 -> G6 -> G7
2253,post_optimization,-1.229148144059852,0,0.28785249819531367,0.027147501804686336,0,False,D:rise|G4[0]|G5[0]|G6[0]|G7[1]|OUT:rise,D -> G4 -> G5 -> G6 -> G7
2254,pre_optimization,-0.3158015317408103,0,0.3206092596648803,-0.005609259664880295,-0.005609259664880295,True,A:rise|G1[0]|G2[0]|G3[0]|G7[0]|OUT:rise,A -> G1 -> G2 -> G3 -> G7
2254,post_optimization,-0.3158015317408103,0,0.30799536126038524,0.007004638739614766,0,False,A:rise|G1[0]|G2[0]|G3[0]|G7[0]|OUT:rise,A -> G1 -> G2 -> G3 -> G7
2255,pre_optimization,1.4344457188219797,0,0.3284511807266902,-0.013451180726690215,-0.013451180726690215,True,D:rise|G4[0]|G5[0]|G6[0]|G7[1]|OUT:rise,D -> G4 -> G5 -> G6 -> G7
2255,post_optimization,1.4344457188219797,0,0.31121457372851735,0.0037854262714826503,0,False,D:rise|G4[0]|G5[0]|G6[0]|G7[1]|OUT:rise,D -> G4 -> G5 -> G6 -> G7
2256,pre_optimization,-0.4718294025304553,0,0.3239817943018514,-0.00898179430185142,-0.00898179430185142,True,D:rise|G4[0]|G5[0]|G6[0]|G7[1]|OUT:rise,D -> G4 -> G5 -> G6 -> G7
2256,post_optimization,-0.4718294025304553,0,0.30782713865375483,0.007172861346245174,0,False,D:rise|G4[0]|G5[0]|G6[0]|G7[1]|OUT:rise,D -> G4 -> G5 -> G6 -> G7
2257,pre_optimization,-1.1959884150835647,0,0.29967254828455453,0.015327451715445473,0,False,D:rise|G4[0]|G5[0]|G6[0]|G7[1]|OUT:rise,D -> G4 -> G5 -> G6 -> G7
2257,post_optimization,-1.1959884150835647,0,0.2850732140983875,0.029926785901612518,0,False,D:rise|G4[0]|G5[0]|G6[0]|G7[1]|OUT:rise,D -> G4 -> G5 -> G6 -> G7
2258,pre_optimization,-0.06411536258847055,0,0.3157263079035054,-0.0007263079035054187,-0.0007263079035054187,True,A:rise|G1[0]|G2[0]|G3[0]|G7[0]|OUT:rise,A -> G1 -> G2 -> G3 -> G7
2258,post_optimization,-0.06411536258847055,0,0.30517295421203416,0.009827045787965838,0,False,A:rise|G1[0]|G2[0]|G3[0]|G7[0]|OUT:rise,A -> G1 -> G2 -> G3 -> G7
2259,pre_optimization,0.15461292113969735,0,0.31201479562984735,0.00298520437015265,0,False,D:rise|G4[0]|G5[0]|G6[0]|G7[1]|OUT:rise,D -> G4 -> G5 -> G6 -> G7
2259,post_optimization,0.15461292113969735,0,0.29561118328595093,0.019388816714049073,0,False,D:rise|G4[0]|G5[0]|G6[0]|G7[1]|OUT:rise,D -> G4 -> G5 -> G6 -> G7
2260,pre_optimization,0.5403163093640035,0,0.3345936018710742,-0.019593601871074173,-0.019593601871074173,True,A:rise|G1[0]|G2[0]|G3[0]|G7[0]|OUT:rise,A -> G1 -> G2 -> G3 -> G7
2260,post_optimization,0.5403163093640035,0,0.3204900943035019,-0.005490094303501891,-0.005490094303501891,True,A:rise|G1[0]|G2[0]|G3[0]|G7[0]|OUT:rise,A -> G1 -> G2 -> G3 -> G7
2261,pre_optimization,0.5664309294710157,0,0.31834075377796384,-0.003340753777963834,-0.003340753777963834,True,A:rise|G1[0]|G2[0]|G3[0]|G7[0]|OUT:rise,A -> G1 -> G2 -> G3 -> G7
2261,post_optimization,0.5664309294710157,0,0.3059750842608302,0.009024915739169803,0,False,A:rise|G1[0]|G2[0]|G3[0]|G7[0]|OUT:rise,A -> G1 -> G2 -> G3 -> G7
2262,pre_optimization,-0.40935815832274525,0,0.31685815615097024,-0.001858156150970236,-0.001858156150970236,True,D:rise|G4[0]|G5[0]|G6[0]|G7[1]|OUT:rise,D -> G4 -> G5 -> G6 -> G7
2262,post_optimization,-0.40935815832274525,0,0.3015517732912316,0.013448226708768385,0,False,A:rise|G1[0]|G2[0]|G3[0]|G7[0]|OUT:rise,A -> G1 -> G2 -> G3 -> G7
2263,pre_optimization,0.13570518419219801,0,0.3238840483607676,-0.008884048360767616,-0.008884048360767616,True,D:rise|G4[0]|G5[0]|G6[0]|G7[1]|OUT:rise,D -> G4 -> G5 -> G6 -> G7
2263,post_optimization,0.13570518419219801,0,0.307158316889297,0.00784168311070299,0,False,A:rise|G1[0]|G2[0]|G3[0]|G7[0]|OUT:rise,A -> G1 -> G2 -> G3 -> G7
2264,pre_optimization,2.063622073732834,0,0.3382548545966373,-0.023254854596637287,-0.023254854596637287,True,D:rise|G4[0]|G5[0]|G6[0]|G7[1]|OUT:rise,D -> G4 -> G5 -> G6 -> G7
2264,post_optimization,2.063622073732834,0,0.31923076641880843,-0.004230766418808429,-0.004230766418808429,True,D:rise|G4[0]|G5[0]|G6[0]|G7[1]|OUT:rise,D -> G4 -> G5 -> G6 -> G7
2265,pre_optimization,0.04318278472127726,0,0.31506139613282774,-6.139613282774015e-05,-6.139613282774015e-05,True,D:rise|G4[0]|G5[0]|G6[0]|G7[1]|OUT:rise,D -> G4 -> G5 -> G6 -> G7
2265,post_optimization,0.04318278472127726,0,0.29647565163860984,0.018524348361390164,0,False,D:rise|G4[0]|G5[0]|G6[0]|G7[1]|OUT:rise,D -> G4 -> G5 -> G6 -> G7
2266,pre_optimization,-0.5447171349103065,0,0.31482472391365435,0.00017527608634565484,0,False,D:rise|G4[0]|G5[0]|G6[0]|G7[1]|OUT:rise,D -> G4 -> G5 -> G6 -> G7
2266,post_optimization,-0.5447171349103065,0,0.2965980097667689,0.01840199023323108,0,False,D:rise|G4[0]|G5[0]|G6[0]|G7[1]|OUT:rise,D -> G4 -> G5 -> G6 -> G7
2267,pre_optimization,0.7770869775817785,0,0.33201632228832056,-0.017016322288320562,-0.017016322288320562,True,A:rise|G1[0]|G2[0]|G3[0]|G7[0]|OUT:rise,A -> G1 -> G2 -> G3 -> G7
2267,post_optimization,0.7770869775817785,0,0.319133034354006,-0.004133034354005971,-0.004133034354005971,True,A:rise|G1[0]|G2[0]|G3[0]|G7[0]|OUT:rise,A -> G1 -> G2 -> G3 -> G7
2268,pre_optimization,-0.8044665001190806,0,0.3257683771364981,-0.010768377136498086,-0.010768377136498086,True,D:rise|G4[0]|G5[0]|G6[0]|G7[1]|OUT:rise,D -> G4 -> G5 -> G6 -> G7
2268,post_optimization,-0.8044665001190806,0,0.3065449398837404,0.008455060116259627,0,False,A:rise|G1[0]|G2[0]|G3[0]|G7[0]|OUT:rise,A -> G1 -> G2 -> G3 -> G7
2269,pre_optimization,-0.1548718361462163,0,0.3129831076330977,0.0020168923669022787,0,False,A:rise|G1[0]|G2[0]|G3[0]|G7[0]|OUT:rise,A -> G1 -> G2 -> G3 -> G7
2269,post_optimization,-0.1548718361462163,0,0.3018275970578782,0.013172402942121797,0,False,A:rise|G1[0]|G2[0]|G3[0]|G7[0]|OUT:rise,A -> G1 -> G2 -> G3 -> G7
2270,pre_optimization,0.30141122428554507,0,0.3219761501313765,-0.0069761501313764795,-0.0069761501313764795,True,A:rise|G1[0]|G2[0]|G3[0]|G7[0]|OUT:rise,A -> G1 -> G2 -> G3 -> G7
2270,post_optimization,0.30141122428554507,0,0.3071462007165182,0.007853799283481788,0,False,A:rise|G1[0]|G2[0]|G3[0]|G7[0]|OUT:rise,A -> G1 -> G2 -> G3 -> G7
2271,pre_optimization,0.260534775363376,0,0.3182160149863331,-0.0032160149863331156,-0.0032160149863331156,True,A:rise|G1[0]|G2[0]|G3[0]|G7[0]|OUT:rise,A -> G1 -> G2 -> G3 -> G7
2271,post_optimization,0.260534775363376,0,0.30529169814766344,0.009708301852336565,0,False,A:rise|G1[0]|G2[0]|G3[0]|G7[0]|OUT:rise,A -> G1 -> G2 -> G3 -> G7
2272,pre_optimization,0.0668324043596467,0,0.31211914658138484,0.002880853418615159,0,False,A:rise|G1[0]|G2[0]|G3[0]|G7[0]|OUT:rise,A -> G1 -> G2 -> G3 -> G7
2272,post_optimization,0.0668324043596467,0,0.3022256150180507,0.012774384981949327,0,False,A:rise|G1[0]|G2[0]|G3[0]|G7[0]|OUT:rise,A -> G1 -> G2 -> G3 -> G7
2273,pre_optimization,0.44965931478691695,0,0.32982377551233005,-0.01482377551233005,-0.01482377551233005,True,A:rise|G1[0]|G2[0]|G3[0]|G7[0]|OUT:rise,A -> G1 -> G2 -> G3 -> G7
2273,post_optimization,0.44965931478691695,0,0.3163611711473087,-0.0013611711473087151,-0.0013611711473087151,True,A:rise|G1[0]|G2[0]|G3[0]|G7[0]|OUT:rise,A -> G1 -> G2 -> G3 -> G7
2274,pre_optimization,0.6993370576546813,0,0.3324622759249718,-0.017462275924971793,-0.017462275924971793,True,D:rise|G4[0]|G5[0]|G6[0]|G7[1]|OUT:rise,D -> G4 -> G5 -> G6 -> G7
2274,post_optimization,0.6993370576546813,0,0.3139827688515256,0.0010172311484744068,0,False,D:rise|G4[0]|G5[0]|G6[0]|G7[1]|OUT:rise,D -> G4 -> G5 -> G6 -> G7
2275,pre_optimization,0.7597177691295455,0,0.3319144901056331,-0.016914490105633118,-0.016914490105633118,True,A:rise|G1[0]|G2[0]|G3[0]|G7[0]|OUT:rise,A -> G1 -> G2 -> G3 -> G7
2275,post_optimization,0.7597177691295455,0,0.3181906180919118,-0.00319061809191179,-0.00319061809191179,True,A:rise|G1[0]|G2[0]|G3[0]|G7[0]|OUT:rise,A -> G1 -> G2 -> G3 -> G7
2276,pre_optimization,3.0516216111856744,0,0.34721294858422114,-0.032212948584221135,-0.032212948584221135,True,D:rise|G4[0]|G5[0]|G6[0]|G7[1]|OUT:rise,D -> G4 -> G5 -> G6 -> G7
2276,post_optimization,3.0516216111856744,0,0.32860425965522927,-0.013604259655229267,-0.013604259655229267,True,A:rise|G1[0]|G2[0]|G3[0]|G7[0]|OUT:rise,A -> G1 -> G2 -> G3 -> G7
2277,pre_optimization,-1.3141143536573017,0,0.2970130038667981,0.017986996133201927,0,False,D:rise|G4[0]|G5[0]|G6[0]|G7[1]|OUT:rise,D -> G4 -> G5 -> G6 -> G7
2277,post_optimization,-1.3141143536573017,0,0.2816935085498917,0.03330649145010828,0,False,D:rise|G4[0]|G5[0]|G6[0]|G7[1]|OUT:rise,D -> G4 -> G5 -> G6 -> G7
2278,pre_optimization,-0.3247735508715596,0,0.3177690611309645,-0.0027690611309644786,-0.0027690611309644786,True,A:rise|G1[0]|G2[0]|G3[0]|G7[0]|OUT:rise,A -> G1 -> G2 -> G3 -> G7
2278,post_optimization,-0.3247735508715596,0,0.30779143629626327,0.007208563703736737,0,False,A:rise|G1[0]|G2[0]|G3[0]|G7[0]|OUT:rise,A -> G1 -> G2 -> G3 -> G7
2279,pre_optimization,-2.0332787736846214,0,0.3032571201349844,0.011742879865015599,0,False,A:rise|G1[0]|G2[0]|G3[0]|G7[0]|OUT:rise,A -> G1 -> G2 -> G3 -> G7
2279,post_optimization,-2.0332787736846214,0,0.29273010961324686,0.022269890386753144,0,False,A:rise|G1[0]|G2[0]|G3[0]|G7[0]|OUT:rise,A -> G1 -> G2 -> G3 -> G7
2280,pre_optimization,-1.0108042368382064,0,0.3146359292300075,0.0003640707699925083,0,False,A:rise|G1[0]|G2[0]|G3[0]|G7[0]|OUT:rise,A -> G1 -> G2 -> G3 -> G7
2280,post_optimization,-1.0108042368382064,0,0.2985136188560224,0.016486381143977602,0,False,A:rise|G1[0]|G2[0]|G3[0]|G7[0]|OUT:rise,A -> G1 -> G2 -> G3 -> G7
2281,pre_optimization,0.14180746971072467,0,0.3272321622675245,-0.012232162267524493,-0.012232162267524493,True,D:rise|G4[0]|G5[0]|G6[0]|G7[1]|OUT:rise,D -> G4 -> G5 -> G6 -> G7
2281,post_optimization,0.14180746971072467,0,0.30930391236660393,0.005696087633396074,0,False,A:rise|G1[0]|G2[0]|G3[0]|G7[0]|OUT:rise,A -> G1 -> G2 -> G3 -> G7
2282,pre_optimization,-0.18900786210935308,0,0.3074018361067882,0.007598163893211829,0,False,D:rise|G4[0]|G5[0]|G6[0]|G7[1]|OUT:rise,D -> G4 -> G5 -> G6 -> G7
2282,post_optimization,-0.18900786210935308,0,0.2979957154454762,0.017004284554523796,0,False,A:rise|G1[0]|G2[0]|G3[0]|G7[0]|OUT:rise,A -> G1 -> G2 -> G3 -> G7
2283,pre_optimization,1.9574905574315706,0,0.3441798002422279,-0.029179800242227882,-0.029179800242227882,True,A:rise|G1[0]|G2[0]|G3[0]|G7[0]|OUT:rise,A -> G1 -> G2 -> G3 -> G7
2283,post_optimization,1.9574905574315706,0,0.3327420508553897,-0.017742050855389713,-0.017742050855389713,True,A:rise|G1[0]|G2[0]|G3[0]|G7[0]|OUT:rise,A -> G1 -> G2 -> G3 -> G7
2284,pre_optimization,-0.040471666144720565,0,0.31194552852258717,0.0030544714774128345,0,False,D:rise|G4[0]|G5[0]|G6[0]|G7[1]|OUT:rise,D -> G4 -> G5 -> G6 -> G7
2284,post_optimization,-0.040471666144720565,0,0.29429148267984273,0.02070851732015727,0,False,A:rise|G1[0]|G2[0]|G3[0]|G7[0]|OUT:rise,A -> G1 -> G2 -> G3 -> G7
2285,pre_optimization,0.7180204031644031,0,0.3100902214898561,0.004909778510143903,0,False,D:rise|G4[0]|G5[0]|G6[0]|G7[1]|OUT:rise,D -> G4 -> G5 -> G6 -> G7
2285,post_optimization,0.7180204031644031,0,0.2971308713441983,0.017869128655801703,0,False,A:rise|G1[0]|G2[0]|G3[0]|G7[0]|OUT:rise,A -> G1 -> G2 -> G3 -> G7
2286,pre_optimization,-0.20319353658327258,0,0.3156943258590331,-0.000694325859033118,-0.000694325859033118,True,D:rise|G4[0]|G5[0]|G6[0]|G7[1]|OUT:rise,D -> G4 -> G5 -> G6 -> G7
2286,post_optimization,-0.20319353658327258,0,0.29836103645035217,0.016638963549647834,0,False,D:rise|G4[0]|G5[0]|G6[0]|G7[1]|OUT:rise,D -> G4 -> G5 -> G6 -> G7
2287,pre_optimization,1.2874746771801415,0,0.338340652737143,-0.023340652737142975,-0.023340652737142975,True,D:rise|G4[0]|G5[0]|G6[0]|G7[1]|OUT:rise,D -> G4 -> G5 -> G6 -> G7
2287,post_optimization,1.2874746771801415,0,0.31931232235044815,-0.00431232235044815,-0.00431232235044815,True,D:rise|G4[0]|G5[0]|G6[0]|G7[1]|OUT:rise,D -> G4 -> G5 -> G6 -> G7
2288,pre_optimization,1.3685460837901873,0,0.33766667937801276,-0.022666679378012755,-0.022666679378012755,True,D:rise|G4[0]|G5[0]|G6[0]|G7[1]|OUT:rise,D -> G4 -> G5 -> G6 -> G7
2288,post_optimization,1.3685460837901873,0,0.3193432701951212,-0.004343270195121207,-0.004343270195121207,True,D:rise|G4[0]|G5[0]|G6[0]|G7[1]|OUT:rise,D -> G4 -> G5 -> G6 -> G7
2289,pre_optimization,1.04964629663571,0,0.31697307224991705,-0.0019730722499170517,-0.0019730722499170517,True,A:rise|G1[0]|G2[0]|G3[0]|G7[0]|OUT:rise,A -> G1 -> G2 -> G3 -> G7
2289,post_optimization,1.04964629663571,0,0.30409041717728125,0.010909582822718755,0,False,A:rise|G1[0]|G2[0]|G3[0]|G7[0]|OUT:rise,A -> G1 -> G2 -> G3 -> G7
2290,pre_optimization,0.7304274729137912,0,0.32477229092959126,-0.009772290929591254,-0.009772290929591254,True,A:rise|G1[0]|G2[0]|G3[0]|G7[0]|OUT:rise,A -> G1 -> G2 -> G3 -> G7
2290,post_optimization,0.7304274729137912,0,0.31167874097926723,0.0033212590207327697,0,False,A:rise|G1[0]|G2[0]|G3[0]|G7[0]|OUT:rise,A -> G1 -> G2 -> G3 -> G7
2291,pre_optimization,-0.7858951834931994,0,0.3161063808744704,-0.001106380874470403,-0.001106380874470403,True,D:rise|G4[0]|G5[0]|G6[0]|G7[1]|OUT:rise,D -> G4 -> G5 -> G6 -> G7
2291,post_optimization,-0.7858951834931994,0,0.2987340029868981,0.016265997013101885,0,False,A:rise|G1[0]|G2[0]|G3[0]|G7[0]|OUT:rise,A -> G1 -> G2 -> G3 -> G7
2292,pre_optimization,-0.43800459399434966,0,0.326437287144534,-0.011437287144534014,-0.011437287144534014,True,A:rise|G1[0]|G2[0]|G3[0]|G7[0]|OUT:rise,A -> G1 -> G2 -> G3 -> G7
2292,post_optimization,-0.43800459399434966,0,0.3129326163568987,0.002067383643101328,0,False,A:rise|G1[0]|G2[0]|G3[0]|G7[0]|OUT:rise,A -> G1 -> G2 -> G3 -> G7
2293,pre_optimization,0.6489069134812521,0,0.32986592442067475,-0.014865924420674748,-0.014865924420674748,True,D:rise|G4[0]|G5[0]|G6[0]|G7[1]|OUT:rise,D -> G4 -> G5 -> G6 -> G7
2293,post_optimization,0.6489069134812521,0,0.3124922775724758,0.0025077224275242282,0,False,A:rise|G1[0]|G2[0]|G3[0]|G7[0]|OUT:rise,A -> G1 -> G2 -> G3 -> G7
2294,pre_optimization,-1.9749223951418746,0,0.3018296393104668,0.0131703606895332,0,False,A:rise|G1[0]|G2[0]|G3[0]|G7[0]|OUT:rise,A -> G1 -> G2 -> G3 -> G7
2294,post_optimization,-1.9749223951418746,0,0.2881194089408959,0.02688059105910412,0,False,A:rise|G1[0]|G2[0]|G3[0]|G7[0]|OUT:rise,A -> G1 -> G2 -> G3 -> G7
2295,pre_optimization,-1.3944325981843189,0,0.3113233881110915,0.0036766118889084987,0,False,A:rise|G1[0]|G2[0]|G3[0]|G7[0]|OUT:rise,A -> G1 -> G2 -> G3 -> G7
2295,post_optimization,-1.3944325981843189,0,0.29851754316004775,0.016482456839952253,0,False,A:rise|G1[0]|G2[0]|G3[0]|G7[0]|OUT:rise,A -> G1 -> G2 -> G3 -> G7
2296,pre_optimization,0.4999878638757073,0,0.3315879214564944,-0.016587921456494403,-0.016587921456494403,True,A:rise|G1[0]|G2[0]|G3[0]|G7[0]|OUT:rise,A -> G1 -> G2 -> G3 -> G7
2296,post_optimization,0.4999878638757073,0,0.31908177357165757,-0.004081773571657565,-0.004081773571657565,True,A:rise|G1[0]|G2[0]|G3[0]|G7[0]|OUT:rise,A -> G1 -> G2 -> G3 -> G7
2297,pre_optimization,1.8209453201721122,0,0.3261103029787949,-0.011110302978794895,-0.011110302978794895,True,D:rise|G4[0]|G5[0]|G6[0]|G7[1]|OUT:rise,D -> G4 -> G5 -> G6 -> G7
2297,post_optimization,1.8209453201721122,0,0.3095526228031732,0.005447377196826808,0,False,A:rise|G1[0]|G2[0]|G3[0]|G7[0]|OUT:rise,A -> G1 -> G2 -> G3 -> G7
2298,pre_optimization,-0.31322552925471564,0,0.3192587599714499,-0.004258759971449921,-0.004258759971449921,True,A:rise|G1[0]|G2[0]|G3[0]|G7[0]|OUT:rise,A -> G1 -> G2 -> G3 -> G7
2298,post_optimization,-0.31322552925471564,0,0.3048366451989271,0.010163354801072888,0,False,A:rise|G1[0]|G2[0]|G3[0]|G7[0]|OUT:rise,A -> G1 -> G2 -> G3 -> G7
2299,pre_optimization,0.6367694543584869,0,0.32924559899470485,-0.014245598994704844,-0.014245598994704844,True,D:rise|G4[0]|G5[0]|G6[0]|G7[1]|OUT:rise,D -> G4 -> G5 -> G6 -> G7
2299,post_optimization,0.6367694543584869,0,0.3093792950040888,0.005620704995911219,0,False,A:rise|G1[0]|G2[0]|G3[0]|G7[0]|OUT:rise,A -> G1 -> G2 -> G3 -> G7
2300,pre_optimization,2.803009007332881,0,0.3480625714709025,-0.033062571470902524,-0.03333681691091861,True,D:rise|G4[0]|G5[0]|G6[0]|G7[1]|OUT:rise,D -> G4 -> G5 -> G6 -> G7
2300,post_optimization,2.803009007332881,0,0.3343851710819608,-0.019385171081960806,-0.019385171081960806,True,A:rise|G1[0]|G2[0]|G3[0]|G7[0]|OUT:rise,A -> G1 -> G2 -> G3 -> G7
2301,pre_optimization,-2.0834161671834552,0,0.2875716304957596,0.02742836950424038,0,False,D:rise|G4[0]|G5[0]|G6[0]|G7[1]|OUT:rise,D -> G4 -> G5 -> G6 -> G7
2301,post_optimization,-2.0834161671834552,0,0.2735190217000647,0.0414809782999353,0,False,D:rise|G4[0]|G5[0]|G6[0]|G7[1]|OUT:rise,D -> G4 -> G5 -> G6 -> G7
2302,pre_optimization,2.1231188245924844,0,0.33776061726886686,-0.022760617268866856,-0.022760617268866856,True,D:rise|G4[0]|G5[0]|G6[0]|G7[1]|OUT:rise,D -> G4 -> G5 -> G6 -> G7
2302,post_optimization,2.1231188245924844,0,0.3194113400404244,-0.004411340040424372,-0.004411340040424372,True,D:rise|G4[0]|G5[0]|G6[0]|G7[1]|OUT:rise,D -> G4 -> G5 -> G6 -> G7
2303,pre_optimization,0.9100323971401341,0,0.3325254527817666,-0.017525452781766593,-0.017525452781766593,True,A:rise|G1[0]|G2[0]|G3[0]|G7[0]|OUT:rise,A -> G1 -> G2 -> G3 -> G7
2303,post_optimization,0.9100323971401341,0,0.320399633972791,-0.005399633972790974,-0.005399633972790974,True,A:rise|G1[0]|G2[0]|G3[0]|G7[0]|OUT:rise,A -> G1 -> G2 -> G3 -> G7
2304,pre_optimization,-0.30657914003592135,0,0.30244081992570904,0.012559180074290965,0,False,A:rise|G1[0]|G2[0]|G3[0]|G7[0]|OUT:rise,A -> G1 -> G2 -> G3 -> G7
2304,post_optimization,-0.30657914003592135,0,0.2914521958883025,0.02354780411169749,0,False,A:rise|G1[0]|G2[0]|G3[0]|G7[0]|OUT:rise,A -> G1 -> G2 -> G3 -> G7
2305,pre_optimization,1.304658970291614,0,0.3410020134956241,-0.026002013495624088,-0.026002013495624088,True,D:rise|G4[0]|G5[0]|G6[0]|G7[1]|OUT:rise,D -> G4 -> G5 -> G6 -> G7
2305,post_optimization,1.304658970291614,0,0.31936056471007246,-0.0043605647100724565,-0.0043605647100724565,True,D:rise|G4[0]|G5[0]|G6[0]|G7[1]|OUT:rise,D -> G4 -> G5 -> G6 -> G7
2306,pre_optimization,0.9613959173167017,0,0.34017913451411397,-0.025179134514113966,-0.025179134514113966,True,A:rise|G1[0]|G2[0]|G3[0]|G7[0]|OUT:rise,A -> G1 -> G2 -> G3 -> G7
2306,post_optimization,0.9613959173167017,0,0.32678833424550313,-0.01178833424550313,-0.01178833424550313,True,A:rise|G1[0]|G2[0]|G3[0]|G7[0]|OUT:rise,A -> G1 -> G2 -> G3 -> G7
2307,pre_optimization,-0.6036656122647226,0,0.30762956455941554,0.007370435440584466,0,False,A:rise|G1[0]|G2[0]|G3[0]|G7[0]|OUT:rise,A -> G1 -> G2 -> G3 -> G7
2307,post_optimization,-0.6036656122647226,0,0.2969915870751044,0.018008412924895578,0,False,A:rise|G1[0]|G2[0]|G3[0]|G7[0]|OUT:rise,A -> G1 -> G2 -> G3 -> G7
2308,pre_optimization,0.3146432087890848,0,0.3169632846724312,-0.001963284672431176,-0.001963284672431176,True,D:rise|G4[0]|G5[0]|G6[0]|G7[1]|OUT:rise,D -> G4 -> G5 -> G6 -> G7
2308,post_optimization,0.3146432087890848,0,0.2982018699604918,0.016798130039508197,0,False,D:rise|G4[0]|G5[0]|G6[0]|G7[1]|OUT:rise,D -> G4 -> G5 -> G6 -> G7
2309,pre_optimization,1.4745635087757345,0,0.340329333788762,-0.02532933378876201,-0.02532933378876201,True,D:rise|G4[0]|G5[0]|G6[0]|G7[1]|OUT:rise,D -> G4 -> G5 -> G6 -> G7
2309,post_optimization,1.4745635087757345,0,0.32032269650199996,-0.005322696501999957,-0.005322696501999957,True,D:rise|G4[0]|G5[0]|G6[0]|G7[1]|OUT:rise,D -> G4 -> G5 -> G6 -> G7
2310,pre_optimization,1.019101157307537,0,0.3228639027987064,-0.007863902798706413,-0.007863902798706413,True,D:rise|G4[0]|G5[0]|G6[0]|G7[1]|OUT:rise,D -> G4 -> G5 -> G6 -> G7
2310,post_optimization,1.019101157307537,0,0.3115710992050371,0.003428900794962886,0,False,A:rise|G1[0]|G2[0]|G3[0]|G7[0]|OUT:rise,A -> G1 -> G2 -> G3 -> G7
2311,pre_optimization,0.823574725668079,0,0.3257133571574298,-0.01071335715742977,-0.01071335715742977,True,A:rise|G1[0]|G2[0]|G3[0]|G7[0]|OUT:rise,A -> G1 -> G2 -> G3 -> G7
2311,post_optimization,0.823574725668079,0,0.3107860568450674,0.00421394315493262,0,False,A:rise|G1[0]|G2[0]|G3[0]|G7[0]|OUT:rise,A -> G1 -> G2 -> G3 -> G7
2312,pre_optimization,-1.3702439955720542,0,0.30283333498875775,0.01216666501124225,0,False,D:rise|G4[0]|G5[0]|G6[0]|G7[1]|OUT:rise,D -> G4 -> G5 -> G6 -> G7
2312,post_optimization,-1.3702439955720542,0,0.28709898046666654,0.02790101953333346,0,False,D:rise|G4[0]|G5[0]|G6[0]|G7[1]|OUT:rise,D -> G4 -> G5 -> G6 -> G7
2313,pre_optimization,-0.3989322582900898,0,0.31326861301732745,0.0017313869826725559,0,False,D:rise|G4[0]|G5[0]|G6[0]|G7[1]|OUT:rise,D -> G4 -> G5 -> G6 -> G7
2313,post_optimization,-0.3989322582900898,0,0.2953898239618902,0.019610176038109828,0,False,D:rise|G4[0]|G5[0]|G6[0]|G7[1]|OUT:rise,D -> G4 -> G5 -> G6 -> G7
2314,pre_optimization,0.933040375985763,0,0.32617309473341816,-0.011173094733418154,-0.011173094733418154,True,A:rise|G1[0]|G2[0]|G3[0]|G7[0]|OUT:rise,A -> G1 -> G2 -> G3 -> G7
2314,post_optimization,0.933040375985763,0,0.3117228922856077,0.0032771077143923244,0,False,A:rise|G1[0]|G2[0]|G3[0]|G7[0]|OUT:rise,A -> G1 -> G2 -> G3 -> G7
2315,pre_optimization,-1.6372751580803406,0,0.30840861851042467,0.006591381489575332,0,False,D:rise|G4[0]|G5[0]|G6[0]|G7[1]|OUT:rise,D -> G4 -> G5 -> G6 -> G7
2315,post_optimization,-1.6372751580803406,0,0.2909750617540897,0.024024938245910288,0,False,A:rise|G1[0]|G2[0]|G3[0]|G7[0]|OUT:rise,A -> G1 -> G2 -> G3 -> G7
2316,pre_optimization,1.5487948306820385,0,0.3339411086799524,-0.018941108679952412,-0.018941108679952412,True,D:rise|G4[0]|G5[0]|G6[0]|G7[1]|OUT:rise,D -> G4 -> G5 -> G6 -> G7
2316,post_optimization,1.5487948306820385,0,0.31591994055155853,-0.000919940551558529,-0.000919940551558529,True,A:rise|G1[0]|G2[0]|G3[0]|G7[0]|OUT:rise,A -> G1 -> G2 -> G3 -> G7
2317,pre_optimization,-0.9748588621670912,0,0.3139897692414251,0.001010230758574926,0,False,A:rise|G1[0]|G2[0]|G3[0]|G7[0]|OUT:rise,A -> G1 -> G2 -> G3 -> G7
2317,post_optimization,-0.9748588621670912,0,0.301951391409365,0.013048608590635002,0,False,A:rise|G1[0]|G2[0]|G3[0]|G7[0]|OUT:rise,A -> G1 -> G2 -> G3 -> G7
2318,pre_optimization,0.0945655763060501,0,0.30659927240920737,0.008400727590792634,0,False,D:rise|G4[0]|G5[0]|G6[0]|G7[1]|OUT:rise,D -> G4 -> G5 -> G6 -> G7
2318,post_optimization,0.0945655763060501,0,0.2919086388983154,0.023091361101684582,0,False,A:rise|G1[0]|G2[0]|G3[0]|G7[0]|OUT:rise,A -> G1 -> G2 -> G3 -> G7
2319,pre_optimization,1.285041820848953,0,0.31625746799525223,-0.001257467995252226,-0.001257467995252226,True,D:rise|G4[0]|G5[0]|G6[0]|G7[1]|OUT:rise,D -> G4 -> G5 -> G6 -> G7
2319,post_optimization,1.285041820848953,0,0.3038007813101364,0.011199218689863621,0,False,A:rise|G1[0]|G2[0]|G3[0]|G7[0]|OUT:rise,A -> G1 -> G2 -> G3 -> G7
2320,pre_optimization,-1.1891797188892201,0,0.3145685122402265,0.00043148775977347453,0,False,D:rise|G4[0]|G5[0]|G6[0]|G7[1]|OUT:rise,D -> G4 -> G5 -> G6 -> G7
2320,post_optimization,-1.1891797188892201,0,0.2950411413491531,0.0199588586508469,0,False,D:rise|G4[0]|G5[0]|G6[0]|G7[1]|OUT:rise,D -> G4 -> G5 -> G6 -> G7
2321,pre_optimization,-1.196316600850111,0,0.3018995304152122,0.013100469584787777,0,False,A:rise|G1[0]|G2[0]|G3[0]|G7[0]|OUT:rise,A -> G1 -> G2 -> G3 -> G7
2321,post_optimization,-1.196316600850111,0,0.29123030668354993,0.02376969331645007,0,False,A:rise|G1[0]|G2[0]|G3[0]|G7[0]|OUT:rise,A -> G1 -> G2 -> G3 -> G7
2322,pre_optimization,-0.7300800562428122,0,0.32257521173781123,-0.007575211737811227,-0.007575211737811227,True,A:rise|G1[0]|G2[0]|G3[0]|G7[0]|OUT:rise,A -> G1 -> G2 -> G3 -> G7
2322,post_optimization,-0.7300800562428122,0,0.30748339932081503,0.0075166006791849704,0,False,A:rise|G1[0]|G2[0]|G3[0]|G7[0]|OUT:rise,A -> G1 -> G2 -> G3 -> G7
2323,pre_optimization,-0.6998529143962485,0,0.30852567183202534,0.006474328167974663,0,False,D:rise|G4[0]|G5[0]|G6[0]|G7[1]|OUT:rise,D -> G4 -> G5 -> G6 -> G7
2323,post_optimization,-0.6998529143962485,0,0.29064914035822415,0.024350859641775857,0,False,D:rise|G4[0]|G5[0]|G6[0]|G7[1]|OUT:rise,D -> G4 -> G5 -> G6 -> G7
2324,pre_optimization,-1.4794385923568187,0,0.3042703021109673,0.010729697889032719,0,False,D:rise|G4[0]|G5[0]|G6[0]|G7[1]|OUT:rise,D -> G4 -> G5 -> G6 -> G7
2324,post_optimization,-1.4794385923568187,0,0.289352403798878,0.025647596201122003,0,False,A:rise|G1[0]|G2[0]|G3[0]|G7[0]|OUT:rise,A -> G1 -> G2 -> G3 -> G7
2325,pre_optimization,-0.6151440842139987,0,0.314555554517896,0.0004444454821039834,0,False,A:rise|G1[0]|G2[0]|G3[0]|G7[0]|OUT:rise,A -> G1 -> G2 -> G3 -> G7
2325,post_optimization,-0.6151440842139987,0,0.3003617808414488,0.01463821915855118,0,False,A:rise|G1[0]|G2[0]|G3[0]|G7[0]|OUT:rise,A -> G1 -> G2 -> G3 -> G7
2326,pre_optimization,2.1101794684790587,0,0.34081327133352435,-0.025813271333524346,-0.025813271333524346,True,A:rise|G1[0]|G2[0]|G3[0]|G7[0]|OUT:rise,A -> G1 -> G2 -> G3 -> G7
2326,post_optimization,2.1101794684790587,0,0.3258746303323716,-0.010874630332371571,-0.010874630332371571,True,A:rise|G1[0]|G2[0]|G3[0]|G7[0]|OUT:rise,A -> G1 -> G2 -> G3 -> G7
2327,pre_optimization,-0.25735405346830365,0,0.29940261577283456,0.015597384227165445,0,False,D:rise|G4[0]|G5[0]|G6[0]|G7[1]|OUT:rise,D -> G4 -> G5 -> G6 -> G7
2327,post_optimization,-0.25735405346830365,0,0.2869207321822964,0.02807926781770359,0,False,A:rise|G1[0]|G2[0]|G3[0]|G7[0]|OUT:rise,A -> G1 -> G2 -> G3 -> G7
2328,pre_optimization,-1.9208001844581042,0,0.2861462839754586,0.028853716024541398,0,False,A:rise|G1[0]|G2[0]|G3[0]|G7[0]|OUT:rise,A -> G1 -> G2 -> G3 -> G7
2328,post_optimization,-1.9208001844581042,0,0.277332558550085,0.03766744144991502,0,False,A:rise|G1[0]|G2[0]|G3[0]|G7[0]|OUT:rise,A -> G1 -> G2 -> G3 -> G7
2329,pre_optimization,1.6732436985262282,0,0.3097817286869774,0.005218271313022604,0,False,D:rise|G4[0]|G5[0]|G6[0]|G7[1]|OUT:rise,D -> G4 -> G5 -> G6 -> G7
2329,post_optimization,1.6732436985262282,0,0.29703316736147256,0.01796683263852744,0,False,A:rise|G1[0]|G2[0]|G3[0]|G7[0]|OUT:rise,A -> G1 -> G2 -> G3 -> G7
2330,pre_optimization,1.086388826822686,0,0.3229674879115835,-0.00796748791158347,-0.00796748791158347,True,D:rise|G4[0]|G5[0]|G6[0]|G7[1]|OUT:rise,D -> G4 -> G5 -> G6 -> G7
2330,post_optimization,1.086388826822686,0,0.30543087878001274,0.009569121219987264,0,False,D:rise|G4[0]|G5[0]|G6[0]|G7[1]|OUT:rise,D -> G4 -> G5 -> G6 -> G7
2331,pre_optimization,-0.42019481101332234,0,0.3135451688751313,0.0014548311248687162,0,False,D:rise|G4[0]|G5[0]|G6[0]|G7[1]|OUT:rise,D -> G4 -> G5 -> G6 -> G7
2331,post_optimization,-0.42019481101332234,0,0.29964793268840695,0.015352067311593054,0,False,A:rise|G1[0]|G2[0]|G3[0]|G7[0]|OUT:rise,A -> G1 -> G2 -> G3 -> G7
2332,pre_optimization,0.8665404786942295,0,0.32860235339749777,-0.013602353397497768,-0.013602353397497768,True,D:rise|G4[0]|G5[0]|G6[0]|G7[1]|OUT:rise,D -> G4 -> G5 -> G6 -> G7
2332,post_optimization,0.8665404786942295,0,0.3080889240168162,0.006911075983183801,0,False,D:rise|G4[0]|G5[0]|G6[0]|G7[1]|OUT:rise,D -> G4 -> G5 -> G6 -> G7
2333,pre_optimization,-0.5374163650777998,0,0.3243961785096242,-0.009396178509624209,-0.009396178509624209,True,D:rise|G4[0]|G5[0]|G6[0]|G7[1]|OUT:rise,D -> G4 -> G5 -> G6 -> G7
2333,post_optimization,-0.5374163650777998,0,0.3057410804570777,0.009258919542922295,0,False,A:rise|G1[0]|G2[0]|G3[0]|G7[0]|OUT:rise,A -> G1 -> G2 -> G3 -> G7
2334,pre_optimization,-0.4865494804703538,0,0.3062959760762702,0.00870402392372982,0,False,D:rise|G4[0]|G5[0]|G6[0]|G7[1]|OUT:rise,D -> G4 -> G5 -> G6 -> G7
2334,post_optimization,-0.4865494804703538,0,0.29074195837013567,0.024258041629864335,0,False,D:rise|G4[0]|G5[0]|G6[0]|G7[1]|OUT:rise,D -> G4 -> G5 -> G6 -> G7
2335,pre_optimization,-0.4418861869935163,0,0.3182985232784233,-0.003298523278423282,-0.003298523278423282,True,A:rise|G1[0]|G2[0]|G3[0]|G7[0]|OUT:rise,A -> G1 -> G2 -> G3 -> G7
2335,post_optimization,-0.4418861869935163,0,0.30666890534854185,0.008331094651458149,0,False,A:rise|G1[0]|G2[0]|G3[0]|G7[0]|OUT:rise,A -> G1 -> G2 -> G3 -> G7
2336,pre_optimization,1.2805351923147363,0,0.3332237159338873,-0.018223715933887275,-0.018223715933887275,True,A:rise|G1[0]|G2[0]|G3[0]|G7[0]|OUT:rise,A -> G1 -> G2 -> G3 -> G7
2336,post_optimization,1.2805351923147363,0,0.3194506931416117,-0.004450693141611672,-0.004450693141611672,True,A:rise|G1[0]|G2[0]|G3[0]|G7[0]|OUT:rise,A -> G1 -> G2 -> G3 -> G7
2337,pre_optimization,1.0773914952904822,0,0.3348221904183499,-0.019822190418349872,-0.019822190418349872,True,A:rise|G1[0]|G2[0]|G3[0]|G7[0]|OUT:rise,A -> G1 -> G2 -> G3 -> G7
2337,post_optimization,1.0773914952904822,0,0.31940839414449157,-0.0044083941444915675,-0.0044083941444915675,True,A:rise|G1[0]|G2[0]|G3[0]|G7[0]|OUT:rise,A -> G1 -> G2 -> G3 -> G7
2338,pre_optimization,0.27042119922033997,0,0.322918773999234,-0.007918773999234019,-0.007918773999234019,True,D:rise|G4[0]|G5[0]|G6[0]|G7[1]|OUT:rise,D -> G4 -> G5 -> G6 -> G7
2338,post_optimization,0.27042119922033997,0,0.30516588670964256,0.009834113290357438,0,False,D:rise|G4[0]|G5[0]|G6[0]|G7[1]|OUT:rise,D -> G4 -> G5 -> G6 -> G7
2339,pre_optimization,-0.9164622983751369,0,0.31000226370191936,0.004997736298080646,0,False,D:rise|G4[0]|G5[0]|G6[0]|G7[1]|OUT:rise,D -> G4 -> G5 -> G6 -> G7
2339,post_optimization,-0.9164622983751369,0,0.29192400064481483,0.023075999355185173,0,False,D:rise|G4[0]|G5[0]|G6[0]|G7[1]|OUT:rise,D -> G4 -> G5 -> G6 -> G7
2340,pre_optimization,-0.6777294812474257,0,0.30834693781006844,0.006653062189931558,0,False,A:rise|G1[0]|G2[0]|G3[0]|G7[0]|OUT:rise,A -> G1 -> G2 -> G3 -> G7
2340,post_optimization,-0.6777294812474257,0,0.2969334483493856,0.018066551650614382,0,False,A:rise|G1[0]|G2[0]|G3[0]|G7[0]|OUT:rise,A -> G1 -> G2 -> G3 -> G7
2341,pre_optimization,0.260177323077397,0,0.32434119554376706,-0.009341195543767056,-0.009341195543767056,True,D:rise|G4[0]|G5[0]|G6[0]|G7[1]|OUT:rise,D -> G4 -> G5 -> G6 -> G7
2341,post_optimization,0.260177323077397,0,0.304750423317008,0.010249576682991979,0,False,D:rise|G4[0]|G5[0]|G6[0]|G7[1]|OUT:rise,D -> G4 -> G5 -> G6 -> G7
2342,pre_optimization,-0.05148488454531714,0,0.31862400183787337,-0.0036240018378733696,-0.0036240018378733696,True,D:rise|G4[0]|G5[0]|G6[0]|G7[1]|OUT:rise,D -> G4 -> G5 -> G6 -> G7
2342,post_optimization,-0.05148488454531714,0,0.3005730342224898,0.014426965777510181,0,False,D:rise|G4[0]|G5[0]|G6[0]|G7[1]|OUT:rise,D -> G4 -> G5 -> G6 -> G7
2343,pre_optimization,0.28696526480846574,0,0.3169985648715511,-0.0019985648715510895,-0.0019985648715510895,True,D:rise|G4[0]|G5[0]|G6[0]|G7[1]|OUT:rise,D -> G4 -> G5 -> G6 -> G7
2343,post_optimization,0.28696526480846574,0,0.2977782688535716,0.017221731146428387,0,False,A:rise|G1[0]|G2[0]|G3[0]|G7[0]|OUT:rise,A -> G1 -> G2 -> G3 -> G7
2344,pre_optimization,1.7137237001083023,0,0.3366619892110746,-0.021661989211074595,-0.021661989211074595,True,D:rise|G4[0]|G5[0]|G6[0]|G7[1]|OUT:rise,D -> G4 -> G5 -> G6 -> G7
2344,post_optimization,1.7137237001083023,0,0.31724951813117996,-0.0022495181311799617,-0.0022495181311799617,True,D:rise|G4[0]|G5[0]|G6[0]|G7[1]|OUT:rise,D -> G4 -> G5 -> G6 -> G7
2345,pre_optimization,-0.8103038003446845,0,0.30864234983887995,0.006357650161120054,0,False,D:rise|G4[0]|G5[0]|G6[0]|G7[1]|OUT:rise,D -> G4 -> G5 -> G6 -> G7
2345,post_optimization,-0.8103038003446845,0,0.29399860509916165,0.021001394900838355,0,False,A:rise|G1[0]|G2[0]|G3[0]|G7[0]|OUT:rise,A -> G1 -> G2 -> G3 -> G7
2346,pre_optimization,-0.4537361755199166,0,0.304250676054046,0.010749323945954015,0,False,D:rise|G4[0]|G5[0]|G6[0]|G7[1]|OUT:rise,D -> G4 -> G5 -> G6 -> G7
2346,post_optimization,-0.4537361755199166,0,0.28870011015235064,0.02629988984764936,0,False,D:rise|G4[0]|G5[0]|G6[0]|G7[1]|OUT:rise,D -> G4 -> G5 -> G6 -> G7
2347,pre_optimization,-0.16160217736419424,0,0.3165276397499145,-0.001527639749914489,-0.001527639749914489,True,A:rise|G1[0]|G2[0]|G3[0]|G7[0]|OUT:rise,A -> G1 -> G2 -> G3 -> G7
2347,post_optimization,-0.16160217736419424,0,0.3055100981615625,0.009489901838437509,0,False,A:rise|G1[0]|G2[0]|G3[0]|G7[0]|OUT:rise,A -> G1 -> G2 -> G3 -> G7
2348,pre_optimization,-1.9566280627725083,0,0.29502796838515943,0.01997203161484057,0,False,D:rise|G4[0]|G5[0]|G6[0]|G7[1]|OUT:rise,D -> G4 -> G5 -> G6 -> G7
2348,post_optimization,-1.9566280627725083,0,0.28017585193537253,0.03482414806462747,0,False,D:rise|G4[0]|G5[0]|G6[0]|G7[1]|OUT:rise,D -> G4 -> G5 -> G6 -> G7
2349,pre_optimization,0.6782139000789941,0,0.33325349230363166,-0.018253492303631658,-0.018253492303631658,True,D:rise|G4[0]|G5[0]|G6[0]|G7[1]|OUT:rise,D -> G4 -> G5 -> G6 -> G7
2349,post_optimization,0.6782139000789941,0,0.31566984119593444,-0.0006698411959344397,-0.0006698411959344397,True,A:rise|G1[0]|G2[0]|G3[0]|G7[0]|OUT:rise,A -> G1 -> G2 -> G3 -> G7
2350,pre_optimization,1.8571161103365954,0,0.3340678694846446,-0.019067869484644617,-0.019067869484644617,True,A:rise|G1[0]|G2[0]|G3[0]|G7[0]|OUT:rise,A -> G1 -> G2 -> G3 -> G7
2350,post_optimization,1.8571161103365954,0,0.3174709740468529,-0.002470974046852925,-0.002470974046852925,True,A:rise|G1[0]|G2[0]|G3[0]|G7[0]|OUT:rise,A -> G1 -> G2 -> G3 -> G7
2351,pre_optimization,-1.1926470209302655,0,0.3239830784460166,-0.00898307844601659,-0.00898307844601659,True,D:rise|G4[0]|G5[0]|G6[0]|G7[1]|OUT:rise,D -> G4 -> G5 -> G6 -> G7
2351,post_optimization,-1.1926470209302655,0,0.3019164845499214,0.013083515450078576,0,False,D:rise|G4[0]|G5[0]|G6[0]|G7[1]|OUT:rise,D -> G4 -> G5 -> G6 -> G7
2352,pre_optimization,-0.6258327025753383,0,0.3132665688132002,0.0017334311867998053,0,False,A:rise|G1[0]|G2[0]|G3[0]|G7[0]|OUT:rise,A -> G1 -> G2 -> G3 -> G7
2352,post_optimization,-0.6258327025753383,0,0.3010869391930871,0.013913060806912902,0,False,A:rise|G1[0]|G2[0]|G3[0]|G7[0]|OUT:rise,A -> G1 -> G2 -> G3 -> G7
2353,pre_optimization,-0.2783947791365517,0,0.31183283902894765,0.003167160971052352,0,False,D:rise|G4[0]|G5[0]|G6[0]|G7[1]|OUT:rise,D -> G4 -> G5 -> G6 -> G7
2353,post_optimization,-0.2783947791365517,0,0.29860603506135414,0.016393964938645866,0,False,A:rise|G1[0]|G2[0]|G3[0]|G7[0]|OUT:rise,A -> G1 -> G2 -> G3 -> G7
2354,pre_optimization,0.20644172441980554,0,0.3352314211055528,-0.020231421105552816,-0.020231421105552816,True,D:rise|G4[0]|G5[0]|G6[0]|G7[1]|OUT:rise,D -> G4 -> G5 -> G6 -> G7
2354,post_optimization,0.20644172441980554,0,0.3149309553109069,6.904468909307848e-05,0,False,D:rise|G4[0]|G5[0]|G6[0]|G7[1]|OUT:rise,D -> G4 -> G5 -> G6 -> G7
2355,pre_optimization,0.5415841224054156,0,0.3269839011698671,-0.011983901169867084,-0.011983901169867084,True,D:rise|G4[0]|G5[0]|G6[0]|G7[1]|OUT:rise,D -> G4 -> G5 -> G6 -> G7
2355,post_optimization,0.5415841224054156,0,0.3107570608830482,0.004242939116951783,0,False,A:rise|G1[0]|G2[0]|G3[0]|G7[0]|OUT:rise,A -> G1 -> G2 -> G3 -> G7
2356,pre_optimization,-2.2131968348936257,0,0.30215174545001056,0.012848254549989446,0,False,D:rise|G4[0]|G5[0]|G6[0]|G7[1]|OUT:rise,D -> G4 -> G5 -> G6 -> G7
2356,post_optimization,-2.2131968348936257,0,0.28610136945582765,0.028898630544172355,0,False,D:rise|G4[0]|G5[0]|G6[0]|G7[1]|OUT:rise,D -> G4 -> G5 -> G6 -> G7
2357,pre_optimization,-0.7086120453563264,0,0.29992918980489414,0.015070810195105866,0,False,D:rise|G4[0]|G5[0]|G6[0]|G7[1]|OUT:rise,D -> G4 -> G5 -> G6 -> G7
2357,post_optimization,-0.7086120453563264,0,0.28486770117872207,0.030132298821277936,0,False,D:rise|G4[0]|G5[0]|G6[0]|G7[1]|OUT:rise,D -> G4 -> G5 -> G6 -> G7
2358,pre_optimization,-1.536388615903354,0,0.3090312680268944,0.005968731973105601,0,False,D:rise|G4[0]|G5[0]|G6[0]|G7[1]|OUT:rise,D -> G4 -> G5 -> G6 -> G7
2358,post_optimization,-1.536388615903354,0,0.2919253097875974,0.023074690212402604,0,False,D:rise|G4[0]|G5[0]|G6[0]|G7[1]|OUT:rise,D -> G4 -> G5 -> G6 -> G7
2359,pre_optimization,0.1398983356818232,0,0.3208031949322964,-0.005803194932296418,-0.005803194932296418,True,D:rise|G4[0]|G5[0]|G6[0]|G7[1]|OUT:rise,D -> G4 -> G5 -> G6 -> G7
2359,post_optimization,0.1398983356818232,0,0.30314929048427114,0.011850709515728863,0,False,D:rise|G4[0]|G5[0]|G6[0]|G7[1]|OUT:rise,D -> G4 -> G5 -> G6 -> G7
2360,pre_optimization,1.3199290186783188,0,0.32309561654580465,-0.008095616545804651,-0.008095616545804651,True,D:rise|G4[0]|G5[0]|G6[0]|G7[1]|OUT:rise,D -> G4 -> G5 -> G6 -> G7
2360,post_optimization,1.3199290186783188,0,0.30409106274442466,0.010908937255575346,0,False,D:rise|G4[0]|G5[0]|G6[0]|G7[1]|OUT:rise,D -> G4 -> G5 -> G6 -> G7
2361,pre_optimization,-0.6020156018129442,0,0.3081266146249121,0.006873385375087915,0,False,D:rise|G4[0]|G5[0]|G6[0]|G7[1]|OUT:rise,D -> G4 -> G5 -> G6 -> G7
2361,post_optimization,-0.6020156018129442,0,0.2962867806084552,0.0187132193915448,0,False,A:rise|G1[0]|G2[0]|G3[0]|G7[0]|OUT:rise,A -> G1 -> G2 -> G3 -> G7
2362,pre_optimization,2.56864270924357,0,0.3580430263896355,-0.043043026389635475,-0.04676629783044106,True,D:rise|G4[0]|G5[0]|G6[0]|G7[1]|OUT:rise,D -> G4 -> G5 -> G6 -> G7
2362,post_optimization,2.56864270924357,0,0.3366631866155096,-0.02166318661550959,-0.02166318661550959,True,D:rise|G4[0]|G5[0]|G6[0]|G7[1]|OUT:rise,D -> G4 -> G5 -> G6 -> G7
2363,pre_optimization,-0.4277539226526281,0,0.31484718332443756,0.00015281667556243939,0,False,A:rise|G1[0]|G2[0]|G3[0]|G7[0]|OUT:rise,A -> G1 -> G2 -> G3 -> G7
2363,post_optimization,-0.4277539226526281,0,0.3013222768638696,0.013677723136130415,0,False,A:rise|G1[0]|G2[0]|G3[0]|G7[0]|OUT:rise,A -> G1 -> G2 -> G3 -> G7
2364,pre_optimization,-0.7000598608086402,0,0.3084082679290777,0.006591732070922285,0,False,D:rise|G4[0]|G5[0]|G6[0]|G7[1]|OUT:rise,D -> G4 -> G5 -> G6 -> G7
2364,post_optimization,-0.7000598608086402,0,0.2962775177122,0.01872248228779999,0,False,A:rise|G1[0]|G2[0]|G3[0]|G7[0]|OUT:rise,A -> G1 -> G2 -> G3 -> G7
2365,pre_optimization,0.0959216603281008,0,0.3265778685236224,-0.011577868523622414,-0.011577868523622414,True,A:rise|G1[0]|G2[0]|G3[0]|G7[0]|OUT:rise,A -> G1 -> G2 -> G3 -> G7
2365,post_optimization,0.0959216603281008,0,0.3101588054522305,0.0048411945477694895,0,False,A:rise|G1[0]|G2[0]|G3[0]|G7[0]|OUT:rise,A -> G1 -> G2 -> G3 -> G7
2366,pre_optimization,-1.3014267182646366,0,0.3180994859008036,-0.0030994859008036113,-0.0030994859008036113,True,A:rise|G1[0]|G2[0]|G3[0]|G7[0]|OUT:rise,A -> G1 -> G2 -> G3 -> G7
2366,post_optimization,-1.3014267182646366,0,0.30242122541805444,0.012578774581945562,0,False,A:rise|G1[0]|G2[0]|G3[0]|G7[0]|OUT:rise,A -> G1 -> G2 -> G3 -> G7
2367,pre_optimization,-0.6980100943612271,0,0.31588186793673617,-0.0008818679367361693,-0.0008818679367361693,True,D:rise|G4[0]|G5[0]|G6[0]|G7[1]|OUT:rise,D -> G4 -> G5 -> G6 -> G7
2367,post_optimization,-0.6980100943612271,0,0.29654708198131363,0.01845291801868637,0,False,D:rise|G4[0]|G5[0]|G6[0]|G7[1]|OUT:rise,D -> G4 -> G5 -> G6 -> G7
2368,pre_optimization,1.3822959270299862,0,0.33671004905598234,-0.02171004905598234,-0.02171004905598234,True,D:rise|G4[0]|G5[0]|G6[0]|G7[1]|OUT:rise,D -> G4 -> G5 -> G6 -> G7
2368,post_optimization,1.3822959270299862,0,0.3153752700481812,-0.0003752700481812199,-0.0003752700481812199,True,D:rise|G4[0]|G5[0]|G6[0]|G7[1]|OUT:rise,D -> G4 -> G5 -> G6 -> G7
2369,pre_optimization,-0.2105042489025873,0,0.3128531547335818,0.002146845266418229,0,False,A:rise|G1[0]|G2[0]|G3[0]|G7[0]|OUT:rise,A -> G1 -> G2 -> G3 -> G7
2369,post_optimization,-0.2105042489025873,0,0.300965943978173,0.014034056021827002,0,False,A:rise|G1[0]|G2[0]|G3[0]|G7[0]|OUT:rise,A -> G1 -> G2 -> G3 -> G7
2370,pre_optimization,-1.0817735003308429,0,0.32565856293384277,-0.010658562933842763,-0.010658562933842763,True,D:rise|G4[0]|G5[0]|G6[0]|G7[1]|OUT:rise,D -> G4 -> G5 -> G6 -> G7
2370,post_optimization,-1.0817735003308429,0,0.30845003731593074,0.006549962684069266,0,False,D:rise|G4[0]|G5[0]|G6[0]|G7[1]|OUT:rise,D -> G4 -> G5 -> G6 -> G7
2371,pre_optimization,0.3467512466450935,0,0.3012522255340753,0.013747774465924678,0,False,D:rise|G4[0]|G5[0]|G6[0]|G7[1]|OUT:rise,D -> G4 -> G5 -> G6 -> G7
2371,post_optimization,0.3467512466450935,0,0.2868828490944552,0.028117150905544785,0,False,A:rise|G1[0]|G2[0]|G3[0]|G7[0]|OUT:rise,A -> G1 -> G2 -> G3 -> G7
2372,pre_optimization,0.07326521687306387,0,0.3137402901174449,0.0012597098825550823,0,False,D:rise|G4[0]|G5[0]|G6[0]|G7[1]|OUT:rise,D -> G4 -> G5 -> G6 -> G7
2372,post_optimization,0.07326521687306387,0,0.29682899165887744,0.018171008341122563,0,False,A:rise|G1[0]|G2[0]|G3[0]|G7[0]|OUT:rise,A -> G1 -> G2 -> G3 -> G7
2373,pre_optimization,0.33454559896294417,0,0.31468388808598735,0.00031611191401265115,0,False,D:rise|G4[0]|G5[0]|G6[0]|G7[1]|OUT:rise,D -> G4 -> G5 -> G6 -> G7
2373,post_optimization,0.33454559896294417,0,0.2963361907959661,0.018663809204033877,0,False,D:rise|G4[0]|G5[0]|G6[0]|G7[1]|OUT:rise,D -> G4 -> G5 -> G6 -> G7
2374,pre_optimization,0.958523649991192,0,0.335080931743029,-0.020080931743028996,-0.020080931743028996,True,D:rise|G4[0]|G5[0]|G6[0]|G7[1]|OUT:rise,D -> G4 -> G5 -> G6 -> G7
2374,post_optimization,0.958523649991192,0,0.3187835321562141,-0.0037835321562140756,-0.0037835321562140756,True,A:rise|G1[0]|G2[0]|G3[0]|G7[0]|OUT:rise,A -> G1 -> G2 -> G3 -> G7
2375,pre_optimization,-1.2234012164696777,0,0.30814459018348084,0.006855409816519165,0,False,D:rise|G4[0]|G5[0]|G6[0]|G7[1]|OUT:rise,D -> G4 -> G5 -> G6 -> G7
2375,post_optimization,-1.2234012164696777,0,0.29410499980685406,0.02089500019314594,0,False,A:rise|G1[0]|G2[0]|G3[0]|G7[0]|OUT:rise,A -> G1 -> G2 -> G3 -> G7
2376,pre_optimization,-0.8062753614012186,0,0.3076739803475584,0.007326019652441618,0,False,A:rise|G1[0]|G2[0]|G3[0]|G7[0]|OUT:rise,A -> G1 -> G2 -> G3 -> G7
2376,post_optimization,-0.8062753614012186,0,0.29537857145664675,0.019621428543353248,0,False,A:rise|G1[0]|G2[0]|G3[0]|G7[0]|OUT:rise,A -> G1 -> G2 -> G3 -> G7
2377,pre_optimization,0.04630705923149399,0,0.32431507242511615,-0.009315072425116144,-0.009315072425116144,True,D:rise|G4[0]|G5[0]|G6[0]|G7[1]|OUT:rise,D -> G4 -> G5 -> G6 -> G7
2377,post_optimization,0.04630705923149399,0,0.3069016132236264,0.00809838677637359,0,False,A:rise|G1[0]|G2[0]|G3[0]|G7[0]|OUT:rise,A -> G1 -> G2 -> G3 -> G7
2378,pre_optimization,1.4440950132891424,0,0.326729912464789,-0.011729912464788994,-0.011729912464788994,True,D:rise|G4[0]|G5[0]|G6[0]|G7[1]|OUT:rise,D -> G4 -> G5 -> G6 -> G7
2378,post_optimization,1.4440950132891424,0,0.3106661468081217,0.00433385319187829,0,False,A:rise|G1[0]|G2[0]|G3[0]|G7[0]|OUT:rise,A -> G1 -> G2 -> G3 -> G7
2379,pre_optimization,-0.5461855344399565,0,0.29980511323274994,0.01519488676725006,0,False,D:rise|G4[0]|G5[0]|G6[0]|G7[1]|OUT:rise,D -> G4 -> G5 -> G6 -> G7
2379,post_optimization,-0.5461855344399565,0,0.2821853931373701,0.03281460686262988,0,False,D:rise|G4[0]|G5[0]|G6[0]|G7[1]|OUT:rise,D -> G4 -> G5 -> G6 -> G7
2380,pre_optimization,0.928174985292488,0,0.3313629048298957,-0.01636290482989572,-0.01636290482989572,True,D:rise|G4[0]|G5[0]|G6[0]|G7[1]|OUT:rise,D -> G4 -> G5 -> G6 -> G7
2380,post_optimization,0.928174985292488,0,0.31722379017203317,-0.0022237901720331688,-0.0022237901720331688,True,A:rise|G1[0]|G2[0]|G3[0]|G7[0]|OUT:rise,A -> G1 -> G2 -> G3 -> G7
2381,pre_optimization,-0.008107487584604408,0,0.31616502019546394,-0.0011650201954639394,-0.0011650201954639394,True,D:rise|G4[0]|G5[0]|G6[0]|G7[1]|OUT:rise,D -> G4 -> G5 -> G6 -> G7
2381,post_optimization,-0.008107487584604408,0,0.30220560943220237,0.012794390567797631,0,False,A:rise|G1[0]|G2[0]|G3[0]|G7[0]|OUT:rise,A -> G1 -> G2 -> G3 -> G7
2382,pre_optimization,1.0117514864651116,0,0.32793861278281977,-0.01293861278281977,-0.01293861278281977,True,A:rise|G1[0]|G2[0]|G3[0]|G7[0]|OUT:rise,A -> G1 -> G2 -> G3 -> G7
2382,post_optimization,1.0117514864651116,0,0.3178103878519809,-0.0028103878519809,-0.0028103878519809,True,A:rise|G1[0]|G2[0]|G3[0]|G7[0]|OUT:rise,A -> G1 -> G2 -> G3 -> G7
2383,pre_optimization,1.7994435026685034,0,0.33634522006382317,-0.021345220063823167,-0.021345220063823167,True,D:rise|G4[0]|G5[0]|G6[0]|G7[1]|OUT:rise,D -> G4 -> G5 -> G6 -> G7
2383,post_optimization,1.7994435026685034,0,0.3197079221231321,-0.004707922123132091,-0.004707922123132091,True,A:rise|G1[0]|G2[0]|G3[0]|G7[0]|OUT:rise,A -> G1 -> G2 -> G3 -> G7
2384,pre_optimization,1.1880594046197785,0,0.32512984160919844,-0.010129841609198442,-0.010129841609198442,True,D:rise|G4[0]|G5[0]|G6[0]|G7[1]|OUT:rise,D -> G4 -> G5 -> G6 -> G7
2384,post_optimization,1.1880594046197785,0,0.3068668509371553,0.00813314906284468,0,False,D:rise|G4[0]|G5[0]|G6[0]|G7[1]|OUT:rise,D -> G4 -> G5 -> G6 -> G7
2385,pre_optimization,-0.5224449358405718,0,0.32628984334699557,-0.011289843346995565,-0.011289843346995565,True,D:rise|G4[0]|G5[0]|G6[0]|G7[1]|OUT:rise,D -> G4 -> G5 -> G6 -> G7
2385,post_optimization,-0.5224449358405718,0,0.3081098082007595,0.006890191799240497,0,False,D:rise|G4[0]|G5[0]|G6[0]|G7[1]|OUT:rise,D -> G4 -> G5 -> G6 -> G7
2386,pre_optimization,-1.4215501748748463,0,0.3142017946019692,0.0007982053980308268,0,False,D:rise|G4[0]|G5[0]|G6[0]|G7[1]|OUT:rise,D -> G4 -> G5 -> G6 -> G7
2386,post_optimization,-1.4215501748748463,0,0.29555348027467676,0.01944651972532324,0,False,D:rise|G4[0]|G5[0]|G6[0]|G7[1]|OUT:rise,D -> G4 -> G5 -> G6 -> G7
2387,pre_optimization,0.0551628823556571,0,0.31261196039803724,0.002388039601962766,0,False,D:rise|G4[0]|G5[0]|G6[0]|G7[1]|OUT:rise,D -> G4 -> G5 -> G6 -> G7
2387,post_optimization,0.0551628823556571,0,0.29931192237350157,0.01568807762649843,0,False,A:rise|G1[0]|G2[0]|G3[0]|G7[0]|OUT:rise,A -> G1 -> G2 -> G3 -> G7
2388,pre_optimization,0.8806607401291272,0,0.3283086924565187,-0.013308692456518723,-0.013308692456518723,True,D:rise|G4[0]|G5[0]|G6[0]|G7[1]|OUT:rise,D -> G4 -> G5 -> G6 -> G7
2388,post_optimization,0.8806607401291272,0,0.31438337211767775,0.0006166278823222515,0,False,A:rise|G1[0]|G2[0]|G3[0]|G7[0]|OUT:rise,A -> G1 -> G2 -> G3 -> G7
2389,pre_optimization,0.026553990484945063,0,0.29948927300834177,0.01551072699165823,0,False,D:rise|G4[0]|G5[0]|G6[0]|G7[1]|OUT:rise,D -> G4 -> G5 -> G6 -> G7
2389,post_optimization,0.026553990484945063,0,0.28364197118783474,0.03135802881216526,0,False,D:rise|G4[0]|G5[0]|G6[0]|G7[1]|OUT:rise,D -> G4 -> G5 -> G6 -> G7
2390,pre_optimization,-3.202473663333848,0,0.292998755599622,0.022001244400377984,0,False,D:rise|G4[0]|G5[0]|G6[0]|G7[1]|OUT:rise,D -> G4 -> G5 -> G6 -> G7
2390,post_optimization,-3.202473663333848,0,0.27485496680437055,0.040145033195629454,0,False,D:rise|G4[0]|G5[0]|G6[0]|G7[1]|OUT:rise,D -> G4 -> G5 -> G6 -> G7
2391,pre_optimization,0.13023505224313384,0,0.3245062561069342,-0.009506256106934174,-0.009506256106934174,True,A:rise|G1[0]|G2[0]|G3[0]|G7[0]|OUT:rise,A -> G1 -> G2 -> G3 -> G7
2391,post_optimization,0.13023505224313384,0,0.31351985703696894,0.0014801429630310614,0,False,A:rise|G1[0]|G2[0]|G3[0]|G7[0]|OUT:rise,A -> G1 -> G2 -> G3 -> G7
2392,pre_optimization,0.42688687427143723,0,0.3251339660148947,-0.01013396601489469,-0.01013396601489469,True,D:rise|G4[0]|G5[0]|G6[0]|G7[1]|OUT:rise,D -> G4 -> G5 -> G6 -> G7
2392,post_optimization,0.42688687427143723,0,0.30909164065099365,0.0059083593490063535,0,False,D:rise|G4[0]|G5[0]|G6[0]|G7[1]|OUT:rise,D -> G4 -> G5 -> G6 -> G7
2393,pre_optimization,0.4625736428591273,0,0.32464265318136754,-0.009642653181367533,-0.009642653181367533,True,D:rise|G4[0]|G5[0]|G6[0]|G7[1]|OUT:rise,D -> G4 -> G5 -> G6 -> G7
2393,post_optimization,0.4625736428591273,0,0.30590196284788107,0.009098037152118932,0,False,D:rise|G4[0]|G5[0]|G6[0]|G7[1]|OUT:rise,D -> G4 -> G5 -> G6 -> G7
2394,pre_optimization,0.7636305303832028,0,0.32209780677617184,-0.007097806776171833,-0.007097806776171833,True,D:rise|G4[0]|G5[0]|G6[0]|G7[1]|OUT:rise,D -> G4 -> G5 -> G6 -> G7
2394,post_optimization,0.7636305303832028,0,0.30504819841882214,0.009951801581177866,0,False,D:rise|G4[0]|G5[0]|G6[0]|G7[1]|OUT:rise,D -> G4 -> G5 -> G6 -> G7
2395,pre_optimization,-0.2027215388494757,0,0.31296134730680203,0.002038652693197973,0,False,A:rise|G1[0]|G2[0]|G3[0]|G7[0]|OUT:rise,A -> G1 -> G2 -> G3 -> G7
2395,post_optimization,-0.2027215388494757,0,0.3017041241721083,0.013295875827891712,0,False,A:rise|G1[0]|G2[0]|G3[0]|G7[0]|OUT:rise,A -> G1 -> G2 -> G3 -> G7
2396,pre_optimization,0.10888103856300389,0,0.3233647079669413,-0.008364707966941276,-0.008364707966941276,True,D:rise|G4[0]|G5[0]|G6[0]|G7[1]|OUT:rise,D -> G4 -> G5 -> G6 -> G7
2396,post_optimization,0.10888103856300389,0,0.3070488384126197,0.007951161587380295,0,False,A:rise|G1[0]|G2[0]|G3[0]|G7[0]|OUT:rise,A -> G1 -> G2 -> G3 -> G7
2397,pre_optimization,0.6823298572296694,0,0.32308943527811435,-0.008089435278114343,-0.008089435278114343,True,D:rise|G4[0]|G5[0]|G6[0]|G7[1]|OUT:rise,D -> G4 -> G5 -> G6 -> G7
2397,post_optimization,0.6823298572296694,0,0.30432101419972823,0.010678985800271767,0,False,A:rise|G1[0]|G2[0]|G3[0]|G7[0]|OUT:rise,A -> G1 -> G2 -> G3 -> G7
2398,pre_optimization,-0.5628347865255828,0,0.31143286372369305,0.003567136276306948,0,False,A:rise|G1[0]|G2[0]|G3[0]|G7[0]|OUT:rise,A -> G1 -> G2 -> G3 -> G7
2398,post_optimization,-0.5628347865255828,0,0.29876488898354275,0.01623511101645725,0,False,A:rise|G1[0]|G2[0]|G3[0]|G7[0]|OUT:rise,A -> G1 -> G2 -> G3 -> G7
2399,pre_optimization,0.24343891909739268,0,0.3126514249783035,0.0023485750216964973,0,False,D:rise|G4[0]|G5[0]|G6[0]|G7[1]|OUT:rise,D -> G4 -> G5 -> G6 -> G7
2399,post_optimization,0.24343891909739268,0,0.3012518807093086,0.013748119290691418,0,False,A:rise|G1[0]|G2[0]|G3[0]|G7[0]|OUT:rise,A -> G1 -> G2 -> G3 -> G7
2400,pre_optimization,-0.9922138022636042,0,0.31323343777428986,0.0017665622257101443,0,False,D:rise|G4[0]|G5[0]|G6[0]|G7[1]|OUT:rise,D -> G4 -> G5 -> G6 -> G7
2400,post_optimization,-0.9922138022636042,0,0.2958614953100724,0.019138504689927616,0,False,D:rise|G4[0]|G5[0]|G6[0]|G7[1]|OUT:rise,D -> G4 -> G5 -> G6 -> G7
2401,pre_optimization,1.1152208270815214,0,0.34107802308630575,-0.026078023086305746,-0.026078023086305746,True,D:rise|G4[0]|G5[0]|G6[0]|G7[1]|OUT:rise,D -> G4 -> G5 -> G6 -> G7
2401,post_optimization,1.1152208270815214,0,0.32096659580544723,-0.005966595805447228,-0.005966595805447228,True,D:rise|G4[0]|G5[0]|G6[0]|G7[1]|OUT:rise,D -> G4 -> G5 -> G6 -> G7
2402,pre_optimization,-1.148292949311815,0,0.3093886941644499,0.0056113058355500844,0,False,D:rise|G4[0]|G5[0]|G6[0]|G7[1]|OUT:rise,D -> G4 -> G5 -> G6 -> G7
2402,post_optimization,-1.148292949311815,0,0.292739410878216,0.022260589121784025,0,False,D:rise|G4[0]|G5[0]|G6[0]|G7[1]|OUT:rise,D -> G4 -> G5 -> G6 -> G7
2403,pre_optimization,-0.5194636560471585,0,0.32575979309136727,-0.010759793091367265,-0.010759793091367265,True,A:rise|G1[0]|G2[0]|G3[0]|G7[0]|OUT:rise,A -> G1 -> G2 -> G3 -> G7
2403,post_optimization,-0.5194636560471585,0,0.31237843771025864,0.0026215622897413637,0,False,A:rise|G1[0]|G2[0]|G3[0]|G7[0]|OUT:rise,A -> G1 -> G2 -> G3 -> G7
2404,pre_optimization,-0.09872811948600341,0,0.3218752360608571,-0.006875236060857104,-0.006875236060857104,True,A:rise|G1[0]|G2[0]|G3[0]|G7[0]|OUT:rise,A -> G1 -> G2 -> G3 -> G7
2404,post_optimization,-0.09872811948600341,0,0.310847261350778,0.004152738649221999,0,False,A:rise|G1[0]|G2[0]|G3[0]|G7[0]|OUT:rise,A -> G1 -> G2 -> G3 -> G7
2405,pre_optimization,0.9412383838083216,0,0.3230715012801111,-0.008071501280111082,-0.008071501280111082,True,D:rise|G4[0]|G5[0]|G6[0]|G7[1]|OUT:rise,D -> G4 -> G5 -> G6 -> G7
2405,post_optimization,0.9412383838083216,0,0.30626813317193746,0.00873186682806254,0,False,D:rise|G4[0]|G5[0]|G6[0]|G7[1]|OUT:rise,D -> G4 -> G5 -> G6 -> G7
2406,pre_optimization,-2.531979171774343,0,0.29382712005007494,0.02117287994992506,0,False,D:rise|G4[0]|G5[0]|G6[0]|G7[1]|OUT:rise,D -> G4 -> G5 -> G6 -> G7
2406,post_optimization,-2.531979171774343,0,0.2751708861181281,0.03982911388187188,0,False,D:rise|G4[0]|G5[0]|G6[0]|G7[1]|OUT:rise,D -> G4 -> G5 -> G6 -> G7
2407,pre_optimization,0.08877004416668,0,0.33523123584577236,-0.020231235845772355,-0.020231235845772355,True,D:rise|G4[0]|G5[0]|G6[0]|G7[1]|OUT:rise,D -> G4 -> G5 -> G6 -> G7
2407,post_optimization,0.08877004416668,0,0.31647404106052823,-0.0014740410605282306,-0.0014740410605282306,True,D:rise|G4[0]|G5[0]|G6[0]|G7[1]|OUT:rise,D -> G4 -> G5 -> G6 -> G7
2408,pre_optimization,-0.9225870349483264,0,0.2982421672565019,0.016757832743498124,0,False,A:rise|G1[0]|G2[0]|G3[0]|G7[0]|OUT:rise,A -> G1 -> G2 -> G3 -> G7
2408,post_optimization,-0.9225870349483264,0,0.28783413867345187,0.027165861326548135,0,False,A:rise|G1[0]|G2[0]|G3[0]|G7[0]|OUT:rise,A -> G1 -> G2 -> G3 -> G7
2409,pre_optimization,-1.1342482110466598,0,0.3123722990089711,0.0026277009910288807,0,False,A:rise|G1[0]|G2[0]|G3[0]|G7[0]|OUT:rise,A -> G1 -> G2 -> G3 -> G7
2409,post_optimization,-1.1342482110466598,0,0.3024473938385258,0.012552606161474189,0,False,A:rise|G1[0]|G2[0]|G3[0]|G7[0]|OUT:rise,A -> G1 -> G2 -> G3 -> G7
2410,pre_optimization,0.32088565639971106,0,0.32156888262900185,-0.006568882629001849,-0.006568882629001849,True,D:rise|G4[0]|G5[0]|G6[0]|G7[1]|OUT:rise,D -> G4 -> G5 -> G6 -> G7
2410,post_optimization,0.32088565639971106,0,0.3069591897555862,0.008040810244413776,0,False,A:rise|G1[0]|G2[0]|G3[0]|G7[0]|OUT:rise,A -> G1 -> G2 -> G3 -> G7
2411,pre_optimization,0.6900798067787018,0,0.32843263209514517,-0.01343263209514517,-0.01343263209514517,True,A:rise|G1[0]|G2[0]|G3[0]|G7[0]|OUT:rise,A -> G1 -> G2 -> G3 -> G7
2411,post_optimization,0.6900798067787018,0,0.31382498169976686,0.0011750183002331438,0,False,A:rise|G1[0]|G2[0]|G3[0]|G7[0]|OUT:rise,A -> G1 -> G2 -> G3 -> G7
2412,pre_optimization,-0.07004485903149443,0,0.3244847560943717,-0.009484756094371716,-0.009484756094371716,True,D:rise|G4[0]|G5[0]|G6[0]|G7[1]|OUT:rise,D -> G4 -> G5 -> G6 -> G7
2412,post_optimization,-0.07004485903149443,0,0.31008938613239195,0.004910613867608049,0,False,A:rise|G1[0]|G2[0]|G3[0]|G7[0]|OUT:rise,A -> G1 -> G2 -> G3 -> G7
2413,pre_optimization,-0.9795187078918499,0,0.3122896703956012,0.00271032960439882,0,False,D:rise|G4[0]|G5[0]|G6[0]|G7[1]|OUT:rise,D -> G4 -> G5 -> G6 -> G7
2413,post_optimization,-0.9795187078918499,0,0.2989250065282813,0.0160749934717187,0,False,A:rise|G1[0]|G2[0]|G3[0]|G7[0]|OUT:rise,A -> G1 -> G2 -> G3 -> G7
2414,pre_optimization,-0.19830404765080456,0,0.30969220743780723,0.00530779256219277,0,False,A:rise|G1[0]|G2[0]|G3[0]|G7[0]|OUT:rise,A -> G1 -> G2 -> G3 -> G7
2414,post_optimization,-0.19830404765080456,0,0.2990463558732379,0.01595364412676209,0,False,A:rise|G1[0]|G2[0]|G3[0]|G7[0]|OUT:rise,A -> G1 -> G2 -> G3 -> G7
2415,pre_optimization,0.31472314353320807,0,0.3217271642325464,-0.006727164232546379,-0.006727164232546379,True,D:rise|G4[0]|G5[0]|G6[0]|G7[1]|OUT:rise,D -> G4 -> G5 -> G6 -> G7
2415,post_optimization,0.31472314353320807,0,0.3063307049150407,0.008669295084959283,0,False,A:rise|G1[0]|G2[0]|G3[0]|G7[0]|OUT:rise,A -> G1 -> G2 -> G3 -> G7
2416,pre_optimization,1.2699726033938343,0,0.3434729247775645,-0.028472924777564523,-0.028472924777564523,True,A:rise|G1[0]|G2[0]|G3[0]|G7[0]|OUT:rise,A -> G1 -> G2 -> G3 -> G7
2416,post_optimization,1.2699726033938343,0,0.32734714120456443,-0.012347141204564427,-0.012347141204564427,True,A:rise|G1[0]|G2[0]|G3[0]|G7[0]|OUT:rise,A -> G1 -> G2 -> G3 -> G7
2417,pre_optimization,-0.748945935517717,0,0.3233631904043711,-0.008363190404371112,-0.008363190404371112,True,A:rise|G1[0]|G2[0]|G3[0]|G7[0]|OUT:rise,A -> G1 -> G2 -> G3 -> G7
2417,post_optimization,-0.748945935517717,0,0.30880072740258335,0.00619927259741665,0,False,A:rise|G1[0]|G2[0]|G3[0]|G7[0]|OUT:rise,A -> G1 -> G2 -> G3 -> G7
2418,pre_optimization,0.08000567766741695,0,0.3241855994453273,-0.00918559944532732,-0.00918559944532732,True,A:rise|G1[0]|G2[0]|G3[0]|G7[0]|OUT:rise,A -> G1 -> G2 -> G3 -> G7
2418,post_optimization,0.08000567766741695,0,0.31129444578887333,0.0037055542111266715,0,False,A:rise|G1[0]|G2[0]|G3[0]|G7[0]|OUT:rise,A -> G1 -> G2 -> G3 -> G7
2419,pre_optimization,-0.24085159700513603,0,0.31137361406045594,0.0036263859395440634,0,False,A:rise|G1[0]|G2[0]|G3[0]|G7[0]|OUT:rise,A -> G1 -> G2 -> G3 -> G7
2419,post_optimization,-0.24085159700513603,0,0.29814350565057524,0.016856494349424767,0,False,A:rise|G1[0]|G2[0]|G3[0]|G7[0]|OUT:rise,A -> G1 -> G2 -> G3 -> G7
2420,pre_optimization,-0.32241139072070096,0,0.32045781594223954,-0.005457815942239541,-0.005457815942239541,True,D:rise|G4[0]|G5[0]|G6[0]|G7[1]|OUT:rise,D -> G4 -> G5 -> G6 -> G7
2420,post_optimization,-0.32241139072070096,0,0.30182227259079214,0.013177727409207862,0,False,D:rise|G4[0]|G5[0]|G6[0]|G7[1]|OUT:rise,D -> G4 -> G5 -> G6 -> G7
2421,pre_optimization,-1.5718513202448812,0,0.3016759133839566,0.013324086616043396,0,False,D:rise|G4[0]|G5[0]|G6[0]|G7[1]|OUT:rise,D -> G4 -> G5 -> G6 -> G7
2421,post_optimization,-1.5718513202448812,0,0.28667907817920385,0.028320921820796152,0,False,A:rise|G1[0]|G2[0]|G3[0]|G7[0]|OUT:rise,A -> G1 -> G2 -> G3 -> G7
2422,pre_optimization,-1.1689424310315035,0,0.30221689144923497,0.012783108550765032,0,False,D:rise|G4[0]|G5[0]|G6[0]|G7[1]|OUT:rise,D -> G4 -> G5 -> G6 -> G7
2422,post_optimization,-1.1689424310315035,0,0.2849711223582548,0.030028877641745222,0,False,D:rise|G4[0]|G5[0]|G6[0]|G7[1]|OUT:rise,D -> G4 -> G5 -> G6 -> G7
2423,pre_optimization,-0.709278901748859,0,0.3074023668850418,0.007597633114958202,0,False,A:rise|G1[0]|G2[0]|G3[0]|G7[0]|OUT:rise,A -> G1 -> G2 -> G3 -> G7
2423,post_optimization,-0.709278901748859,0,0.2957786042875421,0.0192213957124579,0,False,A:rise|G1[0]|G2[0]|G3[0]|G7[0]|OUT:rise,A -> G1 -> G2 -> G3 -> G7
2424,pre_optimization,-1.6278022463776676,0,0.3026840084033937,0.01231599159660629,0,False,A:rise|G1[0]|G2[0]|G3[0]|G7[0]|OUT:rise,A -> G1 -> G2 -> G3 -> G7
2424,post_optimization,-1.6278022463776676,0,0.2924033778835949,0.02259662211640512,0,False,A:rise|G1[0]|G2[0]|G3[0]|G7[0]|OUT:rise,A -> G1 -> G2 -> G3 -> G7
2425,pre_optimization,0.11319921734767623,0,0.33417022945003827,-0.019170229450038268,-0.019170229450038268,True,D:rise|G4[0]|G5[0]|G6[0]|G7[1]|OUT:rise,D -> G4 -> G5 -> G6 -> G7
2425,post_optimization,0.11319921734767623,0,0.3143091641584419,0.0006908358415581017,0,False,D:rise|G4[0]|G5[0]|G6[0]|G7[1]|OUT:rise,D -> G4 -> G5 -> G6 -> G7
2426,pre_optimization,-0.9141637857486962,0,0.31146402352245006,0.0035359764775499403,0,False,A:rise|G1[0]|G2[0]|G3[0]|G7[0]|OUT:rise,A -> G1 -> G2 -> G3 -> G7
2426,post_optimization,-0.9141637857486962,0,0.2978434828459692,0.017156517154030826,0,False,A:rise|G1[0]|G2[0]|G3[0]|G7[0]|OUT:rise,A -> G1 -> G2 -> G3 -> G7
2427,pre_optimization,1.178603000798179,0,0.321564953894809,-0.006564953894808989,-0.006564953894808989,True,D:rise|G4[0]|G5[0]|G6[0]|G7[1]|OUT:rise,D -> G4 -> G5 -> G6 -> G7
2427,post_optimization,1.178603000798179,0,0.30693754772229986,0.008062452277700138,0,False,A:rise|G1[0]|G2[0]|G3[0]|G7[0]|OUT:rise,A -> G1 -> G2 -> G3 -> G7
2428,pre_optimization,0.9102231137373795,0,0.32648100710784844,-0.01148100710784844,-0.01148100710784844,True,D:rise|G4[0]|G5[0]|G6[0]|G7[1]|OUT:rise,D -> G4 -> G5 -> G6 -> G7
2428,post_optimization,0.9102231137373795,0,0.3082338362027343,0.00676616379726569,0,False,A:rise|G1[0]|G2[0]|G3[0]|G7[0]|OUT:rise,A -> G1 -> G2 -> G3 -> G7
2429,pre_optimization,0.041384101857874216,0,0.31435479774694997,0.0006452022530500368,0,False,A:rise|G1[0]|G2[0]|G3[0]|G7[0]|OUT:rise,A -> G1 -> G2 -> G3 -> G7
2429,post_optimization,0.041384101857874216,0,0.30113067058857423,0.013869329411425768,0,False,A:rise|G1[0]|G2[0]|G3[0]|G7[0]|OUT:rise,A -> G1 -> G2 -> G3 -> G7
2430,pre_optimization,-0.3616770112604503,0,0.31296177578966183,0.0020382242103381687,0,False,D:rise|G4[0]|G5[0]|G6[0]|G7[1]|OUT:rise,D -> G4 -> G5 -> G6 -> G7
2430,post_optimization,-0.3616770112604503,0,0.29721675270171444,0.017783247298285565,0,False,D:rise|G4[0]|G5[0]|G6[0]|G7[1]|OUT:rise,D -> G4 -> G5 -> G6 -> G7
2431,pre_optimization,-0.22746093068127485,0,0.3139911624100841,0.0010088375899158786,0,False,D:rise|G4[0]|G5[0]|G6[0]|G7[1]|OUT:rise,D -> G4 -> G5 -> G6 -> G7
2431,post_optimization,-0.22746093068127485,0,0.29740787657031087,0.017592123429689133,0,False,A:rise|G1[0]|G2[0]|G3[0]|G7[0]|OUT:rise,A -> G1 -> G2 -> G3 -> G7
2432,pre_optimization,-0.6639161425692454,0,0.30206013081976685,0.012939869180233154,0,False,A:rise|G1[0]|G2[0]|G3[0]|G7[0]|OUT:rise,A -> G1 -> G2 -> G3 -> G7
2432,post_optimization,-0.6639161425692454,0,0.2918559834352059,0.02314401656479409,0,False,A:rise|G1[0]|G2[0]|G3[0]|G7[0]|OUT:rise,A -> G1 -> G2 -> G3 -> G7
2433,pre_optimization,-1.0187594294515818,0,0.31070923426536284,0.004290765734637159,0,False,D:rise|G4[0]|G5[0]|G6[0]|G7[1]|OUT:rise,D -> G4 -> G5 -> G6 -> G7
2433,post_optimization,-1.0187594294515818,0,0.2956189614049315,0.01938103859506851,0,False,D:rise|G4[0]|G5[0]|G6[0]|G7[1]|OUT:rise,D -> G4 -> G5 -> G6 -> G7
2434,pre_optimization,-0.7358828688389408,0,0.3114380949125384,0.0035619050874616254,0,False,A:rise|G1[0]|G2[0]|G3[0]|G7[0]|OUT:rise,A -> G1 -> G2 -> G3 -> G7
2434,post_optimization,-0.7358828688389408,0,0.2995195887060895,0.015480411293910479,0,False,A:rise|G1[0]|G2[0]|G3[0]|G7[0]|OUT:rise,A -> G1 -> G2 -> G3 -> G7
2435,pre_optimization,-1.2557063738277592,0,0.3144562999795797,0.0005437000204203124,0,False,D:rise|G4[0]|G5[0]|G6[0]|G7[1]|OUT:rise,D -> G4 -> G5 -> G6 -> G7
2435,post_optimization,-1.2557063738277592,0,0.29567533577661553,0.01932466422338447,0,False,D:rise|G4[0]|G5[0]|G6[0]|G7[1]|OUT:rise,D -> G4 -> G5 -> G6 -> G7
2436,pre_optimization,-1.2850184717939717,0,0.3027110480371087,0.012288951962891315,0,False,D:rise|G4[0]|G5[0]|G6[0]|G7[1]|OUT:rise,D -> G4 -> G5 -> G6 -> G7
2436,post_optimization,-1.2850184717939717,0,0.2888835633043142,0.026116436695685807,0,False,A:rise|G1[0]|G2[0]|G3[0]|G7[0]|OUT:rise,A -> G1 -> G2 -> G3 -> G7
2437,pre_optimization,1.9589984828084597,0,0.3336969698193928,-0.018696969819392784,-0.018696969819392784,True,A:rise|G1[0]|G2[0]|G3[0]|G7[0]|OUT:rise,A -> G1 -> G2 -> G3 -> G7
2437,post_optimization,1.9589984828084597,0,0.32253239131841693,-0.007532391318416931,-0.007532391318416931,True,A:rise|G1[0]|G2[0]|G3[0]|G7[0]|OUT:rise,A -> G1 -> G2 -> G3 -> G7
2438,pre_optimization,3.8992719034716443,0,0.3577931794563408,-0.04279317945634081,-0.053349587516001995,True,A:rise|G1[0]|G2[0]|G3[0]|G7[0]|OUT:rise,A -> G1 -> G2 -> G3 -> G7
2438,post_optimization,3.8992719034716443,0,0.34544154444786074,-0.030441544447860736,-0.032243918720407494,True,A:rise|G1[0]|G2[0]|G3[0]|G7[0]|OUT:rise,A -> G1 -> G2 -> G3 -> G7
2439,pre_optimization,3.0164716974014687,0,0.3398009436902464,-0.02480094369024638,-0.02480094369024638,True,A:rise|G1[0]|G2[0]|G3[0]|G7[0]|OUT:rise,A -> G1 -> G2 -> G3 -> G7
2439,post_optimization,3.0164716974014687,0,0.3257848071662699,-0.010784807166269894,-0.010784807166269894,True,A:rise|G1[0]|G2[0]|G3[0]|G7[0]|OUT:rise,A -> G1 -> G2 -> G3 -> G7
2440,pre_optimization,-0.2759493162526615,0,0.3212785278094095,-0.006278527809409518,-0.006278527809409518,True,D:rise|G4[0]|G5[0]|G6[0]|G7[1]|OUT:rise,D -> G4 -> G5 -> G6 -> G7
2440,post_optimization,-0.2759493162526615,0,0.30263191736368483,0.01236808263631517,0,False,D:rise|G4[0]|G5[0]|G6[0]|G7[1]|OUT:rise,D -> G4 -> G5 -> G6 -> G7
2441,pre_optimization,0.7524966027235036,0,0.32562826539379763,-0.010628265393797631,-0.010628265393797631,True,D:rise|G4[0]|G5[0]|G6[0]|G7[1]|OUT:rise,D -> G4 -> G5 -> G6 -> G7
2441,post_optimization,0.7524966027235036,0,0.31387671814599805,0.0011232818540019562,0,False,A:rise|G1[0]|G2[0]|G3[0]|G7[0]|OUT:rise,A -> G1 -> G2 -> G3 -> G7
2442,pre_optimization,1.0771852947544536,0,0.3219287823986729,-0.006928782398672895,-0.006928782398672895,True,A:rise|G1[0]|G2[0]|G3[0]|G7[0]|OUT:rise,A -> G1 -> G2 -> G3 -> G7
2442,post_optimization,1.0771852947544536,0,0.3098685275396196,0.005131472460380426,0,False,A:rise|G1[0]|G2[0]|G3[0]|G7[0]|OUT:rise,A -> G1 -> G2 -> G3 -> G7
2443,pre_optimization,-0.576125568919429,0,0.31529824151455144,-0.0002982415145514339,-0.0002982415145514339,True,D:rise|G4[0]|G5[0]|G6[0]|G7[1]|OUT:rise,D -> G4 -> G5 -> G6 -> G7
2443,post_optimization,-0.576125568919429,0,0.2983795766768858,0.016620423323114197,0,False,D:rise|G4[0]|G5[0]|G6[0]|G7[1]|OUT:rise,D -> G4 -> G5 -> G6 -> G7
2444,pre_optimization,0.5666687232178287,0,0.3205022456170041,-0.005502245617004076,-0.005502245617004076,True,D:rise|G4[0]|G5[0]|G6[0]|G7[1]|OUT:rise,D -> G4 -> G5 -> G6 -> G7
2444,post_optimization,0.5666687232178287,0,0.3054588129333614,0.00954118706663859,0,False,A:rise|G1[0]|G2[0]|G3[0]|G7[0]|OUT:rise,A -> G1 -> G2 -> G3 -> G7
2445,pre_optimization,0.5241798442613288,0,0.3121159178327756,0.002884082167224411,0,False,A:rise|G1[0]|G2[0]|G3[0]|G7[0]|OUT:rise,A -> G1 -> G2 -> G3 -> G7
2445,post_optimization,0.5241798442613288,0,0.30268289153477107,0.012317108465228932,0,False,A:rise|G1[0]|G2[0]|G3[0]|G7[0]|OUT:rise,A -> G1 -> G2 -> G3 -> G7
2446,pre_optimization,-1.7199226259518863,0,0.3013211988761709,0.013678801123829076,0,False,D:rise|G4[0]|G5[0]|G6[0]|G7[1]|OUT:rise,D -> G4 -> G5 -> G6 -> G7
2446,post_optimization,-1.7199226259518863,0,0.28788383320743827,0.027116166792561736,0,False,A:rise|G1[0]|G2[0]|G3[0]|G7[0]|OUT:rise,A -> G1 -> G2 -> G3 -> G7
2447,pre_optimization,-1.669224191209862,0,0.3049537803306779,0.01004621966932212,0,False,A:rise|G1[0]|G2[0]|G3[0]|G7[0]|OUT:rise,A -> G1 -> G2 -> G3 -> G7
2447,post_optimization,-1.669224191209862,0,0.29475627865406917,0.020243721345930832,0,False,A:rise|G1[0]|G2[0]|G3[0]|G7[0]|OUT:rise,A -> G1 -> G2 -> G3 -> G7
2448,pre_optimization,0.7341803621546724,0,0.3373904430726484,-0.022390443072648425,-0.022390443072648425,True,D:rise|G4[0]|G5[0]|G6[0]|G7[1]|OUT:rise,D -> G4 -> G5 -> G6 -> G7
2448,post_optimization,0.7341803621546724,0,0.3166555163344035,-0.001655516334403473,-0.001655516334403473,True,D:rise|G4[0]|G5[0]|G6[0]|G7[1]|OUT:rise,D -> G4 -> G5 -> G6 -> G7
2449,pre_optimization,-0.6108845238388544,0,0.301374734730706,0.013625265269294029,0,False,A:rise|G1[0]|G2[0]|G3[0]|G7[0]|OUT:rise,A -> G1 -> G2 -> G3 -> G7
2449,post_optimization,-0.6108845238388544,0,0.28828670381893684,0.026713296181063162,0,False,A:rise|G1[0]|G2[0]|G3[0]|G7[0]|OUT:rise,A -> G1 -> G2 -> G3 -> G7
2450,pre_optimization,-1.852100825364653,0,0.2998276864875906,0.015172313512409386,0,False,A:rise|G1[0]|G2[0]|G3[0]|G7[0]|OUT:rise,A -> G1 -> G2 -> G3 -> G7
2450,post_optimization,-1.852100825364653,0,0.2906685605638609,0.02433143943613908,0,False,A:rise|G1[0]|G2[0]|G3[0]|G7[0]|OUT:rise,A -> G1 -> G2 -> G3 -> G7
2451,pre_optimization,0.03185561870898309,0,0.33872224421388186,-0.02372224421388186,-0.02372224421388186,True,D:rise|G4[0]|G5[0]|G6[0]|G7[1]|OUT:rise,D -> G4 -> G5 -> G6 -> G7
2451,post_optimization,0.03185561870898309,0,0.3193374779097327,-0.004337477909732712,-0.004337477909732712,True,A:rise|G1[0]|G2[0]|G3[0]|G7[0]|OUT:rise,A -> G1 -> G2 -> G3 -> G7
2452,pre_optimization,0.6108079358488631,0,0.3251630703143857,-0.01016307031438568,-0.01016307031438568,True,A:rise|G1[0]|G2[0]|G3[0]|G7[0]|OUT:rise,A -> G1 -> G2 -> G3 -> G7
2452,post_optimization,0.6108079358488631,0,0.3122795544684695,0.002720445531530502,0,False,A:rise|G1[0]|G2[0]|G3[0]|G7[0]|OUT:rise,A -> G1 -> G2 -> G3 -> G7
2453,pre_optimization,0.12239841044173085,0,0.3266485495855449,-0.011648549585544898,-0.011648549585544898,True,A:rise|G1[0]|G2[0]|G3[0]|G7[0]|OUT:rise,A -> G1 -> G2 -> G3 -> G7
2453,post_optimization,0.12239841044173085,0,0.3115282702450016,0.003471729754998376,0,False,A:rise|G1[0]|G2[0]|G3[0]|G7[0]|OUT:rise,A -> G1 -> G2 -> G3 -> G7
2454,pre_optimization,-0.10695650993751207,0,0.31919207624096696,-0.004192076240966958,-0.004192076240966958,True,D:rise|G4[0]|G5[0]|G6[0]|G7[1]|OUT:rise,D -> G4 -> G5 -> G6 -> G7
2454,post_optimization,-0.10695650993751207,0,0.30142287170216586,0.01357712829783414,0,False,D:rise|G4[0]|G5[0]|G6[0]|G7[1]|OUT:rise,D -> G4 -> G5 -> G6 -> G7
2455,pre_optimization,-1.217274849047518,0,0.3091363019869382,0.005863698013061802,0,False,D:rise|G4[0]|G5[0]|G6[0]|G7[1]|OUT:rise,D -> G4 -> G5 -> G6 -> G7
2455,post_optimization,-1.217274849047518,0,0.29109545986235397,0.023904540137646035,0,False,A:rise|G1[0]|G2[0]|G3[0]|G7[0]|OUT:rise,A -> G1 -> G2 -> G3 -> G7
2456,pre_optimization,-1.268431995735512,0,0.30245147529194394,0.012548524708056064,0,False,A:rise|G1[0]|G2[0]|G3[0]|G7[0]|OUT:rise,A -> G1 -> G2 -> G3 -> G7
2456,post_optimization,-1.268431995735512,0,0.29001485698700596,0.024985143012994038,0,False,A:rise|G1[0]|G2[0]|G3[0]|G7[0]|OUT:rise,A -> G1 -> G2 -> G3 -> G7
2457,pre_optimization,2.9525177321267533,0,0.35492199664067126,-0.03992199664067125,-0.04533032958383171,True,D:rise|G4[0]|G5[0]|G6[0]|G7[1]|OUT:rise,D -> G4 -> G5 -> G6 -> G7
2457,post_optimization,2.9525177321267533,0,0.33770836082331385,-0.022708360823313845,-0.022708360823313845,True,A:rise|G1[0]|G2[0]|G3[0]|G7[0]|OUT:rise,A -> G1 -> G2 -> G3 -> G7
2458,pre_optimization,0.7831907680672412,0,0.3259232179699852,-0.010923217969985188,-0.010923217969985188,True,D:rise|G4[0]|G5[0]|G6[0]|G7[1]|OUT:rise,D -> G4 -> G5 -> G6 -> G7
2458,post_optimization,0.7831907680672412,0,0.308580926511094,0.006419073488906024,0,False,D:rise|G4[0]|G5[0]|G6[0]|G7[1]|OUT:rise,D -> G4 -> G5 -> G6 -> G7
2459,pre_optimization,-0.0913392169595609,0,0.32833947481842474,-0.013339474818424735,-0.013339474818424735,True,A:rise|G1[0]|G2[0]|G3[0]|G7[0]|OUT:rise,A -> G1 -> G2 -> G3 -> G7
2459,post_optimization,-0.0913392169595609,0,0.3134194288554739,0.0015805711445260884,0,False,A:rise|G1[0]|G2[0]|G3[0]|G7[0]|OUT:rise,A -> G1 -> G2 -> G3 -> G7
2460,pre_optimization,-0.7496446229675582,0,0.30934405017973793,0.005655949820262074,0,False,D:rise|G4[0]|G5[0]|G6[0]|G7[1]|OUT:rise,D -> G4 -> G5 -> G6 -> G7
2460,post_optimization,-0.7496446229675582,0,0.2939667012390155,0.021033298760984476,0,False,D:rise|G4[0]|G5[0]|G6[0]|G7[1]|OUT:rise,D -> G4 -> G5 -> G6 -> G7
2461,pre_optimization,1.6523935628022537,0,0.3445496651230043,-0.029549665123004276,-0.029549665123004276,True,D:rise|G4[0]|G5[0]|G6[0]|G7[1]|OUT:rise,D -> G4 -> G5 -> G6 -> G7
2461,post_optimization,1.6523935628022537,0,0.32377375761872845,-0.00877375761872845,-0.00877375761872845,True,A:rise|G1[0]|G2[0]|G3[0]|G7[0]|OUT:rise,A -> G1 -> G2 -> G3 -> G7
2462,pre_optimization,0.4686839608821974,0,0.33192339845098,-0.01692339845098001,-0.01692339845098001,True,D:rise|G4[0]|G5[0]|G6[0]|G7[1]|OUT:rise,D -> G4 -> G5 -> G6 -> G7
2462,post_optimization,0.4686839608821974,0,0.31475601560916155,0.00024398439083844758,0,False,D:rise|G4[0]|G5[0]|G6[0]|G7[1]|OUT:rise,D -> G4 -> G5 -> G6 -> G7
2463,pre_optimization,1.9789574812871817,0,0.33734578028187984,-0.022345780281879835,-0.022345780281879835,True,A:rise|G1[0]|G2[0]|G3[0]|G7[0]|OUT:rise,A -> G1 -> G2 -> G3 -> G7
2463,post_optimization,1.9789574812871817,0,0.3249146878323623,-0.009914687832362323,-0.009914687832362323,True,A:rise|G1[0]|G2[0]|G3[0]|G7[0]|OUT:rise,A -> G1 -> G2 -> G3 -> G7
2464,pre_optimization,0.30611394653671614,0,0.32256392354601365,-0.007563923546013651,-0.007563923546013651,True,D:rise|G4[0]|G5[0]|G6[0]|G7[1]|OUT:rise,D -> G4 -> G5 -> G6 -> G7
2464,post_optimization,0.30611394653671614,0,0.3057043240963794,0.009295675903620626,0,False,A:rise|G1[0]|G2[0]|G3[0]|G7[0]|OUT:rise,A -> G1 -> G2 -> G3 -> G7
2465,pre_optimization,0.16358718889104804,0,0.33224736755852224,-0.017247367558522242,-0.017247367558522242,True,A:rise|G1[0]|G2[0]|G3[0]|G7[0]|OUT:rise,A -> G1 -> G2 -> G3 -> G7
2465,post_optimization,0.16358718889104804,0,0.3156029354104354,-0.000602935410435379,-0.000602935410435379,True,A:rise|G1[0]|G2[0]|G3[0]|G7[0]|OUT:rise,A -> G1 -> G2 -> G3 -> G7
2466,pre_optimization,-0.001181670471583283,0,0.3053905568958057,0.009609443104194315,0,False,A:rise|G1[0]|G2[0]|G3[0]|G7[0]|OUT:rise,A -> G1 -> G2 -> G3 -> G7
2466,post_optimization,-0.001181670471583283,0,0.2932809472455433,0.02171905275445668,0,False,A:rise|G1[0]|G2[0]|G3[0]|G7[0]|OUT:rise,A -> G1 -> G2 -> G3 -> G7
2467,pre_optimization,-0.2888429759675134,0,0.3188538341440714,-0.003853834144071422,-0.003853834144071422,True,A:rise|G1[0]|G2[0]|G3[0]|G7[0]|OUT:rise,A -> G1 -> G2 -> G3 -> G7
2467,post_optimization,-0.2888429759675134,0,0.3031050420115379,0.01189495798846213,0,False,A:rise|G1[0]|G2[0]|G3[0]|G7[0]|OUT:rise,A -> G1 -> G2 -> G3 -> G7
2468,pre_optimization,1.7055241279058246,0,0.3365288397032521,-0.02152883970325209,-0.02152883970325209,True,D:rise|G4[0]|G5[0]|G6[0]|G7[1]|OUT:rise,D -> G4 -> G5 -> G6 -> G7
2468,post_optimization,1.7055241279058246,0,0.3176880138232827,-0.002688013823282709,-0.002688013823282709,True,D:rise|G4[0]|G5[0]|G6[0]|G7[1]|OUT:rise,D -> G4 -> G5 -> G6 -> G7
2469,pre_optimization,0.5703354436134518,0,0.3159493289253046,-0.0009493289253045822,-0.0009493289253045822,True,D:rise|G4[0]|G5[0]|G6[0]|G7[1]|OUT:rise,D -> G4 -> G5 -> G6 -> G7
2469,post_optimization,0.5703354436134518,0,0.301473927250255,0.013526072749744988,0,False,A:rise|G1[0]|G2[0]|G3[0]|G7[0]|OUT:rise,A -> G1 -> G2 -> G3 -> G7
2470,pre_optimization,0.05909494584053743,0,0.32355694348710984,-0.008556943487109836,-0.008556943487109836,True,D:rise|G4[0]|G5[0]|G6[0]|G7[1]|OUT:rise,D -> G4 -> G5 -> G6 -> G7
2470,post_optimization,0.05909494584053743,0,0.30398217578826875,0.011017824211731253,0,False,A:rise|G1[0]|G2[0]|G3[0]|G7[0]|OUT:rise,A -> G1 -> G2 -> G3 -> G7
2471,pre_optimization,0.04072988307312627,0,0.31862393943343426,-0.0036239394334342534,-0.0036239394334342534,True,A:rise|G1[0]|G2[0]|G3[0]|G7[0]|OUT:rise,A -> G1 -> G2 -> G3 -> G7
2471,post_optimization,0.04072988307312627,0,0.3043430722040996,0.010656927795900384,0,False,A:rise|G1[0]|G2[0]|G3[0]|G7[0]|OUT:rise,A -> G1 -> G2 -> G3 -> G7
2472,pre_optimization,-0.6502965306741771,0,0.32182439110201516,-0.006824391102015159,-0.006824391102015159,True,D:rise|G4[0]|G5[0]|G6[0]|G7[1]|OUT:rise,D -> G4 -> G5 -> G6 -> G7
2472,post_optimization,-0.6502965306741771,0,0.3060848005782829,0.00891519942171709,0,False,D:rise|G4[0]|G5[0]|G6[0]|G7[1]|OUT:rise,D -> G4 -> G5 -> G6 -> G7
2473,pre_optimization,-2.132277322931302,0,0.29335323023669446,0.02164676976330554,0,False,A:rise|G1[0]|G2[0]|G3[0]|G7[0]|OUT:rise,A -> G1 -> G2 -> G3 -> G7
2473,post_optimization,-2.132277322931302,0,0.28075938520374566,0.03424061479625434,0,False,A:rise|G1[0]|G2[0]|G3[0]|G7[0]|OUT:rise,A -> G1 -> G2 -> G3 -> G7
2474,pre_optimization,-0.7125670986396386,0,0.3145618374903506,0.00043816250964939796,0,False,D:rise|G4[0]|G5[0]|G6[0]|G7[1]|OUT:rise,D -> G4 -> G5 -> G6 -> G7
2474,post_optimization,-0.7125670986396386,0,0.29765157318886226,0.01734842681113774,0,False,D:rise|G4[0]|G5[0]|G6[0]|G7[1]|OUT:rise,D -> G4 -> G5 -> G6 -> G7
2475,pre_optimization,0.108475883541445,0,0.3276046993824946,-0.012604699382494589,-0.012604699382494589,True,D:rise|G4[0]|G5[0]|G6[0]|G7[1]|OUT:rise,D -> G4 -> G5 -> G6 -> G7
2475,post_optimization,0.108475883541445,0,0.30766906534845223,0.007330934651547771,0,False,D:rise|G4[0]|G5[0]|G6[0]|G7[1]|OUT:rise,D -> G4 -> G5 -> G6 -> G7
2476,pre_optimization,0.884281354510929,0,0.33374267141252123,-0.018742671412521228,-0.018742671412521228,True,A:rise|G1[0]|G2[0]|G3[0]|G7[0]|OUT:rise,A -> G1 -> G2 -> G3 -> G7
2476,post_optimization,0.884281354510929,0,0.3207192306339598,-0.005719230633959793,-0.005719230633959793,True,A:rise|G1[0]|G2[0]|G3[0]|G7[0]|OUT:rise,A -> G1 -> G2 -> G3 -> G7
2477,pre_optimization,-0.7383045218911785,0,0.31531850026498703,-0.00031850026498703166,-0.00031850026498703166,True,D:rise|G4[0]|G5[0]|G6[0]|G7[1]|OUT:rise,D -> G4 -> G5 -> G6 -> G7
2477,post_optimization,-0.7383045218911785,0,0.2983969721579446,0.016603027842055418,0,False,D:rise|G4[0]|G5[0]|G6[0]|G7[1]|OUT:rise,D -> G4 -> G5 -> G6 -> G7
2478,pre_optimization,-0.5995479995894288,0,0.31276505785229325,0.0022349421477067533,0,False,A:rise|G1[0]|G2[0]|G3[0]|G7[0]|OUT:rise,A -> G1 -> G2 -> G3 -> G7
2478,post_optimization,-0.5995479995894288,0,0.2982001647429767,0.016799835257023277,0,False,A:rise|G1[0]|G2[0]|G3[0]|G7[0]|OUT:rise,A -> G1 -> G2 -> G3 -> G7
2479,pre_optimization,2.2195748264790915,0,0.34187673739971747,-0.026876737399717465,-0.026876737399717465,True,D:rise|G4[0]|G5[0]|G6[0]|G7[1]|OUT:rise,D -> G4 -> G5 -> G6 -> G7
2479,post_optimization,2.2195748264790915,0,0.32188953796276737,-0.006889537962767367,-0.006889537962767367,True,D:rise|G4[0]|G5[0]|G6[0]|G7[1]|OUT:rise,D -> G4 -> G5 -> G6 -> G7
2480,pre_optimization,1.4152951551524964,0,0.3264680267469393,-0.011468026746939308,-0.011468026746939308,True,A:rise|G1[0]|G2[0]|G3[0]|G7[0]|OUT:rise,A -> G1 -> G2 -> G3 -> G7
2480,post_optimization,1.4152951551524964,0,0.3132046992643765,0.0017953007356235062,0,False,A:rise|G1[0]|G2[0]|G3[0]|G7[0]|OUT:rise,A -> G1 -> G2 -> G3 -> G7
2481,pre_optimization,-0.8211854587131913,0,0.30496915043295036,0.010030849567049638,0,False,D:rise|G4[0]|G5[0]|G6[0]|G7[1]|OUT:rise,D -> G4 -> G5 -> G6 -> G7
2481,post_optimization,-0.8211854587131913,0,0.29002187297687443,0.024978127023125574,0,False,D:rise|G4[0]|G5[0]|G6[0]|G7[1]|OUT:rise,D -> G4 -> G5 -> G6 -> G7
2482,pre_optimization,0.15088470398141443,0,0.31894040315048444,-0.0039404031504844395,-0.0039404031504844395,True,A:rise|G1[0]|G2[0]|G3[0]|G7[0]|OUT:rise,A -> G1 -> G2 -> G3 -> G7
2482,post_optimization,0.15088470398141443,0,0.3043902775337557,0.010609722466244309,0,False,A:rise|G1[0]|G2[0]|G3[0]|G7[0]|OUT:rise,A -> G1 -> G2 -> G3 -> G7
2483,pre_optimization,-0.28869808335220276,0,0.3092079776329214,0.0057920223670785975,0,False,A:rise|G1[0]|G2[0]|G3[0]|G7[0]|OUT:rise,A -> G1 -> G2 -> G3 -> G7
2483,post_optimization,-0.28869808335220276,0,0.29949898813204767,0.01550101186795233,0,False,A:rise|G1[0]|G2[0]|G3[0]|G7[0]|OUT:rise,A -> G1 -> G2 -> G3 -> G7
2484,pre_optimization,-0.10312968182120295,0,0.30572254833942714,0.009277451660572866,0,False,A:rise|G1[0]|G2[0]|G3[0]|G7[0]|OUT:rise,A -> G1 -> G2 -> G3 -> G7
2484,post_optimization,-0.10312968182120295,0,0.2961757263362629,0.018824273663737123,0,False,A:rise|G1[0]|G2[0]|G3[0]|G7[0]|OUT:rise,A -> G1 -> G2 -> G3 -> G7
2485,pre_optimization,-0.7376332888859245,0,0.30698893194065063,0.008011068059349369,0,False,A:rise|G1[0]|G2[0]|G3[0]|G7[0]|OUT:rise,A -> G1 -> G2 -> G3 -> G7
2485,post_optimization,-0.7376332888859245,0,0.2950412293977082,0.019958770602291787,0,False,A:rise|G1[0]|G2[0]|G3[0]|G7[0]|OUT:rise,A -> G1 -> G2 -> G3 -> G7
2486,pre_optimization,-0.869457076304866,0,0.30362762185711195,0.011372378142888051,0,False,A:rise|G1[0]|G2[0]|G3[0]|G7[0]|OUT:rise,A -> G1 -> G2 -> G3 -> G7
2486,post_optimization,-0.869457076304866,0,0.2906418497063867,0.024358150293613323,0,False,A:rise|G1[0]|G2[0]|G3[0]|G7[0]|OUT:rise,A -> G1 -> G2 -> G3 -> G7
2487,pre_optimization,-0.2596033833195924,0,0.3166983667397282,-0.0016983667397281743,-0.0016983667397281743,True,A:rise|G1[0]|G2[0]|G3[0]|G7[0]|OUT:rise,A -> G1 -> G2 -> G3 -> G7
2487,post_optimization,-0.2596033833195924,0,0.3036491187458615,0.011350881254138523,0,False,A:rise|G1[0]|G2[0]|G3[0]|G7[0]|OUT:rise,A -> G1 -> G2 -> G3 -> G7
2488,pre_optimization,0.3081483204689206,0,0.3247481586520819,-0.009748158652081895,-0.009748158652081895,True,D:rise|G4[0]|G5[0]|G6[0]|G7[1]|OUT:rise,D -> G4 -> G5 -> G6 -> G7
2488,post_optimization,0.3081483204689206,0,0.3068287636928181,0.008171236307181917,0,False,A:rise|G1[0]|G2[0]|G3[0]|G7[0]|OUT:rise,A -> G1 -> G2 -> G3 -> G7
2489,pre_optimization,-0.08254561824961364,0,0.31239128770503044,0.002608712294969562,0,False,A:rise|G1[0]|G2[0]|G3[0]|G7[0]|OUT:rise,A -> G1 -> G2 -> G3 -> G7
2489,post_optimization,-0.08254561824961364,0,0.3008348366899123,0.014165163310087714,0,False,A:rise|G1[0]|G2[0]|G3[0]|G7[0]|OUT:rise,A -> G1 -> G2 -> G3 -> G7
2490,pre_optimization,-0.029480740190762002,0,0.3151160264696543,-0.00011602646965430674,-0.00011602646965430674,True,D:rise|G4[0]|G5[0]|G6[0]|G7[1]|OUT:rise,D -> G4 -> G5 -> G6 -> G7
2490,post_optimization,-0.029480740190762002,0,0.2981121260766812,0.016887873923318808,0,False,D:rise|G4[0]|G5[0]|G6[0]|G7[1]|OUT:rise,D -> G4 -> G5 -> G6 -> G7
2491,pre_optimization,-0.7870937334830646,0,0.30736906831695343,0.007630931683046571,0,False,D:rise|G4[0]|G5[0]|G6[0]|G7[1]|OUT:rise,D -> G4 -> G5 -> G6 -> G7
2491,post_optimization,-0.7870937334830646,0,0.2925581007400145,0.02244189925998552,0,False,D:rise|G4[0]|G5[0]|G6[0]|G7[1]|OUT:rise,D -> G4 -> G5 -> G6 -> G7
2492,pre_optimization,-0.11379764126648804,0,0.3193451357342316,-0.00434513573423162,-0.00434513573423162,True,A:rise|G1[0]|G2[0]|G3[0]|G7[0]|OUT:rise,A -> G1 -> G2 -> G3 -> G7
2492,post_optimization,-0.11379764126648804,0,0.3063472686545654,0.008652731345434594,0,False,A:rise|G1[0]|G2[0]|G3[0]|G7[0]|OUT:rise,A -> G1 -> G2 -> G3 -> G7
2493,pre_optimization,-1.2958988105210987,0,0.31142475269289216,0.0035752473071078428,0,False,D:rise|G4[0]|G5[0]|G6[0]|G7[1]|OUT:rise,D -> G4 -> G5 -> G6 -> G7
2493,post_optimization,-1.2958988105210987,0,0.295134235908791,0.019865764091208993,0,False,D:rise|G4[0]|G5[0]|G6[0]|G7[1]|OUT:rise,D -> G4 -> G5 -> G6 -> G7
2494,pre_optimization,0.9349765998730031,0,0.315748662644026,-0.0007486626440260102,-0.0007486626440260102,True,A:rise|G1[0]|G2[0]|G3[0]|G7[0]|OUT:rise,A -> G1 -> G2 -> G3 -> G7
2494,post_optimization,0.9349765998730031,0,0.3018295018077142,0.013170498192285829,0,False,A:rise|G1[0]|G2[0]|G3[0]|G7[0]|OUT:rise,A -> G1 -> G2 -> G3 -> G7
2495,pre_optimization,-0.46732786334405235,0,0.32215269371437383,-0.007152693714373826,-0.007152693714373826,True,A:rise|G1[0]|G2[0]|G3[0]|G7[0]|OUT:rise,A -> G1 -> G2 -> G3 -> G7
2495,post_optimization,-0.46732786334405235,0,0.30980288329872774,0.005197116701272264,0,False,A:rise|G1[0]|G2[0]|G3[0]|G7[0]|OUT:rise,A -> G1 -> G2 -> G3 -> G7
2496,pre_optimization,-0.630523818633293,0,0.31825347505875007,-0.003253475058750066,-0.003253475058750066,True,A:rise|G1[0]|G2[0]|G3[0]|G7[0]|OUT:rise,A -> G1 -> G2 -> G3 -> G7
2496,post_optimization,-0.630523818633293,0,0.30334077403265347,0.011659225967346531,0,False,A:rise|G1[0]|G2[0]|G3[0]|G7[0]|OUT:rise,A -> G1 -> G2 -> G3 -> G7
2497,pre_optimization,0.03871503754223034,0,0.31959887917565005,-0.00459887917565005,-0.00459887917565005,True,A:rise|G1[0]|G2[0]|G3[0]|G7[0]|OUT:rise,A -> G1 -> G2 -> G3 -> G7
2497,post_optimization,0.03871503754223034,0,0.3060778139297426,0.00892218607025741,0,False,A:rise|G1[0]|G2[0]|G3[0]|G7[0]|OUT:rise,A -> G1 -> G2 -> G3 -> G7
2498,pre_optimization,-0.47423557755029544,0,0.3111950209510629,0.0038049790489371182,0,False,D:rise|G4[0]|G5[0]|G6[0]|G7[1]|OUT:rise,D -> G4 -> G5 -> G6 -> G7
2498,post_optimization,-0.47423557755029544,0,0.29379121316163237,0.021208786838367633,0,False,D:rise|G4[0]|G5[0]|G6[0]|G7[1]|OUT:rise,D -> G4 -> G5 -> G6 -> G7
2499,pre_optimization,0.22884045482963267,0,0.3245693625063021,-0.009569362506302082,-0.009569362506302082,True,D:rise|G4[0]|G5[0]|G6[0]|G7[1]|OUT:rise,D -> G4 -> G5 -> G6 -> G7
2499,post_optimization,0.22884045482963267,0,0.3100827879326101,0.004917212067389876,0,False,A:rise|G1[0]|G2[0]|G3[0]|G7[0]|OUT:rise,A -> G1 -> G2 -> G3 -> G7
2500,pre_optimization,-0.28235323971244,0,0.3170920031913248,-0.0020920031913247983,-0.0020920031913247983,True,D:rise|G4[0]|G5[0]|G6[0]|G7[1]|OUT:rise,D -> G4 -> G5 -> G6 -> G7
2500,post_optimization,-0.28235323971244,0,0.30036915377153023,0.014630846228469774,0,False,D:rise|G4[0]|G5[0]|G6[0]|G7[1]|OUT:rise,D -> G4 -> G5 -> G6 -> G7
2501,pre_optimization,-0.16476644360169843,0,0.30964558484362475,0.005354415156375247,0,False,A:rise|G1[0]|G2[0]|G3[0]|G7[0]|OUT:rise,A -> G1 -> G2 -> G3 -> G7
2501,post_optimization,-0.16476644360169843,0,0.297166040680632,0.017833959319367987,0,False,A:rise|G1[0]|G2[0]|G3[0]|G7[0]|OUT:rise,A -> G1 -> G2 -> G3 -> G7
2502,pre_optimization,0.3562376911085595,0,0.31444115369355324,0.0005588463064467586,0,False,D:rise|G4[0]|G5[0]|G6[0]|G7[1]|OUT:rise,D -> G4 -> G5 -> G6 -> G7
2502,post_optimization,0.3562376911085595,0,0.29843281270414235,0.016567187295857655,0,False,A:rise|G1[0]|G2[0]|G3[0]|G7[0]|OUT:rise,A -> G1 -> G2 -> G3 -> G7
2503,pre_optimization,-0.8584698929404367,0,0.3040734563421489,0.010926543657851118,0,False,D:rise|G4[0]|G5[0]|G6[0]|G7[1]|OUT:rise,D -> G4 -> G5 -> G6 -> G7
2503,post_optimization,-0.8584698929404367,0,0.2894795791274428,0.02552042087255718,0,False,A:rise|G1[0]|G2[0]|G3[0]|G7[0]|OUT:rise,A -> G1 -> G2 -> G3 -> G7
2504,pre_optimization,-0.32483668105229624,0,0.32482947399341705,-0.009829473993417048,-0.009829473993417048,True,D:rise|G4[0]|G5[0]|G6[0]|G7[1]|OUT:rise,D -> G4 -> G5 -> G6 -> G7
2504,post_optimization,-0.32483668105229624,0,0.30675482091455997,0.008245179085440035,0,False,D:rise|G4[0]|G5[0]|G6[0]|G7[1]|OUT:rise,D -> G4 -> G5 -> G6 -> G7
2505,pre_optimization,-1.3193008700319178,0,0.30239353111677664,0.012606468883223365,0,False,D:rise|G4[0]|G5[0]|G6[0]|G7[1]|OUT:rise,D -> G4 -> G5 -> G6 -> G7
2505,post_optimization,-1.3193008700319178,0,0.29012699726697855,0.024873002733021454,0,False,A:rise|G1[0]|G2[0]|G3[0]|G7[0]|OUT:rise,A -> G1 -> G2 -> G3 -> G7
2506,pre_optimization,0.004859555322711599,0,0.3175369345898636,-0.002536934589863593,-0.002536934589863593,True,A:rise|G1[0]|G2[0]|G3[0]|G7[0]|OUT:rise,A -> G1 -> G2 -> G3 -> G7
2506,post_optimization,0.004859555322711599,0,0.3038496689177246,0.011150331082275422,0,False,A:rise|G1[0]|G2[0]|G3[0]|G7[0]|OUT:rise,A -> G1 -> G2 -> G3 -> G7
2507,pre_optimization,1.0432173137171439,0,0.33931102357062287,-0.02431102357062287,-0.02431102357062287,True,D:rise|G4[0]|G5[0]|G6[0]|G7[1]|OUT:rise,D -> G4 -> G5 -> G6 -> G7
2507,post_optimization,1.0432173137171439,0,0.3196484753176143,-0.004648475317614309,-0.004648475317614309,True,D:rise|G4[0]|G5[0]|G6[0]|G7[1]|OUT:rise,D -> G4 -> G5 -> G6 -> G7
2508,pre_optimization,0.08119898482962608,0,0.3269134769559934,-0.011913476955993374,-0.011913476955993374,True,A:rise|G1[0]|G2[0]|G3[0]|G7[0]|OUT:rise,A -> G1 -> G2 -> G3 -> G7
2508,post_optimization,0.08119898482962608,0,0.31437759155500855,0.0006224084449914513,0,False,A:rise|G1[0]|G2[0]|G3[0]|G7[0]|OUT:rise,A -> G1 -> G2 -> G3 -> G7
2509,pre_optimization,1.0521343303358444,0,0.33700437900105484,-0.02200437900105484,-0.02200437900105484,True,A:rise|G1[0]|G2[0]|G3[0]|G7[0]|OUT:rise,A -> G1 -> G2 -> G3 -> G7
2509,post_optimization,1.0521343303358444,0,0.32445922182694514,-0.009459221826945141,-0.009459221826945141,True,A:rise|G1[0]|G2[0]|G3[0]|G7[0]|OUT:rise,A -> G1 -> G2 -> G3 -> G7
2510,pre_optimization,1.3244583886080556,0,0.3347716871235925,-0.019771687123592507,-0.019771687123592507,True,D:rise|G4[0]|G5[0]|G6[0]|G7[1]|OUT:rise,D -> G4 -> G5 -> G6 -> G7
2510,post_optimization,1.3244583886080556,0,0.31789979399616664,-0.002899793996166633,-0.002899793996166633,True,D:rise|G4[0]|G5[0]|G6[0]|G7[1]|OUT:rise,D -> G4 -> G5 -> G6 -> G7
2511,pre_optimization,-1.099448853426229,0,0.3106382706629644,0.0043617293370356025,0,False,A:rise|G1[0]|G2[0]|G3[0]|G7[0]|OUT:rise,A -> G1 -> G2 -> G3 -> G7
2511,post_optimization,-1.099448853426229,0,0.2978467670703445,0.017153232929655482,0,False,A:rise|G1[0]|G2[0]|G3[0]|G7[0]|OUT:rise,A -> G1 -> G2 -> G3 -> G7
2512,pre_optimization,-0.4178244000582516,0,0.31355668722748736,0.0014433127725126393,0,False,D:rise|G4[0]|G5[0]|G6[0]|G7[1]|OUT:rise,D -> G4 -> G5 -> G6 -> G7
2512,post_optimization,-0.4178244000582516,0,0.2981037248200986,0.016896275179901388,0,False,A:rise|G1[0]|G2[0]|G3[0]|G7[0]|OUT:rise,A -> G1 -> G2 -> G3 -> G7
2513,pre_optimization,-0.24014721900882452,0,0.32472969764659626,-0.009729697646596258,-0.009729697646596258,True,D:rise|G4[0]|G5[0]|G6[0]|G7[1]|OUT:rise,D -> G4 -> G5 -> G6 -> G7
2513,post_optimization,-0.24014721900882452,0,0.30495560002070465,0.010044399979295349,0,False,D:rise|G4[0]|G5[0]|G6[0]|G7[1]|OUT:rise,D -> G4 -> G5 -> G6 -> G7
2514,pre_optimization,0.6891876696083798,0,0.33597910362558264,-0.02097910362558264,-0.02097910362558264,True,A:rise|G1[0]|G2[0]|G3[0]|G7[0]|OUT:rise,A -> G1 -> G2 -> G3 -> G7
2514,post_optimization,0.6891876696083798,0,0.323602556564062,-0.008602556564062003,-0.008602556564062003,True,A:rise|G1[0]|G2[0]|G3[0]|G7[0]|OUT:rise,A -> G1 -> G2 -> G3 -> G7
2515,pre_optimization,-1.0763737423326538,0,0.30667847905950835,0.008321520940491656,0,False,D:rise|G4[0]|G5[0]|G6[0]|G7[1]|OUT:rise,D -> G4 -> G5 -> G6 -> G7
2515,post_optimization,-1.0763737423326538,0,0.29460717322949453,0.020392826770505468,0,False,A:rise|G1[0]|G2[0]|G3[0]|G7[0]|OUT:rise,A -> G1 -> G2 -> G3 -> G7
2516,pre_optimization,2.867275470210589,0,0.3374175880659802,-0.02241758806598021,-0.02241758806598021,True,A:rise|G1[0]|G2[0]|G3[0]|G7[0]|OUT:rise,A -> G1 -> G2 -> G3 -> G7
2516,post_optimization,2.867275470210589,0,0.32392867302448874,-0.008928673024488742,-0.008928673024488742,True,A:rise|G1[0]|G2[0]|G3[0]|G7[0]|OUT:rise,A -> G1 -> G2 -> G3 -> G7
2517,pre_optimization,-0.8815241787432835,0,0.3057270168855153,0.009272983114484712,0,False,D:rise|G4[0]|G5[0]|G6[0]|G7[1]|OUT:rise,D -> G4 -> G5 -> G6 -> G7
2517,post_optimization,-0.8815241787432835,0,0.2894671085892551,0.025532891410744885,0,False,A:rise|G1[0]|G2[0]|G3[0]|G7[0]|OUT:rise,A -> G1 -> G2 -> G3 -> G7
2518,pre_optimization,1.5252529347717472,0,0.3406210111461675,-0.025621011146167494,-0.025621011146167494,True,D:rise|G4[0]|G5[0]|G6[0]|G7[1]|OUT:rise,D -> G4 -> G5 -> G6 -> G7
2518,post_optimization,1.5252529347717472,0,0.320013517820405,-0.005013517820404989,-0.005013517820404989,True,D:rise|G4[0]|G5[0]|G6[0]|G7[1]|OUT:rise,D -> G4 -> G5 -> G6 -> G7
2519,pre_optimization,0.9549387804008845,0,0.32059068106061084,-0.005590681060610836,-0.005590681060610836,True,D:rise|G4[0]|G5[0]|G6[0]|G7[1]|OUT:rise,D -> G4 -> G5 -> G6 -> G7
2519,post_optimization,0.9549387804008845,0,0.3050584378937637,0.009941562106236312,0,False,D:rise|G4[0]|G5[0]|G6[0]|G7[1]|OUT:rise,D -> G4 -> G5 -> G6 -> G7
2520,pre_optimization,1.2469655103826696,0,0.3371520714207497,-0.022152071420749708,-0.022152071420749708,True,A:rise|G1[0]|G2[0]|G3[0]|G7[0]|OUT:rise,A -> G1 -> G2 -> G3 -> G7
2520,post_optimization,1.2469655103826696,0,0.32454122732442503,-0.009541227324425028,-0.009541227324425028,True,A:rise|G1[0]|G2[0]|G3[0]|G7[0]|OUT:rise,A -> G1 -> G2 -> G3 -> G7
2521,pre_optimization,0.04325082829912298,0,0.31982301036865346,-0.0048230103686534576,-0.0048230103686534576,True,A:rise|G1[0]|G2[0]|G3[0]|G7[0]|OUT:rise,A -> G1 -> G2 -> G3 -> G7
2521,post_optimization,0.04325082829912298,0,0.3048408268347547,0.010159173165245283,0,False,A:rise|G1[0]|G2[0]|G3[0]|G7[0]|OUT:rise,A -> G1 -> G2 -> G3 -> G7
2522,pre_optimization,0.8160276988599185,0,0.3114787724537274,0.0035212275462725984,0,False,D:rise|G4[0]|G5[0]|G6[0]|G7[1]|OUT:rise,D -> G4 -> G5 -> G6 -> G7
2522,post_optimization,0.8160276988599185,0,0.29571755449838655,0.019282445501613454,0,False,D:rise|G4[0]|G5[0]|G6[0]|G7[1]|OUT:rise,D -> G4 -> G5 -> G6 -> G7
2523,pre_optimization,0.6145320915107628,0,0.3237940146044497,-0.008794014604449674,-0.008794014604449674,True,D:rise|G4[0]|G5[0]|G6[0]|G7[1]|OUT:rise,D -> G4 -> G5 -> G6 -> G7
2523,post_optimization,0.6145320915107628,0,0.3055870207169599,0.00941297928304008,0,False,D:rise|G4[0]|G5[0]|G6[0]|G7[1]|OUT:rise,D -> G4 -> G5 -> G6 -> G7
2524,pre_optimization,0.19166002344373503,0,0.318460936763001,-0.0034609367630010213,-0.0034609367630010213,True,D:rise|G4[0]|G5[0]|G6[0]|G7[1]|OUT:rise,D -> G4 -> G5 -> G6 -> G7
2524,post_optimization,0.19166002344373503,0,0.30320875845262374,0.011791241547376263,0,False,A:rise|G1[0]|G2[0]|G3[0]|G7[0]|OUT:rise,A -> G1 -> G2 -> G3 -> G7
2525,pre_optimization,0.6912055108246761,0,0.3238875431688256,-0.008887543168825618,-0.008887543168825618,True,D:rise|G4[0]|G5[0]|G6[0]|G7[1]|OUT:rise,D -> G4 -> G5 -> G6 -> G7
2525,post_optimization,0.6912055108246761,0,0.31059382434847194,0.004406175651528066,0,False,A:rise|G1[0]|G2[0]|G3[0]|G7[0]|OUT:rise,A -> G1 -> G2 -> G3 -> G7
2526,pre_optimization,-0.81493796704558,0,0.3109840774599975,0.004015922540002492,0,False,D:rise|G4[0]|G5[0]|G6[0]|G7[1]|OUT:rise,D -> G4 -> G5 -> G6 -> G7
2526,post_optimization,-0.81493796704558,0,0.2962432287012157,0.01875677129878428,0,False,A:rise|G1[0]|G2[0]|G3[0]|G7[0]|OUT:rise,A -> G1 -> G2 -> G3 -> G7
2527,pre_optimization,-1.2570229936479511,0,0.30129872557164855,0.013701274428351451,0,False,D:rise|G4[0]|G5[0]|G6[0]|G7[1]|OUT:rise,D -> G4 -> G5 -> G6 -> G7
2527,post_optimization,-1.2570229936479511,0,0.28358884274696283,0.03141115725303717,0,False,D:rise|G4[0]|G5[0]|G6[0]|G7[1]|OUT:rise,D -> G4 -> G5 -> G6 -> G7
2528,pre_optimization,-0.9198980705952807,0,0.31729697576637766,-0.0022969757663776624,-0.0022969757663776624,True,D:rise|G4[0]|G5[0]|G6[0]|G7[1]|OUT:rise,D -> G4 -> G5 -> G6 -> G7
2528,post_optimization,-0.9198980705952807,0,0.2990195966435811,0.015980403356418926,0,False,D:rise|G4[0]|G5[0]|G6[0]|G7[1]|OUT:rise,D -> G4 -> G5 -> G6 -> G7
2529,pre_optimization,0.7377886188427014,0,0.3241784078523073,-0.00917840785230728,-0.00917840785230728,True,D:rise|G4[0]|G5[0]|G6[0]|G7[1]|OUT:rise,D -> G4 -> G5 -> G6 -> G7
2529,post_optimization,0.7377886188427014,0,0.3065735399545756,0.008426460045424411,0,False,D:rise|G4[0]|G5[0]|G6[0]|G7[1]|OUT:rise,D -> G4 -> G5 -> G6 -> G7
2530,pre_optimization,-2.1771277251824146,0,0.29900231421710277,0.01599768578289723,0,False,A:rise|G1[0]|G2[0]|G3[0]|G7[0]|OUT:rise,A -> G1 -> G2 -> G3 -> G7
2530,post_optimization,-2.1771277251824146,0,0.2858448454164489,0.029155154583551113,0,False,A:rise|G1[0]|G2[0]|G3[0]|G7[0]|OUT:rise,A -> G1 -> G2 -> G3 -> G7
2531,pre_optimization,0.9855574891656534,0,0.33151572095865867,-0.016515720958658664,-0.016515720958658664,True,A:rise|G1[0]|G2[0]|G3[0]|G7[0]|OUT:rise,A -> G1 -> G2 -> G3 -> G7
2531,post_optimization,0.9855574891656534,0,0.3177091933578252,-0.0027091933578252125,-0.0027091933578252125,True,A:rise|G1[0]|G2[0]|G3[0]|G7[0]|OUT:rise,A -> G1 -> G2 -> G3 -> G7
2532,pre_optimization,-0.6072086641827251,0,0.3079537849609097,0.007046215039090309,0,False,A:rise|G1[0]|G2[0]|G3[0]|G7[0]|OUT:rise,A -> G1 -> G2 -> G3 -> G7
2532,post_optimization,-0.6072086641827251,0,0.29790836357987893,0.01709163642012107,0,False,A:rise|G1[0]|G2[0]|G3[0]|G7[0]|OUT:rise,A -> G1 -> G2 -> G3 -> G7
2533,pre_optimization,-1.6999960437770891,0,0.3142036530730574,0.0007963469269425816,0,False,A:rise|G1[0]|G2[0]|G3[0]|G7[0]|OUT:rise,A -> G1 -> G2 -> G3 -> G7
2533,post_optimization,-1.6999960437770891,0,0.2988907068328725,0.016109293167127503,0,False,A:rise|G1[0]|G2[0]|G3[0]|G7[0]|OUT:rise,A -> G1 -> G2 -> G3 -> G7
2534,pre_optimization,-0.9336476031403586,0,0.3117090434995521,0.003290956500447917,0,False,A:rise|G1[0]|G2[0]|G3[0]|G7[0]|OUT:rise,A -> G1 -> G2 -> G3 -> G7
2534,post_optimization,-0.9336476031403586,0,0.30106904220157205,0.013930957798427956,0,False,A:rise|G1[0]|G2[0]|G3[0]|G7[0]|OUT:rise,A -> G1 -> G2 -> G3 -> G7
2535,pre_optimization,0.8889824374679046,0,0.3260768212323163,-0.011076821232316292,-0.011076821232316292,True,A:rise|G1[0]|G2[0]|G3[0]|G7[0]|OUT:rise,A -> G1 -> G2 -> G3 -> G7
2535,post_optimization,0.8889824374679046,0,0.3122422706186875,0.0027577293813125237,0,False,A:rise|G1[0]|G2[0]|G3[0]|G7[0]|OUT:rise,A -> G1 -> G2 -> G3 -> G7
2536,pre_optimization,-0.24907685376888386,0,0.3290153440109747,-0.014015344010974706,-0.014015344010974706,True,A:rise|G1[0]|G2[0]|G3[0]|G7[0]|OUT:rise,A -> G1 -> G2 -> G3 -> G7
2536,post_optimization,-0.24907685376888386,0,0.315796757458088,-0.0007967574580879933,-0.0007967574580879933,True,A:rise|G1[0]|G2[0]|G3[0]|G7[0]|OUT:rise,A -> G1 -> G2 -> G3 -> G7
2537,pre_optimization,-0.6658047891481801,0,0.3211532426588597,-0.006153242658859692,-0.006153242658859692,True,A:rise|G1[0]|G2[0]|G3[0]|G7[0]|OUT:rise,A -> G1 -> G2 -> G3 -> G7
2537,post_optimization,-0.6658047891481801,0,0.30649373479434144,0.008506265205658559,0,False,A:rise|G1[0]|G2[0]|G3[0]|G7[0]|OUT:rise,A -> G1 -> G2 -> G3 -> G7
2538,pre_optimization,1.0625555293481732,0,0.32256520280517625,-0.007565202805176252,-0.007565202805176252,True,D:rise|G4[0]|G5[0]|G6[0]|G7[1]|OUT:rise,D -> G4 -> G5 -> G6 -> G7
2538,post_optimization,1.0625555293481732,0,0.30978751282112116,0.005212487178878844,0,False,A:rise|G1[0]|G2[0]|G3[0]|G7[0]|OUT:rise,A -> G1 -> G2 -> G3 -> G7
2539,pre_optimization,-3.066371097275743,0,0.2888254931271749,0.026174506872825076,0,False,D:rise|G4[0]|G5[0]|G6[0]|G7[1]|OUT:rise,D -> G4 -> G5 -> G6 -> G7
2539,post_optimization,-3.066371097275743,0,0.2749906226636819,0.0400093773363181,0,False,D:rise|G4[0]|G5[0]|G6[0]|G7[1]|OUT:rise,D -> G4 -> G5 -> G6 -> G7
2540,pre_optimization,-1.095621470071284,0,0.3058669510612997,0.009133048938700317,0,False,A:rise|G1[0]|G2[0]|G3[0]|G7[0]|OUT:rise,A -> G1 -> G2 -> G3 -> G7
2540,post_optimization,-1.095621470071284,0,0.29618690357585786,0.01881309642414214,0,False,A:rise|G1[0]|G2[0]|G3[0]|G7[0]|OUT:rise,A -> G1 -> G2 -> G3 -> G7
2541,pre_optimization,-1.9178057192074542,0,0.3008980042674262,0.014101995732573813,0,False,D:rise|G4[0]|G5[0]|G6[0]|G7[1]|OUT:rise,D -> G4 -> G5 -> G6 -> G7
2541,post_optimization,-1.9178057192074542,0,0.2845638402990692,0.030436159700930776,0,False,D:rise|G4[0]|G5[0]|G6[0]|G7[1]|OUT:rise,D -> G4 -> G5 -> G6 -> G7
2542,pre_optimization,-0.1854160818535066,0,0.31311188029055775,0.0018881197094422486,0,False,D:rise|G4[0]|G5[0]|G6[0]|G7[1]|OUT:rise,D -> G4 -> G5 -> G6 -> G7
2542,post_optimization,-0.1854160818535066,0,0.29915496386613427,0.01584503613386573,0,False,A:rise|G1[0]|G2[0]|G3[0]|G7[0]|OUT:rise,A -> G1 -> G2 -> G3 -> G7
2543,pre_optimization,0.7684931536840064,0,0.3206611602711994,-0.005661160271199395,-0.005661160271199395,True,A:rise|G1[0]|G2[0]|G3[0]|G7[0]|OUT:rise,A -> G1 -> G2 -> G3 -> G7
2543,post_optimization,0.7684931536840064,0,0.307019187419331,0.007980812580669017,0,False,A:rise|G1[0]|G2[0]|G3[0]|G7[0]|OUT:rise,A -> G1 -> G2 -> G3 -> G7
2544,pre_optimization,1.1142035570084563,0,0.32291371358100013,-0.007913713581000126,-0.007913713581000126,True,A:rise|G1[0]|G2[0]|G3[0]|G7[0]|OUT:rise,A -> G1 -> G2 -> G3 -> G7
2544,post_optimization,1.1142035570084563,0,0.3115937688840305,0.0034062311159694936,0,False,A:rise|G1[0]|G2[0]|G3[0]|G7[0]|OUT:rise,A -> G1 -> G2 -> G3 -> G7
2545,pre_optimization,-0.4399970299584886,0,0.32012195206329364,-0.005121952063293633,-0.005121952063293633,True,D:rise|G4[0]|G5[0]|G6[0]|G7[1]|OUT:rise,D -> G4 -> G5 -> G6 -> G7
2545,post_optimization,-0.4399970299584886,0,0.30289911730946373,0.012100882690536274,0,False,D:rise|G4[0]|G5[0]|G6[0]|G7[1]|OUT:rise,D -> G4 -> G5 -> G6 -> G7
2546,pre_optimization,0.8367013010755718,0,0.332471940646483,-0.017471940646482997,-0.017471940646482997,True,D:rise|G4[0]|G5[0]|G6[0]|G7[1]|OUT:rise,D -> G4 -> G5 -> G6 -> G7
2546,post_optimization,0.8367013010755718,0,0.3120651026844036,0.0029348973155964297,0,False,D:rise|G4[0]|G5[0]|G6[0]|G7[1]|OUT:rise,D -> G4 -> G5 -> G6 -> G7
2547,pre_optimization,-0.5019625411332207,0,0.31991907365167765,-0.004919073651677652,-0.004919073651677652,True,A:rise|G1[0]|G2[0]|G3[0]|G7[0]|OUT:rise,A -> G1 -> G2 -> G3 -> G7
2547,post_optimization,-0.5019625411332207,0,0.3080562914118512,0.0069437085881488,0,False,A:rise|G1[0]|G2[0]|G3[0]|G7[0]|OUT:rise,A -> G1 -> G2 -> G3 -> G7
2548,pre_optimization,0.6624302028103137,0,0.33772731445771753,-0.02272731445771753,-0.02272731445771753,True,A:rise|G1[0]|G2[0]|G3[0]|G7[0]|OUT:rise,A -> G1 -> G2 -> G3 -> G7
2548,post_optimization,0.6624302028103137,0,0.32221976650270706,-0.007219766502707059,-0.007219766502707059,True,A:rise|G1[0]|G2[0]|G3[0]|G7[0]|OUT:rise,A -> G1 -> G2 -> G3 -> G7
2549,pre_optimization,0.20428491109615857,0,0.30918015111924946,0.005819848880750544,0,False,A:rise|G1[0]|G2[0]|G3[0]|G7[0]|OUT:rise,A -> G1 -> G2 -> G3 -> G7
2549,post_optimization,0.20428491109615857,0,0.29863857275227335,0.016361427247726656,0,False,A:rise|G1[0]|G2[0]|G3[0]|G7[0]|OUT:rise,A -> G1 -> G2 -> G3 -> G7
2550,pre_optimization,-0.5888268979197205,0,0.3123111264436844,0.0026888735563155852,0,False,D:rise|G4[0]|G5[0]|G6[0]|G7[1]|OUT:rise,D -> G4 -> G5 -> G6 -> G7
2550,post_optimization,-0.5888268979197205,0,0.29654297115594863,0.01845702884405137,0,False,A:rise|G1[0]|G2[0]|G3[0]|G7[0]|OUT:rise,A -> G1 -> G2 -> G3 -> G7
2551,pre_optimization,-0.1427651769412213,0,0.3189700392040841,-0.003970039204084119,-0.003970039204084119,True,D:rise|G4[0]|G5[0]|G6[0]|G7[1]|OUT:rise,D -> G4 -> G5 -> G6 -> G7
2551,post_optimization,-0.1427651769412213,0,0.3006094884322605,0.014390511567739517,0,False,D:rise|G4[0]|G5[0]|G6[0]|G7[1]|OUT:rise,D -> G4 -> G5 -> G6 -> G7
2552,pre_optimization,-1.0473892858251383,0,0.306750863203462,0.008249136796537992,0,False,D:rise|G4[0]|G5[0]|G6[0]|G7[1]|OUT:rise,D -> G4 -> G5 -> G6 -> G7
2552,post_optimization,-1.0473892858251383,0,0.28975403598407223,0.02524596401592777,0,False,D:rise|G4[0]|G5[0]|G6[0]|G7[1]|OUT:rise,D -> G4 -> G5 -> G6 -> G7
2553,pre_optimization,-0.5853394702134342,0,0.3065419017242368,0.008458098275763215,0,False,D:rise|G4[0]|G5[0]|G6[0]|G7[1]|OUT:rise,D -> G4 -> G5 -> G6 -> G7
2553,post_optimization,-0.5853394702134342,0,0.2911142194924615,0.02388578050753848,0,False,D:rise|G4[0]|G5[0]|G6[0]|G7[1]|OUT:rise,D -> G4 -> G5 -> G6 -> G7
2554,pre_optimization,0.28336197761407633,0,0.31566553008419745,-0.0006655300841974521,-0.0006655300841974521,True,A:rise|G1[0]|G2[0]|G3[0]|G7[0]|OUT:rise,A -> G1 -> G2 -> G3 -> G7
2554,post_optimization,0.28336197761407633,0,0.3037486122486882,0.011251387751311792,0,False,A:rise|G1[0]|G2[0]|G3[0]|G7[0]|OUT:rise,A -> G1 -> G2 -> G3 -> G7
2555,pre_optimization,-1.1022638151017585,0,0.30527278405880026,0.00972721594119974,0,False,D:rise|G4[0]|G5[0]|G6[0]|G7[1]|OUT:rise,D -> G4 -> G5 -> G6 -> G7
2555,post_optimization,-1.1022638151017585,0,0.28703256869209215,0.027967431307907853,0,False,D:rise|G4[0]|G5[0]|G6[0]|G7[1]|OUT:rise,D -> G4 -> G5 -> G6 -> G7
2556,pre_optimization,0.42725527450067663,0,0.32033255231072955,-0.005332552310729544,-0.005332552310729544,True,A:rise|G1[0]|G2[0]|G3[0]|G7[0]|OUT:rise,A -> G1 -> G2 -> G3 -> G7
2556,post_optimization,0.42725527450067663,0,0.3090798035120149,0.0059201964879850855,0,False,A:rise|G1[0]|G2[0]|G3[0]|G7[0]|OUT:rise,A -> G1 -> G2 -> G3 -> G7
2557,pre_optimization,-0.008468785939155943,0,0.32815941141458327,-0.013159411414583266,-0.013159411414583266,True,A:rise|G1[0]|G2[0]|G3[0]|G7[0]|OUT:rise,A -> G1 -> G2 -> G3 -> G7
2557,post_optimization,-0.008468785939155943,0,0.3156808975273476,-0.0006808975273476237,-0.0006808975273476237,True,A:rise|G1[0]|G2[0]|G3[0]|G7[0]|OUT:rise,A -> G1 -> G2 -> G3 -> G7
2558,pre_optimization,1.4547882291398546,0,0.34229682434829906,-0.027296824348299054,-0.027296824348299054,True,D:rise|G4[0]|G5[0]|G6[0]|G7[1]|OUT:rise,D -> G4 -> G5 -> G6 -> G7
2558,post_optimization,1.4547882291398546,0,0.3242067705771837,-0.00920677057718372,-0.00920677057718372,True,A:rise|G1[0]|G2[0]|G3[0]|G7[0]|OUT:rise,A -> G1 -> G2 -> G3 -> G7
2559,pre_optimization,1.301328140876285,0,0.3416310530054779,-0.02663105300547791,-0.02663105300547791,True,A:rise|G1[0]|G2[0]|G3[0]|G7[0]|OUT:rise,A -> G1 -> G2 -> G3 -> G7
2559,post_optimization,1.301328140876285,0,0.329597826378634,-0.014597826378633993,-0.014597826378633993,True,A:rise|G1[0]|G2[0]|G3[0]|G7[0]|OUT:rise,A -> G1 -> G2 -> G3 -> G7
2560,pre_optimization,-0.06298402817683418,0,0.3098555051926092,0.00514449480739082,0,False,D:rise|G4[0]|G5[0]|G6[0]|G7[1]|OUT:rise,D -> G4 -> G5 -> G6 -> G7
2560,post_optimization,-0.06298402817683418,0,0.2947527138308948,0.020247286169105205,0,False,D:rise|G4[0]|G5[0]|G6[0]|G7[1]|OUT:rise,D -> G4 -> G5 -> G6 -> G7
2561,pre_optimization,2.0435427030452193,0,0.34065648313521063,-0.025656483135210628,-0.025656483135210628,True,A:rise|G1[0]|G2[0]|G3[0]|G7[0]|OUT:rise,A -> G1 -> G2 -> G3 -> G7
2561,post_optimization,2.0435427030452193,0,0.3294476729185078,-0.014447672918507792,-0.014447672918507792,True,A:rise|G1[0]|G2[0]|G3[0]|G7[0]|OUT:rise,A -> G1 -> G2 -> G3 -> G7
2562,pre_optimization,1.3038699639960483,0,0.32578201751183294,-0.010782017511832942,-0.010782017511832942,True,D:rise|G4[0]|G5[0]|G6[0]|G7[1]|OUT:rise,D -> G4 -> G5 -> G6 -> G7
2562,post_optimization,1.3038699639960483,0,0.3064205692127238,0.008579430787276188,0,False,D:rise|G4[0]|G5[0]|G6[0]|G7[1]|OUT:rise,D -> G4 -> G5 -> G6 -> G7
2563,pre_optimization,1.6845899089908585,0,0.3322560538061516,-0.017256053806151583,-0.017256053806151583,True,A:rise|G1[0]|G2[0]|G3[0]|G7[0]|OUT:rise,A -> G1 -> G2 -> G3 -> G7
2563,post_optimization,1.6845899089908585,0,0.32191660947787626,-0.006916609477876257,-0.006916609477876257,True,A:rise|G1[0]|G2[0]|G3[0]|G7[0]|OUT:rise,A -> G1 -> G2 -> G3 -> G7
2564,pre_optimization,-0.9373378661407451,0,0.3141890608125294,0.0008109391874706051,0,False,D:rise|G4[0]|G5[0]|G6[0]|G7[1]|OUT:rise,D -> G4 -> G5 -> G6 -> G7
2564,post_optimization,-0.9373378661407451,0,0.2935912064453997,0.02140879355460029,0,False,D:rise|G4[0]|G5[0]|G6[0]|G7[1]|OUT:rise,D -> G4 -> G5 -> G6 -> G7
2565,pre_optimization,0.30012904012575264,0,0.32688490684753035,-0.011884906847530352,-0.011884906847530352,True,A:rise|G1[0]|G2[0]|G3[0]|G7[0]|OUT:rise,A -> G1 -> G2 -> G3 -> G7
2565,post_optimization,0.30012904012575264,0,0.31633389275049895,-0.001333892750498944,-0.001333892750498944,True,A:rise|G1[0]|G2[0]|G3[0]|G7[0]|OUT:rise,A -> G1 -> G2 -> G3 -> G7
2566,pre_optimization,-0.3950064920506812,0,0.31875715606367166,-0.0037571560636716628,-0.0037571560636716628,True,D:rise|G4[0]|G5[0]|G6[0]|G7[1]|OUT:rise,D -> G4 -> G5 -> G6 -> G7
2566,post_optimization,-0.3950064920506812,0,0.30235312496866623,0.01264687503133377,0,False,D:rise|G4[0]|G5[0]|G6[0]|G7[1]|OUT:rise,D -> G4 -> G5 -> G6 -> G7
2567,pre_optimization,-0.9752416857224484,0,0.3133891363088007,0.0016108636911992824,0,False,D:rise|G4[0]|G5[0]|G6[0]|G7[1]|OUT:rise,D -> G4 -> G5 -> G6 -> G7
2567,post_optimization,-0.9752416857224484,0,0.2975408877706369,0.017459112229363083,0,False,D:rise|G4[0]|G5[0]|G6[0]|G7[1]|OUT:rise,D -> G4 -> G5 -> G6 -> G7
2568,pre_optimization,1.162442427159713,0,0.31968230517752577,-0.00468230517752577,-0.00468230517752577,True,A:rise|G1[0]|G2[0]|G3[0]|G7[0]|OUT:rise,A -> G1 -> G2 -> G3 -> G7
2568,post_optimization,1.162442427159713,0,0.3083192462750781,0.006680753724921884,0,False,A:rise|G1[0]|G2[0]|G3[0]|G7[0]|OUT:rise,A -> G1 -> G2 -> G3 -> G7
2569,pre_optimization,-0.5440837810523015,0,0.3211726283456442,-0.006172628345644193,-0.006172628345644193,True,D:rise|G4[0]|G5[0]|G6[0]|G7[1]|OUT:rise,D -> G4 -> G5 -> G6 -> G7
2569,post_optimization,-0.5440837810523015,0,0.3018519644064047,0.013148035593595286,0,False,A:rise|G1[0]|G2[0]|G3[0]|G7[0]|OUT:rise,A -> G1 -> G2 -> G3 -> G7
2570,pre_optimization,-0.9321497274407847,0,0.3178274245953345,-0.002827424595334471,-0.002827424595334471,True,D:rise|G4[0]|G5[0]|G6[0]|G7[1]|OUT:rise,D -> G4 -> G5 -> G6 -> G7
2570,post_optimization,-0.9321497274407847,0,0.2982061041973574,0.016793895802642622,0,False,D:rise|G4[0]|G5[0]|G6[0]|G7[1]|OUT:rise,D -> G4 -> G5 -> G6 -> G7
2571,pre_optimization,-1.5142995494882148,0,0.3061401449382922,0.008859855061707778,0,False,D:rise|G4[0]|G5[0]|G6[0]|G7[1]|OUT:rise,D -> G4 -> G5 -> G6 -> G7
2571,post_optimization,-1.5142995494882148,0,0.2904714205298695,0.024528579470130485,0,False,A:rise|G1[0]|G2[0]|G3[0]|G7[0]|OUT:rise,A -> G1 -> G2 -> G3 -> G7
2572,pre_optimization,-1.1663957998285786,0,0.32053820529456734,-0.005538205294567333,-0.005538205294567333,True,D:rise|G4[0]|G5[0]|G6[0]|G7[1]|OUT:rise,D -> G4 -> G5 -> G6 -> G7
2572,post_optimization,-1.1663957998285786,0,0.30142827452216153,0.01357172547783847,0,False,D:rise|G4[0]|G5[0]|G6[0]|G7[1]|OUT:rise,D -> G4 -> G5 -> G6 -> G7
2573,pre_optimization,0.47675978992940476,0,0.32865977893308096,-0.013659778933080957,-0.013659778933080957,True,A:rise|G1[0]|G2[0]|G3[0]|G7[0]|OUT:rise,A -> G1 -> G2 -> G3 -> G7
2573,post_optimization,0.47675978992940476,0,0.31312843106650745,0.0018715689334925512,0,False,A:rise|G1[0]|G2[0]|G3[0]|G7[0]|OUT:rise,A -> G1 -> G2 -> G3 -> G7
2574,pre_optimization,1.2722879498878548,0,0.3401815178105835,-0.025181517810583476,-0.025181517810583476,True,D:rise|G4[0]|G5[0]|G6[0]|G7[1]|OUT:rise,D -> G4 -> G5 -> G6 -> G7
2574,post_optimization,1.2722879498878548,0,0.3216471993342104,-0.006647199334210374,-0.006647199334210374,True,D:rise|G4[0]|G5[0]|G6[0]|G7[1]|OUT:rise,D -> G4 -> G5 -> G6 -> G7
2575,pre_optimization,-1.8287487825275572,0,0.2955807094648416,0.019419290535158396,0,False,D:rise|G4[0]|G5[0]|G6[0]|G7[1]|OUT:rise,D -> G4 -> G5 -> G6 -> G7
2575,post_optimization,-1.8287487825275572,0,0.28173337835993073,0.03326662164006927,0,False,A:rise|G1[0]|G2[0]|G3[0]|G7[0]|OUT:rise,A -> G1 -> G2 -> G3 -> G7
2576,pre_optimization,-0.13573765795427717,0,0.3219405002651657,-0.006940500265165683,-0.006940500265165683,True,D:rise|G4[0]|G5[0]|G6[0]|G7[1]|OUT:rise,D -> G4 -> G5 -> G6 -> G7
2576,post_optimization,-0.13573765795427717,0,0.3024255988135247,0.012574401186475292,0,False,D:rise|G4[0]|G5[0]|G6[0]|G7[1]|OUT:rise,D -> G4 -> G5 -> G6 -> G7
2577,pre_optimization,0.47561318588036566,0,0.32875968968178554,-0.013759689681785536,-0.013759689681785536,True,D:rise|G4[0]|G5[0]|G6[0]|G7[1]|OUT:rise,D -> G4 -> G5 -> G6 -> G7
2577,post_optimization,0.47561318588036566,0,0.3119851235067516,0.0030148764932483862,0,False,D:rise|G4[0]|G5[0]|G6[0]|G7[1]|OUT:rise,D -> G4 -> G5 -> G6 -> G7
2578,pre_optimization,0.6232202816325346,0,0.3252136650417041,-0.010213665041704123,-0.010213665041704123,True,D:rise|G4[0]|G5[0]|G6[0]|G7[1]|OUT:rise,D -> G4 -> G5 -> G6 -> G7
2578,post_optimization,0.6232202816325346,0,0.30688530146649096,0.008114698533509046,0,False,D:rise|G4[0]|G5[0]|G6[0]|G7[1]|OUT:rise,D -> G4 -> G5 -> G6 -> G7
2579,pre_optimization,0.7375393207708341,0,0.3214468510223841,-0.00644685102238407,-0.00644685102238407,True,D:rise|G4[0]|G5[0]|G6[0]|G7[1]|OUT:rise,D -> G4 -> G5 -> G6 -> G7
2579,post_optimization,0.7375393207708341,0,0.30295021747805395,0.01204978252194605,0,False,D:rise|G4[0]|G5[0]|G6[0]|G7[1]|OUT:rise,D -> G4 -> G5 -> G6 -> G7
2580,pre_optimization,0.20007213309269897,0,0.3169076388536663,-0.0019076388536662936,-0.0019076388536662936,True,A:rise|G1[0]|G2[0]|G3[0]|G7[0]|OUT:rise,A -> G1 -> G2 -> G3 -> G7
2580,post_optimization,0.20007213309269897,0,0.303894288253046,0.011105711746954017,0,False,A:rise|G1[0]|G2[0]|G3[0]|G7[0]|OUT:rise,A -> G1 -> G2 -> G3 -> G7
2581,pre_optimization,-1.2922493793217709,0,0.31092294542839805,0.004077054571601957,0,False,D:rise|G4[0]|G5[0]|G6[0]|G7[1]|OUT:rise,D -> G4 -> G5 -> G6 -> G7
2581,post_optimization,-1.2922493793217709,0,0.29408192465420047,0.020918075345799536,0,False,D:rise|G4[0]|G5[0]|G6[0]|G7[1]|OUT:rise,D -> G4 -> G5 -> G6 -> G7
2582,pre_optimization,-0.297479882335456,0,0.323540455942953,-0.008540455942952996,-0.008540455942952996,True,A:rise|G1[0]|G2[0]|G3[0]|G7[0]|OUT:rise,A -> G1 -> G2 -> G3 -> G7
2582,post_optimization,-0.297479882335456,0,0.31078640293037846,0.004213597069621544,0,False,A:rise|G1[0]|G2[0]|G3[0]|G7[0]|OUT:rise,A -> G1 -> G2 -> G3 -> G7
2583,pre_optimization,-0.8765569263691645,0,0.32194335500063337,-0.006943355000633367,-0.006943355000633367,True,D:rise|G4[0]|G5[0]|G6[0]|G7[1]|OUT:rise,D -> G4 -> G5 -> G6 -> G7
2583,post_optimization,-0.8765569263691645,0,0.3022231006496285,0.012776899350371518,0,False,A:rise|G1[0]|G2[0]|G3[0]|G7[0]|OUT:rise,A -> G1 -> G2 -> G3 -> G7
2584,pre_optimization,-0.8519020126816956,0,0.3122873965801773,0.0027126034198227122,0,False,D:rise|G4[0]|G5[0]|G6[0]|G7[1]|OUT:rise,D -> G4 -> G5 -> G6 -> G7
2584,post_optimization,-0.8519020126816956,0,0.2993195920231324,0.015680407976867594,0,False,A:rise|G1[0]|G2[0]|G3[0]|G7[0]|OUT:rise,A -> G1 -> G2 -> G3 -> G7
2585,pre_optimization,-1.3272026863543995,0,0.29809868801967077,0.016901311980329237,0,False,D:rise|G4[0]|G5[0]|G6[0]|G7[1]|OUT:rise,D -> G4 -> G5 -> G6 -> G7
2585,post_optimization,-1.3272026863543995,0,0.281502644723324,0.03349735527667602,0,False,D:rise|G4[0]|G5[0]|G6[0]|G7[1]|OUT:rise,D -> G4 -> G5 -> G6 -> G7
2586,pre_optimization,-1.4215556922474208,0,0.30957325521496143,0.005426744785038573,0,False,A:rise|G1[0]|G2[0]|G3[0]|G7[0]|OUT:rise,A -> G1 -> G2 -> G3 -> G7
2586,post_optimization,-1.4215556922474208,0,0.2954182523942286,0.019581747605771416,0,False,A:rise|G1[0]|G2[0]|G3[0]|G7[0]|OUT:rise,A -> G1 -> G2 -> G3 -> G7
2587,pre_optimization,0.34865725668135256,0,0.3206736605849331,-0.005673660584933071,-0.005673660584933071,True,D:rise|G4[0]|G5[0]|G6[0]|G7[1]|OUT:rise,D -> G4 -> G5 -> G6 -> G7
2587,post_optimization,0.34865725668135256,0,0.30410431128231347,0.010895688717686536,0,False,D:rise|G4[0]|G5[0]|G6[0]|G7[1]|OUT:rise,D -> G4 -> G5 -> G6 -> G7
2588,pre_optimization,0.4617055023596871,0,0.3156248297658232,-0.0006248297658231761,-0.0006248297658231761,True,A:rise|G1[0]|G2[0]|G3[0]|G7[0]|OUT:rise,A -> G1 -> G2 -> G3 -> G7
2588,post_optimization,0.4617055023596871,0,0.30358978558990146,0.01141021441009854,0,False,A:rise|G1[0]|G2[0]|G3[0]|G7[0]|OUT:rise,A -> G1 -> G2 -> G3 -> G7
2589,pre_optimization,-0.8069166585413755,0,0.3149920597526634,7.94024733657972e-06,0,False,A:rise|G1[0]|G2[0]|G3[0]|G7[0]|OUT:rise,A -> G1 -> G2 -> G3 -> G7
2589,post_optimization,-0.8069166585413755,0,0.30217336926131,0.012826630738690004,0,False,A:rise|G1[0]|G2[0]|G3[0]|G7[0]|OUT:rise,A -> G1 -> G2 -> G3 -> G7
2590,pre_optimization,0.49563563011788964,0,0.32920067237918293,-0.014200672379182933,-0.014200672379182933,True,A:rise|G1[0]|G2[0]|G3[0]|G7[0]|OUT:rise,A -> G1 -> G2 -> G3 -> G7
2590,post_optimization,0.49563563011788964,0,0.31578859409287896,-0.0007885940928789581,-0.0007885940928789581,True,A:rise|G1[0]|G2[0]|G3[0]|G7[0]|OUT:rise,A -> G1 -> G2 -> G3 -> G7
2591,pre_optimization,0.8390019798555997,0,0.3373472455643415,-0.022347245564341478,-0.022347245564341478,True,D:rise|G4[0]|G5[0]|G6[0]|G7[1]|OUT:rise,D -> G4 -> G5 -> G6 -> G7
2591,post_optimization,0.8390019798555997,0,0.31632893733149176,-0.001328937331491753,-0.001328937331491753,True,D:rise|G4[0]|G5[0]|G6[0]|G7[1]|OUT:rise,D -> G4 -> G5 -> G6 -> G7
2592,pre_optimization,-1.5550742692224315,0,0.304701170012878,0.010298829987122005,0,False,D:rise|G4[0]|G5[0]|G6[0]|G7[1]|OUT:rise,D -> G4 -> G5 -> G6 -> G7
2592,post_optimization,-1.5550742692224315,0,0.28590126158416046,0.029098738415839542,0,False,D:rise|G4[0]|G5[0]|G6[0]|G7[1]|OUT:rise,D -> G4 -> G5 -> G6 -> G7
2593,pre_optimization,-1.2946298586375167,0,0.31823649560390677,-0.003236495603906764,-0.003236495603906764,True,A:rise|G1[0]|G2[0]|G3[0]|G7[0]|OUT:rise,A -> G1 -> G2 -> G3 -> G7
2593,post_optimization,-1.2946298586375167,0,0.305335787577765,0.009664212422234975,0,False,A:rise|G1[0]|G2[0]|G3[0]|G7[0]|OUT:rise,A -> G1 -> G2 -> G3 -> G7
2594,pre_optimization,1.1026816305084515,0,0.33728609133384335,-0.02228609133384335,-0.02228609133384335,True,D:rise|G4[0]|G5[0]|G6[0]|G7[1]|OUT:rise,D -> G4 -> G5 -> G6 -> G7
2594,post_optimization,1.1026816305084515,0,0.31842219681105927,-0.0034221968110592638,-0.0034221968110592638,True,D:rise|G4[0]|G5[0]|G6[0]|G7[1]|OUT:rise,D -> G4 -> G5 -> G6 -> G7
2595,pre_optimization,0.8099364485236406,0,0.32821647689950184,-0.013216476899501839,-0.013216476899501839,True,D:rise|G4[0]|G5[0]|G6[0]|G7[1]|OUT:rise,D -> G4 -> G5 -> G6 -> G7
2595,post_optimization,0.8099364485236406,0,0.3088924027569936,0.006107597243006413,0,False,D:rise|G4[0]|G5[0]|G6[0]|G7[1]|OUT:rise,D -> G4 -> G5 -> G6 -> G7
2596,pre_optimization,0.18019783193939307,0,0.32828125963480975,-0.01328125963480975,-0.01328125963480975,True,D:rise|G4[0]|G5[0]|G6[0]|G7[1]|OUT:rise,D -> G4 -> G5 -> G6 -> G7
2596,post_optimization,0.18019783193939307,0,0.31084668534982385,0.004153314650176154,0,False,D:rise|G4[0]|G5[0]|G6[0]|G7[1]|OUT:rise,D -> G4 -> G5 -> G6 -> G7
2597,pre_optimization,0.3910798085191773,0,0.3221398020720241,-0.007139802072024082,-0.007139802072024082,True,D:rise|G4[0]|G5[0]|G6[0]|G7[1]|OUT:rise,D -> G4 -> G5 -> G6 -> G7
2597,post_optimization,0.3910798085191773,0,0.3029215174258887,0.012078482574111316,0,False,D:rise|G4[0]|G5[0]|G6[0]|G7[1]|OUT:rise,D -> G4 -> G5 -> G6 -> G7
2598,pre_optimization,0.9892150814491657,0,0.3270734560247926,-0.012073456024792595,-0.012073456024792595,True,D:rise|G4[0]|G5[0]|G6[0]|G7[1]|OUT:rise,D -> G4 -> G5 -> G6 -> G7
2598,post_optimization,0.9892150814491657,0,0.3110841962339407,0.0039158037660593226,0,False,A:rise|G1[0]|G2[0]|G3[0]|G7[0]|OUT:rise,A -> G1 -> G2 -> G3 -> G7
2599,pre_optimization,1.3642757444368485,0,0.3392572252637109,-0.02425722526371088,-0.02425722526371088,True,A:rise|G1[0]|G2[0]|G3[0]|G7[0]|OUT:rise,A -> G1 -> G2 -> G3 -> G7
2599,post_optimization,1.3642757444368485,0,0.32611661337277287,-0.011116613372772866,-0.011116613372772866,True,A:rise|G1[0]|G2[0]|G3[0]|G7[0]|OUT:rise,A -> G1 -> G2 -> G3 -> G7
2600,pre_optimization,-0.8230416374050831,0,0.3075414575751549,0.007458542424845116,0,False,D:rise|G4[0]|G5[0]|G6[0]|G7[1]|OUT:rise,D -> G4 -> G5 -> G6 -> G7
2600,post_optimization,-0.8230416374050831,0,0.29372490858814465,0.02127509141185535,0,False,A:rise|G1[0]|G2[0]|G3[0]|G7[0]|OUT:rise,A -> G1 -> G2 -> G3 -> G7
2601,pre_optimization,0.10951774774885588,0,0.3160051660383224,-0.0010051660383224026,-0.0010051660383224026,True,D:rise|G4[0]|G5[0]|G6[0]|G7[1]|OUT:rise,D -> G4 -> G5 -> G6 -> G7
2601,post_optimization,0.10951774774885588,0,0.2984422371402154,0.01655776285978461,0,False,A:rise|G1[0]|G2[0]|G3[0]|G7[0]|OUT:rise,A -> G1 -> G2 -> G3 -> G7
2602,pre_optimization,0.6267869310413022,0,0.3173405391050039,-0.002340539105003925,-0.002340539105003925,True,D:rise|G4[0]|G5[0]|G6[0]|G7[1]|OUT:rise,D -> G4 -> G5 -> G6 -> G7
2602,post_optimization,0.6267869310413022,0,0.30204009967432416,0.012959900325675844,0,False,A:rise|G1[0]|G2[0]|G3[0]|G7[0]|OUT:rise,A -> G1 -> G2 -> G3 -> G7
2603,pre_optimization,-1.0157720095788565,0,0.3056749440908775,0.009325055909122526,0,False,D:rise|G4[0]|G5[0]|G6[0]|G7[1]|OUT:rise,D -> G4 -> G5 -> G6 -> G7
2603,post_optimization,-1.0157720095788565,0,0.2868472246907777,0.028152775309222278,0,False,A:rise|G1[0]|G2[0]|G3[0]|G7[0]|OUT:rise,A -> G1 -> G2 -> G3 -> G7
2604,pre_optimization,1.9786320935946993,0,0.34072828502376357,-0.025728285023763564,-0.025728285023763564,True,D:rise|G4[0]|G5[0]|G6[0]|G7[1]|OUT:rise,D -> G4 -> G5 -> G6 -> G7
2604,post_optimization,1.9786320935946993,0,0.3229540550581006,-0.007954055058100595,-0.007954055058100595,True,D:rise|G4[0]|G5[0]|G6[0]|G7[1]|OUT:rise,D -> G4 -> G5 -> G6 -> G7
2605,pre_optimization,-0.2802096002582434,0,0.3287014045552413,-0.013701404555241326,-0.013701404555241326,True,A:rise|G1[0]|G2[0]|G3[0]|G7[0]|OUT:rise,A -> G1 -> G2 -> G3 -> G7
2605,post_optimization,-0.2802096002582434,0,0.31330168570852335,0.0016983142914766547,0,False,A:rise|G1[0]|G2[0]|G3[0]|G7[0]|OUT:rise,A -> G1 -> G2 -> G3 -> G7
2606,pre_optimization,-0.17950322060236348,0,0.32224218090543455,-0.007242180905434548,-0.007242180905434548,True,D:rise|G4[0]|G5[0]|G6[0]|G7[1]|OUT:rise,D -> G4 -> G5 -> G6 -> G7
2606,post_optimization,-0.17950322060236348,0,0.30507939218717217,0.00992060781282783,0,False,D:rise|G4[0]|G5[0]|G6[0]|G7[1]|OUT:rise,D -> G4 -> G5 -> G6 -> G7
2607,pre_optimization,-0.4698587312362482,0,0.31851747157001364,-0.0035174715700136416,-0.0035174715700136416,True,A:rise|G1[0]|G2[0]|G3[0]|G7[0]|OUT:rise,A -> G1 -> G2 -> G3 -> G7
2607,post_optimization,-0.4698587312362482,0,0.3091495712995525,0.005850428700447496,0,False,A:rise|G1[0]|G2[0]|G3[0]|G7[0]|OUT:rise,A -> G1 -> G2 -> G3 -> G7
2608,pre_optimization,1.0003393399833365,0,0.3239098633396376,-0.008909863339637614,-0.008909863339637614,True,D:rise|G4[0]|G5[0]|G6[0]|G7[1]|OUT:rise,D -> G4 -> G5 -> G6 -> G7
2608,post_optimization,1.0003393399833365,0,0.30606646603592536,0.008933533964074647,0,False,D:rise|G4[0]|G5[0]|G6[0]|G7[1]|OUT:rise,D -> G4 -> G5 -> G6 -> G7
2609,pre_optimization,1.0576144904866025,0,0.3366052847740659,-0.021605284774065925,-0.021605284774065925,True,D:rise|G4[0]|G5[0]|G6[0]|G7[1]|OUT:rise,D -> G4 -> G5 -> G6 -> G7
2609,post_optimization,1.0576144904866025,0,0.31939827737641696,-0.004398277376416959,-0.004398277376416959,True,A:rise|G1[0]|G2[0]|G3[0]|G7[0]|OUT:rise,A -> G1 -> G2 -> G3 -> G7
2610,pre_optimization,0.945841271345714,0,0.3311577413533999,-0.016157741353399924,-0.016157741353399924,True,A:rise|G1[0]|G2[0]|G3[0]|G7[0]|OUT:rise,A -> G1 -> G2 -> G3 -> G7
2610,post_optimization,0.945841271345714,0,0.31629586567739953,-0.0012958656773995325,-0.0012958656773995325,True,A:rise|G1[0]|G2[0]|G3[0]|G7[0]|OUT:rise,A -> G1 -> G2 -> G3 -> G7
2611,pre_optimization,0.3028141977363625,0,0.3194140198236518,-0.004414019823651805,-0.004414019823651805,True,A:rise|G1[0]|G2[0]|G3[0]|G7[0]|OUT:rise,A -> G1 -> G2 -> G3 -> G7
2611,post_optimization,0.3028141977363625,0,0.30645812594678923,0.008541874053210774,0,False,A:rise|G1[0]|G2[0]|G3[0]|G7[0]|OUT:rise,A -> G1 -> G2 -> G3 -> G7
2612,pre_optimization,0.1047641775977944,0,0.3361230174155553,-0.02112301741555528,-0.02112301741555528,True,A:rise|G1[0]|G2[0]|G3[0]|G7[0]|OUT:rise,A -> G1 -> G2 -> G3 -> G7
2612,post_optimization,0.1047641775977944,0,0.32254904555514063,-0.007549045555140632,-0.007549045555140632,True,A:rise|G1[0]|G2[0]|G3[0]|G7[0]|OUT:rise,A -> G1 -> G2 -> G3 -> G7
2613,pre_optimization,0.6359365257873346,0,0.3332181176934351,-0.01821811769343512,-0.01821811769343512,True,D:rise|G4[0]|G5[0]|G6[0]|G7[1]|OUT:rise,D -> G4 -> G5 -> G6 -> G7
2613,post_optimization,0.6359365257873346,0,0.3153607990193559,-0.000360799019355873,-0.000360799019355873,True,A:rise|G1[0]|G2[0]|G3[0]|G7[0]|OUT:rise,A -> G1 -> G2 -> G3 -> G7
2614,pre_optimization,1.3443923597933194,0,0.33952300413414094,-0.024523004134140935,-0.024523004134140935,True,A:rise|G1[0]|G2[0]|G3[0]|G7[0]|OUT:rise,A -> G1 -> G2 -> G3 -> G7
2614,post_optimization,1.3443923597933194,0,0.32494323529917474,-0.009943235299174735,-0.009943235299174735,True,A:rise|G1[0]|G2[0]|G3[0]|G7[0]|OUT:rise,A -> G1 -> G2 -> G3 -> G7
2615,pre_optimization,0.18911362920163882,0,0.32483415736979043,-0.00983415736979043,-0.00983415736979043,True,D:rise|G4[0]|G5[0]|G6[0]|G7[1]|OUT:rise,D -> G4 -> G5 -> G6 -> G7
2615,post_optimization,0.18911362920163882,0,0.30636405971879027,0.00863594028120973,0,False,D:rise|G4[0]|G5[0]|G6[0]|G7[1]|OUT:rise,D -> G4 -> G5 -> G6 -> G7
2616,pre_optimization,1.110028639364611,0,0.3387612705388267,-0.023761270538826706,-0.023761270538826706,True,D:rise|G4[0]|G5[0]|G6[0]|G7[1]|OUT:rise,D -> G4 -> G5 -> G6 -> G7
2616,post_optimization,1.110028639364611,0,0.320166157851333,-0.005166157851333009,-0.005166157851333009,True,D:rise|G4[0]|G5[0]|G6[0]|G7[1]|OUT:rise,D -> G4 -> G5 -> G6 -> G7
2617,pre_optimization,-0.7534253466823914,0,0.3189987357873398,-0.00399873578733978,-0.00399873578733978,True,D:rise|G4[0]|G5[0]|G6[0]|G7[1]|OUT:rise,D -> G4 -> G5 -> G6 -> G7
2617,post_optimization,-0.7534253466823914,0,0.30282961538854025,0.01217038461145975,0,False,A:rise|G1[0]|G2[0]|G3[0]|G7[0]|OUT:rise,A -> G1 -> G2 -> G3 -> G7
2618,pre_optimization,-0.3126915516834167,0,0.33801102934520055,-0.02301102934520055,-0.02301102934520055,True,D:rise|G4[0]|G5[0]|G6[0]|G7[1]|OUT:rise,D -> G4 -> G5 -> G6 -> G7
2618,post_optimization,-0.3126915516834167,0,0.31460222210121724,0.0003977778987827585,0,False,D:rise|G4[0]|G5[0]|G6[0]|G7[1]|OUT:rise,D -> G4 -> G5 -> G6 -> G7
2619,pre_optimization,0.9815256186370402,0,0.32493906563941866,-0.009939065639418654,-0.009939065639418654,True,D:rise|G4[0]|G5[0]|G6[0]|G7[1]|OUT:rise,D -> G4 -> G5 -> G6 -> G7
2619,post_optimization,0.9815256186370402,0,0.3084709059332406,0.006529094066759389,0,False,A:rise|G1[0]|G2[0]|G3[0]|G7[0]|OUT:rise,A -> G1 -> G2 -> G3 -> G7
2620,pre_optimization,-1.2323206623765144,0,0.30104393785562367,0.013956062144376336,0,False,D:rise|G4[0]|G5[0]|G6[0]|G7[1]|OUT:rise,D -> G4 -> G5 -> G6 -> G7
2620,post_optimization,-1.2323206623765144,0,0.28644619080864053,0.02855380919135947,0,False,A:rise|G1[0]|G2[0]|G3[0]|G7[0]|OUT:rise,A -> G1 -> G2 -> G3 -> G7
2621,pre_optimization,-1.1604469874922108,0,0.30728412670138905,0.0077158732986109535,0,False,D:rise|G4[0]|G5[0]|G6[0]|G7[1]|OUT:rise,D -> G4 -> G5 -> G6 -> G7
2621,post_optimization,-1.1604469874922108,0,0.29043575544850936,0.024564244551490644,0,False,A:rise|G1[0]|G2[0]|G3[0]|G7[0]|OUT:rise,A -> G1 -> G2 -> G3 -> G7
2622,pre_optimization,0.2120569942127296,0,0.32193888663375675,-0.006938886633756747,-0.006938886633756747,True,A:rise|G1[0]|G2[0]|G3[0]|G7[0]|OUT:rise,A -> G1 -> G2 -> G3 -> G7
2622,post_optimization,0.2120569942127296,0,0.30692630464135584,0.008073695358644162,0,False,A:rise|G1[0]|G2[0]|G3[0]|G7[0]|OUT:rise,A -> G1 -> G2 -> G3 -> G7
2623,pre_optimization,0.1334864477486412,0,0.3183865530989106,-0.0033865530989106163,-0.0033865530989106163,True,D:rise|G4[0]|G5[0]|G6[0]|G7[1]|OUT:rise,D -> G4 -> G5 -> G6 -> G7
2623,post_optimization,0.1334864477486412,0,0.2986196987322336,0.016380301267766406,0,False,D:rise|G4[0]|G5[0]|G6[0]|G7[1]|OUT:rise,D -> G4 -> G5 -> G6 -> G7
2624,pre_optimization,3.5372310392564987,0,0.33487745422055426,-0.019877454220554258,-0.019877454220554258,True,A:rise|G1[0]|G2[0]|G3[0]|G7[0]|OUT:rise,A -> G1 -> G2 -> G3 -> G7
2624,post_optimization,3.5372310392564987,0,0.32333985228591516,-0.008339852285915161,-0.008339852285915161,True,A:rise|G1[0]|G2[0]|G3[0]|G7[0]|OUT:rise,A -> G1 -> G2 -> G3 -> G7
2625,pre_optimization,0.4737472399145888,0,0.3167528440145637,-0.0017528440145637147,-0.0017528440145637147,True,D:rise|G4[0]|G5[0]|G6[0]|G7[1]|OUT:rise,D -> G4 -> G5 -> G6 -> G7
2625,post_optimization,0.4737472399145888,0,0.29721522165799785,0.01778477834200215,0,False,D:rise|G4[0]|G5[0]|G6[0]|G7[1]|OUT:rise,D -> G4 -> G5 -> G6 -> G7
2626,pre_optimization,-0.43349590390161225,0,0.3124566285747058,0.0025433714252942052,0,False,D:rise|G4[0]|G5[0]|G6[0]|G7[1]|OUT:rise,D -> G4 -> G5 -> G6 -> G7
2626,post_optimization,-0.43349590390161225,0,0.2968304180503561,0.01816958194964391,0,False,D:rise|G4[0]|G5[0]|G6[0]|G7[1]|OUT:rise,D -> G4 -> G5 -> G6 -> G7
2627,pre_optimization,1.2444202715631794,0,0.3386401084140851,-0.023640108414085093,-0.023640108414085093,True,D:rise|G4[0]|G5[0]|G6[0]|G7[1]|OUT:rise,D -> G4 -> G5 -> G6 -> G7
2627,post_optimization,1.2444202715631794,0,0.31981882009279905,-0.004818820092799048,-0.004818820092799048,True,D:rise|G4[0]|G5[0]|G6[0]|G7[1]|OUT:rise,D -> G4 -> G5 -> G6 -> G7
2628,pre_optimization,0.17289582600252767,0,0.30834623502952585,0.006653764970474152,0,False,D:rise|G4[0]|G5[0]|G6[0]|G7[1]|OUT:rise,D -> G4 -> G5 -> G6 -> G7
2628,post_optimization,0.17289582600252767,0,0.29240434505278146,0.022595654947218546,0,False,D:rise|G4[0]|G5[0]|G6[0]|G7[1]|OUT:rise,D -> G4 -> G5 -> G6 -> G7
2629,pre_optimization,1.4621296324391522,0,0.3329943204099075,-0.017994320409907505,-0.017994320409907505,True,A:rise|G1[0]|G2[0]|G3[0]|G7[0]|OUT:rise,A -> G1 -> G2 -> G3 -> G7
2629,post_optimization,1.4621296324391522,0,0.3191665532461824,-0.004166553246182425,-0.004166553246182425,True,A:rise|G1[0]|G2[0]|G3[0]|G7[0]|OUT:rise,A -> G1 -> G2 -> G3 -> G7
2630,pre_optimization,0.3851396805720813,0,0.3240963083369412,-0.009096308336941195,-0.009096308336941195,True,D:rise|G4[0]|G5[0]|G6[0]|G7[1]|OUT:rise,D -> G4 -> G5 -> G6 -> G7
2630,post_optimization,0.3851396805720813,0,0.30558347461403157,0.009416525385968433,0,False,A:rise|G1[0]|G2[0]|G3[0]|G7[0]|OUT:rise,A -> G1 -> G2 -> G3 -> G7
2631,pre_optimization,1.0488361299215734,0,0.32295019531682495,-0.007950195316824948,-0.007950195316824948,True,D:rise|G4[0]|G5[0]|G6[0]|G7[1]|OUT:rise,D -> G4 -> G5 -> G6 -> G7
2631,post_optimization,1.0488361299215734,0,0.3052292233794163,0.009770776620583677,0,False,D:rise|G4[0]|G5[0]|G6[0]|G7[1]|OUT:rise,D -> G4 -> G5 -> G6 -> G7
2632,pre_optimization,0.33190413258272583,0,0.3348756672162081,-0.019875667216208093,-0.019875667216208093,True,D:rise|G4[0]|G5[0]|G6[0]|G7[1]|OUT:rise,D -> G4 -> G5 -> G6 -> G7
2632,post_optimization,0.33190413258272583,0,0.31550552992158654,-0.0005055299215865339,-0.0005055299215865339,True,A:rise|G1[0]|G2[0]|G3[0]|G7[0]|OUT:rise,A -> G1 -> G2 -> G3 -> G7
2633,pre_optimization,0.5769098533784759,0,0.32406551759367164,-0.009065517593671635,-0.009065517593671635,True,A:rise|G1[0]|G2[0]|G3[0]|G7[0]|OUT:rise,A -> G1 -> G2 -> G3 -> G7
2633,post_optimization,0.5769098533784759,0,0.3089980474717071,0.0060019525282928865,0,False,A:rise|G1[0]|G2[0]|G3[0]|G7[0]|OUT:rise,A -> G1 -> G2 -> G3 -> G7
2634,pre_optimization,-0.637558131341277,0,0.3017750160146818,0.013224983985318184,0,False,D:rise|G4[0]|G5[0]|G6[0]|G7[1]|OUT:rise,D -> G4 -> G5 -> G6 -> G7
2634,post_optimization,-0.637558131341277,0,0.286368979739843,0.028631020260157014,0,False,D:rise|G4[0]|G5[0]|G6[0]|G7[1]|OUT:rise,D -> G4 -> G5 -> G6 -> G7
2635,pre_optimization,-2.0976631447407277,0,0.2912737220451735,0.023726277954826513,0,False,A:rise|G1[0]|G2[0]|G3[0]|G7[0]|OUT:rise,A -> G1 -> G2 -> G3 -> G7
2635,post_optimization,-2.0976631447407277,0,0.27972628363678204,0.035273716363217966,0,False,A:rise|G1[0]|G2[0]|G3[0]|G7[0]|OUT:rise,A -> G1 -> G2 -> G3 -> G7
2636,pre_optimization,-2.890662697225594,0,0.30009921180881943,0.01490078819118057,0,False,D:rise|G4[0]|G5[0]|G6[0]|G7[1]|OUT:rise,D -> G4 -> G5 -> G6 -> G7
2636,post_optimization,-2.890662697225594,0,0.2817952578215416,0.033204742178458424,0,False,A:rise|G1[0]|G2[0]|G3[0]|G7[0]|OUT:rise,A -> G1 -> G2 -> G3 -> G7
2637,pre_optimization,-0.23104294293994648,0,0.30843787909711196,0.006562120902888047,0,False,A:rise|G1[0]|G2[0]|G3[0]|G7[0]|OUT:rise,A -> G1 -> G2 -> G3 -> G7
2637,post_optimization,-0.23104294293994648,0,0.2969274655210523,0.01807253447894769,0,False,A:rise|G1[0]|G2[0]|G3[0]|G7[0]|OUT:rise,A -> G1 -> G2 -> G3 -> G7
2638,pre_optimization,2.6327521670873923,0,0.3480468074089242,-0.033046807408924184,-0.033046807408924184,True,D:rise|G4[0]|G5[0]|G6[0]|G7[1]|OUT:rise,D -> G4 -> G5 -> G6 -> G7
2638,post_optimization,2.6327521670873923,0,0.3298697314603342,-0.014869731460334212,-0.014869731460334212,True,A:rise|G1[0]|G2[0]|G3[0]|G7[0]|OUT:rise,A -> G1 -> G2 -> G3 -> G7
2639,pre_optimization,-0.4262461429097596,0,0.32627291978673734,-0.011272919786737334,-0.011272919786737334,True,D:rise|G4[0]|G5[0]|G6[0]|G7[1]|OUT:rise,D -> G4 -> G5 -> G6 -> G7
2639,post_optimization,-0.4262461429097596,0,0.3058342124348639,0.009165787565136085,0,False,A:rise|G1[0]|G2[0]|G3[0]|G7[0]|OUT:rise,A -> G1 -> G2 -> G3 -> G7
2640,pre_optimization,-0.04969904719163581,0,0.31953302482987983,-0.004533024829879828,-0.004533024829879828,True,A:rise|G1[0]|G2[0]|G3[0]|G7[0]|OUT:rise,A -> G1 -> G2 -> G3 -> G7
2640,post_optimization,-0.04969904719163581,0,0.30614846369754745,0.008851536302452556,0,False,A:rise|G1[0]|G2[0]|G3[0]|G7[0]|OUT:rise,A -> G1 -> G2 -> G3 -> G7
2641,pre_optimization,-1.0996384992769659,0,0.31448965953258357,0.0005103404674164369,0,False,D:rise|G4[0]|G5[0]|G6[0]|G7[1]|OUT:rise,D -> G4 -> G5 -> G6 -> G7
2641,post_optimization,-1.0996384992769659,0,0.2969199251937083,0.0180800748062917,0,False,D:rise|G4[0]|G5[0]|G6[0]|G7[1]|OUT:rise,D -> G4 -> G5 -> G6 -> G7
2642,pre_optimization,-0.9916544834241472,0,0.3219337504804069,-0.006933750480406897,-0.006933750480406897,True,D:rise|G4[0]|G5[0]|G6[0]|G7[1]|OUT:rise,D -> G4 -> G5 -> G6 -> G7
2642,post_optimization,-0.9916544834241472,0,0.3039788295812035,0.011021170418796522,0,False,D:rise|G4[0]|G5[0]|G6[0]|G7[1]|OUT:rise,D -> G4 -> G5 -> G6 -> G7
2643,pre_optimization,-1.8987483556672609,0,0.32291127655361157,-0.007911276553611568,-0.007911276553611568,True,D:rise|G4[0]|G5[0]|G6[0]|G7[1]|OUT:rise,D -> G4 -> G5 -> G6 -> G7
2643,post_optimization,-1.8987483556672609,0,0.30362389168635157,0.011376108313648436,0,False,A:rise|G1[0]|G2[0]|G3[0]|G7[0]|OUT:rise,A -> G1 -> G2 -> G3 -> G7
2644,pre_optimization,-0.42055747860498227,0,0.32438357901321424,-0.009383579013214238,-0.009383579013214238,True,D:rise|G4[0]|G5[0]|G6[0]|G7[1]|OUT:rise,D -> G4 -> G5 -> G6 -> G7
2644,post_optimization,-0.42055747860498227,0,0.30522350926138664,0.009776490738613364,0,False,A:rise|G1[0]|G2[0]|G3[0]|G7[0]|OUT:rise,A -> G1 -> G2 -> G3 -> G7
2645,pre_optimization,-0.6435191757144069,0,0.3182847399941617,-0.0032847399941616784,-0.0032847399941616784,True,D:rise|G4[0]|G5[0]|G6[0]|G7[1]|OUT:rise,D -> G4 -> G5 -> G6 -> G7
2645,post_optimization,-0.6435191757144069,0,0.30044503349145746,0.014554966508542544,0,False,D:rise|G4[0]|G5[0]|G6[0]|G7[1]|OUT:rise,D -> G4 -> G5 -> G6 -> G7
2646,pre_optimization,-0.6464708852530682,0,0.307930111943271,0.007069888056728979,0,False,A:rise|G1[0]|G2[0]|G3[0]|G7[0]|OUT:rise,A -> G1 -> G2 -> G3 -> G7
2646,post_optimization,-0.6464708852530682,0,0.2947661213434677,0.02023387865653231,0,False,A:rise|G1[0]|G2[0]|G3[0]|G7[0]|OUT:rise,A -> G1 -> G2 -> G3 -> G7
2647,pre_optimization,-0.7830018614180987,0,0.3255261528999347,-0.010526152899934693,-0.010526152899934693,True,A:rise|G1[0]|G2[0]|G3[0]|G7[0]|OUT:rise,A -> G1 -> G2 -> G3 -> G7
2647,post_optimization,-0.7830018614180987,0,0.3126646988977614,0.0023353011022386183,0,False,A:rise|G1[0]|G2[0]|G3[0]|G7[0]|OUT:rise,A -> G1 -> G2 -> G3 -> G7
2648,pre_optimization,-0.09178042079707809,0,0.3256602151751958,-0.010660215175195775,-0.010660215175195775,True,D:rise|G4[0]|G5[0]|G6[0]|G7[1]|OUT:rise,D -> G4 -> G5 -> G6 -> G7
2648,post_optimization,-0.09178042079707809,0,0.3066011847621064,0.008398815237893598,0,False,D:rise|G4[0]|G5[0]|G6[0]|G7[1]|OUT:rise,D -> G4 -> G5 -> G6 -> G7
2649,pre_optimization,-1.447750288021015,0,0.31213076992729644,0.0028692300727035658,0,False,A:rise|G1[0]|G2[0]|G3[0]|G7[0]|OUT:rise,A -> G1 -> G2 -> G3 -> G7
2649,post_optimization,-1.447750288021015,0,0.29805522675902874,0.016944773240971267,0,False,A:rise|G1[0]|G2[0]|G3[0]|G7[0]|OUT:rise,A -> G1 -> G2 -> G3 -> G7
2650,pre_optimization,-1.5919118506601808,0,0.30184711935312525,0.013152880646874754,0,False,D:rise|G4[0]|G5[0]|G6[0]|G7[1]|OUT:rise,D -> G4 -> G5 -> G6 -> G7
2650,post_optimization,-1.5919118506601808,0,0.2864852931386642,0.02851470686133578,0,False,A:rise|G1[0]|G2[0]|G3[0]|G7[0]|OUT:rise,A -> G1 -> G2 -> G3 -> G7
2651,pre_optimization,-0.6867246689531029,0,0.3168470167874654,-0.0018470167874654053,-0.0018470167874654053,True,D:rise|G4[0]|G5[0]|G6[0]|G7[1]|OUT:rise,D -> G4 -> G5 -> G6 -> G7
2651,post_optimization,-0.6867246689531029,0,0.2986254369360872,0.016374563063912828,0,False,D:rise|G4[0]|G5[0]|G6[0]|G7[1]|OUT:rise,D -> G4 -> G5 -> G6 -> G7
2652,pre_optimization,-1.835403764980388,0,0.30412695154016417,0.010873048459835832,0,False,A:rise|G1[0]|G2[0]|G3[0]|G7[0]|OUT:rise,A -> G1 -> G2 -> G3 -> G7
2652,post_optimization,-1.835403764980388,0,0.29150946032036684,0.02349053967963316,0,False,A:rise|G1[0]|G2[0]|G3[0]|G7[0]|OUT:rise,A -> G1 -> G2 -> G3 -> G7
2653,pre_optimization,-0.9344899237845803,0,0.3099721126770101,0.005027887322989921,0,False,A:rise|G1[0]|G2[0]|G3[0]|G7[0]|OUT:rise,A -> G1 -> G2 -> G3 -> G7
2653,post_optimization,-0.9344899237845803,0,0.3015428439167428,0.013457156083257205,0,False,A:rise|G1[0]|G2[0]|G3[0]|G7[0]|OUT:rise,A -> G1 -> G2 -> G3 -> G7
2654,pre_optimization,-1.1991667952799556,0,0.29891271185504015,0.016087288144959855,0,False,D:rise|G4[0]|G5[0]|G6[0]|G7[1]|OUT:rise,D -> G4 -> G5 -> G6 -> G7
2654,post_optimization,-1.1991667952799556,0,0.28509317047723504,0.029906829522764966,0,False,A:rise|G1[0]|G2[0]|G3[0]|G7[0]|OUT:rise,A -> G1 -> G2 -> G3 -> G7
2655,pre_optimization,1.138371936142756,0,0.34897149364137625,-0.03397149364137625,-0.035091336789484395,True,A:rise|G1[0]|G2[0]|G3[0]|G7[0]|OUT:rise,A -> G1 -> G2 -> G3 -> G7
2655,post_optimization,1.138371936142756,0,0.3332241182366069,-0.018224118236606912,-0.018224118236606912,True,A:rise|G1[0]|G2[0]|G3[0]|G7[0]|OUT:rise,A -> G1 -> G2 -> G3 -> G7
2656,pre_optimization,-1.019405491788654,0,0.3085620191446139,0.006437980855386105,0,False,D:rise|G4[0]|G5[0]|G6[0]|G7[1]|OUT:rise,D -> G4 -> G5 -> G6 -> G7
2656,post_optimization,-1.019405491788654,0,0.29197743253301756,0.023022567466982446,0,False,A:rise|G1[0]|G2[0]|G3[0]|G7[0]|OUT:rise,A -> G1 -> G2 -> G3 -> G7
2657,pre_optimization,-0.09274465175270477,0,0.3239784608976392,-0.008978460897639207,-0.008978460897639207,True,D:rise|G4[0]|G5[0]|G6[0]|G7[1]|OUT:rise,D -> G4 -> G5 -> G6 -> G7
2657,post_optimization,-0.09274465175270477,0,0.30539792591696574,0.009602074083034262,0,False,D:rise|G4[0]|G5[0]|G6[0]|G7[1]|OUT:rise,D -> G4 -> G5 -> G6 -> G7
2658,pre_optimization,-2.0878218606546466,0,0.28789995376499533,0.02710004623500467,0,False,D:rise|G4[0]|G5[0]|G6[0]|G7[1]|OUT:rise,D -> G4 -> G5 -> G6 -> G7
2658,post_optimization,-2.0878218606546466,0,0.27432304517437867,0.040676954825621336,0,False,D:rise|G4[0]|G5[0]|G6[0]|G7[1]|OUT:rise,D -> G4 -> G5 -> G6 -> G7
2659,pre_optimization,0.7766152395586123,0,0.31888570034545893,-0.003885700345458931,-0.003885700345458931,True,A:rise|G1[0]|G2[0]|G3[0]|G7[0]|OUT:rise,A -> G1 -> G2 -> G3 -> G7
2659,post_optimization,0.7766152395586123,0,0.30592354067566135,0.009076459324338648,0,False,A:rise|G1[0]|G2[0]|G3[0]|G7[0]|OUT:rise,A -> G1 -> G2 -> G3 -> G7
2660,pre_optimization,1.839996761020714,0,0.343536692653291,-0.028536692653291007,-0.028536692653291007,True,A:rise|G1[0]|G2[0]|G3[0]|G7[0]|OUT:rise,A -> G1 -> G2 -> G3 -> G7
2660,post_optimization,1.839996761020714,0,0.33061801363978827,-0.015618013639788264,-0.015618013639788264,True,A:rise|G1[0]|G2[0]|G3[0]|G7[0]|OUT:rise,A -> G1 -> G2 -> G3 -> G7
2661,pre_optimization,0.11743472795742659,0,0.32925925555322544,-0.014259255553225436,-0.014259255553225436,True,A:rise|G1[0]|G2[0]|G3[0]|G7[0]|OUT:rise,A -> G1 -> G2 -> G3 -> G7
2661,post_optimization,0.11743472795742659,0,0.3165920703701129,-0.0015920703701128858,-0.0015920703701128858,True,A:rise|G1[0]|G2[0]|G3[0]|G7[0]|OUT:rise,A -> G1 -> G2 -> G3 -> G7
2662,pre_optimization,-1.4163700601611033,0,0.3078298620869057,0.007170137913094288,0,False,A:rise|G1[0]|G2[0]|G3[0]|G7[0]|OUT:rise,A -> G1 -> G2 -> G3 -> G7
2662,post_optimization,-1.4163700601611033,0,0.2951549883310964,0.019845011668903623,0,False,A:rise|G1[0]|G2[0]|G3[0]|G7[0]|OUT:rise,A -> G1 -> G2 -> G3 -> G7
2663,pre_optimization,-1.0060444186506419,0,0.31107708271664414,0.0039229172833558645,0,False,D:rise|G4[0]|G5[0]|G6[0]|G7[1]|OUT:rise,D -> G4 -> G5 -> G6 -> G7
2663,post_optimization,-1.0060444186506419,0,0.29416817352331487,0.020831826476685134,0,False,D:rise|G4[0]|G5[0]|G6[0]|G7[1]|OUT:rise,D -> G4 -> G5 -> G6 -> G7
2664,pre_optimization,0.4606905103069174,0,0.3400965914092411,-0.025096591409241087,-0.025096591409241087,True,D:rise|G4[0]|G5[0]|G6[0]|G7[1]|OUT:rise,D -> G4 -> G5 -> G6 -> G7
2664,post_optimization,0.4606905103069174,0,0.3215806597080423,-0.00658065970804228,-0.00658065970804228,True,A:rise|G1[0]|G2[0]|G3[0]|G7[0]|OUT:rise,A -> G1 -> G2 -> G3 -> G7
2665,pre_optimization,-1.29635108684974,0,0.3172241799640172,-0.002224179964017192,-0.002224179964017192,True,D:rise|G4[0]|G5[0]|G6[0]|G7[1]|OUT:rise,D -> G4 -> G5 -> G6 -> G7
2665,post_optimization,-1.29635108684974,0,0.29950091669582257,0.01549908330417743,0,False,D:rise|G4[0]|G5[0]|G6[0]|G7[1]|OUT:rise,D -> G4 -> G5 -> G6 -> G7
2666,pre_optimization,1.732502735685752,0,0.32130428834417013,-0.006304288344170128,-0.006304288344170128,True,D:rise|G4[0]|G5[0]|G6[0]|G7[1]|OUT:rise,D -> G4 -> G5 -> G6 -> G7
2666,post_optimization,1.732502735685752,0,0.30641926078170445,0.008580739218295552,0,False,A:rise|G1[0]|G2[0]|G3[0]|G7[0]|OUT:rise,A -> G1 -> G2 -> G3 -> G7
2667,pre_optimization,1.1616572369605056,0,0.32212378523835306,-0.007123785238353053,-0.007123785238353053,True,A:rise|G1[0]|G2[0]|G3[0]|G7[0]|OUT:rise,A -> G1 -> G2 -> G3 -> G7
2667,post_optimization,1.1616572369605056,0,0.30945685615194474,0.005543143848055265,0,False,A:rise|G1[0]|G2[0]|G3[0]|G7[0]|OUT:rise,A -> G1 -> G2 -> G3 -> G7
2668,pre_optimization,-0.521948608993248,0,0.3132735760780054,0.0017264239219946242,0,False,A:rise|G1[0]|G2[0]|G3[0]|G7[0]|OUT:rise,A -> G1 -> G2 -> G3 -> G7
2668,post_optimization,-0.521948608993248,0,0.3023737120474106,0.01262628795258941,0,False,A:rise|G1[0]|G2[0]|G3[0]|G7[0]|OUT:rise,A -> G1 -> G2 -> G3 -> G7
2669,pre_optimization,0.9314861564418397,0,0.3289162463796775,-0.013916246379677477,-0.013916246379677477,True,D:rise|G4[0]|G5[0]|G6[0]|G7[1]|OUT:rise,D -> G4 -> G5 -> G6 -> G7
2669,post_optimization,0.9314861564418397,0,0.3087496528420704,0.006250347157929603,0,False,D:rise|G4[0]|G5[0]|G6[0]|G7[1]|OUT:rise,D -> G4 -> G5 -> G6 -> G7
2670,pre_optimization,-0.7855261313156429,0,0.3138115737767897,0.0011884262232103038,0,False,A:rise|G1[0]|G2[0]|G3[0]|G7[0]|OUT:rise,A -> G1 -> G2 -> G3 -> G7
2670,post_optimization,-0.7855261313156429,0,0.3000033858141633,0.014996614185836699,0,False,A:rise|G1[0]|G2[0]|G3[0]|G7[0]|OUT:rise,A -> G1 -> G2 -> G3 -> G7
2671,pre_optimization,-0.6305938576976264,0,0.3033595568924454,0.011640443107554577,0,False,A:rise|G1[0]|G2[0]|G3[0]|G7[0]|OUT:rise,A -> G1 -> G2 -> G3 -> G7
2671,post_optimization,-0.6305938576976264,0,0.29242638215227484,0.022573617847725158,0,False,A:rise|G1[0]|G2[0]|G3[0]|G7[0]|OUT:rise,A -> G1 -> G2 -> G3 -> G7
2672,pre_optimization,0.9963224403914416,0,0.3155105397977548,-0.0005105397977547832,-0.0005105397977547832,True,D:rise|G4[0]|G5[0]|G6[0]|G7[1]|OUT:rise,D -> G4 -> G5 -> G6 -> G7
2672,post_optimization,0.9963224403914416,0,0.29680186441837525,0.018198135581624753,0,False,A:rise|G1[0]|G2[0]|G3[0]|G7[0]|OUT:rise,A -> G1 -> G2 -> G3 -> G7
2673,pre_optimization,1.542068938952762,0,0.3282814422055924,-0.013281442205592409,-0.013281442205592409,True,D:rise|G4[0]|G5[0]|G6[0]|G7[1]|OUT:rise,D -> G4 -> G5 -> G6 -> G7
2673,post_optimization,1.542068938952762,0,0.311795506122735,0.0032044938772650133,0,False,A:rise|G1[0]|G2[0]|G3[0]|G7[0]|OUT:rise,A -> G1 -> G2 -> G3 -> G7
2674,pre_optimization,0.5141633240312001,0,0.3175989482036576,-0.0025989482036575806,-0.0025989482036575806,True,A:rise|G1[0]|G2[0]|G3[0]|G7[0]|OUT:rise,A -> G1 -> G2 -> G3 -> G7
2674,post_optimization,0.5141633240312001,0,0.30605960156361167,0.00894039843638833,0,False,A:rise|G1[0]|G2[0]|G3[0]|G7[0]|OUT:rise,A -> G1 -> G2 -> G3 -> G7
2675,pre_optimization,-1.0045656132167702,0,0.30830873435159517,0.006691265648404832,0,False,A:rise|G1[0]|G2[0]|G3[0]|G7[0]|OUT:rise,A -> G1 -> G2 -> G3 -> G7
2675,post_optimization,-1.0045656132167702,0,0.2930658903082,0.021934109691799986,0,False,A:rise|G1[0]|G2[0]|G3[0]|G7[0]|OUT:rise,A -> G1 -> G2 -> G3 -> G7
2676,pre_optimization,1.2470195871704448,0,0.32528970194817886,-0.010289701948178853,-0.010289701948178853,True,D:rise|G4[0]|G5[0]|G6[0]|G7[1]|OUT:rise,D -> G4 -> G5 -> G6 -> G7
2676,post_optimization,1.2470195871704448,0,0.306410655845261,0.008589344154738998,0,False,D:rise|G4[0]|G5[0]|G6[0]|G7[1]|OUT:rise,D -> G4 -> G5 -> G6 -> G7
2677,pre_optimization,2.140898956698088,0,0.3393784762681896,-0.02437847626818962,-0.02437847626818962,True,D:rise|G4[0]|G5[0]|G6[0]|G7[1]|OUT:rise,D -> G4 -> G5 -> G6 -> G7
2677,post_optimization,2.140898956698088,0,0.319428906655364,-0.0044289066553639955,-0.0044289066553639955,True,A:rise|G1[0]|G2[0]|G3[0]|G7[0]|OUT:rise,A -> G1 -> G2 -> G3 -> G7
2678,pre_optimization,-0.7270882332654841,0,0.32516024337129085,-0.010160243371290845,-0.010160243371290845,True,D:rise|G4[0]|G5[0]|G6[0]|G7[1]|OUT:rise,D -> G4 -> G5 -> G6 -> G7
2678,post_optimization,-0.7270882332654841,0,0.30471226853031774,0.01028773146968226,0,False,D:rise|G4[0]|G5[0]|G6[0]|G7[1]|OUT:rise,D -> G4 -> G5 -> G6 -> G7
2679,pre_optimization,0.29906772279362714,0,0.323666536362249,-0.008666536362249011,-0.008666536362249011,True,A:rise|G1[0]|G2[0]|G3[0]|G7[0]|OUT:rise,A -> G1 -> G2 -> G3 -> G7
2679,post_optimization,0.29906772279362714,0,0.31245164789558644,0.002548352104413565,0,False,A:rise|G1[0]|G2[0]|G3[0]|G7[0]|OUT:rise,A -> G1 -> G2 -> G3 -> G7
2680,pre_optimization,-1.612543247674056,0,0.29871392615410025,0.01628607384589975,0,False,D:rise|G4[0]|G5[0]|G6[0]|G7[1]|OUT:rise,D -> G4 -> G5 -> G6 -> G7
2680,post_optimization,-1.612543247674056,0,0.28403986001770687,0.030960139982293133,0,False,A:rise|G1[0]|G2[0]|G3[0]|G7[0]|OUT:rise,A -> G1 -> G2 -> G3 -> G7
2681,pre_optimization,-1.2131119477970425,0,0.31063090727433323,0.004369092725666768,0,False,D:rise|G4[0]|G5[0]|G6[0]|G7[1]|OUT:rise,D -> G4 -> G5 -> G6 -> G7
2681,post_optimization,-1.2131119477970425,0,0.29151247970572625,0.023487520294273756,0,False,D:rise|G4[0]|G5[0]|G6[0]|G7[1]|OUT:rise,D -> G4 -> G5 -> G6 -> G7
2682,pre_optimization,0.5644959234696636,0,0.33432633979713333,-0.01932633979713333,-0.01932633979713333,True,D:rise|G4[0]|G5[0]|G6[0]|G7[1]|OUT:rise,D -> G4 -> G5 -> G6 -> G7
2682,post_optimization,0.5644959234696636,0,0.31323683853023593,0.001763161469764074,0,False,D:rise|G4[0]|G5[0]|G6[0]|G7[1]|OUT:rise,D -> G4 -> G5 -> G6 -> G7
2683,pre_optimization,-0.06208819328842532,0,0.31822216512674484,-0.003222165126744836,-0.003222165126744836,True,D:rise|G4[0]|G5[0]|G6[0]|G7[1]|OUT:rise,D -> G4 -> G5 -> G6 -> G7
2683,post_optimization,-0.06208819328842532,0,0.30078867507833074,0.014211324921669266,0,False,A:rise|G1[0]|G2[0]|G3[0]|G7[0]|OUT:rise,A -> G1 -> G2 -> G3 -> G7
2684,pre_optimization,0.5002328343693963,0,0.3239859288421485,-0.008985928842148494,-0.008985928842148494,True,D:rise|G4[0]|G5[0]|G6[0]|G7[1]|OUT:rise,D -> G4 -> G5 -> G6 -> G7
2684,post_optimization,0.5002328343693963,0,0.30577111732872014,0.009228882671279859,0,False,D:rise|G4[0]|G5[0]|G6[0]|G7[1]|OUT:rise,D -> G4 -> G5 -> G6 -> G7
2685,pre_optimization,-1.444652922051073,0,0.30424106127451145,0.010758938725488554,0,False,D:rise|G4[0]|G5[0]|G6[0]|G7[1]|OUT:rise,D -> G4 -> G5 -> G6 -> G7
2685,post_optimization,-1.444652922051073,0,0.28829477533356235,0.026705224666437655,0,False,D:rise|G4[0]|G5[0]|G6[0]|G7[1]|OUT:rise,D -> G4 -> G5 -> G6 -> G7
2686,pre_optimization,-0.8257609291960333,0,0.3002898092247079,0.01471019077529212,0,False,A:rise|G1[0]|G2[0]|G3[0]|G7[0]|OUT:rise,A -> G1 -> G2 -> G3 -> G7
2686,post_optimization,-0.8257609291960333,0,0.28994395162841996,0.025056048371580042,0,False,A:rise|G1[0]|G2[0]|G3[0]|G7[0]|OUT:rise,A -> G1 -> G2 -> G3 -> G7
2687,pre_optimization,2.50610323778424,0,0.34008679795905655,-0.02508679795905655,-0.02508679795905655,True,D:rise|G4[0]|G5[0]|G6[0]|G7[1]|OUT:rise,D -> G4 -> G5 -> G6 -> G7
2687,post_optimization,2.50610323778424,0,0.32221361006065863,-0.007213610060658626,-0.007213610060658626,True,D:rise|G4[0]|G5[0]|G6[0]|G7[1]|OUT:rise,D -> G4 -> G5 -> G6 -> G7
2688,pre_optimization,-1.0120220040861283,0,0.3087263003622095,0.0062736996377905085,0,False,D:rise|G4[0]|G5[0]|G6[0]|G7[1]|OUT:rise,D -> G4 -> G5 -> G6 -> G7
2688,post_optimization,-1.0120220040861283,0,0.2934727195508038,0.021527280449196218,0,False,A:rise|G1[0]|G2[0]|G3[0]|G7[0]|OUT:rise,A -> G1 -> G2 -> G3 -> G7
2689,pre_optimization,1.0287686950094335,0,0.329005775193799,-0.014005775193798975,-0.014005775193798975,True,D:rise|G4[0]|G5[0]|G6[0]|G7[1]|OUT:rise,D -> G4 -> G5 -> G6 -> G7
2689,post_optimization,1.0287686950094335,0,0.31035018235417033,0.004649817645829668,0,False,D:rise|G4[0]|G5[0]|G6[0]|G7[1]|OUT:rise,D -> G4 -> G5 -> G6 -> G7
2690,pre_optimization,-0.029743180806491867,0,0.30962918986003085,0.005370810139969151,0,False,D:rise|G4[0]|G5[0]|G6[0]|G7[1]|OUT:rise,D -> G4 -> G5 -> G6 -> G7
2690,post_optimization,-0.029743180806491867,0,0.2941828041676393,0.02081719583236069,0,False,A:rise|G1[0]|G2[0]|G3[0]|G7[0]|OUT:rise,A -> G1 -> G2 -> G3 -> G7
2691,pre_optimization,0.74620427637984,0,0.33072116275249475,-0.015721162752494744,-0.015721162752494744,True,A:rise|G1[0]|G2[0]|G3[0]|G7[0]|OUT:rise,A -> G1 -> G2 -> G3 -> G7
2691,post_optimization,0.74620427637984,0,0.31711830657566753,-0.002118306575667528,-0.002118306575667528,True,A:rise|G1[0]|G2[0]|G3[0]|G7[0]|OUT:rise,A -> G1 -> G2 -> G3 -> G7
2692,pre_optimization,-2.3200692371245495,0,0.3007303303896043,0.014269669610395719,0,False,D:rise|G4[0]|G5[0]|G6[0]|G7[1]|OUT:rise,D -> G4 -> G5 -> G6 -> G7
2692,post_optimization,-2.3200692371245495,0,0.2841924632379459,0.03080753676205411,0,False,D:rise|G4[0]|G5[0]|G6[0]|G7[1]|OUT:rise,D -> G4 -> G5 -> G6 -> G7
2693,pre_optimization,-0.6991807389035064,0,0.3082154194910418,0.006784580508958193,0,False,A:rise|G1[0]|G2[0]|G3[0]|G7[0]|OUT:rise,A -> G1 -> G2 -> G3 -> G7
2693,post_optimization,-0.6991807389035064,0,0.29623736723017846,0.01876263276982154,0,False,A:rise|G1[0]|G2[0]|G3[0]|G7[0]|OUT:rise,A -> G1 -> G2 -> G3 -> G7
2694,pre_optimization,0.8134323478960567,0,0.32970760625863704,-0.01470760625863704,-0.01470760625863704,True,D:rise|G4[0]|G5[0]|G6[0]|G7[1]|OUT:rise,D -> G4 -> G5 -> G6 -> G7
2694,post_optimization,0.8134323478960567,0,0.3114998082175607,0.0035001917824393214,0,False,D:rise|G4[0]|G5[0]|G6[0]|G7[1]|OUT:rise,D -> G4 -> G5 -> G6 -> G7
2695,pre_optimization,1.3178607226716716,0,0.3443983337730896,-0.02939833377308959,-0.02939833377308959,True,D:rise|G4[0]|G5[0]|G6[0]|G7[1]|OUT:rise,D -> G4 -> G5 -> G6 -> G7
2695,post_optimization,1.3178607226716716,0,0.32214768843730246,-0.007147688437302457,-0.007147688437302457,True,D:rise|G4[0]|G5[0]|G6[0]|G7[1]|OUT:rise,D -> G4 -> G5 -> G6 -> G7
2696,pre_optimization,0.3458395620730569,0,0.3227159767071121,-0.007715976707112104,-0.007715976707112104,True,D:rise|G4[0]|G5[0]|G6[0]|G7[1]|OUT:rise,D -> G4 -> G5 -> G6 -> G7
2696,post_optimization,0.3458395620730569,0,0.3028544586316417,0.012145541368358326,0,False,D:rise|G4[0]|G5[0]|G6[0]|G7[1]|OUT:rise,D -> G4 -> G5 -> G6 -> G7
2697,pre_optimization,-0.4692130575953103,0,0.32054314807902795,-0.005543148079027949,-0.005543148079027949,True,A:rise|G1[0]|G2[0]|G3[0]|G7[0]|OUT:rise,A -> G1 -> G2 -> G3 -> G7
2697,post_optimization,-0.4692130575953103,0,0.3063494338012897,0.008650566198710297,0,False,A:rise|G1[0]|G2[0]|G3[0]|G7[0]|OUT:rise,A -> G1 -> G2 -> G3 -> G7
2698,pre_optimization,-0.13227401644742873,0,0.3111665790811823,0.0038334209188177204,0,False,D:rise|G4[0]|G5[0]|G6[0]|G7[1]|OUT:rise,D -> G4 -> G5 -> G6 -> G7
2698,post_optimization,-0.13227401644742873,0,0.29544429389065907,0.01955570610934093,0,False,D:rise|G4[0]|G5[0]|G6[0]|G7[1]|OUT:rise,D -> G4 -> G5 -> G6 -> G7
2699,pre_optimization,-1.5256261148894494,0,0.3050542990196574,0.009945700980342587,0,False,A:rise|G1[0]|G2[0]|G3[0]|G7[0]|OUT:rise,A -> G1 -> G2 -> G3 -> G7
2699,post_optimization,-1.5256261148894494,0,0.29254290830296537,0.022457091697034637,0,False,A:rise|G1[0]|G2[0]|G3[0]|G7[0]|OUT:rise,A -> G1 -> G2 -> G3 -> G7
2700,pre_optimization,-0.46077157566121546,0,0.3181281797294989,-0.0031281797294989144,-0.0031281797294989144,True,D:rise|G4[0]|G5[0]|G6[0]|G7[1]|OUT:rise,D -> G4 -> G5 -> G6 -> G7
2700,post_optimization,-0.46077157566121546,0,0.29873866433720414,0.01626133566279586,0,False,D:rise|G4[0]|G5[0]|G6[0]|G7[1]|OUT:rise,D -> G4 -> G5 -> G6 -> G7
2701,pre_optimization,-0.515946454360071,0,0.3029613793118635,0.012038620688136492,0,False,D:rise|G4[0]|G5[0]|G6[0]|G7[1]|OUT:rise,D -> G4 -> G5 -> G6 -> G7
2701,post_optimization,-0.515946454360071,0,0.28753463617584496,0.027465363824155042,0,False,D:rise|G4[0]|G5[0]|G6[0]|G7[1]|OUT:rise,D -> G4 -> G5 -> G6 -> G7
2702,pre_optimization,-0.1721994819840267,0,0.3132739480462266,0.0017260519537733998,0,False,D:rise|G4[0]|G5[0]|G6[0]|G7[1]|OUT:rise,D -> G4 -> G5 -> G6 -> G7
2702,post_optimization,-0.1721994819840267,0,0.29841509630547347,0.01658490369452653,0,False,A:rise|G1[0]|G2[0]|G3[0]|G7[0]|OUT:rise,A -> G1 -> G2 -> G3 -> G7
2703,pre_optimization,1.33092448345439,0,0.32593834301117747,-0.010938343011177465,-0.010938343011177465,True,D:rise|G4[0]|G5[0]|G6[0]|G7[1]|OUT:rise,D -> G4 -> G5 -> G6 -> G7
2703,post_optimization,1.33092448345439,0,0.3080042163750718,0.006995783624928198,0,False,D:rise|G4[0]|G5[0]|G6[0]|G7[1]|OUT:rise,D -> G4 -> G5 -> G6 -> G7
2704,pre_optimization,-0.999798194727871,0,0.2925792995179284,0.02242070048207162,0,False,D:rise|G4[0]|G5[0]|G6[0]|G7[1]|OUT:rise,D -> G4 -> G5 -> G6 -> G7
2704,post_optimization,-0.999798194727871,0,0.2795464892447047,0.03545351075529529,0,False,A:rise|G1[0]|G2[0]|G3[0]|G7[0]|OUT:rise,A -> G1 -> G2 -> G3 -> G7
2705,pre_optimization,-1.8007482162359556,0,0.3013595191145383,0.013640480885461714,0,False,D:rise|G4[0]|G5[0]|G6[0]|G7[1]|OUT:rise,D -> G4 -> G5 -> G6 -> G7
2705,post_optimization,-1.8007482162359556,0,0.28303965301955697,0.03196034698044303,0,False,D:rise|G4[0]|G5[0]|G6[0]|G7[1]|OUT:rise,D -> G4 -> G5 -> G6 -> G7
2706,pre_optimization,-0.18848619751445922,0,0.3228815263972481,-0.007881526397248095,-0.007881526397248095,True,A:rise|G1[0]|G2[0]|G3[0]|G7[0]|OUT:rise,A -> G1 -> G2 -> G3 -> G7
2706,post_optimization,-0.18848619751445922,0,0.30914351632787795,0.005856483672122048,0,False,A:rise|G1[0]|G2[0]|G3[0]|G7[0]|OUT:rise,A -> G1 -> G2 -> G3 -> G7
2707,pre_optimization,0.6981771718628403,0,0.3266663461541028,-0.01166634615410278,-0.01166634615410278,True,D:rise|G4[0]|G5[0]|G6[0]|G7[1]|OUT:rise,D -> G4 -> G5 -> G6 -> G7
2707,post_optimization,0.6981771718628403,0,0.30764852539179777,0.007351474608202235,0,False,D:rise|G4[0]|G5[0]|G6[0]|G7[1]|OUT:rise,D -> G4 -> G5 -> G6 -> G7
2708,pre_optimization,-1.7183685284420696,0,0.2963734303485624,0.018626569651437608,0,False,D:rise|G4[0]|G5[0]|G6[0]|G7[1]|OUT:rise,D -> G4 -> G5 -> G6 -> G7
2708,post_optimization,-1.7183685284420696,0,0.28091652998617705,0.03408347001382295,0,False,D:rise|G4[0]|G5[0]|G6[0]|G7[1]|OUT:rise,D -> G4 -> G5 -> G6 -> G7
2709,pre_optimization,1.7899858070956605,0,0.3455898064493368,-0.030589806449336787,-0.030589806449336787,True,D:rise|G4[0]|G5[0]|G6[0]|G7[1]|OUT:rise,D -> G4 -> G5 -> G6 -> G7
2709,post_optimization,1.7899858070956605,0,0.3259520134951972,-0.0109520134951972,-0.0109520134951972,True,D:rise|G4[0]|G5[0]|G6[0]|G7[1]|OUT:rise,D -> G4 -> G5 -> G6 -> G7
2710,pre_optimization,0.0969439478805524,0,0.3142630022953383,0.0007369977046616794,0,False,D:rise|G4[0]|G5[0]|G6[0]|G7[1]|OUT:rise,D -> G4 -> G5 -> G6 -> G7
2710,post_optimization,0.0969439478805524,0,0.2965080123444354,0.01849198765556459,0,False,D:rise|G4[0]|G5[0]|G6[0]|G7[1]|OUT:rise,D -> G4 -> G5 -> G6 -> G7
2711,pre_optimization,1.8790257544054554,0,0.3334228614170874,-0.018422861417087377,-0.018422861417087377,True,D:rise|G4[0]|G5[0]|G6[0]|G7[1]|OUT:rise,D -> G4 -> G5 -> G6 -> G7
2711,post_optimization,1.8790257544054554,0,0.3150054116116514,-5.411611651406911e-06,-5.411611651406911e-06,True,D:rise|G4[0]|G5[0]|G6[0]|G7[1]|OUT:rise,D -> G4 -> G5 -> G6 -> G7
2712,pre_optimization,1.2233803731268547,0,0.3374536725518942,-0.022453672551894177,-0.022453672551894177,True,D:rise|G4[0]|G5[0]|G6[0]|G7[1]|OUT:rise,D -> G4 -> G5 -> G6 -> G7
2712,post_optimization,1.2233803731268547,0,0.32082606169427186,-0.005826061694271856,-0.005826061694271856,True,A:rise|G1[0]|G2[0]|G3[0]|G7[0]|OUT:rise,A -> G1 -> G2 -> G3 -> G7
2713,pre_optimization,0.44157318541861584,0,0.32158109941320345,-0.006581099413203451,-0.006581099413203451,True,A:rise|G1[0]|G2[0]|G3[0]|G7[0]|OUT:rise,A -> G1 -> G2 -> G3 -> G7
2713,post_optimization,0.44157318541861584,0,0.3098843966859265,0.0051156033140735135,0,False,A:rise|G1[0]|G2[0]|G3[0]|G7[0]|OUT:rise,A -> G1 -> G2 -> G3 -> G7
2714,pre_optimization,0.06130372082398172,0,0.3120840483181589,0.0029159516818411113,0,False,D:rise|G4[0]|G5[0]|G6[0]|G7[1]|OUT:rise,D -> G4 -> G5 -> G6 -> G7
2714,post_optimization,0.06130372082398172,0,0.2963592078991726,0.01864079210082742,0,False,D:rise|G4[0]|G5[0]|G6[0]|G7[1]|OUT:rise,D -> G4 -> G5 -> G6 -> G7
2715,pre_optimization,-1.131594339126882,0,0.31092961678847125,0.00407038321152875,0,False,D:rise|G4[0]|G5[0]|G6[0]|G7[1]|OUT:rise,D -> G4 -> G5 -> G6 -> G7
2715,post_optimization,-1.131594339126882,0,0.2969270130436355,0.0180729869563645,0,False,A:rise|G1[0]|G2[0]|G3[0]|G7[0]|OUT:rise,A -> G1 -> G2 -> G3 -> G7
2716,pre_optimization,0.3175891996197001,0,0.3172774957055822,-0.002277495705582222,-0.002277495705582222,True,A:rise|G1[0]|G2[0]|G3[0]|G7[0]|OUT:rise,A -> G1 -> G2 -> G3 -> G7
2716,post_optimization,0.3175891996197001,0,0.30283368193491433,0.012166318065085668,0,False,A:rise|G1[0]|G2[0]|G3[0]|G7[0]|OUT:rise,A -> G1 -> G2 -> G3 -> G7
2717,pre_optimization,-1.9714905713600894,0,0.3043423088888305,0.010657691111169487,0,False,A:rise|G1[0]|G2[0]|G3[0]|G7[0]|OUT:rise,A -> G1 -> G2 -> G3 -> G7
2717,post_optimization,-1.9714905713600894,0,0.2892310348192086,0.025768965180791414,0,False,A:rise|G1[0]|G2[0]|G3[0]|G7[0]|OUT:rise,A -> G1 -> G2 -> G3 -> G7
2718,pre_optimization,-4.671226459304848,0,0.2905398632544931,0.0244601367455069,0,False,D:rise|G4[0]|G5[0]|G6[0]|G7[1]|OUT:rise,D -> G4 -> G5 -> G6 -> G7
2718,post_optimization,-4.671226459304848,0,0.2749140004482502,0.040085999551749796,0,False,D:rise|G4[0]|G5[0]|G6[0]|G7[1]|OUT:rise,D -> G4 -> G5 -> G6 -> G7
2719,pre_optimization,-1.3421186260435012,0,0.3049498873880634,0.010050112611936612,0,False,A:rise|G1[0]|G2[0]|G3[0]|G7[0]|OUT:rise,A -> G1 -> G2 -> G3 -> G7
2719,post_optimization,-1.3421186260435012,0,0.29292406028019324,0.02207593971980676,0,False,A:rise|G1[0]|G2[0]|G3[0]|G7[0]|OUT:rise,A -> G1 -> G2 -> G3 -> G7
2720,pre_optimization,0.05212251090509482,0,0.31365485749631394,0.0013451425036860587,0,False,D:rise|G4[0]|G5[0]|G6[0]|G7[1]|OUT:rise,D -> G4 -> G5 -> G6 -> G7
2720,post_optimization,0.05212251090509482,0,0.29763603640867237,0.017363963591327636,0,False,A:rise|G1[0]|G2[0]|G3[0]|G7[0]|OUT:rise,A -> G1 -> G2 -> G3 -> G7
2721,pre_optimization,0.3386170959424623,0,0.31788655721643055,-0.002886557216430552,-0.002886557216430552,True,D:rise|G4[0]|G5[0]|G6[0]|G7[1]|OUT:rise,D -> G4 -> G5 -> G6 -> G7
2721,post_optimization,0.3386170959424623,0,0.2992804093746426,0.015719590625357382,0,False,D:rise|G4[0]|G5[0]|G6[0]|G7[1]|OUT:rise,D -> G4 -> G5 -> G6 -> G7
2722,pre_optimization,-0.03520366777478821,0,0.33438703293256383,-0.01938703293256383,-0.01938703293256383,True,D:rise|G4[0]|G5[0]|G6[0]|G7[1]|OUT:rise,D -> G4 -> G5 -> G6 -> G7
2722,post_optimization,-0.03520366777478821,0,0.31403725168530927,0.0009627483146907312,0,False,D:rise|G4[0]|G5[0]|G6[0]|G7[1]|OUT:rise,D -> G4 -> G5 -> G6 -> G7
2723,pre_optimization,0.5808780505147347,0,0.31951629509778945,-0.004516295097789447,-0.004516295097789447,True,A:rise|G1[0]|G2[0]|G3[0]|G7[0]|OUT:rise,A -> G1 -> G2 -> G3 -> G7
2723,post_optimization,0.5808780505147347,0,0.3085641420446627,0.0064358579553372985,0,False,A:rise|G1[0]|G2[0]|G3[0]|G7[0]|OUT:rise,A -> G1 -> G2 -> G3 -> G7
2724,pre_optimization,-0.9102313463612773,0,0.303107333066191,0.011892666933809026,0,False,D:rise|G4[0]|G5[0]|G6[0]|G7[1]|OUT:rise,D -> G4 -> G5 -> G6 -> G7
2724,post_optimization,-0.9102313463612773,0,0.2870555041737992,0.027944495826200788,0,False,D:rise|G4[0]|G5[0]|G6[0]|G7[1]|OUT:rise,D -> G4 -> G5 -> G6 -> G7
2725,pre_optimization,-0.37954686639398916,0,0.3248873694277978,-0.009887369427797776,-0.009887369427797776,True,A:rise|G1[0]|G2[0]|G3[0]|G7[0]|OUT:rise,A -> G1 -> G2 -> G3 -> G7
2725,post_optimization,-0.37954686639398916,0,0.31428780957451985,0.0007121904254801525,0,False,A:rise|G1[0]|G2[0]|G3[0]|G7[0]|OUT:rise,A -> G1 -> G2 -> G3 -> G7
2726,pre_optimization,0.9278746123577727,0,0.32928950581535676,-0.014289505815356762,-0.014289505815356762,True,A:rise|G1[0]|G2[0]|G3[0]|G7[0]|OUT:rise,A -> G1 -> G2 -> G3 -> G7
2726,post_optimization,0.9278746123577727,0,0.3147212038945991,0.0002787961054008803,0,False,A:rise|G1[0]|G2[0]|G3[0]|G7[0]|OUT:rise,A -> G1 -> G2 -> G3 -> G7
2727,pre_optimization,0.014477764444700076,0,0.3139112254491767,0.0010887745508232904,0,False,D:rise|G4[0]|G5[0]|G6[0]|G7[1]|OUT:rise,D -> G4 -> G5 -> G6 -> G7
2727,post_optimization,0.014477764444700076,0,0.2965987940664063,0.01840120593359368,0,False,D:rise|G4[0]|G5[0]|G6[0]|G7[1]|OUT:rise,D -> G4 -> G5 -> G6 -> G7
2728,pre_optimization,0.5221757331387926,0,0.3384132595055165,-0.02341325950551648,-0.02341325950551648,True,D:rise|G4[0]|G5[0]|G6[0]|G7[1]|OUT:rise,D -> G4 -> G5 -> G6 -> G7
2728,post_optimization,0.5221757331387926,0,0.31797030664755466,-0.0029703066475546547,-0.0029703066475546547,True,D:rise|G4[0]|G5[0]|G6[0]|G7[1]|OUT:rise,D -> G4 -> G5 -> G6 -> G7
2729,pre_optimization,0.7666860087712425,0,0.333200569190678,-0.018200569190677973,-0.018200569190677973,True,A:rise|G1[0]|G2[0]|G3[0]|G7[0]|OUT:rise,A -> G1 -> G2 -> G3 -> G7
2729,post_optimization,0.7666860087712425,0,0.317128214378077,-0.0021282143780769758,-0.0021282143780769758,True,A:rise|G1[0]|G2[0]|G3[0]|G7[0]|OUT:rise,A -> G1 -> G2 -> G3 -> G7
2730,pre_optimization,0.45300457194649757,0,0.3255409974260294,-0.010540997426029375,-0.010540997426029375,True,A:rise|G1[0]|G2[0]|G3[0]|G7[0]|OUT:rise,A -> G1 -> G2 -> G3 -> G7
2730,post_optimization,0.45300457194649757,0,0.31340800885225095,0.00159199114774905,0,False,A:rise|G1[0]|G2[0]|G3[0]|G7[0]|OUT:rise,A -> G1 -> G2 -> G3 -> G7
2731,pre_optimization,0.7900165707215625,0,0.3232130204795385,-0.00821302047953848,-0.00821302047953848,True,A:rise|G1[0]|G2[0]|G3[0]|G7[0]|OUT:rise,A -> G1 -> G2 -> G3 -> G7
2731,post_optimization,0.7900165707215625,0,0.31149979988208915,0.0035002001179108566,0,False,A:rise|G1[0]|G2[0]|G3[0]|G7[0]|OUT:rise,A -> G1 -> G2 -> G3 -> G7
2732,pre_optimization,1.521525036355514,0,0.3379075267254884,-0.022907526725488403,-0.022907526725488403,True,D:rise|G4[0]|G5[0]|G6[0]|G7[1]|OUT:rise,D -> G4 -> G5 -> G6 -> G7
2732,post_optimization,1.521525036355514,0,0.31894286014160134,-0.003942860141601334,-0.003942860141601334,True,D:rise|G4[0]|G5[0]|G6[0]|G7[1]|OUT:rise,D -> G4 -> G5 -> G6 -> G7
2733,pre_optimization,1.9927774065301804,0,0.3391238807135535,-0.02412388071355348,-0.02412388071355348,True,D:rise|G4[0]|G5[0]|G6[0]|G7[1]|OUT:rise,D -> G4 -> G5 -> G6 -> G7
2733,post_optimization,1.9927774065301804,0,0.31932369832588736,-0.00432369832588736,-0.00432369832588736,True,A:rise|G1[0]|G2[0]|G3[0]|G7[0]|OUT:rise,A -> G1 -> G2 -> G3 -> G7
2734,pre_optimization,1.722342358802775,0,0.3359972415687761,-0.02099724156877608,-0.02099724156877608,True,A:rise|G1[0]|G2[0]|G3[0]|G7[0]|OUT:rise,A -> G1 -> G2 -> G3 -> G7
2734,post_optimization,1.722342358802775,0,0.32375015578346894,-0.008750155783468938,-0.008750155783468938,True,A:rise|G1[0]|G2[0]|G3[0]|G7[0]|OUT:rise,A -> G1 -> G2 -> G3 -> G7
2735,pre_optimization,1.401926929146095,0,0.32544466531506744,-0.010444665315067436,-0.010444665315067436,True,A:rise|G1[0]|G2[0]|G3[0]|G7[0]|OUT:rise,A -> G1 -> G2 -> G3 -> G7
2735,post_optimization,1.401926929146095,0,0.3132298782623179,0.0017701217376820955,0,False,A:rise|G1[0]|G2[0]|G3[0]|G7[0]|OUT:rise,A -> G1 -> G2 -> G3 -> G7
2736,pre_optimization,1.303724733700885,0,0.3345488435317622,-0.019548843531762172,-0.019548843531762172,True,A:rise|G1[0]|G2[0]|G3[0]|G7[0]|OUT:rise,A -> G1 -> G2 -> G3 -> G7
2736,post_optimization,1.303724733700885,0,0.31966100259090474,-0.004661002590904739,-0.004661002590904739,True,A:rise|G1[0]|G2[0]|G3[0]|G7[0]|OUT:rise,A -> G1 -> G2 -> G3 -> G7
2737,pre_optimization,-1.1659076581268633,0,0.31095158293311637,0.004048417066883636,0,False,A:rise|G1[0]|G2[0]|G3[0]|G7[0]|OUT:rise,A -> G1 -> G2 -> G3 -> G7
2737,post_optimization,-1.1659076581268633,0,0.2962669442455331,0.018733055754466876,0,False,A:rise|G1[0]|G2[0]|G3[0]|G7[0]|OUT:rise,A -> G1 -> G2 -> G3 -> G7
2738,pre_optimization,-0.19254778778658493,0,0.3109800483833294,0.004019951616670625,0,False,A:rise|G1[0]|G2[0]|G3[0]|G7[0]|OUT:rise,A -> G1 -> G2 -> G3 -> G7
2738,post_optimization,-0.19254778778658493,0,0.2978775498651286,0.017122450134871403,0,False,A:rise|G1[0]|G2[0]|G3[0]|G7[0]|OUT:rise,A -> G1 -> G2 -> G3 -> G7
2739,pre_optimization,0.7253285329050208,0,0.3355072532310881,-0.020507253231088096,-0.020507253231088096,True,D:rise|G4[0]|G5[0]|G6[0]|G7[1]|OUT:rise,D -> G4 -> G5 -> G6 -> G7
2739,post_optimization,0.7253285329050208,0,0.3180587996344798,-0.003058799634479803,-0.003058799634479803,True,A:rise|G1[0]|G2[0]|G3[0]|G7[0]|OUT:rise,A -> G1 -> G2 -> G3 -> G7
2740,pre_optimization,-1.0541994659636056,0,0.31056555756417914,0.004434442435820862,0,False,D:rise|G4[0]|G5[0]|G6[0]|G7[1]|OUT:rise,D -> G4 -> G5 -> G6 -> G7
2740,post_optimization,-1.0541994659636056,0,0.2953188139593743,0.019681186040625687,0,False,A:rise|G1[0]|G2[0]|G3[0]|G7[0]|OUT:rise,A -> G1 -> G2 -> G3 -> G7
2741,pre_optimization,0.23971936614754644,0,0.3109182495267672,0.004081750473232781,0,False,A:rise|G1[0]|G2[0]|G3[0]|G7[0]|OUT:rise,A -> G1 -> G2 -> G3 -> G7
2741,post_optimization,0.23971936614754644,0,0.30086595903559965,0.014134040964400352,0,False,A:rise|G1[0]|G2[0]|G3[0]|G7[0]|OUT:rise,A -> G1 -> G2 -> G3 -> G7
2742,pre_optimization,-1.0384239997949265,0,0.3141056539190976,0.0008943460809023862,0,False,A:rise|G1[0]|G2[0]|G3[0]|G7[0]|OUT:rise,A -> G1 -> G2 -> G3 -> G7
2742,post_optimization,-1.0384239997949265,0,0.30156554384859047,0.013434456151409535,0,False,A:rise|G1[0]|G2[0]|G3[0]|G7[0]|OUT:rise,A -> G1 -> G2 -> G3 -> G7
2743,pre_optimization,0.9882550904470332,0,0.32247015357214964,-0.00747015357214964,-0.00747015357214964,True,D:rise|G4[0]|G5[0]|G6[0]|G7[1]|OUT:rise,D -> G4 -> G5 -> G6 -> G7
2743,post_optimization,0.9882550904470332,0,0.3054659737448304,0.009534026255169581,0,False,A:rise|G1[0]|G2[0]|G3[0]|G7[0]|OUT:rise,A -> G1 -> G2 -> G3 -> G7
2744,pre_optimization,-0.24264432823259058,0,0.2975028879231062,0.017497112076893806,0,False,D:rise|G4[0]|G5[0]|G6[0]|G7[1]|OUT:rise,D -> G4 -> G5 -> G6 -> G7
2744,post_optimization,-0.24264432823259058,0,0.2820564155946837,0.032943584405316306,0,False,D:rise|G4[0]|G5[0]|G6[0]|G7[1]|OUT:rise,D -> G4 -> G5 -> G6 -> G7
2745,pre_optimization,1.1059712584326942,0,0.3426792315011615,-0.027679231501161472,-0.027679231501161472,True,D:rise|G4[0]|G5[0]|G6[0]|G7[1]|OUT:rise,D -> G4 -> G5 -> G6 -> G7
2745,post_optimization,1.1059712584326942,0,0.3225487988884686,-0.0075487988884686,-0.0075487988884686,True,D:rise|G4[0]|G5[0]|G6[0]|G7[1]|OUT:rise,D -> G4 -> G5 -> G6 -> G7
2746,pre_optimization,-0.4194229053635226,0,0.31223667948091854,0.002763320519081458,0,False,D:rise|G4[0]|G5[0]|G6[0]|G7[1]|OUT:rise,D -> G4 -> G5 -> G6 -> G7
2746,post_optimization,-0.4194229053635226,0,0.29646154516180584,0.018538454838194163,0,False,D:rise|G4[0]|G5[0]|G6[0]|G7[1]|OUT:rise,D -> G4 -> G5 -> G6 -> G7
2747,pre_optimization,1.0783282754553805,0,0.3345925098875535,-0.01959250988755351,-0.01959250988755351,True,A:rise|G1[0]|G2[0]|G3[0]|G7[0]|OUT:rise,A -> G1 -> G2 -> G3 -> G7
2747,post_optimization,1.0783282754553805,0,0.32185763971261777,-0.006857639712617769,-0.006857639712617769,True,A:rise|G1[0]|G2[0]|G3[0]|G7[0]|OUT:rise,A -> G1 -> G2 -> G3 -> G7
2748,pre_optimization,1.056888735915372,0,0.3327720169288814,-0.017772016928881418,-0.017772016928881418,True,D:rise|G4[0]|G5[0]|G6[0]|G7[1]|OUT:rise,D -> G4 -> G5 -> G6 -> G7
2748,post_optimization,1.056888735915372,0,0.3184145150410664,-0.0034145150410663794,-0.0034145150410663794,True,A:rise|G1[0]|G2[0]|G3[0]|G7[0]|OUT:rise,A -> G1 -> G2 -> G3 -> G7
2749,pre_optimization,-0.8187432617073984,0,0.31994506103474013,-0.004945061034740128,-0.004945061034740128,True,D:rise|G4[0]|G5[0]|G6[0]|G7[1]|OUT:rise,D -> G4 -> G5 -> G6 -> G7
2749,post_optimization,-0.8187432617073984,0,0.30118081767748406,0.013819182322515944,0,False,D:rise|G4[0]|G5[0]|G6[0]|G7[1]|OUT:rise,D -> G4 -> G5 -> G6 -> G7
2750,pre_optimization,-0.11123197847505895,0,0.3302059991044308,-0.015205999104430823,-0.015205999104430823,True,D:rise|G4[0]|G5[0]|G6[0]|G7[1]|OUT:rise,D -> G4 -> G5 -> G6 -> G7
2750,post_optimization,-0.11123197847505895,0,0.3106477284994205,0.004352271500579485,0,False,D:rise|G4[0]|G5[0]|G6[0]|G7[1]|OUT:rise,D -> G4 -> G5 -> G6 -> G7
2751,pre_optimization,0.24214957435946471,0,0.32365613645716507,-0.008656136457165065,-0.008656136457165065,True,D:rise|G4[0]|G5[0]|G6[0]|G7[1]|OUT:rise,D -> G4 -> G5 -> G6 -> G7
2751,post_optimization,0.24214957435946471,0,0.30581478168671916,0.00918521831328084,0,False,D:rise|G4[0]|G5[0]|G6[0]|G7[1]|OUT:rise,D -> G4 -> G5 -> G6 -> G7
2752,pre_optimization,-1.0103064990996375,0,0.3046991341007628,0.010300865899237177,0,False,A:rise|G1[0]|G2[0]|G3[0]|G7[0]|OUT:rise,A -> G1 -> G2 -> G3 -> G7
2752,post_optimization,-1.0103064990996375,0,0.29156694768539143,0.02343305231460857,0,False,A:rise|G1[0]|G2[0]|G3[0]|G7[0]|OUT:rise,A -> G1 -> G2 -> G3 -> G7
2753,pre_optimization,-1.5255209612534164,0,0.3164345009055193,-0.001434500905519276,-0.001434500905519276,True,D:rise|G4[0]|G5[0]|G6[0]|G7[1]|OUT:rise,D -> G4 -> G5 -> G6 -> G7
2753,post_optimization,-1.5255209612534164,0,0.2989751463706807,0.016024853629319324,0,False,D:rise|G4[0]|G5[0]|G6[0]|G7[1]|OUT:rise,D -> G4 -> G5 -> G6 -> G7
2754,pre_optimization,-0.46500161730603806,0,0.3135401017470808,0.0014598982529192006,0,False,A:rise|G1[0]|G2[0]|G3[0]|G7[0]|OUT:rise,A -> G1 -> G2 -> G3 -> G7
2754,post_optimization,-0.46500161730603806,0,0.30201426241865603,0.01298573758134397,0,False,A:rise|G1[0]|G2[0]|G3[0]|G7[0]|OUT:rise,A -> G1 -> G2 -> G3 -> G7
2755,pre_optimization,-0.6701569789042505,0,0.3047017789392801,0.010298221060719925,0,False,D:rise|G4[0]|G5[0]|G6[0]|G7[1]|OUT:rise,D -> G4 -> G5 -> G6 -> G7
2755,post_optimization,-0.6701569789042505,0,0.289333047299953,0.025666952700046985,0,False,D:rise|G4[0]|G5[0]|G6[0]|G7[1]|OUT:rise,D -> G4 -> G5 -> G6 -> G7
2756,pre_optimization,1.1432775384488425,0,0.31864180773198947,-0.003641807731989466,-0.003641807731989466,True,D:rise|G4[0]|G5[0]|G6[0]|G7[1]|OUT:rise,D -> G4 -> G5 -> G6 -> G7
2756,post_optimization,1.1432775384488425,0,0.30178386143484837,0.013216138565151636,0,False,D:rise|G4[0]|G5[0]|G6[0]|G7[1]|OUT:rise,D -> G4 -> G5 -> G6 -> G7
2757,pre_optimization,-0.2962146851776108,0,0.32437421910506514,-0.00937421910506514,-0.00937421910506514,True,D:rise|G4[0]|G5[0]|G6[0]|G7[1]|OUT:rise,D -> G4 -> G5 -> G6 -> G7
2757,post_optimization,-0.2962146851776108,0,0.3082006769909819,0.006799323009018088,0,False,A:rise|G1[0]|G2[0]|G3[0]|G7[0]|OUT:rise,A -> G1 -> G2 -> G3 -> G7
2758,pre_optimization,-2.3006283991842675,0,0.29124292901157395,0.023757070988426054,0,False,A:rise|G1[0]|G2[0]|G3[0]|G7[0]|OUT:rise,A -> G1 -> G2 -> G3 -> G7
2758,post_optimization,-2.3006283991842675,0,0.2786411926776753,0.036358807322324715,0,False,A:rise|G1[0]|G2[0]|G3[0]|G7[0]|OUT:rise,A -> G1 -> G2 -> G3 -> G7
2759,pre_optimization,1.970769891113822,0,0.3417938246341432,-0.026793824634143204,-0.026793824634143204,True,A:rise|G1[0]|G2[0]|G3[0]|G7[0]|OUT:rise,A -> G1 -> G2 -> G3 -> G7
2759,post_optimization,1.970769891113822,0,0.3247444009699817,-0.009744400969981692,-0.009744400969981692,True,A:rise|G1[0]|G2[0]|G3[0]|G7[0]|OUT:rise,A -> G1 -> G2 -> G3 -> G7
2760,pre_optimization,1.5068392202859864,0,0.3455951384082251,-0.030595138408225087,-0.030595138408225087,True,A:rise|G1[0]|G2[0]|G3[0]|G7[0]|OUT:rise,A -> G1 -> G2 -> G3 -> G7
2760,post_optimization,1.5068392202859864,0,0.3317026949727247,-0.016702694972724696,-0.016702694972724696,True,A:rise|G1[0]|G2[0]|G3[0]|G7[0]|OUT:rise,A -> G1 -> G2 -> G3 -> G7
2761,pre_optimization,1.117062855497199,0,0.335347078940847,-0.020347078940846974,-0.020347078940846974,True,D:rise|G4[0]|G5[0]|G6[0]|G7[1]|OUT:rise,D -> G4 -> G5 -> G6 -> G7
2761,post_optimization,1.117062855497199,0,0.3192505375191301,-0.004250537519130071,-0.004250537519130071,True,A:rise|G1[0]|G2[0]|G3[0]|G7[0]|OUT:rise,A -> G1 -> G2 -> G3 -> G7
2762,pre_optimization,0.5130882686396979,0,0.3092695277120757,0.005730472287924282,0,False,A:rise|G1[0]|G2[0]|G3[0]|G7[0]|OUT:rise,A -> G1 -> G2 -> G3 -> G7
2762,post_optimization,0.5130882686396979,0,0.2959886415640066,0.019011358435993386,0,False,A:rise|G1[0]|G2[0]|G3[0]|G7[0]|OUT:rise,A -> G1 -> G2 -> G3 -> G7
2763,pre_optimization,0.47258950805643085,0,0.31362185396871206,0.0013781460312879412,0,False,D:rise|G4[0]|G5[0]|G6[0]|G7[1]|OUT:rise,D -> G4 -> G5 -> G6 -> G7
2763,post_optimization,0.47258950805643085,0,0.29686015231190266,0.018139847688097344,0,False,D:rise|G4[0]|G5[0]|G6[0]|G7[1]|OUT:rise,D -> G4 -> G5 -> G6 -> G7
2764,pre_optimization,0.5361633751216933,0,0.3253771453484592,-0.010377145348459182,-0.010377145348459182,True,D:rise|G4[0]|G5[0]|G6[0]|G7[1]|OUT:rise,D -> G4 -> G5 -> G6 -> G7
2764,post_optimization,0.5361633751216933,0,0.30616309124531904,0.008836908754680961,0,False,D:rise|G4[0]|G5[0]|G6[0]|G7[1]|OUT:rise,D -> G4 -> G5 -> G6 -> G7
2765,pre_optimization,-1.008821013228504,0,0.32614797729681794,-0.011147977296817935,-0.011147977296817935,True,D:rise|G4[0]|G5[0]|G6[0]|G7[1]|OUT:rise,D -> G4 -> G5 -> G6 -> G7
2765,post_optimization,-1.008821013228504,0,0.3064167382655419,0.008583261734458114,0,False,D:rise|G4[0]|G5[0]|G6[0]|G7[1]|OUT:rise,D -> G4 -> G5 -> G6 -> G7
2766,pre_optimization,0.5029314302864608,0,0.3302257294168469,-0.015225729416846912,-0.015225729416846912,True,D:rise|G4[0]|G5[0]|G6[0]|G7[1]|OUT:rise,D -> G4 -> G5 -> G6 -> G7
2766,post_optimization,0.5029314302864608,0,0.31454790171566716,0.00045209828433284693,0,False,A:rise|G1[0]|G2[0]|G3[0]|G7[0]|OUT:rise,A -> G1 -> G2 -> G3 -> G7
2767,pre_optimization,1.494422832576261,0,0.332434165607215,-0.017434165607215002,-0.017434165607215002,True,D:rise|G4[0]|G5[0]|G6[0]|G7[1]|OUT:rise,D -> G4 -> G5 -> G6 -> G7
2767,post_optimization,1.494422832576261,0,0.31455706213050405,0.0004429378694959518,0,False,D:rise|G4[0]|G5[0]|G6[0]|G7[1]|OUT:rise,D -> G4 -> G5 -> G6 -> G7
2768,pre_optimization,1.1735104137791952,0,0.3393125314783194,-0.02431253147831941,-0.02431253147831941,True,A:rise|G1[0]|G2[0]|G3[0]|G7[0]|OUT:rise,A -> G1 -> G2 -> G3 -> G7
2768,post_optimization,1.1735104137791952,0,0.3249104724843759,-0.009910472484375876,-0.009910472484375876,True,A:rise|G1[0]|G2[0]|G3[0]|G7[0]|OUT:rise,A -> G1 -> G2 -> G3 -> G7
2769,pre_optimization,0.2887470167196414,0,0.315985641575409,-0.0009856415754089798,-0.0009856415754089798,True,D:rise|G4[0]|G5[0]|G6[0]|G7[1]|OUT:rise,D -> G4 -> G5 -> G6 -> G7
2769,post_optimization,0.2887470167196414,0,0.3007188679715248,0.014281132028475196,0,False,D:rise|G4[0]|G5[0]|G6[0]|G7[1]|OUT:rise,D -> G4 -> G5 -> G6 -> G7
2770,pre_optimization,0.7737220442949747,0,0.31614488817452546,-0.0011448881745254602,-0.0011448881745254602,True,A:rise|G1[0]|G2[0]|G3[0]|G7[0]|OUT:rise,A -> G1 -> G2 -> G3 -> G7
2770,post_optimization,0.7737220442949747,0,0.30175662534948866,0.013243374650511341,0,False,A:rise|G1[0]|G2[0]|G3[0]|G7[0]|OUT:rise,A -> G1 -> G2 -> G3 -> G7
2771,pre_optimization,0.8940966541433806,0,0.3215631840518365,-0.006563184051836479,-0.006563184051836479,True,D:rise|G4[0]|G5[0]|G6[0]|G7[1]|OUT:rise,D -> G4 -> G5 -> G6 -> G7
2771,post_optimization,0.8940966541433806,0,0.3087042047264707,0.006295795273529303,0,False,A:rise|G1[0]|G2[0]|G3[0]|G7[0]|OUT:rise,A -> G1 -> G2 -> G3 -> G7
2772,pre_optimization,0.21238389363794322,0,0.32181310310821837,-0.006813103108218366,-0.006813103108218366,True,D:rise|G4[0]|G5[0]|G6[0]|G7[1]|OUT:rise,D -> G4 -> G5 -> G6 -> G7
2772,post_optimization,0.21238389363794322,0,0.30332319659688484,0.011676803403115166,0,False,D:rise|G4[0]|G5[0]|G6[0]|G7[1]|OUT:rise,D -> G4 -> G5 -> G6 -> G7
2773,pre_optimization,-0.4992523866427985,0,0.32195066865712796,-0.006950668657127956,-0.006950668657127956,True,D:rise|G4[0]|G5[0]|G6[0]|G7[1]|OUT:rise,D -> G4 -> G5 -> G6 -> G7
2773,post_optimization,-0.4992523866427985,0,0.30497402391686634,0.010025976083133659,0,False,D:rise|G4[0]|G5[0]|G6[0]|G7[1]|OUT:rise,D -> G4 -> G5 -> G6 -> G7
2774,pre_optimization,0.8694320393014563,0,0.33205374028731693,-0.017053740287316932,-0.017053740287316932,True,D:rise|G4[0]|G5[0]|G6[0]|G7[1]|OUT:rise,D -> G4 -> G5 -> G6 -> G7
2774,post_optimization,0.8694320393014563,0,0.3116675043884532,0.003332495611546804,0,False,D:rise|G4[0]|G5[0]|G6[0]|G7[1]|OUT:rise,D -> G4 -> G5 -> G6 -> G7
2775,pre_optimization,0.14984230859481923,0,0.30800680660575036,0.006993193394249642,0,False,D:rise|G4[0]|G5[0]|G6[0]|G7[1]|OUT:rise,D -> G4 -> G5 -> G6 -> G7
2775,post_optimization,0.14984230859481923,0,0.2942969003668342,0.0207030996331658,0,False,A:rise|G1[0]|G2[0]|G3[0]|G7[0]|OUT:rise,A -> G1 -> G2 -> G3 -> G7
2776,pre_optimization,-1.4622117007025053,0,0.3030331187926574,0.011966881207342628,0,False,A:rise|G1[0]|G2[0]|G3[0]|G7[0]|OUT:rise,A -> G1 -> G2 -> G3 -> G7
2776,post_optimization,-1.4622117007025053,0,0.2918547098938421,0.0231452901061579,0,False,A:rise|G1[0]|G2[0]|G3[0]|G7[0]|OUT:rise,A -> G1 -> G2 -> G3 -> G7
2777,pre_optimization,1.4440592963742793,0,0.32988859034388723,-0.014888590343887231,-0.014888590343887231,True,D:rise|G4[0]|G5[0]|G6[0]|G7[1]|OUT:rise,D -> G4 -> G5 -> G6 -> G7
2777,post_optimization,1.4440592963742793,0,0.3119448795917857,0.003055120408214318,0,False,D:rise|G4[0]|G5[0]|G6[0]|G7[1]|OUT:rise,D -> G4 -> G5 -> G6 -> G7
2778,pre_optimization,1.0495553256049797,0,0.3433593328017459,-0.028359332801745907,-0.028359332801745907,True,D:rise|G4[0]|G5[0]|G6[0]|G7[1]|OUT:rise,D -> G4 -> G5 -> G6 -> G7
2778,post_optimization,1.0495553256049797,0,0.32405568086967806,-0.009055680869678062,-0.009055680869678062,True,A:rise|G1[0]|G2[0]|G3[0]|G7[0]|OUT:rise,A -> G1 -> G2 -> G3 -> G7
2779,pre_optimization,-0.4192130624463097,0,0.3251261574024072,-0.010126157402407188,-0.010126157402407188,True,A:rise|G1[0]|G2[0]|G3[0]|G7[0]|OUT:rise,A -> G1 -> G2 -> G3 -> G7
2779,post_optimization,-0.4192130624463097,0,0.3127803678164039,0.0022196321835961097,0,False,A:rise|G1[0]|G2[0]|G3[0]|G7[0]|OUT:rise,A -> G1 -> G2 -> G3 -> G7
2780,pre_optimization,-0.16424699119380753,0,0.31836950336788006,-0.0033695033678800557,-0.0033695033678800557,True,A:rise|G1[0]|G2[0]|G3[0]|G7[0]|OUT:rise,A -> G1 -> G2 -> G3 -> G7
2780,post_optimization,-0.16424699119380753,0,0.306241007120596,0.008758992879404015,0,False,A:rise|G1[0]|G2[0]|G3[0]|G7[0]|OUT:rise,A -> G1 -> G2 -> G3 -> G7
2781,pre_optimization,1.111442006060926,0,0.32767546206345755,-0.012675462063457543,-0.012675462063457543,True,D:rise|G4[0]|G5[0]|G6[0]|G7[1]|OUT:rise,D -> G4 -> G5 -> G6 -> G7
2781,post_optimization,1.111442006060926,0,0.3117381511356619,0.0032618488643381127,0,False,A:rise|G1[0]|G2[0]|G3[0]|G7[0]|OUT:rise,A -> G1 -> G2 -> G3 -> G7
2782,pre_optimization,-0.7297282864844875,0,0.31831523070783974,-0.0033152307078397336,-0.0033152307078397336,True,A:rise|G1[0]|G2[0]|G3[0]|G7[0]|OUT:rise,A -> G1 -> G2 -> G3 -> G7
2782,post_optimization,-0.7297282864844875,0,0.30242294888481025,0.012577051115189752,0,False,A:rise|G1[0]|G2[0]|G3[0]|G7[0]|OUT:rise,A -> G1 -> G2 -> G3 -> G7
2783,pre_optimization,0.29313606780989176,0,0.31727716842044573,-0.00227716842044573,-0.00227716842044573,True,D:rise|G4[0]|G5[0]|G6[0]|G7[1]|OUT:rise,D -> G4 -> G5 -> G6 -> G7
2783,post_optimization,0.29313606780989176,0,0.30191556236955014,0.013084437630449863,0,False,A:rise|G1[0]|G2[0]|G3[0]|G7[0]|OUT:rise,A -> G1 -> G2 -> G3 -> G7
2784,pre_optimization,-0.17171351615322206,0,0.3060552654685781,0.008944734531421916,0,False,A:rise|G1[0]|G2[0]|G3[0]|G7[0]|OUT:rise,A -> G1 -> G2 -> G3 -> G7
2784,post_optimization,-0.17171351615322206,0,0.29562461606895235,0.01937538393104765,0,False,A:rise|G1[0]|G2[0]|G3[0]|G7[0]|OUT:rise,A -> G1 -> G2 -> G3 -> G7
2785,pre_optimization,2.8507330207094714,0,0.33894390612114095,-0.023943906121140945,-0.023943906121140945,True,D:rise|G4[0]|G5[0]|G6[0]|G7[1]|OUT:rise,D -> G4 -> G5 -> G6 -> G7
2785,post_optimization,2.8507330207094714,0,0.3246295330700364,-0.009629533070036389,-0.009629533070036389,True,A:rise|G1[0]|G2[0]|G3[0]|G7[0]|OUT:rise,A -> G1 -> G2 -> G3 -> G7
2786,pre_optimization,0.718349825824818,0,0.3299786490910316,-0.014978649091031582,-0.014978649091031582,True,D:rise|G4[0]|G5[0]|G6[0]|G7[1]|OUT:rise,D -> G4 -> G5 -> G6 -> G7
2786,post_optimization,0.718349825824818,0,0.3098385477767043,0.005161452223295726,0,False,D:rise|G4[0]|G5[0]|G6[0]|G7[1]|OUT:rise,D -> G4 -> G5 -> G6 -> G7
2787,pre_optimization,0.6220748903900464,0,0.32802596531030037,-0.01302596531030037,-0.01302596531030037,True,D:rise|G4[0]|G5[0]|G6[0]|G7[1]|OUT:rise,D -> G4 -> G5 -> G6 -> G7
2787,post_optimization,0.6220748903900464,0,0.30989864154504915,0.005101358454950855,0,False,D:rise|G4[0]|G5[0]|G6[0]|G7[1]|OUT:rise,D -> G4 -> G5 -> G6 -> G7
2788,pre_optimization,1.570497070972607,0,0.33892042730721095,-0.023920427307210945,-0.023920427307210945,True,D:rise|G4[0]|G5[0]|G6[0]|G7[1]|OUT:rise,D -> G4 -> G5 -> G6 -> G7
2788,post_optimization,1.570497070972607,0,0.31990908866117085,-0.004909088661170846,-0.004909088661170846,True,A:rise|G1[0]|G2[0]|G3[0]|G7[0]|OUT:rise,A -> G1 -> G2 -> G3 -> G7
2789,pre_optimization,-0.7857795053905963,0,0.3125521048568079,0.0024478951431921026,0,False,A:rise|G1[0]|G2[0]|G3[0]|G7[0]|OUT:rise,A -> G1 -> G2 -> G3 -> G7
2789,post_optimization,-0.7857795053905963,0,0.29978564712134537,0.015214352878654636,0,False,A:rise|G1[0]|G2[0]|G3[0]|G7[0]|OUT:rise,A -> G1 -> G2 -> G3 -> G7
2790,pre_optimization,0.8860526212268314,0,0.3278947405820303,-0.012894740582030273,-0.012894740582030273,True,A:rise|G1[0]|G2[0]|G3[0]|G7[0]|OUT:rise,A -> G1 -> G2 -> G3 -> G7
2790,post_optimization,0.8860526212268314,0,0.3122323433297699,0.002767656670230101,0,False,A:rise|G1[0]|G2[0]|G3[0]|G7[0]|OUT:rise,A -> G1 -> G2 -> G3 -> G7
2791,pre_optimization,2.2080302424220095,0,0.35199178345199766,-0.03699178345199766,-0.03699178345199766,True,D:rise|G4[0]|G5[0]|G6[0]|G7[1]|OUT:rise,D -> G4 -> G5 -> G6 -> G7
2791,post_optimization,2.2080302424220095,0,0.3308894950102981,-0.01588949501029807,-0.01588949501029807,True,A:rise|G1[0]|G2[0]|G3[0]|G7[0]|OUT:rise,A -> G1 -> G2 -> G3 -> G7
2792,pre_optimization,-0.5382689702991139,0,0.3066067508365561,0.008393249163443917,0,False,A:rise|G1[0]|G2[0]|G3[0]|G7[0]|OUT:rise,A -> G1 -> G2 -> G3 -> G7
2792,post_optimization,-0.5382689702991139,0,0.29289021288972755,0.02210978711027245,0,False,A:rise|G1[0]|G2[0]|G3[0]|G7[0]|OUT:rise,A -> G1 -> G2 -> G3 -> G7
2793,pre_optimization,0.5604155766041223,0,0.3213489435212472,-0.006348943521247208,-0.006348943521247208,True,D:rise|G4[0]|G5[0]|G6[0]|G7[1]|OUT:rise,D -> G4 -> G5 -> G6 -> G7
2793,post_optimization,0.5604155766041223,0,0.3019266138456454,0.013073386154354605,0,False,D:rise|G4[0]|G5[0]|G6[0]|G7[1]|OUT:rise,D -> G4 -> G5 -> G6 -> G7
2794,pre_optimization,-0.6002859418954296,0,0.31482507029350026,0.00017492970649973794,0,False,D:rise|G4[0]|G5[0]|G6[0]|G7[1]|OUT:rise,D -> G4 -> G5 -> G6 -> G7
2794,post_optimization,-0.6002859418954296,0,0.2948938406499894,0.02010615935001059,0,False,D:rise|G4[0]|G5[0]|G6[0]|G7[1]|OUT:rise,D -> G4 -> G5 -> G6 -> G7
2795,pre_optimization,0.8960246271767199,0,0.3219001783109556,-0.006900178310955574,-0.006900178310955574,True,D:rise|G4[0]|G5[0]|G6[0]|G7[1]|OUT:rise,D -> G4 -> G5 -> G6 -> G7
2795,post_optimization,0.8960246271767199,0,0.3064094056772284,0.008590594322771594,0,False,A:rise|G1[0]|G2[0]|G3[0]|G7[0]|OUT:rise,A -> G1 -> G2 -> G3 -> G7
2796,pre_optimization,0.7966746269154633,0,0.3231443911478446,-0.008144391147844598,-0.008144391147844598,True,A:rise|G1[0]|G2[0]|G3[0]|G7[0]|OUT:rise,A -> G1 -> G2 -> G3 -> G7
2796,post_optimization,0.7966746269154633,0,0.31174570530582874,0.003254294694171267,0,False,A:rise|G1[0]|G2[0]|G3[0]|G7[0]|OUT:rise,A -> G1 -> G2 -> G3 -> G7
2797,pre_optimization,0.0639035166308485,0,0.31546144352134,-0.000461443521339977,-0.000461443521339977,True,D:rise|G4[0]|G5[0]|G6[0]|G7[1]|OUT:rise,D -> G4 -> G5 -> G6 -> G7
2797,post_optimization,0.0639035166308485,0,0.30025766848111746,0.014742331518882545,0,False,A:rise|G1[0]|G2[0]|G3[0]|G7[0]|OUT:rise,A -> G1 -> G2 -> G3 -> G7
2798,pre_optimization,0.7063394381098275,0,0.3209916543474977,-0.00599165434749771,-0.00599165434749771,True,A:rise|G1[0]|G2[0]|G3[0]|G7[0]|OUT:rise,A -> G1 -> G2 -> G3 -> G7
2798,post_optimization,0.7063394381098275,0,0.3095927417969718,0.005407258203028176,0,False,A:rise|G1[0]|G2[0]|G3[0]|G7[0]|OUT:rise,A -> G1 -> G2 -> G3 -> G7
2799,pre_optimization,-1.0413819355718006,0,0.3062887459357146,0.008711254064285412,0,False,D:rise|G4[0]|G5[0]|G6[0]|G7[1]|OUT:rise,D -> G4 -> G5 -> G6 -> G7
2799,post_optimization,-1.0413819355718006,0,0.2906021704659656,0.02439782953403441,0,False,D:rise|G4[0]|G5[0]|G6[0]|G7[1]|OUT:rise,D -> G4 -> G5 -> G6 -> G7
2800,pre_optimization,0.16555068091919034,0,0.32069982887345627,-0.00569982887345627,-0.00569982887345627,True,A:rise|G1[0]|G2[0]|G3[0]|G7[0]|OUT:rise,A -> G1 -> G2 -> G3 -> G7
2800,post_optimization,0.16555068091919034,0,0.3090644527766994,0.005935547223300586,0,False,A:rise|G1[0]|G2[0]|G3[0]|G7[0]|OUT:rise,A -> G1 -> G2 -> G3 -> G7
2801,pre_optimization,-0.3281691486986482,0,0.3079031879638605,0.007096812036139488,0,False,A:rise|G1[0]|G2[0]|G3[0]|G7[0]|OUT:rise,A -> G1 -> G2 -> G3 -> G7
2801,post_optimization,-0.3281691486986482,0,0.2990430280518971,0.015956971948102916,0,False,A:rise|G1[0]|G2[0]|G3[0]|G7[0]|OUT:rise,A -> G1 -> G2 -> G3 -> G7
2802,pre_optimization,-2.4526757161477843,0,0.30123772851880326,0.013762271481196742,0,False,D:rise|G4[0]|G5[0]|G6[0]|G7[1]|OUT:rise,D -> G4 -> G5 -> G6 -> G7
2802,post_optimization,-2.4526757161477843,0,0.2870788885045418,0.02792111149545823,0,False,A:rise|G1[0]|G2[0]|G3[0]|G7[0]|OUT:rise,A -> G1 -> G2 -> G3 -> G7
2803,pre_optimization,-0.7524284118133026,0,0.32727630117737183,-0.012276301177371829,-0.012276301177371829,True,A:rise|G1[0]|G2[0]|G3[0]|G7[0]|OUT:rise,A -> G1 -> G2 -> G3 -> G7
2803,post_optimization,-0.7524284118133026,0,0.3153098414679604,-0.00030984146796037004,-0.00030984146796037004,True,A:rise|G1[0]|G2[0]|G3[0]|G7[0]|OUT:rise,A -> G1 -> G2 -> G3 -> G7
2804,pre_optimization,0.7716312097607091,0,0.3220959112124786,-0.007095911212478601,-0.007095911212478601,True,D:rise|G4[0]|G5[0]|G6[0]|G7[1]|OUT:rise,D -> G4 -> G5 -> G6 -> G7
2804,post_optimization,0.7716312097607091,0,0.30471445069688835,0.010285549303111652,0,False,D:rise|G4[0]|G5[0]|G6[0]|G7[1]|OUT:rise,D -> G4 -> G5 -> G6 -> G7
2805,pre_optimization,-0.2521233525133973,0,0.30574814360135577,0.009251856398644231,0,False,D:rise|G4[0]|G5[0]|G6[0]|G7[1]|OUT:rise,D -> G4 -> G5 -> G6 -> G7
2805,post_optimization,-0.2521233525133973,0,0.2906611163744508,0.0243388836255492,0,False,A:rise|G1[0]|G2[0]|G3[0]|G7[0]|OUT:rise,A -> G1 -> G2 -> G3 -> G7
2806,pre_optimization,-1.8713778191960144,0,0.30587975739898776,0.00912024260101224,0,False,D:rise|G4[0]|G5[0]|G6[0]|G7[1]|OUT:rise,D -> G4 -> G5 -> G6 -> G7
2806,post_optimization,-1.8713778191960144,0,0.2880871238809177,0.02691287611908233,0,False,D:rise|G4[0]|G5[0]|G6[0]|G7[1]|OUT:rise,D -> G4 -> G5 -> G6 -> G7
2807,pre_optimization,0.8257000782690157,0,0.30948045343098335,0.005519546569016653,0,False,A:rise|G1[0]|G2[0]|G3[0]|G7[0]|OUT:rise,A -> G1 -> G2 -> G3 -> G7
2807,post_optimization,0.8257000782690157,0,0.2989048849879786,0.016095115012021377,0,False,A:rise|G1[0]|G2[0]|G3[0]|G7[0]|OUT:rise,A -> G1 -> G2 -> G3 -> G7
2808,pre_optimization,-0.4334768056861762,0,0.29893299826685515,0.016067001733144848,0,False,A:rise|G1[0]|G2[0]|G3[0]|G7[0]|OUT:rise,A -> G1 -> G2 -> G3 -> G7
2808,post_optimization,-0.4334768056861762,0,0.2891206500711383,0.025879349928861706,0,False,A:rise|G1[0]|G2[0]|G3[0]|G7[0]|OUT:rise,A -> G1 -> G2 -> G3 -> G7
2809,pre_optimization,1.1623691673541463,0,0.31987264481050415,-0.004872644810504145,-0.004872644810504145,True,A:rise|G1[0]|G2[0]|G3[0]|G7[0]|OUT:rise,A -> G1 -> G2 -> G3 -> G7
2809,post_optimization,1.1623691673541463,0,0.3075368921704411,0.00746310782955889,0,False,A:rise|G1[0]|G2[0]|G3[0]|G7[0]|OUT:rise,A -> G1 -> G2 -> G3 -> G7
2810,pre_optimization,-0.4633319211782837,0,0.3284260928265038,-0.01342609282650381,-0.01342609282650381,True,A:rise|G1[0]|G2[0]|G3[0]|G7[0]|OUT:rise,A -> G1 -> G2 -> G3 -> G7
2810,post_optimization,-0.4633319211782837,0,0.31365945354674185,0.0013405464532581512,0,False,A:rise|G1[0]|G2[0]|G3[0]|G7[0]|OUT:rise,A -> G1 -> G2 -> G3 -> G7
2811,pre_optimization,0.3714917917483875,0,0.32827409092016246,-0.013274090920162462,-0.013274090920162462,True,A:rise|G1[0]|G2[0]|G3[0]|G7[0]|OUT:rise,A -> G1 -> G2 -> G3 -> G7
2811,post_optimization,0.3714917917483875,0,0.31330401368643923,0.0016959863135607711,0,False,A:rise|G1[0]|G2[0]|G3[0]|G7[0]|OUT:rise,A -> G1 -> G2 -> G3 -> G7
2812,pre_optimization,0.5176003540922035,0,0.32726066208936855,-0.012260662089368546,-0.012260662089368546,True,D:rise|G4[0]|G5[0]|G6[0]|G7[1]|OUT:rise,D -> G4 -> G5 -> G6 -> G7
2812,post_optimization,0.5176003540922035,0,0.3100104668157179,0.00498953318428208,0,False,A:rise|G1[0]|G2[0]|G3[0]|G7[0]|OUT:rise,A -> G1 -> G2 -> G3 -> G7
2813,pre_optimization,-0.5286855472309994,0,0.3099438604303388,0.005056139569661222,0,False,D:rise|G4[0]|G5[0]|G6[0]|G7[1]|OUT:rise,D -> G4 -> G5 -> G6 -> G7
2813,post_optimization,-0.5286855472309994,0,0.2932584205090571,0.02174157949094291,0,False,A:rise|G1[0]|G2[0]|G3[0]|G7[0]|OUT:rise,A -> G1 -> G2 -> G3 -> G7
2814,pre_optimization,-0.5776422000615643,0,0.3148547502307624,0.0001452497692375765,0,False,A:rise|G1[0]|G2[0]|G3[0]|G7[0]|OUT:rise,A -> G1 -> G2 -> G3 -> G7
2814,post_optimization,-0.5776422000615643,0,0.305380091377377,0.009619908622623019,0,False,A:rise|G1[0]|G2[0]|G3[0]|G7[0]|OUT:rise,A -> G1 -> G2 -> G3 -> G7
2815,pre_optimization,-0.10538005319491449,0,0.32578136105682554,-0.010781361056825534,-0.010781361056825534,True,A:rise|G1[0]|G2[0]|G3[0]|G7[0]|OUT:rise,A -> G1 -> G2 -> G3 -> G7
2815,post_optimization,-0.10538005319491449,0,0.3155160805058662,-0.0005160805058662121,-0.0005160805058662121,True,A:rise|G1[0]|G2[0]|G3[0]|G7[0]|OUT:rise,A -> G1 -> G2 -> G3 -> G7
2816,pre_optimization,-1.0563832666593644,0,0.3149897667397963,1.0233260203718064e-05,0,False,D:rise|G4[0]|G5[0]|G6[0]|G7[1]|OUT:rise,D -> G4 -> G5 -> G6 -> G7
2816,post_optimization,-1.0563832666593644,0,0.29698971176876,0.018010288231240013,0,False,D:rise|G4[0]|G5[0]|G6[0]|G7[1]|OUT:rise,D -> G4 -> G5 -> G6 -> G7
2817,pre_optimization,-0.6223702390434683,0,0.31542816663684303,-0.00042816663684303036,-0.00042816663684303036,True,D:rise|G4[0]|G5[0]|G6[0]|G7[1]|OUT:rise,D -> G4 -> G5 -> G6 -> G7
2817,post_optimization,-0.6223702390434683,0,0.2997275072688462,0.015272492731153775,0,False,D:rise|G4[0]|G5[0]|G6[0]|G7[1]|OUT:rise,D -> G4 -> G5 -> G6 -> G7
2818,pre_optimization,0.7932897327231393,0,0.32645346774623646,-0.011453467746236456,-0.011453467746236456,True,D:rise|G4[0]|G5[0]|G6[0]|G7[1]|OUT:rise,D -> G4 -> G5 -> G6 -> G7
2818,post_optimization,0.7932897327231393,0,0.30657628281004307,0.008423717189956936,0,False,D:rise|G4[0]|G5[0]|G6[0]|G7[1]|OUT:rise,D -> G4 -> G5 -> G6 -> G7
2819,pre_optimization,0.588590503568176,0,0.330924498845399,-0.015924498845398982,-0.015924498845398982,True,A:rise|G1[0]|G2[0]|G3[0]|G7[0]|OUT:rise,A -> G1 -> G2 -> G3 -> G7
2819,post_optimization,0.588590503568176,0,0.31835126113312623,-0.0033512611331262265,-0.0033512611331262265,True,A:rise|G1[0]|G2[0]|G3[0]|G7[0]|OUT:rise,A -> G1 -> G2 -> G3 -> G7
2820,pre_optimization,0.11203310490218686,0,0.3285914103882985,-0.013591410388298475,-0.013591410388298475,True,A:rise|G1[0]|G2[0]|G3[0]|G7[0]|OUT:rise,A -> G1 -> G2 -> G3 -> G7
2820,post_optimization,0.11203310490218686,0,0.31328438451794166,0.0017156154820583414,0,False,A:rise|G1[0]|G2[0]|G3[0]|G7[0]|OUT:rise,A -> G1 -> G2 -> G3 -> G7
2821,pre_optimization,0.8065980109773558,0,0.32871045409721994,-0.013710454097219937,-0.013710454097219937,True,A:rise|G1[0]|G2[0]|G3[0]|G7[0]|OUT:rise,A -> G1 -> G2 -> G3 -> G7
2821,post_optimization,0.8065980109773558,0,0.3161128761651359,-0.0011128761651358898,-0.0011128761651358898,True,A:rise|G1[0]|G2[0]|G3[0]|G7[0]|OUT:rise,A -> G1 -> G2 -> G3 -> G7
2822,pre_optimization,-2.048948528947384,0,0.2968475802709025,0.01815241972909748,0,False,A:rise|G1[0]|G2[0]|G3[0]|G7[0]|OUT:rise,A -> G1 -> G2 -> G3 -> G7
2822,post_optimization,-2.048948528947384,0,0.2833736683961458,0.031626331603854196,0,False,A:rise|G1[0]|G2[0]|G3[0]|G7[0]|OUT:rise,A -> G1 -> G2 -> G3 -> G7
2823,pre_optimization,0.2800096019582472,0,0.309067755579541,0.005932244420458976,0,False,D:rise|G4[0]|G5[0]|G6[0]|G7[1]|OUT:rise,D -> G4 -> G5 -> G6 -> G7
2823,post_optimization,0.2800096019582472,0,0.2930103100913887,0.021989689908611276,0,False,D:rise|G4[0]|G5[0]|G6[0]|G7[1]|OUT:rise,D -> G4 -> G5 -> G6 -> G7
2824,pre_optimization,0.0894325851122881,0,0.306679612439046,0.00832038756095399,0,False,D:rise|G4[0]|G5[0]|G6[0]|G7[1]|OUT:rise,D -> G4 -> G5 -> G6 -> G7
2824,post_optimization,0.0894325851122881,0,0.292258514008505,0.022741485991495003,0,False,A:rise|G1[0]|G2[0]|G3[0]|G7[0]|OUT:rise,A -> G1 -> G2 -> G3 -> G7
2825,pre_optimization,-1.3686782386953578,0,0.30844112319085587,0.006558876809144132,0,False,D:rise|G4[0]|G5[0]|G6[0]|G7[1]|OUT:rise,D -> G4 -> G5 -> G6 -> G7
2825,post_optimization,-1.3686782386953578,0,0.2903624905777765,0.02463750942222348,0,False,D:rise|G4[0]|G5[0]|G6[0]|G7[1]|OUT:rise,D -> G4 -> G5 -> G6 -> G7
2826,pre_optimization,-1.420514974484421,0,0.29513013911436176,0.019869860885638246,0,False,A:rise|G1[0]|G2[0]|G3[0]|G7[0]|OUT:rise,A -> G1 -> G2 -> G3 -> G7
2826,post_optimization,-1.420514974484421,0,0.2844294840816636,0.030570515918336427,0,False,A:rise|G1[0]|G2[0]|G3[0]|G7[0]|OUT:rise,A -> G1 -> G2 -> G3 -> G7
2827,pre_optimization,-0.4915240397000562,0,0.32192257745812564,-0.006922577458125634,-0.006922577458125634,True,D:rise|G4[0]|G5[0]|G6[0]|G7[1]|OUT:rise,D -> G4 -> G5 -> G6 -> G7
2827,post_optimization,-0.4915240397000562,0,0.30237630684903316,0.012623693150966842,0,False,D:rise|G4[0]|G5[0]|G6[0]|G7[1]|OUT:rise,D -> G4 -> G5 -> G6 -> G7
2828,pre_optimization,1.1136898151063408,0,0.32440874401411646,-0.009408744014116455,-0.009408744014116455,True,D:rise|G4[0]|G5[0]|G6[0]|G7[1]|OUT:rise,D -> G4 -> G5 -> G6 -> G7
2828,post_optimization,1.1136898151063408,0,0.30769493537541776,0.007305064624582247,0,False,D:rise|G4[0]|G5[0]|G6[0]|G7[1]|OUT:rise,D -> G4 -> G5 -> G6 -> G7
2829,pre_optimization,1.749733402473134,0,0.3429493919114993,-0.02794939191149931,-0.02794939191149931,True,A:rise|G1[0]|G2[0]|G3[0]|G7[0]|OUT:rise,A -> G1 -> G2 -> G3 -> G7
2829,post_optimization,1.749733402473134,0,0.3282097489628225,-0.01320974896282251,-0.01320974896282251,True,A:rise|G1[0]|G2[0]|G3[0]|G7[0]|OUT:rise,A -> G1 -> G2 -> G3 -> G7
2830,pre_optimization,-0.3596109376565098,0,0.3072545744621855,0.007745425537814488,0,False,A:rise|G1[0]|G2[0]|G3[0]|G7[0]|OUT:rise,A -> G1 -> G2 -> G3 -> G7
2830,post_optimization,-0.3596109376565098,0,0.29428450211956303,0.020715497880436973,0,False,A:rise|G1[0]|G2[0]|G3[0]|G7[0]|OUT:rise,A -> G1 -> G2 -> G3 -> G7
2831,pre_optimization,0.49891524020023004,0,0.32136776717911486,-0.006367767179114858,-0.006367767179114858,True,A:rise|G1[0]|G2[0]|G3[0]|G7[0]|OUT:rise,A -> G1 -> G2 -> G3 -> G7
2831,post_optimization,0.49891524020023004,0,0.30823773317616776,0.006762266823832241,0,False,A:rise|G1[0]|G2[0]|G3[0]|G7[0]|OUT:rise,A -> G1 -> G2 -> G3 -> G7
2832,pre_optimization,0.5790242495615601,0,0.3141930536058679,0.0008069463941320909,0,False,A:rise|G1[0]|G2[0]|G3[0]|G7[0]|OUT:rise,A -> G1 -> G2 -> G3 -> G7
2832,post_optimization,0.5790242495615601,0,0.30039369056198706,0.014606309438012943,0,False,A:rise|G1[0]|G2[0]|G3[0]|G7[0]|OUT:rise,A -> G1 -> G2 -> G3 -> G7
2833,pre_optimization,1.0007955817134508,0,0.3359557185644946,-0.020955718564494574,-0.020955718564494574,True,A:rise|G1[0]|G2[0]|G3[0]|G7[0]|OUT:rise,A -> G1 -> G2 -> G3 -> G7
2833,post_optimization,1.0007955817134508,0,0.321383237380422,-0.006383237380422013,-0.006383237380422013,True,A:rise|G1[0]|G2[0]|G3[0]|G7[0]|OUT:rise,A -> G1 -> G2 -> G3 -> G7
2834,pre_optimization,0.40806075416021,0,0.3045186887475946,0.010481311252405423,0,False,A:rise|G1[0]|G2[0]|G3[0]|G7[0]|OUT:rise,A -> G1 -> G2 -> G3 -> G7
2834,post_optimization,0.40806075416021,0,0.2963533336262356,0.018646666373764387,0,False,A:rise|G1[0]|G2[0]|G3[0]|G7[0]|OUT:rise,A -> G1 -> G2 -> G3 -> G7
2835,pre_optimization,-1.0093782639346571,0,0.31188729918239955,0.0031127008176004556,0,False,D:rise|G4[0]|G5[0]|G6[0]|G7[1]|OUT:rise,D -> G4 -> G5 -> G6 -> G7
2835,post_optimization,-1.0093782639346571,0,0.2943402772514111,0.020659722748588905,0,False,D:rise|G4[0]|G5[0]|G6[0]|G7[1]|OUT:rise,D -> G4 -> G5 -> G6 -> G7
2836,pre_optimization,2.158039975312884,0,0.3343416903038458,-0.019341690303845804,-0.019341690303845804,True,D:rise|G4[0]|G5[0]|G6[0]|G7[1]|OUT:rise,D -> G4 -> G5 -> G6 -> G7
2836,post_optimization,2.158039975312884,0,0.3211750052666682,-0.006175005266668199,-0.006175005266668199,True,A:rise|G1[0]|G2[0]|G3[0]|G7[0]|OUT:rise,A -> G1 -> G2 -> G3 -> G7
2837,pre_optimization,-0.2253584993372392,0,0.3268717261971451,-0.011871726197145105,-0.011871726197145105,True,A:rise|G1[0]|G2[0]|G3[0]|G7[0]|OUT:rise,A -> G1 -> G2 -> G3 -> G7
2837,post_optimization,-0.2253584993372392,0,0.31227708928341413,0.002722910716585869,0,False,A:rise|G1[0]|G2[0]|G3[0]|G7[0]|OUT:rise,A -> G1 -> G2 -> G3 -> G7
2838,pre_optimization,0.7863969560221478,0,0.3174258921628921,-0.0024258921628920738,-0.0024258921628920738,True,D:rise|G4[0]|G5[0]|G6[0]|G7[1]|OUT:rise,D -> G4 -> G5 -> G6 -> G7
2838,post_optimization,0.7863969560221478,0,0.30353487562125653,0.011465124378743474,0,False,A:rise|G1[0]|G2[0]|G3[0]|G7[0]|OUT:rise,A -> G1 -> G2 -> G3 -> G7
2839,pre_optimization,0.8892129196357482,0,0.3106368867166732,0.0043631132833267805,0,False,D:rise|G4[0]|G5[0]|G6[0]|G7[1]|OUT:rise,D -> G4 -> G5 -> G6 -> G7
2839,post_optimization,0.8892129196357482,0,0.29668144203547975,0.018318557964520255,0,False,A:rise|G1[0]|G2[0]|G3[0]|G7[0]|OUT:rise,A -> G1 -> G2 -> G3 -> G7
2840,pre_optimization,0.45926072788524164,0,0.3171095956099178,-0.0021095956099178026,-0.0021095956099178026,True,D:rise|G4[0]|G5[0]|G6[0]|G7[1]|OUT:rise,D -> G4 -> G5 -> G6 -> G7
2840,post_optimization,0.45926072788524164,0,0.2995135531296372,0.015486446870362824,0,False,D:rise|G4[0]|G5[0]|G6[0]|G7[1]|OUT:rise,D -> G4 -> G5 -> G6 -> G7
2841,pre_optimization,0.8896516279104759,0,0.32225866906662215,-0.007258669066622148,-0.007258669066622148,True,A:rise|G1[0]|G2[0]|G3[0]|G7[0]|OUT:rise,A -> G1 -> G2 -> G3 -> G7
2841,post_optimization,0.8896516279104759,0,0.3080944244954228,0.0069055755045772105,0,False,A:rise|G1[0]|G2[0]|G3[0]|G7[0]|OUT:rise,A -> G1 -> G2 -> G3 -> G7
2842,pre_optimization,-0.017005613721525533,0,0.3156462197235224,-0.0006462197235224121,-0.0006462197235224121,True,A:rise|G1[0]|G2[0]|G3[0]|G7[0]|OUT:rise,A -> G1 -> G2 -> G3 -> G7
2842,post_optimization,-0.017005613721525533,0,0.30244270994412803,0.012557290055871972,0,False,A:rise|G1[0]|G2[0]|G3[0]|G7[0]|OUT:rise,A -> G1 -> G2 -> G3 -> G7
2843,pre_optimization,-0.3503299118047831,0,0.32048705567854613,-0.005487055678546127,-0.005487055678546127,True,A:rise|G1[0]|G2[0]|G3[0]|G7[0]|OUT:rise,A -> G1 -> G2 -> G3 -> G7
2843,post_optimization,-0.3503299118047831,0,0.30739167631954223,0.007608323680457774,0,False,A:rise|G1[0]|G2[0]|G3[0]|G7[0]|OUT:rise,A -> G1 -> G2 -> G3 -> G7
2844,pre_optimization,-1.5349841259103092,0,0.3152962165392442,-0.00029621653924422064,-0.00029621653924422064,True,D:rise|G4[0]|G5[0]|G6[0]|G7[1]|OUT:rise,D -> G4 -> G5 -> G6 -> G7
2844,post_optimization,-1.5349841259103092,0,0.2983205765392521,0.01667942346074791,0,False,D:rise|G4[0]|G5[0]|G6[0]|G7[1]|OUT:rise,D -> G4 -> G5 -> G6 -> G7
2845,pre_optimization,0.1622916659775077,0,0.32409833102837365,-0.009098331028373652,-0.009098331028373652,True,D:rise|G4[0]|G5[0]|G6[0]|G7[1]|OUT:rise,D -> G4 -> G5 -> G6 -> G7
2845,post_optimization,0.1622916659775077,0,0.3071816272365356,0.00781837276346442,0,False,D:rise|G4[0]|G5[0]|G6[0]|G7[1]|OUT:rise,D -> G4 -> G5 -> G6 -> G7
2846,pre_optimization,1.4293023081444245,0,0.316976921289088,-0.001976921289087996,-0.001976921289087996,True,A:rise|G1[0]|G2[0]|G3[0]|G7[0]|OUT:rise,A -> G1 -> G2 -> G3 -> G7
2846,post_optimization,1.4293023081444245,0,0.30494980291168705,0.010050197088312951,0,False,A:rise|G1[0]|G2[0]|G3[0]|G7[0]|OUT:rise,A -> G1 -> G2 -> G3 -> G7
2847,pre_optimization,0.11527231958756193,0,0.3199209194833288,-0.0049209194833287895,-0.0049209194833287895,True,A:rise|G1[0]|G2[0]|G3[0]|G7[0]|OUT:rise,A -> G1 -> G2 -> G3 -> G7
2847,post_optimization,0.11527231958756193,0,0.3049866828530269,0.010013317146973122,0,False,A:rise|G1[0]|G2[0]|G3[0]|G7[0]|OUT:rise,A -> G1 -> G2 -> G3 -> G7
2848,pre_optimization,0.8724431849914956,0,0.32337560046508107,-0.008375600465081068,-0.008375600465081068,True,D:rise|G4[0]|G5[0]|G6[0]|G7[1]|OUT:rise,D -> G4 -> G5 -> G6 -> G7
2848,post_optimization,0.8724431849914956,0,0.3051829291266019,0.009817070873398115,0,False,D:rise|G4[0]|G5[0]|G6[0]|G7[1]|OUT:rise,D -> G4 -> G5 -> G6 -> G7
2849,pre_optimization,-0.8697298805383994,0,0.3181524092871656,-0.0031524092871655918,-0.0031524092871655918,True,D:rise|G4[0]|G5[0]|G6[0]|G7[1]|OUT:rise,D -> G4 -> G5 -> G6 -> G7
2849,post_optimization,-0.8697298805383994,0,0.2992387387594065,0.015761261240593516,0,False,D:rise|G4[0]|G5[0]|G6[0]|G7[1]|OUT:rise,D -> G4 -> G5 -> G6 -> G7
2850,pre_optimization,0.11689198917067653,0,0.31531285865152675,-0.0003128586515267484,-0.0003128586515267484,True,A:rise|G1[0]|G2[0]|G3[0]|G7[0]|OUT:rise,A -> G1 -> G2 -> G3 -> G7
2850,post_optimization,0.11689198917067653,0,0.3043168522489236,0.010683147751076427,0,False,A:rise|G1[0]|G2[0]|G3[0]|G7[0]|OUT:rise,A -> G1 -> G2 -> G3 -> G7
2851,pre_optimization,0.3678896307995256,0,0.3079398972933337,0.007060102706666294,0,False,D:rise|G4[0]|G5[0]|G6[0]|G7[1]|OUT:rise,D -> G4 -> G5 -> G6 -> G7
2851,post_optimization,0.3678896307995256,0,0.29492939884250213,0.02007060115749787,0,False,A:rise|G1[0]|G2[0]|G3[0]|G7[0]|OUT:rise,A -> G1 -> G2 -> G3 -> G7
2852,pre_optimization,-0.7888397687004783,0,0.3143945822819381,0.0006054177180618847,0,False,D:rise|G4[0]|G5[0]|G6[0]|G7[1]|OUT:rise,D -> G4 -> G5 -> G6 -> G7
2852,post_optimization,-0.7888397687004783,0,0.29634581219859457,0.01865418780140543,0,False,D:rise|G4[0]|G5[0]|G6[0]|G7[1]|OUT:rise,D -> G4 -> G5 -> G6 -> G7
2853,pre_optimization,1.0175213481760925,0,0.32860601559184777,-0.013606015591847764,-0.013606015591847764,True,D:rise|G4[0]|G5[0]|G6[0]|G7[1]|OUT:rise,D -> G4 -> G5 -> G6 -> G7
2853,post_optimization,1.0175213481760925,0,0.31097299252210686,0.004027007477893141,0,False,D:rise|G4[0]|G5[0]|G6[0]|G7[1]|OUT:rise,D -> G4 -> G5 -> G6 -> G7
2854,pre_optimization,0.013150388487776474,0,0.32856359051865375,-0.013563590518653745,-0.013563590518653745,True,D:rise|G4[0]|G5[0]|G6[0]|G7[1]|OUT:rise,D -> G4 -> G5 -> G6 -> G7
2854,post_optimization,0.013150388487776474,0,0.30899747173306435,0.006002528266935647,0,False,D:rise|G4[0]|G5[0]|G6[0]|G7[1]|OUT:rise,D -> G4 -> G5 -> G6 -> G7
2855,pre_optimization,0.6523275372425227,0,0.32530773490411824,-0.010307734904118238,-0.010307734904118238,True,A:rise|G1[0]|G2[0]|G3[0]|G7[0]|OUT:rise,A -> G1 -> G2 -> G3 -> G7
2855,post_optimization,0.6523275372425227,0,0.311855461306226,0.0031445386937740127,0,False,A:rise|G1[0]|G2[0]|G3[0]|G7[0]|OUT:rise,A -> G1 -> G2 -> G3 -> G7
2856,pre_optimization,-0.6043009655963315,0,0.3050357539087921,0.009964246091207885,0,False,A:rise|G1[0]|G2[0]|G3[0]|G7[0]|OUT:rise,A -> G1 -> G2 -> G3 -> G7
2856,post_optimization,-0.6043009655963315,0,0.29533242987231567,0.01966757012768433,0,False,A:rise|G1[0]|G2[0]|G3[0]|G7[0]|OUT:rise,A -> G1 -> G2 -> G3 -> G7
2857,pre_optimization,0.015887801567740736,0,0.32274162253475697,-0.0077416225347569645,-0.0077416225347569645,True,D:rise|G4[0]|G5[0]|G6[0]|G7[1]|OUT:rise,D -> G4 -> G5 -> G6 -> G7
2857,post_optimization,0.015887801567740736,0,0.30735847245070913,0.007641527549290872,0,False,A:rise|G1[0]|G2[0]|G3[0]|G7[0]|OUT:rise,A -> G1 -> G2 -> G3 -> G7
2858,pre_optimization,0.7338202974469418,0,0.3314845012832348,-0.01648450128323481,-0.01648450128323481,True,D:rise|G4[0]|G5[0]|G6[0]|G7[1]|OUT:rise,D -> G4 -> G5 -> G6 -> G7
2858,post_optimization,0.7338202974469418,0,0.31464315294992734,0.0003568470500726617,0,False,A:rise|G1[0]|G2[0]|G3[0]|G7[0]|OUT:rise,A -> G1 -> G2 -> G3 -> G7
2859,pre_optimization,0.5444320178643188,0,0.31297794902563686,0.002022050974363143,0,False,D:rise|G4[0]|G5[0]|G6[0]|G7[1]|OUT:rise,D -> G4 -> G5 -> G6 -> G7
2859,post_optimization,0.5444320178643188,0,0.30241814086726215,0.01258185913273785,0,False,A:rise|G1[0]|G2[0]|G3[0]|G7[0]|OUT:rise,A -> G1 -> G2 -> G3 -> G7
2860,pre_optimization,-0.42284845044061553,0,0.30614478028657954,0.008855219713420459,0,False,A:rise|G1[0]|G2[0]|G3[0]|G7[0]|OUT:rise,A -> G1 -> G2 -> G3 -> G7
2860,post_optimization,-0.42284845044061553,0,0.2942217443625342,0.020778255637465826,0,False,A:rise|G1[0]|G2[0]|G3[0]|G7[0]|OUT:rise,A -> G1 -> G2 -> G3 -> G7
2861,pre_optimization,-1.0496426805186554,0,0.30584444590717896,0.009155554092821039,0,False,D:rise|G4[0]|G5[0]|G6[0]|G7[1]|OUT:rise,D -> G4 -> G5 -> G6 -> G7
2861,post_optimization,-1.0496426805186554,0,0.29121059104596136,0.023789408954038638,0,False,A:rise|G1[0]|G2[0]|G3[0]|G7[0]|OUT:rise,A -> G1 -> G2 -> G3 -> G7
2862,pre_optimization,-1.8875988106328039,0,0.29312208256209965,0.02187791743790035,0,False,D:rise|G4[0]|G5[0]|G6[0]|G7[1]|OUT:rise,D -> G4 -> G5 -> G6 -> G7
2862,post_optimization,-1.8875988106328039,0,0.2775753768207795,0.03742462317922052,0,False,A:rise|G1[0]|G2[0]|G3[0]|G7[0]|OUT:rise,A -> G1 -> G2 -> G3 -> G7
2863,pre_optimization,0.13865618858763873,0,0.310575823952441,0.004424176047559014,0,False,D:rise|G4[0]|G5[0]|G6[0]|G7[1]|OUT:rise,D -> G4 -> G5 -> G6 -> G7
2863,post_optimization,0.13865618858763873,0,0.29576398470929477,0.019236015290705233,0,False,D:rise|G4[0]|G5[0]|G6[0]|G7[1]|OUT:rise,D -> G4 -> G5 -> G6 -> G7
2864,pre_optimization,-0.40753777784746537,0,0.31593578013262497,-0.0009357801326249637,-0.0009357801326249637,True,D:rise|G4[0]|G5[0]|G6[0]|G7[1]|OUT:rise,D -> G4 -> G5 -> G6 -> G7
2864,post_optimization,-0.40753777784746537,0,0.29936552026896074,0.015634479731039264,0,False,D:rise|G4[0]|G5[0]|G6[0]|G7[1]|OUT:rise,D -> G4 -> G5 -> G6 -> G7
2865,pre_optimization,-1.9949423953823484,0,0.29786856568829057,0.017131434311709437,0,False,A:rise|G1[0]|G2[0]|G3[0]|G7[0]|OUT:rise,A -> G1 -> G2 -> G3 -> G7
2865,post_optimization,-1.9949423953823484,0,0.286970083790378,0.028029916209621974,0,False,A:rise|G1[0]|G2[0]|G3[0]|G7[0]|OUT:rise,A -> G1 -> G2 -> G3 -> G7
2866,pre_optimization,0.8953214741099222,0,0.3267693709865359,-0.01176937098653591,-0.01176937098653591,True,A:rise|G1[0]|G2[0]|G3[0]|G7[0]|OUT:rise,A -> G1 -> G2 -> G3 -> G7
2866,post_optimization,0.8953214741099222,0,0.3146549333127497,0.0003450666872503172,0,False,A:rise|G1[0]|G2[0]|G3[0]|G7[0]|OUT:rise,A -> G1 -> G2 -> G3 -> G7
2867,pre_optimization,0.13429702139846864,0,0.317589796246227,-0.0025897962462270163,-0.0025897962462270163,True,D:rise|G4[0]|G5[0]|G6[0]|G7[1]|OUT:rise,D -> G4 -> G5 -> G6 -> G7
2867,post_optimization,0.13429702139846864,0,0.3021808131347845,0.012819186865215493,0,False,A:rise|G1[0]|G2[0]|G3[0]|G7[0]|OUT:rise,A -> G1 -> G2 -> G3 -> G7
2868,pre_optimization,0.048212538726706694,0,0.3271590323949023,-0.012159032394902292,-0.012159032394902292,True,D:rise|G4[0]|G5[0]|G6[0]|G7[1]|OUT:rise,D -> G4 -> G5 -> G6 -> G7
2868,post_optimization,0.048212538726706694,0,0.30956144798807994,0.0054385520119200614,0,False,D:rise|G4[0]|G5[0]|G6[0]|G7[1]|OUT:rise,D -> G4 -> G5 -> G6 -> G7
2869,pre_optimization,0.5208061207873638,0,0.3249117294673833,-0.009911729467383279,-0.009911729467383279,True,D:rise|G4[0]|G5[0]|G6[0]|G7[1]|OUT:rise,D -> G4 -> G5 -> G6 -> G7
2869,post_optimization,0.5208061207873638,0,0.3088357477916294,0.00616425220837058,0,False,D:rise|G4[0]|G5[0]|G6[0]|G7[1]|OUT:rise,D -> G4 -> G5 -> G6 -> G7
2870,pre_optimization,1.4769750027570447,0,0.3355140814857814,-0.020514081485781377,-0.020514081485781377,True,D:rise|G4[0]|G5[0]|G6[0]|G7[1]|OUT:rise,D -> G4 -> G5 -> G6 -> G7
2870,post_optimization,1.4769750027570447,0,0.315110703647276,-0.00011070364727600035,-0.00011070364727600035,True,D:rise|G4[0]|G5[0]|G6[0]|G7[1]|OUT:rise,D -> G4 -> G5 -> G6 -> G7
2871,pre_optimization,-0.23766017649838947,0,0.31967039633826805,-0.004670396338268046,-0.004670396338268046,True,D:rise|G4[0]|G5[0]|G6[0]|G7[1]|OUT:rise,D -> G4 -> G5 -> G6 -> G7
2871,post_optimization,-0.23766017649838947,0,0.3002901128936395,0.014709887106360509,0,False,D:rise|G4[0]|G5[0]|G6[0]|G7[1]|OUT:rise,D -> G4 -> G5 -> G6 -> G7
2872,pre_optimization,-1.6238901628217162,0,0.3154491046128013,-0.00044910461280128766,-0.00044910461280128766,True,D:rise|G4[0]|G5[0]|G6[0]|G7[1]|OUT:rise,D -> G4 -> G5 -> G6 -> G7
2872,post_optimization,-1.6238901628217162,0,0.2972473128794855,0.017752687120514477,0,False,D:rise|G4[0]|G5[0]|G6[0]|G7[1]|OUT:rise,D -> G4 -> G5 -> G6 -> G7
2873,pre_optimization,0.1440407036075617,0,0.3154323261367957,-0.0004323261367957243,-0.0004323261367957243,True,A:rise|G1[0]|G2[0]|G3[0]|G7[0]|OUT:rise,A -> G1 -> G2 -> G3 -> G7
2873,post_optimization,0.1440407036075617,0,0.3051762397341836,0.009823760265816384,0,False,A:rise|G1[0]|G2[0]|G3[0]|G7[0]|OUT:rise,A -> G1 -> G2 -> G3 -> G7
2874,pre_optimization,0.09479888341870597,0,0.3404422453618622,-0.02544224536186218,-0.02544224536186218,True,D:rise|G4[0]|G5[0]|G6[0]|G7[1]|OUT:rise,D -> G4 -> G5 -> G6 -> G7
2874,post_optimization,0.09479888341870597,0,0.3211103425535993,-0.006110342553599324,-0.006110342553599324,True,D:rise|G4[0]|G5[0]|G6[0]|G7[1]|OUT:rise,D -> G4 -> G5 -> G6 -> G7
2875,pre_optimization,-1.024313868017287,0,0.3130879992751896,0.0019120007248104032,0,False,D:rise|G4[0]|G5[0]|G6[0]|G7[1]|OUT:rise,D -> G4 -> G5 -> G6 -> G7
2875,post_optimization,-1.024313868017287,0,0.30000343469725443,0.014996565302745568,0,False,A:rise|G1[0]|G2[0]|G3[0]|G7[0]|OUT:rise,A -> G1 -> G2 -> G3 -> G7
2876,pre_optimization,-0.3085453909032088,0,0.31143435487683147,0.003565645123168537,0,False,D:rise|G4[0]|G5[0]|G6[0]|G7[1]|OUT:rise,D -> G4 -> G5 -> G6 -> G7
2876,post_optimization,-0.3085453909032088,0,0.2952994139535667,0.01970058604643332,0,False,A:rise|G1[0]|G2[0]|G3[0]|G7[0]|OUT:rise,A -> G1 -> G2 -> G3 -> G7
2877,pre_optimization,-0.2183288378792745,0,0.31258550631667625,0.0024144936833237485,0,False,D:rise|G4[0]|G5[0]|G6[0]|G7[1]|OUT:rise,D -> G4 -> G5 -> G6 -> G7
2877,post_optimization,-0.2183288378792745,0,0.2963870890402843,0.01861291095971568,0,False,D:rise|G4[0]|G5[0]|G6[0]|G7[1]|OUT:rise,D -> G4 -> G5 -> G6 -> G7
2878,pre_optimization,-0.6679250560309977,0,0.29609616743585676,0.01890383256414324,0,False,D:rise|G4[0]|G5[0]|G6[0]|G7[1]|OUT:rise,D -> G4 -> G5 -> G6 -> G7
2878,post_optimization,-0.6679250560309977,0,0.2801005168368261,0.03489948316317393,0,False,A:rise|G1[0]|G2[0]|G3[0]|G7[0]|OUT:rise,A -> G1 -> G2 -> G3 -> G7
2879,pre_optimization,-0.44266679682264526,0,0.3100988064130569,0.004901193586943076,0,False,D:rise|G4[0]|G5[0]|G6[0]|G7[1]|OUT:rise,D -> G4 -> G5 -> G6 -> G7
2879,post_optimization,-0.44266679682264526,0,0.29569288786760484,0.019307112132395166,0,False,A:rise|G1[0]|G2[0]|G3[0]|G7[0]|OUT:rise,A -> G1 -> G2 -> G3 -> G7
2880,pre_optimization,0.9001050330756092,0,0.32750013972381664,-0.012500139723816639,-0.012500139723816639,True,D:rise|G4[0]|G5[0]|G6[0]|G7[1]|OUT:rise,D -> G4 -> G5 -> G6 -> G7
2880,post_optimization,0.9001050330756092,0,0.3095646866167457,0.005435313383254314,0,False,D:rise|G4[0]|G5[0]|G6[0]|G7[1]|OUT:rise,D -> G4 -> G5 -> G6 -> G7
2881,pre_optimization,-0.22343348657389386,0,0.3193875691820742,-0.004387569182074225,-0.004387569182074225,True,D:rise|G4[0]|G5[0]|G6[0]|G7[1]|OUT:rise,D -> G4 -> G5 -> G6 -> G7
2881,post_optimization,-0.22343348657389386,0,0.30281837955291274,0.01218162044708726,0,False,D:rise|G4[0]|G5[0]|G6[0]|G7[1]|OUT:rise,D -> G4 -> G5 -> G6 -> G7
2882,pre_optimization,-0.5738284183436819,0,0.3167716540240286,-0.0017716540240286238,-0.0017716540240286238,True,A:rise|G1[0]|G2[0]|G3[0]|G7[0]|OUT:rise,A -> G1 -> G2 -> G3 -> G7
2882,post_optimization,-0.5738284183436819,0,0.3044637757906028,0.010536224209397205,0,False,A:rise|G1[0]|G2[0]|G3[0]|G7[0]|OUT:rise,A -> G1 -> G2 -> G3 -> G7
2883,pre_optimization,0.08655309583350514,0,0.30825716597127045,0.00674283402872955,0,False,A:rise|G1[0]|G2[0]|G3[0]|G7[0]|OUT:rise,A -> G1 -> G2 -> G3 -> G7
2883,post_optimization,0.08655309583350514,0,0.29527457496134163,0.019725425038658373,0,False,A:rise|G1[0]|G2[0]|G3[0]|G7[0]|OUT:rise,A -> G1 -> G2 -> G3 -> G7
2884,pre_optimization,0.5861792975258349,0,0.3277646779026441,-0.012764677902644073,-0.012764677902644073,True,A:rise|G1[0]|G2[0]|G3[0]|G7[0]|OUT:rise,A -> G1 -> G2 -> G3 -> G7
2884,post_optimization,0.5861792975258349,0,0.3137217101559667,0.0012782898440332757,0,False,A:rise|G1[0]|G2[0]|G3[0]|G7[0]|OUT:rise,A -> G1 -> G2 -> G3 -> G7
2885,pre_optimization,0.00505739967495491,0,0.31163411405171243,0.0033658859482875725,0,False,D:rise|G4[0]|G5[0]|G6[0]|G7[1]|OUT:rise,D -> G4 -> G5 -> G6 -> G7
2885,post_optimization,0.00505739967495491,0,0.2935309782689184,0.021469021731081617,0,False,D:rise|G4[0]|G5[0]|G6[0]|G7[1]|OUT:rise,D -> G4 -> G5 -> G6 -> G7
2886,pre_optimization,-0.02865369270374159,0,0.323277502421924,-0.008277502421923988,-0.008277502421923988,True,A:rise|G1[0]|G2[0]|G3[0]|G7[0]|OUT:rise,A -> G1 -> G2 -> G3 -> G7
2886,post_optimization,-0.02865369270374159,0,0.30969520265139533,0.005304797348604673,0,False,A:rise|G1[0]|G2[0]|G3[0]|G7[0]|OUT:rise,A -> G1 -> G2 -> G3 -> G7
2887,pre_optimization,-1.7490999826301323,0,0.3021341697176111,0.012865830282388913,0,False,A:rise|G1[0]|G2[0]|G3[0]|G7[0]|OUT:rise,A -> G1 -> G2 -> G3 -> G7
2887,post_optimization,-1.7490999826301323,0,0.28884491647732147,0.026155083522678535,0,False,A:rise|G1[0]|G2[0]|G3[0]|G7[0]|OUT:rise,A -> G1 -> G2 -> G3 -> G7
2888,pre_optimization,1.5266213066409198,0,0.33165666340890954,-0.016656663408909533,-0.016656663408909533,True,D:rise|G4[0]|G5[0]|G6[0]|G7[1]|OUT:rise,D -> G4 -> G5 -> G6 -> G7
2888,post_optimization,1.5266213066409198,0,0.3132821728996754,0.001717827100324587,0,False,D:rise|G4[0]|G5[0]|G6[0]|G7[1]|OUT:rise,D -> G4 -> G5 -> G6 -> G7
2889,pre_optimization,0.4297054551392029,0,0.32988175988202967,-0.014881759882029666,-0.014881759882029666,True,D:rise|G4[0]|G5[0]|G6[0]|G7[1]|OUT:rise,D -> G4 -> G5 -> G6 -> G7
2889,post_optimization,0.4297054551392029,0,0.3147792868136795,0.00022071318632049808,0,False,A:rise|G1[0]|G2[0]|G3[0]|G7[0]|OUT:rise,A -> G1 -> G2 -> G3 -> G7
2890,pre_optimization,0.5099736158328865,0,0.32451167211739224,-0.009511672117392234,-0.009511672117392234,True,A:rise|G1[0]|G2[0]|G3[0]|G7[0]|OUT:rise,A -> G1 -> G2 -> G3 -> G7
2890,post_optimization,0.5099736158328865,0,0.31092826601654555,0.004071733983454451,0,False,A:rise|G1[0]|G2[0]|G3[0]|G7[0]|OUT:rise,A -> G1 -> G2 -> G3 -> G7
2891,pre_optimization,-0.8005917604473655,0,0.3175770344628742,-0.002577034462874217,-0.002577034462874217,True,A:rise|G1[0]|G2[0]|G3[0]|G7[0]|OUT:rise,A -> G1 -> G2 -> G3 -> G7
2891,post_optimization,-0.8005917604473655,0,0.30344846995858316,0.011551530041416846,0,False,A:rise|G1[0]|G2[0]|G3[0]|G7[0]|OUT:rise,A -> G1 -> G2 -> G3 -> G7
2892,pre_optimization,1.6990067801815603,0,0.32909131555185417,-0.014091315551854167,-0.014091315551854167,True,D:rise|G4[0]|G5[0]|G6[0]|G7[1]|OUT:rise,D -> G4 -> G5 -> G6 -> G7
2892,post_optimization,1.6990067801815603,0,0.31081098499292553,0.00418901500707447,0,False,D:rise|G4[0]|G5[0]|G6[0]|G7[1]|OUT:rise,D -> G4 -> G5 -> G6 -> G7
2893,pre_optimization,-1.4253412162126535,0,0.29628677078518917,0.018713229214810834,0,False,A:rise|G1[0]|G2[0]|G3[0]|G7[0]|OUT:rise,A -> G1 -> G2 -> G3 -> G7
2893,post_optimization,-1.4253412162126535,0,0.2859609654822928,0.02903903451770723,0,False,A:rise|G1[0]|G2[0]|G3[0]|G7[0]|OUT:rise,A -> G1 -> G2 -> G3 -> G7
2894,pre_optimization,1.0159136191150908,0,0.32678150277417384,-0.011781502774173835,-0.011781502774173835,True,A:rise|G1[0]|G2[0]|G3[0]|G7[0]|OUT:rise,A -> G1 -> G2 -> G3 -> G7
2894,post_optimization,1.0159136191150908,0,0.3125766501856135,0.0024233498143865218,0,False,A:rise|G1[0]|G2[0]|G3[0]|G7[0]|OUT:rise,A -> G1 -> G2 -> G3 -> G7
2895,pre_optimization,2.092802178153928,0,0.33637672708374206,-0.021376727083742053,-0.021376727083742053,True,A:rise|G1[0]|G2[0]|G3[0]|G7[0]|OUT:rise,A -> G1 -> G2 -> G3 -> G7
2895,post_optimization,2.092802178153928,0,0.32353576957146407,-0.008535769571464069,-0.008535769571464069,True,A:rise|G1[0]|G2[0]|G3[0]|G7[0]|OUT:rise,A -> G1 -> G2 -> G3 -> G7
2896,pre_optimization,1.355956226925076,0,0.33611483913652374,-0.021114839136523733,-0.021114839136523733,True,A:rise|G1[0]|G2[0]|G3[0]|G7[0]|OUT:rise,A -> G1 -> G2 -> G3 -> G7
2896,post_optimization,1.355956226925076,0,0.3250394392671568,-0.01003943926715678,-0.01003943926715678,True,A:rise|G1[0]|G2[0]|G3[0]|G7[0]|OUT:rise,A -> G1 -> G2 -> G3 -> G7
2897,pre_optimization,2.083368025530561,0,0.33231160338350296,-0.01731160338350296,-0.01731160338350296,True,A:rise|G1[0]|G2[0]|G3[0]|G7[0]|OUT:rise,A -> G1 -> G2 -> G3 -> G7
2897,post_optimization,2.083368025530561,0,0.3176781630603683,-0.002678163060368277,-0.002678163060368277,True,A:rise|G1[0]|G2[0]|G3[0]|G7[0]|OUT:rise,A -> G1 -> G2 -> G3 -> G7
2898,pre_optimization,-0.901039950224252,0,0.32173676023155995,-0.006736760231559946,-0.006736760231559946,True,D:rise|G4[0]|G5[0]|G6[0]|G7[1]|OUT:rise,D -> G4 -> G5 -> G6 -> G7
2898,post_optimization,-0.901039950224252,0,0.3050586592060437,0.00994134079395631,0,False,A:rise|G1[0]|G2[0]|G3[0]|G7[0]|OUT:rise,A -> G1 -> G2 -> G3 -> G7
2899,pre_optimization,1.483375312825322,0,0.33007695671731124,-0.01507695671731124,-0.01507695671731124,True,D:rise|G4[0]|G5[0]|G6[0]|G7[1]|OUT:rise,D -> G4 -> G5 -> G6 -> G7
2899,post_optimization,1.483375312825322,0,0.3107863157790379,0.004213684220962077,0,False,D:rise|G4[0]|G5[0]|G6[0]|G7[1]|OUT:rise,D -> G4 -> G5 -> G6 -> G7
2900,pre_optimization,-0.44311204723374636,0,0.3128361233758297,0.00216387662417028,0,False,A:rise|G1[0]|G2[0]|G3[0]|G7[0]|OUT:rise,A -> G1 -> G2 -> G3 -> G7
2900,post_optimization,-0.44311204723374636,0,0.300362712627235,0.014637287372764984,0,False,A:rise|G1[0]|G2[0]|G3[0]|G7[0]|OUT:rise,A -> G1 -> G2 -> G3 -> G7
2901,pre_optimization,0.8537481577138267,0,0.3311463850485603,-0.016146385048560308,-0.016146385048560308,True,D:rise|G4[0]|G5[0]|G6[0]|G7[1]|OUT:rise,D -> G4 -> G5 -> G6 -> G7
2901,post_optimization,0.8537481577138267,0,0.3107319084458079,0.0042680915541921105,0,False,D:rise|G4[0]|G5[0]|G6[0]|G7[1]|OUT:rise,D -> G4 -> G5 -> G6 -> G7
2902,pre_optimization,-0.36899551442771744,0,0.31563737014039317,-0.0006373701403931675,-0.0006373701403931675,True,A:rise|G1[0]|G2[0]|G3[0]|G7[0]|OUT:rise,A -> G1 -> G2 -> G3 -> G7
2902,post_optimization,-0.36899551442771744,0,0.3036711945298032,0.011328805470196823,0,False,A:rise|G1[0]|G2[0]|G3[0]|G7[0]|OUT:rise,A -> G1 -> G2 -> G3 -> G7
2903,pre_optimization,-2.316411065978393,0,0.29183388550385714,0.023166114496142864,0,False,D:rise|G4[0]|G5[0]|G6[0]|G7[1]|OUT:rise,D -> G4 -> G5 -> G6 -> G7
2903,post_optimization,-2.316411065978393,0,0.2762152266314947,0.038784773368505276,0,False,A:rise|G1[0]|G2[0]|G3[0]|G7[0]|OUT:rise,A -> G1 -> G2 -> G3 -> G7
2904,pre_optimization,1.4098079457097608,0,0.32948280908267874,-0.014482809082678738,-0.014482809082678738,True,D:rise|G4[0]|G5[0]|G6[0]|G7[1]|OUT:rise,D -> G4 -> G5 -> G6 -> G7
2904,post_optimization,1.4098079457097608,0,0.311863075217425,0.00313692478257499,0,False,D:rise|G4[0]|G5[0]|G6[0]|G7[1]|OUT:rise,D -> G4 -> G5 -> G6 -> G7
2905,pre_optimization,-0.7767078448586267,0,0.33479479501207715,-0.01979479501207715,-0.01979479501207715,True,A:rise|G1[0]|G2[0]|G3[0]|G7[0]|OUT:rise,A -> G1 -> G2 -> G3 -> G7
2905,post_optimization,-0.7767078448586267,0,0.31988934115395906,-0.004889341153959059,-0.004889341153959059,True,A:rise|G1[0]|G2[0]|G3[0]|G7[0]|OUT:rise,A -> G1 -> G2 -> G3 -> G7
2906,pre_optimization,-1.5781689819125424,0,0.3108313215956031,0.004168678404396886,0,False,A:rise|G1[0]|G2[0]|G3[0]|G7[0]|OUT:rise,A -> G1 -> G2 -> G3 -> G7
2906,post_optimization,-1.5781689819125424,0,0.2985915771014892,0.0164084228985108,0,False,A:rise|G1[0]|G2[0]|G3[0]|G7[0]|OUT:rise,A -> G1 -> G2 -> G3 -> G7
2907,pre_optimization,-1.3062900799837134,0,0.31418494187790946,0.0008150581220905395,0,False,A:rise|G1[0]|G2[0]|G3[0]|G7[0]|OUT:rise,A -> G1 -> G2 -> G3 -> G7
2907,post_optimization,-1.3062900799837134,0,0.3000062256088857,0.014993774391114323,0,False,A:rise|G1[0]|G2[0]|G3[0]|G7[0]|OUT:rise,A -> G1 -> G2 -> G3 -> G7
2908,pre_optimization,-1.4196685967992775,0,0.29895287608328786,0.016047123916712147,0,False,A:rise|G1[0]|G2[0]|G3[0]|G7[0]|OUT:rise,A -> G1 -> G2 -> G3 -> G7
2908,post_optimization,-1.4196685967992775,0,0.2896115673640087,0.025388432635991276,0,False,A:rise|G1[0]|G2[0]|G3[0]|G7[0]|OUT:rise,A -> G1 -> G2 -> G3 -> G7
2909,pre_optimization,1.703156652184686,0,0.3415525231576778,-0.02655252315767781,-0.02655252315767781,True,A:rise|G1[0]|G2[0]|G3[0]|G7[0]|OUT:rise,A -> G1 -> G2 -> G3 -> G7
2909,post_optimization,1.703156652184686,0,0.3261544616296653,-0.011154461629665324,-0.011154461629665324,True,A:rise|G1[0]|G2[0]|G3[0]|G7[0]|OUT:rise,A -> G1 -> G2 -> G3 -> G7
2910,pre_optimization,3.1752759670113733,0,0.3524818701084047,-0.0374818701084047,-0.04271110135875977,True,A:rise|G1[0]|G2[0]|G3[0]|G7[0]|OUT:rise,A -> G1 -> G2 -> G3 -> G7
2910,post_optimization,3.1752759670113733,0,0.33765278834466794,-0.02265278834466794,-0.02265278834466794,True,A:rise|G1[0]|G2[0]|G3[0]|G7[0]|OUT:rise,A -> G1 -> G2 -> G3 -> G7
2911,pre_optimization,-0.3539926619714288,0,0.30289089786611023,0.01210910213388977,0,False,A:rise|G1[0]|G2[0]|G3[0]|G7[0]|OUT:rise,A -> G1 -> G2 -> G3 -> G7
2911,post_optimization,-0.3539926619714288,0,0.2896585542592942,0.025341445740705792,0,False,A:rise|G1[0]|G2[0]|G3[0]|G7[0]|OUT:rise,A -> G1 -> G2 -> G3 -> G7
2912,pre_optimization,-0.09121351104227593,0,0.3140326177634155,0.0009673822365844909,0,False,D:rise|G4[0]|G5[0]|G6[0]|G7[1]|OUT:rise,D -> G4 -> G5 -> G6 -> G7
2912,post_optimization,-0.09121351104227593,0,0.2974866640410012,0.017513335958998788,0,False,D:rise|G4[0]|G5[0]|G6[0]|G7[1]|OUT:rise,D -> G4 -> G5 -> G6 -> G7
2913,pre_optimization,0.8357040345342771,0,0.33396276531181657,-0.018962765311816565,-0.018962765311816565,True,D:rise|G4[0]|G5[0]|G6[0]|G7[1]|OUT:rise,D -> G4 -> G5 -> G6 -> G7
2913,post_optimization,0.8357040345342771,0,0.3147523285382071,0.00024767146179288657,0,False,D:rise|G4[0]|G5[0]|G6[0]|G7[1]|OUT:rise,D -> G4 -> G5 -> G6 -> G7
2914,pre_optimization,-1.0248493728386683,0,0.3226349530440835,-0.0076349530440835145,-0.0076349530440835145,True,A:rise|G1[0]|G2[0]|G3[0]|G7[0]|OUT:rise,A -> G1 -> G2 -> G3 -> G7
2914,post_optimization,-1.0248493728386683,0,0.30989827111167556,0.005101728888324442,0,False,A:rise|G1[0]|G2[0]|G3[0]|G7[0]|OUT:rise,A -> G1 -> G2 -> G3 -> G7
2915,pre_optimization,0.9287518247521351,0,0.3260581396693454,-0.01105813966934538,-0.01105813966934538,True,D:rise|G4[0]|G5[0]|G6[0]|G7[1]|OUT:rise,D -> G4 -> G5 -> G6 -> G7
2915,post_optimization,0.9287518247521351,0,0.3095116881980753,0.005488311801924717,0,False,D:rise|G4[0]|G5[0]|G6[0]|G7[1]|OUT:rise,D -> G4 -> G5 -> G6 -> G7
2916,pre_optimization,1.1755116395527554,0,0.3449196636519801,-0.029919663651980122,-0.029919663651980122,True,D:rise|G4[0]|G5[0]|G6[0]|G7[1]|OUT:rise,D -> G4 -> G5 -> G6 -> G7
2916,post_optimization,1.1755116395527554,0,0.32510411103031955,-0.010104111030319551,-0.010104111030319551,True,A:rise|G1[0]|G2[0]|G3[0]|G7[0]|OUT:rise,A -> G1 -> G2 -> G3 -> G7
2917,pre_optimization,-1.2988551465936455,0,0.3088476421337294,0.006152357866270608,0,False,D:rise|G4[0]|G5[0]|G6[0]|G7[1]|OUT:rise,D -> G4 -> G5 -> G6 -> G7
2917,post_optimization,-1.2988551465936455,0,0.2884879286531555,0.026512071346844523,0,False,D:rise|G4[0]|G5[0]|G6[0]|G7[1]|OUT:rise,D -> G4 -> G5 -> G6 -> G7
2918,pre_optimization,-1.3369497695293702,0,0.30742065751191516,0.007579342488084839,0,False,D:rise|G4[0]|G5[0]|G6[0]|G7[1]|OUT:rise,D -> G4 -> G5 -> G6 -> G7
2918,post_optimization,-1.3369497695293702,0,0.2927838691715683,0.022216130828431713,0,False,A:rise|G1[0]|G2[0]|G3[0]|G7[0]|OUT:rise,A -> G1 -> G2 -> G3 -> G7
2919,pre_optimization,0.10328307495672687,0,0.3137609837291514,0.001239016270848603,0,False,A:rise|G1[0]|G2[0]|G3[0]|G7[0]|OUT:rise,A -> G1 -> G2 -> G3 -> G7
2919,post_optimization,0.10328307495672687,0,0.3003562365521284,0.014643763447871605,0,False,A:rise|G1[0]|G2[0]|G3[0]|G7[0]|OUT:rise,A -> G1 -> G2 -> G3 -> G7
2920,pre_optimization,-0.6032519724198101,0,0.3235942436389903,-0.008594243638990307,-0.008594243638990307,True,D:rise|G4[0]|G5[0]|G6[0]|G7[1]|OUT:rise,D -> G4 -> G5 -> G6 -> G7
2920,post_optimization,-0.6032519724198101,0,0.30590946082072845,0.00909053917927155,0,False,D:rise|G4[0]|G5[0]|G6[0]|G7[1]|OUT:rise,D -> G4 -> G5 -> G6 -> G7
2921,pre_optimization,0.7140002960239245,0,0.33315180970970726,-0.018151809709707256,-0.018151809709707256,True,A:rise|G1[0]|G2[0]|G3[0]|G7[0]|OUT:rise,A -> G1 -> G2 -> G3 -> G7
2921,post_optimization,0.7140002960239245,0,0.3179517258035856,-0.002951725803585603,-0.002951725803585603,True,A:rise|G1[0]|G2[0]|G3[0]|G7[0]|OUT:rise,A -> G1 -> G2 -> G3 -> G7
2922,pre_optimization,-1.2117376520242031,0,0.30332967379941994,0.011670326200580061,0,False,D:rise|G4[0]|G5[0]|G6[0]|G7[1]|OUT:rise,D -> G4 -> G5 -> G6 -> G7
2922,post_optimization,-1.2117376520242031,0,0.2895545758615401,0.025445424138459904,0,False,D:rise|G4[0]|G5[0]|G6[0]|G7[1]|OUT:rise,D -> G4 -> G5 -> G6 -> G7
2923,pre_optimization,0.26343241917488147,0,0.3267871259712078,-0.01178712597120779,-0.01178712597120779,True,D:rise|G4[0]|G5[0]|G6[0]|G7[1]|OUT:rise,D -> G4 -> G5 -> G6 -> G7
2923,post_optimization,0.26343241917488147,0,0.30786712683502265,0.007132873164977349,0,False,A:rise|G1[0]|G2[0]|G3[0]|G7[0]|OUT:rise,A -> G1 -> G2 -> G3 -> G7
2924,pre_optimization,1.5001991214025037,0,0.3390794200622399,-0.024079420062239898,-0.024079420062239898,True,A:rise|G1[0]|G2[0]|G3[0]|G7[0]|OUT:rise,A -> G1 -> G2 -> G3 -> G7
2924,post_optimization,1.5001991214025037,0,0.3248535259954508,-0.009853525995450807,-0.009853525995450807,True,A:rise|G1[0]|G2[0]|G3[0]|G7[0]|OUT:rise,A -> G1 -> G2 -> G3 -> G7
2925,pre_optimization,-0.00422408726639035,0,0.3216004592966835,-0.006600459296683514,-0.006600459296683514,True,A:rise|G1[0]|G2[0]|G3[0]|G7[0]|OUT:rise,A -> G1 -> G2 -> G3 -> G7
2925,post_optimization,-0.00422408726639035,0,0.3125646796445342,0.0024353203554657865,0,False,A:rise|G1[0]|G2[0]|G3[0]|G7[0]|OUT:rise,A -> G1 -> G2 -> G3 -> G7
2926,pre_optimization,-1.092949609824832,0,0.31479130699289887,0.00020869300710113503,0,False,D:rise|G4[0]|G5[0]|G6[0]|G7[1]|OUT:rise,D -> G4 -> G5 -> G6 -> G7
2926,post_optimization,-1.092949609824832,0,0.3020242230796188,0.01297577692038121,0,False,A:rise|G1[0]|G2[0]|G3[0]|G7[0]|OUT:rise,A -> G1 -> G2 -> G3 -> G7
2927,pre_optimization,0.019700838547326405,0,0.31237955536396456,0.002620444636035446,0,False,D:rise|G4[0]|G5[0]|G6[0]|G7[1]|OUT:rise,D -> G4 -> G5 -> G6 -> G7
2927,post_optimization,0.019700838547326405,0,0.29521170227053384,0.019788297729466164,0,False,A:rise|G1[0]|G2[0]|G3[0]|G7[0]|OUT:rise,A -> G1 -> G2 -> G3 -> G7
2928,pre_optimization,-1.024093079886465,0,0.3077374463877938,0.0072625536122061796,0,False,A:rise|G1[0]|G2[0]|G3[0]|G7[0]|OUT:rise,A -> G1 -> G2 -> G3 -> G7
2928,post_optimization,-1.024093079886465,0,0.29650841292431596,0.018491587075684046,0,False,A:rise|G1[0]|G2[0]|G3[0]|G7[0]|OUT:rise,A -> G1 -> G2 -> G3 -> G7
2929,pre_optimization,0.6164921662352157,0,0.3025703740197863,0.012429625980213688,0,False,A:rise|G1[0]|G2[0]|G3[0]|G7[0]|OUT:rise,A -> G1 -> G2 -> G3 -> G7
2929,post_optimization,0.6164921662352157,0,0.29292951131838707,0.022070488681612932,0,False,A:rise|G1[0]|G2[0]|G3[0]|G7[0]|OUT:rise,A -> G1 -> G2 -> G3 -> G7
2930,pre_optimization,-0.047718926334084186,0,0.3104382513893623,0.004561748610637684,0,False,A:rise|G1[0]|G2[0]|G3[0]|G7[0]|OUT:rise,A -> G1 -> G2 -> G3 -> G7
2930,post_optimization,-0.047718926334084186,0,0.2972855821866501,0.017714417813349925,0,False,A:rise|G1[0]|G2[0]|G3[0]|G7[0]|OUT:rise,A -> G1 -> G2 -> G3 -> G7
2931,pre_optimization,-1.2479800062285982,0,0.30739799092264614,0.007602009077353866,0,False,A:rise|G1[0]|G2[0]|G3[0]|G7[0]|OUT:rise,A -> G1 -> G2 -> G3 -> G7
2931,post_optimization,-1.2479800062285982,0,0.296689548505654,0.018310451494346014,0,False,A:rise|G1[0]|G2[0]|G3[0]|G7[0]|OUT:rise,A -> G1 -> G2 -> G3 -> G7
2932,pre_optimization,-0.3271404518485429,0,0.3263682884833075,-0.01136828848330751,-0.01136828848330751,True,A:rise|G1[0]|G2[0]|G3[0]|G7[0]|OUT:rise,A -> G1 -> G2 -> G3 -> G7
2932,post_optimization,-0.3271404518485429,0,0.3141242459615582,0.0008757540384418117,0,False,A:rise|G1[0]|G2[0]|G3[0]|G7[0]|OUT:rise,A -> G1 -> G2 -> G3 -> G7
2933,pre_optimization,-0.3498381420678229,0,0.3041106827966018,0.010889317203398197,0,False,D:rise|G4[0]|G5[0]|G6[0]|G7[1]|OUT:rise,D -> G4 -> G5 -> G6 -> G7
2933,post_optimization,-0.3498381420678229,0,0.2888702549435679,0.02612974505643212,0,False,D:rise|G4[0]|G5[0]|G6[0]|G7[1]|OUT:rise,D -> G4 -> G5 -> G6 -> G7
2934,pre_optimization,-1.940999194447346,0,0.29466649661614785,0.020333503383852147,0,False,D:rise|G4[0]|G5[0]|G6[0]|G7[1]|OUT:rise,D -> G4 -> G5 -> G6 -> G7
2934,post_optimization,-1.940999194447346,0,0.2787601852121142,0.03623981478788579,0,False,D:rise|G4[0]|G5[0]|G6[0]|G7[1]|OUT:rise,D -> G4 -> G5 -> G6 -> G7
2935,pre_optimization,-0.6549045486266756,0,0.30866369198355004,0.006336308016449965,0,False,D:rise|G4[0]|G5[0]|G6[0]|G7[1]|OUT:rise,D -> G4 -> G5 -> G6 -> G7
2935,post_optimization,-0.6549045486266756,0,0.2956206329523211,0.019379367047678897,0,False,A:rise|G1[0]|G2[0]|G3[0]|G7[0]|OUT:rise,A -> G1 -> G2 -> G3 -> G7
2936,pre_optimization,1.2887439316357094,0,0.3228189604314815,-0.007818960431481503,-0.007818960431481503,True,A:rise|G1[0]|G2[0]|G3[0]|G7[0]|OUT:rise,A -> G1 -> G2 -> G3 -> G7
2936,post_optimization,1.2887439316357094,0,0.312583592264594,0.002416407735406023,0,False,A:rise|G1[0]|G2[0]|G3[0]|G7[0]|OUT:rise,A -> G1 -> G2 -> G3 -> G7
2937,pre_optimization,0.618317350057788,0,0.316155249058689,-0.001155249058689023,-0.001155249058689023,True,D:rise|G4[0]|G5[0]|G6[0]|G7[1]|OUT:rise,D -> G4 -> G5 -> G6 -> G7
2937,post_optimization,0.618317350057788,0,0.30120807987765097,0.013791920122349033,0,False,A:rise|G1[0]|G2[0]|G3[0]|G7[0]|OUT:rise,A -> G1 -> G2 -> G3 -> G7
2938,pre_optimization,1.3744852716912253,0,0.32906178829716126,-0.01406178829716126,-0.01406178829716126,True,D:rise|G4[0]|G5[0]|G6[0]|G7[1]|OUT:rise,D -> G4 -> G5 -> G6 -> G7
2938,post_optimization,1.3744852716912253,0,0.3126695060270197,0.0023304939729802965,0,False,D:rise|G4[0]|G5[0]|G6[0]|G7[1]|OUT:rise,D -> G4 -> G5 -> G6 -> G7
2939,pre_optimization,1.683942399737052,0,0.3398742960242145,-0.02487429602421448,-0.02487429602421448,True,A:rise|G1[0]|G2[0]|G3[0]|G7[0]|OUT:rise,A -> G1 -> G2 -> G3 -> G7
2939,post_optimization,1.683942399737052,0,0.3249414786578002,-0.009941478657800207,-0.009941478657800207,True,A:rise|G1[0]|G2[0]|G3[0]|G7[0]|OUT:rise,A -> G1 -> G2 -> G3 -> G7
2940,pre_optimization,0.7043685148691551,0,0.32420256126099833,-0.009202561260998332,-0.009202561260998332,True,A:rise|G1[0]|G2[0]|G3[0]|G7[0]|OUT:rise,A -> G1 -> G2 -> G3 -> G7
2940,post_optimization,0.7043685148691551,0,0.3135893425741822,0.0014106574258178073,0,False,A:rise|G1[0]|G2[0]|G3[0]|G7[0]|OUT:rise,A -> G1 -> G2 -> G3 -> G7
2941,pre_optimization,2.763800611226492,0,0.3299067786901503,-0.01490677869015028,-0.01490677869015028,True,A:rise|G1[0]|G2[0]|G3[0]|G7[0]|OUT:rise,A -> G1 -> G2 -> G3 -> G7
2941,post_optimization,2.763800611226492,0,0.31894547614993224,-0.003945476149932237,-0.003945476149932237,True,A:rise|G1[0]|G2[0]|G3[0]|G7[0]|OUT:rise,A -> G1 -> G2 -> G3 -> G7
2942,pre_optimization,-1.9812294612392753,0,0.305148453645544,0.009851546354456009,0,False,A:rise|G1[0]|G2[0]|G3[0]|G7[0]|OUT:rise,A -> G1 -> G2 -> G3 -> G7
2942,post_optimization,-1.9812294612392753,0,0.2924781150967045,0.022521884903295486,0,False,A:rise|G1[0]|G2[0]|G3[0]|G7[0]|OUT:rise,A -> G1 -> G2 -> G3 -> G7
2943,pre_optimization,0.4056144573051728,0,0.3150932979482558,-9.32979482557994e-05,-9.32979482557994e-05,True,D:rise|G4[0]|G5[0]|G6[0]|G7[1]|OUT:rise,D -> G4 -> G5 -> G6 -> G7
2943,post_optimization,0.4056144573051728,0,0.29837050488951744,0.01662949511048256,0,False,D:rise|G4[0]|G5[0]|G6[0]|G7[1]|OUT:rise,D -> G4 -> G5 -> G6 -> G7
2944,pre_optimization,0.5311247291766815,0,0.3140713179417458,0.0009286820582541933,0,False,A:rise|G1[0]|G2[0]|G3[0]|G7[0]|OUT:rise,A -> G1 -> G2 -> G3 -> G7
2944,post_optimization,0.5311247291766815,0,0.29856812806418526,0.016431871935814746,0,False,A:rise|G1[0]|G2[0]|G3[0]|G7[0]|OUT:rise,A -> G1 -> G2 -> G3 -> G7
2945,pre_optimization,1.673704480496969,0,0.3289412086068557,-0.013941208606855715,-0.013941208606855715,True,D:rise|G4[0]|G5[0]|G6[0]|G7[1]|OUT:rise,D -> G4 -> G5 -> G6 -> G7
2945,post_optimization,1.673704480496969,0,0.3124915070251994,0.0025084929748006024,0,False,A:rise|G1[0]|G2[0]|G3[0]|G7[0]|OUT:rise,A -> G1 -> G2 -> G3 -> G7
2946,pre_optimization,0.30853469895897995,0,0.31607477378033544,-0.0010747737803354362,-0.0010747737803354362,True,A:rise|G1[0]|G2[0]|G3[0]|G7[0]|OUT:rise,A -> G1 -> G2 -> G3 -> G7
2946,post_optimization,0.30853469895897995,0,0.30676645105378175,0.00823354894621825,0,False,A:rise|G1[0]|G2[0]|G3[0]|G7[0]|OUT:rise,A -> G1 -> G2 -> G3 -> G7
2947,pre_optimization,0.010825206145699753,0,0.3155502543669193,-0.0005502543669193005,-0.0005502543669193005,True,D:rise|G4[0]|G5[0]|G6[0]|G7[1]|OUT:rise,D -> G4 -> G5 -> G6 -> G7
2947,post_optimization,0.010825206145699753,0,0.3015859742760772,0.013414025723922807,0,False,A:rise|G1[0]|G2[0]|G3[0]|G7[0]|OUT:rise,A -> G1 -> G2 -> G3 -> G7
2948,pre_optimization,0.7733086984383003,0,0.3377593416296557,-0.022759341629655705,-0.022759341629655705,True,D:rise|G4[0]|G5[0]|G6[0]|G7[1]|OUT:rise,D -> G4 -> G5 -> G6 -> G7
2948,post_optimization,0.7733086984383003,0,0.3180872951285325,-0.003087295128532508,-0.003087295128532508,True,D:rise|G4[0]|G5[0]|G6[0]|G7[1]|OUT:rise,D -> G4 -> G5 -> G6 -> G7
2949,pre_optimization,0.4046352053042117,0,0.3223371251691699,-0.0073371251691699,-0.0073371251691699,True,A:rise|G1[0]|G2[0]|G3[0]|G7[0]|OUT:rise,A -> G1 -> G2 -> G3 -> G7
2949,post_optimization,0.4046352053042117,0,0.3085541862420864,0.006445813757913588,0,False,A:rise|G1[0]|G2[0]|G3[0]|G7[0]|OUT:rise,A -> G1 -> G2 -> G3 -> G7
2950,pre_optimization,-0.49959130751443026,0,0.3246926706664347,-0.0096926706664347,-0.0096926706664347,True,D:rise|G4[0]|G5[0]|G6[0]|G7[1]|OUT:rise,D -> G4 -> G5 -> G6 -> G7
2950,post_optimization,-0.49959130751443026,0,0.3052445811414732,0.009755418858526821,0,False,A:rise|G1[0]|G2[0]|G3[0]|G7[0]|OUT:rise,A -> G1 -> G2 -> G3 -> G7
2951,pre_optimization,1.512122118125129,0,0.3237222467767189,-0.0087222467767189,-0.0087222467767189,True,A:rise|G1[0]|G2[0]|G3[0]|G7[0]|OUT:rise,A -> G1 -> G2 -> G3 -> G7
2951,post_optimization,1.512122118125129,0,0.31258249813610267,0.002417501863897331,0,False,A:rise|G1[0]|G2[0]|G3[0]|G7[0]|OUT:rise,A -> G1 -> G2 -> G3 -> G7
2952,pre_optimization,-0.7260693923638935,0,0.31758577280334827,-0.002585772803348263,-0.002585772803348263,True,A:rise|G1[0]|G2[0]|G3[0]|G7[0]|OUT:rise,A -> G1 -> G2 -> G3 -> G7
2952,post_optimization,-0.7260693923638935,0,0.3051926511306493,0.009807348869350696,0,False,A:rise|G1[0]|G2[0]|G3[0]|G7[0]|OUT:rise,A -> G1 -> G2 -> G3 -> G7
2953,pre_optimization,-0.08598665791094051,0,0.3325374523632414,-0.01753745236324139,-0.01753745236324139,True,D:rise|G4[0]|G5[0]|G6[0]|G7[1]|OUT:rise,D -> G4 -> G5 -> G6 -> G7
2953,post_optimization,-0.08598665791094051,0,0.31305109113285057,0.0019489088671494348,0,False,D:rise|G4[0]|G5[0]|G6[0]|G7[1]|OUT:rise,D -> G4 -> G5 -> G6 -> G7
2954,pre_optimization,1.1188740037355476,0,0.33603044925278097,-0.02103044925278097,-0.02103044925278097,True,D:rise|G4[0]|G5[0]|G6[0]|G7[1]|OUT:rise,D -> G4 -> G5 -> G6 -> G7
2954,post_optimization,1.1188740037355476,0,0.32153669173953325,-0.006536691739533251,-0.006536691739533251,True,A:rise|G1[0]|G2[0]|G3[0]|G7[0]|OUT:rise,A -> G1 -> G2 -> G3 -> G7
2955,pre_optimization,-0.9613167299169416,0,0.3129927885787639,0.0020072114212361103,0,False,D:rise|G4[0]|G5[0]|G6[0]|G7[1]|OUT:rise,D -> G4 -> G5 -> G6 -> G7
2955,post_optimization,-0.9613167299169416,0,0.3000032931071945,0.014996706892805522,0,False,A:rise|G1[0]|G2[0]|G3[0]|G7[0]|OUT:rise,A -> G1 -> G2 -> G3 -> G7
2956,pre_optimization,-0.35637468746712914,0,0.3126051591010249,0.0023948408989751258,0,False,D:rise|G4[0]|G5[0]|G6[0]|G7[1]|OUT:rise,D -> G4 -> G5 -> G6 -> G7
2956,post_optimization,-0.35637468746712914,0,0.29515299067062206,0.01984700932937794,0,False,D:rise|G4[0]|G5[0]|G6[0]|G7[1]|OUT:rise,D -> G4 -> G5 -> G6 -> G7
2957,pre_optimization,-1.4475677535354603,0,0.2936745128888799,0.02132548711112009,0,False,D:rise|G4[0]|G5[0]|G6[0]|G7[1]|OUT:rise,D -> G4 -> G5 -> G6 -> G7
2957,post_optimization,-1.4475677535354603,0,0.2785499350185561,0.036450064981443875,0,False,A:rise|G1[0]|G2[0]|G3[0]|G7[0]|OUT:rise,A -> G1 -> G2 -> G3 -> G7
2958,pre_optimization,-1.2182215057589483,0,0.3088235345335207,0.0061764654664793195,0,False,D:rise|G4[0]|G5[0]|G6[0]|G7[1]|OUT:rise,D -> G4 -> G5 -> G6 -> G7
2958,post_optimization,-1.2182215057589483,0,0.2913591358335349,0.023640864166465103,0,False,A:rise|G1[0]|G2[0]|G3[0]|G7[0]|OUT:rise,A -> G1 -> G2 -> G3 -> G7
2959,pre_optimization,-0.13799838259496075,0,0.3272773259496803,-0.012277325949680284,-0.012277325949680284,True,A:rise|G1[0]|G2[0]|G3[0]|G7[0]|OUT:rise,A -> G1 -> G2 -> G3 -> G7
2959,post_optimization,-0.13799838259496075,0,0.3174324460388897,-0.002432446038889702,-0.002432446038889702,True,A:rise|G1[0]|G2[0]|G3[0]|G7[0]|OUT:rise,A -> G1 -> G2 -> G3 -> G7
2960,pre_optimization,0.6081334336706105,0,0.32302803811005476,-0.008028038110054758,-0.008028038110054758,True,D:rise|G4[0]|G5[0]|G6[0]|G7[1]|OUT:rise,D -> G4 -> G5 -> G6 -> G7
2960,post_optimization,0.6081334336706105,0,0.30461912722560147,0.01038087277439853,0,False,D:rise|G4[0]|G5[0]|G6[0]|G7[1]|OUT:rise,D -> G4 -> G5 -> G6 -> G7
2961,pre_optimization,1.2535595815864806,0,0.3436664348801397,-0.028666434880139702,-0.028666434880139702,True,D:rise|G4[0]|G5[0]|G6[0]|G7[1]|OUT:rise,D -> G4 -> G5 -> G6 -> G7
2961,post_optimization,1.2535595815864806,0,0.3257713904485815,-0.010771390448581497,-0.010771390448581497,True,A:rise|G1[0]|G2[0]|G3[0]|G7[0]|OUT:rise,A -> G1 -> G2 -> G3 -> G7
2962,pre_optimization,2.1572618441341778,0,0.3487178454946188,-0.033717845494618814,-0.033717845494618814,True,D:rise|G4[0]|G5[0]|G6[0]|G7[1]|OUT:rise,D -> G4 -> G5 -> G6 -> G7
2962,post_optimization,2.1572618441341778,0,0.3287419011140886,-0.013741901114088573,-0.013741901114088573,True,D:rise|G4[0]|G5[0]|G6[0]|G7[1]|OUT:rise,D -> G4 -> G5 -> G6 -> G7
2963,pre_optimization,-0.3542889929720412,0,0.31643981946832644,-0.001439819468326442,-0.001439819468326442,True,D:rise|G4[0]|G5[0]|G6[0]|G7[1]|OUT:rise,D -> G4 -> G5 -> G6 -> G7
2963,post_optimization,-0.3542889929720412,0,0.3023728618669878,0.012627138133012195,0,False,A:rise|G1[0]|G2[0]|G3[0]|G7[0]|OUT:rise,A -> G1 -> G2 -> G3 -> G7
2964,pre_optimization,0.42488335509583486,0,0.33011796988003383,-0.015117969880033832,-0.015117969880033832,True,A:rise|G1[0]|G2[0]|G3[0]|G7[0]|OUT:rise,A -> G1 -> G2 -> G3 -> G7
2964,post_optimization,0.42488335509583486,0,0.3163276448225218,-0.0013276448225217896,-0.0013276448225217896,True,A:rise|G1[0]|G2[0]|G3[0]|G7[0]|OUT:rise,A -> G1 -> G2 -> G3 -> G7
2965,pre_optimization,1.2518517586690223,0,0.3234655212440928,-0.008465521244092777,-0.008465521244092777,True,A:rise|G1[0]|G2[0]|G3[0]|G7[0]|OUT:rise,A -> G1 -> G2 -> G3 -> G7
2965,post_optimization,1.2518517586690223,0,0.31192017444310227,0.0030798255568977306,0,False,A:rise|G1[0]|G2[0]|G3[0]|G7[0]|OUT:rise,A -> G1 -> G2 -> G3 -> G7
2966,pre_optimization,-0.40066795975564184,0,0.3105140359260151,0.004485964073984883,0,False,D:rise|G4[0]|G5[0]|G6[0]|G7[1]|OUT:rise,D -> G4 -> G5 -> G6 -> G7
2966,post_optimization,-0.40066795975564184,0,0.29147819200349406,0.02352180799650594,0,False,A:rise|G1[0]|G2[0]|G3[0]|G7[0]|OUT:rise,A -> G1 -> G2 -> G3 -> G7
2967,pre_optimization,-0.09882036653744403,0,0.31688506603481803,-0.0018850660348180281,-0.0018850660348180281,True,D:rise|G4[0]|G5[0]|G6[0]|G7[1]|OUT:rise,D -> G4 -> G5 -> G6 -> G7
2967,post_optimization,-0.09882036653744403,0,0.30193373863329187,0.013066261366708132,0,False,A:rise|G1[0]|G2[0]|G3[0]|G7[0]|OUT:rise,A -> G1 -> G2 -> G3 -> G7
2968,pre_optimization,-0.9669144815880794,0,0.3147404541023753,0.00025954589762472446,0,False,D:rise|G4[0]|G5[0]|G6[0]|G7[1]|OUT:rise,D -> G4 -> G5 -> G6 -> G7
2968,post_optimization,-0.9669144815880794,0,0.2958640278053425,0.019135972194657513,0,False,D:rise|G4[0]|G5[0]|G6[0]|G7[1]|OUT:rise,D -> G4 -> G5 -> G6 -> G7
2969,pre_optimization,1.0838317834825881,0,0.33991752829636607,-0.024917528296366065,-0.024917528296366065,True,D:rise|G4[0]|G5[0]|G6[0]|G7[1]|OUT:rise,D -> G4 -> G5 -> G6 -> G7
2969,post_optimization,1.0838317834825881,0,0.3208848015026602,-0.005884801502660186,-0.005884801502660186,True,D:rise|G4[0]|G5[0]|G6[0]|G7[1]|OUT:rise,D -> G4 -> G5 -> G6 -> G7
2970,pre_optimization,-0.7228423829067613,0,0.32133405146855165,-0.006334051468551649,-0.006334051468551649,True,D:rise|G4[0]|G5[0]|G6[0]|G7[1]|OUT:rise,D -> G4 -> G5 -> G6 -> G7
2970,post_optimization,-0.7228423829067613,0,0.30580806163830987,0.009191938361690133,0,False,D:rise|G4[0]|G5[0]|G6[0]|G7[1]|OUT:rise,D -> G4 -> G5 -> G6 -> G7
2971,pre_optimization,0.2316438677473633,0,0.3214717917487792,-0.00647179174877921,-0.00647179174877921,True,D:rise|G4[0]|G5[0]|G6[0]|G7[1]|OUT:rise,D -> G4 -> G5 -> G6 -> G7
2971,post_optimization,0.2316438677473633,0,0.3066212517191346,0.008378748280865378,0,False,A:rise|G1[0]|G2[0]|G3[0]|G7[0]|OUT:rise,A -> G1 -> G2 -> G3 -> G7
2972,pre_optimization,0.1498523992502648,0,0.3171933117468495,-0.0021933117468495023,-0.0021933117468495023,True,D:rise|G4[0]|G5[0]|G6[0]|G7[1]|OUT:rise,D -> G4 -> G5 -> G6 -> G7
2972,post_optimization,0.1498523992502648,0,0.2996673998526834,0.015332600147316577,0,False,D:rise|G4[0]|G5[0]|G6[0]|G7[1]|OUT:rise,D -> G4 -> G5 -> G6 -> G7
2973,pre_optimization,-0.19252298163592585,0,0.31617953234230667,-0.0011795323423066661,-0.0011795323423066661,True,D:rise|G4[0]|G5[0]|G6[0]|G7[1]|OUT:rise,D -> G4 -> G5 -> G6 -> G7
2973,post_optimization,-0.19252298163592585,0,0.30001767817497,0.01498232182503001,0,False,D:rise|G4[0]|G5[0]|G6[0]|G7[1]|OUT:rise,D -> G4 -> G5 -> G6 -> G7
2974,pre_optimization,0.31024282103473794,0,0.3054125753971534,0.009587424602846617,0,False,A:rise|G1[0]|G2[0]|G3[0]|G7[0]|OUT:rise,A -> G1 -> G2 -> G3 -> G7
2974,post_optimization,0.31024282103473794,0,0.29313388901473025,0.02186611098526975,0,False,A:rise|G1[0]|G2[0]|G3[0]|G7[0]|OUT:rise,A -> G1 -> G2 -> G3 -> G7
2975,pre_optimization,1.4315925702769532,0,0.3206187275272465,-0.005618727527246514,-0.005618727527246514,True,A:rise|G1[0]|G2[0]|G3[0]|G7[0]|OUT:rise,A -> G1 -> G2 -> G3 -> G7
2975,post_optimization,1.4315925702769532,0,0.3072565419092838,0.007743458090716193,0,False,A:rise|G1[0]|G2[0]|G3[0]|G7[0]|OUT:rise,A -> G1 -> G2 -> G3 -> G7
2976,pre_optimization,-0.3711861470905958,0,0.31991684518073576,-0.004916845180735763,-0.004916845180735763,True,A:rise|G1[0]|G2[0]|G3[0]|G7[0]|OUT:rise,A -> G1 -> G2 -> G3 -> G7
2976,post_optimization,-0.3711861470905958,0,0.30682033895352473,0.008179661046475273,0,False,A:rise|G1[0]|G2[0]|G3[0]|G7[0]|OUT:rise,A -> G1 -> G2 -> G3 -> G7
2977,pre_optimization,-0.09244264545520758,0,0.3264280719825733,-0.011428071982573285,-0.011428071982573285,True,A:rise|G1[0]|G2[0]|G3[0]|G7[0]|OUT:rise,A -> G1 -> G2 -> G3 -> G7
2977,post_optimization,-0.09244264545520758,0,0.3140921781323189,0.0009078218676811245,0,False,A:rise|G1[0]|G2[0]|G3[0]|G7[0]|OUT:rise,A -> G1 -> G2 -> G3 -> G7
2978,pre_optimization,0.15224063407364097,0,0.31791980571992134,-0.0029198057199213423,-0.0029198057199213423,True,A:rise|G1[0]|G2[0]|G3[0]|G7[0]|OUT:rise,A -> G1 -> G2 -> G3 -> G7
2978,post_optimization,0.15224063407364097,0,0.30556708097273555,0.009432919027264453,0,False,A:rise|G1[0]|G2[0]|G3[0]|G7[0]|OUT:rise,A -> G1 -> G2 -> G3 -> G7
2979,pre_optimization,-0.5856485388053826,0,0.3094323541898022,0.005567645810197808,0,False,D:rise|G4[0]|G5[0]|G6[0]|G7[1]|OUT:rise,D -> G4 -> G5 -> G6 -> G7
2979,post_optimization,-0.5856485388053826,0,0.291832589345983,0.023167410654017007,0,False,D:rise|G4[0]|G5[0]|G6[0]|G7[1]|OUT:rise,D -> G4 -> G5 -> G6 -> G7
2980,pre_optimization,-1.5054779400887792,0,0.2975381131264847,0.017461886873515298,0,False,D:rise|G4[0]|G5[0]|G6[0]|G7[1]|OUT:rise,D -> G4 -> G5 -> G6 -> G7
2980,post_optimization,-1.5054779400887792,0,0.28499001259671614,0.030009987403283866,0,False,A:rise|G1[0]|G2[0]|G3[0]|G7[0]|OUT:rise,A -> G1 -> G2 -> G3 -> G7
2981,pre_optimization,-0.8779722933350774,0,0.3107454296001362,0.004254570399863822,0,False,D:rise|G4[0]|G5[0]|G6[0]|G7[1]|OUT:rise,D -> G4 -> G5 -> G6 -> G7
2981,post_optimization,-0.8779722933350774,0,0.2964398912697661,0.018560108730233893,0,False,A:rise|G1[0]|G2[0]|G3[0]|G7[0]|OUT:rise,A -> G1 -> G2 -> G3 -> G7
2982,pre_optimization,-1.5257497370289608,0,0.3072815155823288,0.007718484417671201,0,False,D:rise|G4[0]|G5[0]|G6[0]|G7[1]|OUT:rise,D -> G4 -> G5 -> G6 -> G7
2982,post_optimization,-1.5257497370289608,0,0.29298310515381715,0.022016894846182855,0,False,D:rise|G4[0]|G5[0]|G6[0]|G7[1]|OUT:rise,D -> G4 -> G5 -> G6 -> G7
2983,pre_optimization,-0.12872606845324402,0,0.3071868717804255,0.007813128219574528,0,False,D:rise|G4[0]|G5[0]|G6[0]|G7[1]|OUT:rise,D -> G4 -> G5 -> G6 -> G7
2983,post_optimization,-0.12872606845324402,0,0.2927018779196305,0.02229812208036952,0,False,D:rise|G4[0]|G5[0]|G6[0]|G7[1]|OUT:rise,D -> G4 -> G5 -> G6 -> G7
2984,pre_optimization,-1.3112722776913674,0,0.3181056333470184,-0.0031056333470184105,-0.0031056333470184105,True,A:rise|G1[0]|G2[0]|G3[0]|G7[0]|OUT:rise,A -> G1 -> G2 -> G3 -> G7
2984,post_optimization,-1.3112722776913674,0,0.30770041267795534,0.007299587322044665,0,False,A:rise|G1[0]|G2[0]|G3[0]|G7[0]|OUT:rise,A -> G1 -> G2 -> G3 -> G7
2985,pre_optimization,0.5547598658162609,0,0.32314351901869426,-0.008143519018694256,-0.008143519018694256,True,D:rise|G4[0]|G5[0]|G6[0]|G7[1]|OUT:rise,D -> G4 -> G5 -> G6 -> G7
2985,post_optimization,0.5547598658162609,0,0.3059940941498183,0.009005905850181684,0,False,D:rise|G4[0]|G5[0]|G6[0]|G7[1]|OUT:rise,D -> G4 -> G5 -> G6 -> G7
2986,pre_optimization,1.4888028095817822,0,0.3375710171274118,-0.022571017127411774,-0.022571017127411774,True,A:rise|G1[0]|G2[0]|G3[0]|G7[0]|OUT:rise,A -> G1 -> G2 -> G3 -> G7
2986,post_optimization,1.4888028095817822,0,0.3224916947697914,-0.0074916947697913905,-0.0074916947697913905,True,A:rise|G1[0]|G2[0]|G3[0]|G7[0]|OUT:rise,A -> G1 -> G2 -> G3 -> G7
2987,pre_optimization,-1.472211547991458,0,0.3066104812784261,0.008389518721573896,0,False,D:rise|G4[0]|G5[0]|G6[0]|G7[1]|OUT:rise,D -> G4 -> G5 -> G6 -> G7
2987,post_optimization,-1.472211547991458,0,0.2925859809871434,0.022414019012856612,0,False,A:rise|G1[0]|G2[0]|G3[0]|G7[0]|OUT:rise,A -> G1 -> G2 -> G3 -> G7
2988,pre_optimization,-0.7584292457387205,0,0.2977887764307182,0.017211223569281786,0,False,D:rise|G4[0]|G5[0]|G6[0]|G7[1]|OUT:rise,D -> G4 -> G5 -> G6 -> G7
2988,post_optimization,-0.7584292457387205,0,0.2847882671267675,0.030211732873232477,0,False,D:rise|G4[0]|G5[0]|G6[0]|G7[1]|OUT:rise,D -> G4 -> G5 -> G6 -> G7
2989,pre_optimization,0.5080755483560396,0,0.3252656070728884,-0.010265607072888372,-0.010265607072888372,True,D:rise|G4[0]|G5[0]|G6[0]|G7[1]|OUT:rise,D -> G4 -> G5 -> G6 -> G7
2989,post_optimization,0.5080755483560396,0,0.30683878466161724,0.008161215338382766,0,False,D:rise|G4[0]|G5[0]|G6[0]|G7[1]|OUT:rise,D -> G4 -> G5 -> G6 -> G7
2990,pre_optimization,-0.32904855094698554,0,0.3235595596717827,-0.00855955967178268,-0.00855955967178268,True,D:rise|G4[0]|G5[0]|G6[0]|G7[1]|OUT:rise,D -> G4 -> G5 -> G6 -> G7
2990,post_optimization,-0.32904855094698554,0,0.30783760785848335,0.007162392141516649,0,False,A:rise|G1[0]|G2[0]|G3[0]|G7[0]|OUT:rise,A -> G1 -> G2 -> G3 -> G7
2991,pre_optimization,0.3485956364444796,0,0.3274002475312399,-0.012400247531239916,-0.012400247531239916,True,D:rise|G4[0]|G5[0]|G6[0]|G7[1]|OUT:rise,D -> G4 -> G5 -> G6 -> G7
2991,post_optimization,0.3485956364444796,0,0.30906479535029086,0.005935204649709147,0,False,D:rise|G4[0]|G5[0]|G6[0]|G7[1]|OUT:rise,D -> G4 -> G5 -> G6 -> G7
2992,pre_optimization,-0.12286298043573768,0,0.3288565226081677,-0.01385652260816772,-0.01385652260816772,True,D:rise|G4[0]|G5[0]|G6[0]|G7[1]|OUT:rise,D -> G4 -> G5 -> G6 -> G7
2992,post_optimization,-0.12286298043573768,0,0.3114147948155561,0.003585205184443885,0,False,D:rise|G4[0]|G5[0]|G6[0]|G7[1]|OUT:rise,D -> G4 -> G5 -> G6 -> G7
2993,pre_optimization,0.7764926145423499,0,0.3280366076993336,-0.013036607699333624,-0.013036607699333624,True,D:rise|G4[0]|G5[0]|G6[0]|G7[1]|OUT:rise,D -> G4 -> G5 -> G6 -> G7
2993,post_optimization,0.7764926145423499,0,0.31148614400319097,0.0035138559968090344,0,False,D:rise|G4[0]|G5[0]|G6[0]|G7[1]|OUT:rise,D -> G4 -> G5 -> G6 -> G7
2994,pre_optimization,-1.5127772481793986,0,0.30034816321288804,0.01465183678711196,0,False,A:rise|G1[0]|G2[0]|G3[0]|G7[0]|OUT:rise,A -> G1 -> G2 -> G3 -> G7
2994,post_optimization,-1.5127772481793986,0,0.2875055661962639,0.027494433803736118,0,False,A:rise|G1[0]|G2[0]|G3[0]|G7[0]|OUT:rise,A -> G1 -> G2 -> G3 -> G7
2995,pre_optimization,-0.19113710828551342,0,0.3165071354658626,-0.001507135465862619,-0.001507135465862619,True,A:rise|G1[0]|G2[0]|G3[0]|G7[0]|OUT:rise,A -> G1 -> G2 -> G3 -> G7
2995,post_optimization,-0.19113710828551342,0,0.30272636708294043,0.012273632917059574,0,False,A:rise|G1[0]|G2[0]|G3[0]|G7[0]|OUT:rise,A -> G1 -> G2 -> G3 -> G7
2996,pre_optimization,-0.5337360624120985,0,0.3173616179905506,-0.002361617990550624,-0.002361617990550624,True,D:rise|G4[0]|G5[0]|G6[0]|G7[1]|OUT:rise,D -> G4 -> G5 -> G6 -> G7
2996,post_optimization,-0.5337360624120985,0,0.2989483837625516,0.016051616237448385,0,False,D:rise|G4[0]|G5[0]|G6[0]|G7[1]|OUT:rise,D -> G4 -> G5 -> G6 -> G7
2997,pre_optimization,0.08381764902126787,0,0.32192133561287994,-0.006921335612879942,-0.006921335612879942,True,D:rise|G4[0]|G5[0]|G6[0]|G7[1]|OUT:rise,D -> G4 -> G5 -> G6 -> G7
2997,post_optimization,0.08381764902126787,0,0.3039584614763465,0.011041538523653527,0,False,D:rise|G4[0]|G5[0]|G6[0]|G7[1]|OUT:rise,D -> G4 -> G5 -> G6 -> G7
2998,pre_optimization,-1.5125895374911926,0,0.31035414912788695,0.004645850872113055,0,False,D:rise|G4[0]|G5[0]|G6[0]|G7[1]|OUT:rise,D -> G4 -> G5 -> G6 -> G7
2998,post_optimization,-1.5125895374911926,0,0.2968422637599335,0.018157736240066502,0,False,A:rise|G1[0]|G2[0]|G3[0]|G7[0]|OUT:rise,A -> G1 -> G2 -> G3 -> G7
2999,pre_optimization,1.4291220228208703,0,0.33491459362518006,-0.019914593625180055,-0.019914593625180055,True,D:rise|G4[0]|G5[0]|G6[0]|G7[1]|OUT:rise,D -> G4 -> G5 -> G6 -> G7
2999,post_optimization,1.4291220228208703,0,0.31777149245446235,-0.002771492454462343,-0.002771492454462343,True,A:rise|G1[0]|G2[0]|G3[0]|G7[0]|OUT:rise,A -> G1 -> G2 -> G3 -> G7
3000,pre_optimization,1.392631115616436,0,0.33220127966336543,-0.017201279663365432,-0.017201279663365432,True,A:rise|G1[0]|G2[0]|G3[0]|G7[0]|OUT:rise,A -> G1 -> G2 -> G3 -> G7
3000,post_optimization,1.392631115616436,0,0.3170951473557774,-0.0020951473557773714,-0.0020951473557773714,True,A:rise|G1[0]|G2[0]|G3[0]|G7[0]|OUT:rise,A -> G1 -> G2 -> G3 -> G7
