2026-08-13 22:06:44,041 [INFO] src.application: Configuration validation passed: /home/halfblood/common/uni/master/VLSI/project/impl/Input_Files/circuits/valid/c15_high_fanout_sizing_fabric/config.json
2026-08-13 22:06:44,041 [INFO] src.application: Loading circuit c15_high_fanout_sizing_fabric
2026-08-13 22:06:44,043 [INFO] src.application: Cell-library validation passed: /home/halfblood/common/uni/master/VLSI/project/impl/Input_Files/cell_library.json
2026-08-13 22:06:44,044 [INFO] src.application: Netlist parsing and driver validation passed: /home/halfblood/common/uni/master/VLSI/project/impl/Input_Files/circuits/valid/c15_high_fanout_sizing_fabric/netlist.txt
2026-08-13 22:06:44,044 [INFO] src.circuit: Preparing circuit c15_high_fanout_sizing_fabric (118 gates, 136 nets)
2026-08-13 22:06:44,044 [INFO] src.circuit: Building the gate topological order
2026-08-13 22:06:44,045 [INFO] src.circuit: Computing gate fanout capacitances
2026-08-13 22:06:44,045 [INFO] src.circuit: Computing gate rise/fall delays
2026-08-13 22:06:44,045 [INFO] src.circuit: Computing circuit power
2026-08-13 22:06:44,045 [INFO] src.application: DAG validation passed
2026-08-13 22:06:44,046 [INFO] src.experiments: Running experiment: fanout_capacitances
2026-08-13 22:06:44,046 [INFO] src.experiments: Running experiment: gate_delays
2026-08-13 22:06:44,047 [INFO] src.experiments: Running experiment: timing_analysis
2026-08-13 22:06:44,047 [INFO] src.sta: Running static timing analysis
2026-08-13 22:06:44,050 [INFO] src.sta: Timing FAILED: WNS=-0.14736 ns, TNS=-2.32107 ns
2026-08-13 22:06:44,051 [INFO] src.experiments: Running experiment: logical_effort_analysis
2026-08-13 22:06:44,055 [INFO] src.experiments: Running experiment: optimization
2026-08-13 22:06:44,055 [INFO] src.experiments: Running slack_weighted_capacitance optimization
2026-08-13 22:06:44,055 [INFO] src.sta: Running static timing analysis
2026-08-13 22:06:44,058 [INFO] src.sta: Timing FAILED: WNS=-0.14736 ns, TNS=-2.32107 ns
2026-08-13 22:06:44,059 [INFO] src.optimizer: Starting circuit optimization with initial cost 1.77451
2026-08-13 22:06:44,059 [INFO] src.optimizer: Optimization attempt 1/100
2026-08-13 22:06:44,061 [INFO] src.circuit: Preparing circuit c15_high_fanout_sizing_fabric (118 gates, 136 nets)
2026-08-13 22:06:44,061 [INFO] src.circuit: Building the gate topological order
2026-08-13 22:06:44,061 [INFO] src.circuit: Computing gate fanout capacitances
2026-08-13 22:06:44,061 [INFO] src.circuit: Computing gate rise/fall delays
2026-08-13 22:06:44,061 [INFO] src.circuit: Computing circuit power
2026-08-13 22:06:44,062 [INFO] src.sta: Running static timing analysis
2026-08-13 22:06:44,064 [INFO] src.sta: Timing FAILED: WNS=-0.0973565 ns, TNS=-1.52101 ns
2026-08-13 22:06:44,065 [INFO] src.circuit: Preparing circuit c15_high_fanout_sizing_fabric (118 gates, 136 nets)
2026-08-13 22:06:44,065 [INFO] src.circuit: Building the gate topological order
2026-08-13 22:06:44,065 [INFO] src.circuit: Computing gate fanout capacitances
2026-08-13 22:06:44,065 [INFO] src.circuit: Computing gate rise/fall delays
2026-08-13 22:06:44,065 [INFO] src.circuit: Computing circuit power
2026-08-13 22:06:44,065 [INFO] src.sta: Running static timing analysis
2026-08-13 22:06:44,068 [INFO] src.sta: Timing FAILED: WNS=-0.102355 ns, TNS=-1.60098 ns
2026-08-13 22:06:44,068 [INFO] src.circuit: Preparing circuit c15_high_fanout_sizing_fabric (118 gates, 136 nets)
2026-08-13 22:06:44,068 [INFO] src.circuit: Building the gate topological order
2026-08-13 22:06:44,068 [INFO] src.circuit: Computing gate fanout capacitances
2026-08-13 22:06:44,068 [INFO] src.circuit: Computing gate rise/fall delays
2026-08-13 22:06:44,069 [INFO] src.circuit: Computing circuit power
2026-08-13 22:06:44,069 [INFO] src.sta: Running static timing analysis
2026-08-13 22:06:44,071 [INFO] src.sta: Timing FAILED: WNS=-0.147354 ns, TNS=-2.11707 ns
2026-08-13 22:06:44,072 [INFO] src.circuit: Preparing circuit c15_high_fanout_sizing_fabric (118 gates, 136 nets)
2026-08-13 22:06:44,072 [INFO] src.circuit: Building the gate topological order
2026-08-13 22:06:44,072 [INFO] src.circuit: Computing gate fanout capacitances
2026-08-13 22:06:44,072 [INFO] src.circuit: Computing gate rise/fall delays
2026-08-13 22:06:44,073 [INFO] src.circuit: Computing circuit power
2026-08-13 22:06:44,073 [INFO] src.sta: Running static timing analysis
2026-08-13 22:06:44,075 [INFO] src.sta: Timing FAILED: WNS=-0.147354 ns, TNS=-2.10247 ns
2026-08-13 22:06:44,076 [INFO] src.circuit: Preparing circuit c15_high_fanout_sizing_fabric (118 gates, 136 nets)
2026-08-13 22:06:44,076 [INFO] src.circuit: Building the gate topological order
2026-08-13 22:06:44,076 [INFO] src.circuit: Computing gate fanout capacitances
2026-08-13 22:06:44,076 [INFO] src.circuit: Computing gate rise/fall delays
2026-08-13 22:06:44,076 [INFO] src.circuit: Computing circuit power
2026-08-13 22:06:44,076 [INFO] src.sta: Running static timing analysis
2026-08-13 22:06:44,079 [INFO] src.sta: Timing FAILED: WNS=-0.168354 ns, TNS=-2.64374 ns
2026-08-13 22:06:44,080 [INFO] src.circuit: Preparing circuit c15_high_fanout_sizing_fabric (118 gates, 136 nets)
2026-08-13 22:06:44,080 [INFO] src.circuit: Building the gate topological order
2026-08-13 22:06:44,080 [INFO] src.circuit: Computing gate fanout capacitances
2026-08-13 22:06:44,080 [INFO] src.circuit: Computing gate rise/fall delays
2026-08-13 22:06:44,081 [INFO] src.circuit: Computing circuit power
2026-08-13 22:06:44,081 [INFO] src.sta: Running static timing analysis
2026-08-13 22:06:44,084 [INFO] src.sta: Timing FAILED: WNS=-0.161192 ns, TNS=-2.34657 ns
2026-08-13 22:06:44,085 [INFO] src.circuit: Preparing circuit c15_high_fanout_sizing_fabric (118 gates, 136 nets)
2026-08-13 22:06:44,085 [INFO] src.circuit: Building the gate topological order
2026-08-13 22:06:44,085 [INFO] src.circuit: Computing gate fanout capacitances
2026-08-13 22:06:44,085 [INFO] src.circuit: Computing gate rise/fall delays
2026-08-13 22:06:44,086 [INFO] src.circuit: Computing circuit power
2026-08-13 22:06:44,086 [INFO] src.sta: Running static timing analysis
2026-08-13 22:06:44,089 [INFO] src.sta: Timing FAILED: WNS=-0.14736 ns, TNS=-2.14306 ns
2026-08-13 22:06:44,089 [INFO] src.circuit: Preparing circuit c15_high_fanout_sizing_fabric (118 gates, 136 nets)
2026-08-13 22:06:44,089 [INFO] src.circuit: Building the gate topological order
2026-08-13 22:06:44,090 [INFO] src.circuit: Computing gate fanout capacitances
2026-08-13 22:06:44,090 [INFO] src.circuit: Computing gate rise/fall delays
2026-08-13 22:06:44,090 [INFO] src.circuit: Computing circuit power
2026-08-13 22:06:44,090 [INFO] src.sta: Running static timing analysis
2026-08-13 22:06:44,093 [INFO] src.sta: Timing FAILED: WNS=-0.14736 ns, TNS=-2.1427 ns
2026-08-13 22:06:44,093 [INFO] src.optimizer: Accepted timing repair: WNS -0.14736 -> -0.0973565 ns, TNS -2.32107 -> -1.52101 ns
2026-08-13 22:06:44,094 [INFO] src.optimizer: Optimization attempt 2/100
2026-08-13 22:06:44,096 [INFO] src.circuit: Preparing circuit c15_high_fanout_sizing_fabric (118 gates, 136 nets)
2026-08-13 22:06:44,096 [INFO] src.circuit: Building the gate topological order
2026-08-13 22:06:44,097 [INFO] src.circuit: Computing gate fanout capacitances
2026-08-13 22:06:44,097 [INFO] src.circuit: Computing gate rise/fall delays
2026-08-13 22:06:44,097 [INFO] src.circuit: Computing circuit power
2026-08-13 22:06:44,097 [INFO] src.sta: Running static timing analysis
2026-08-13 22:06:44,101 [INFO] src.sta: Timing FAILED: WNS=-0.0973505 ns, TNS=-1.35866 ns
2026-08-13 22:06:44,101 [INFO] src.circuit: Preparing circuit c15_high_fanout_sizing_fabric (118 gates, 136 nets)
2026-08-13 22:06:44,101 [INFO] src.circuit: Building the gate topological order
2026-08-13 22:06:44,102 [INFO] src.circuit: Computing gate fanout capacitances
2026-08-13 22:06:44,102 [INFO] src.circuit: Computing gate rise/fall delays
2026-08-13 22:06:44,102 [INFO] src.circuit: Computing circuit power
2026-08-13 22:06:44,102 [INFO] src.sta: Running static timing analysis
2026-08-13 22:06:44,105 [INFO] src.sta: Timing FAILED: WNS=-0.0973505 ns, TNS=-1.35242 ns
2026-08-13 22:06:44,105 [INFO] src.circuit: Preparing circuit c15_high_fanout_sizing_fabric (118 gates, 136 nets)
2026-08-13 22:06:44,105 [INFO] src.circuit: Building the gate topological order
2026-08-13 22:06:44,106 [INFO] src.circuit: Computing gate fanout capacitances
2026-08-13 22:06:44,106 [INFO] src.circuit: Computing gate rise/fall delays
2026-08-13 22:06:44,106 [INFO] src.circuit: Computing circuit power
2026-08-13 22:06:44,106 [INFO] src.sta: Running static timing analysis
2026-08-13 22:06:44,109 [INFO] src.sta: Timing FAILED: WNS=-0.102355 ns, TNS=-1.60098 ns
2026-08-13 22:06:44,109 [INFO] src.circuit: Preparing circuit c15_high_fanout_sizing_fabric (118 gates, 136 nets)
2026-08-13 22:06:44,109 [INFO] src.circuit: Building the gate topological order
2026-08-13 22:06:44,109 [INFO] src.circuit: Computing gate fanout capacitances
2026-08-13 22:06:44,109 [INFO] src.circuit: Computing gate rise/fall delays
2026-08-13 22:06:44,109 [INFO] src.circuit: Computing circuit power
2026-08-13 22:06:44,110 [INFO] src.sta: Running static timing analysis
2026-08-13 22:06:44,112 [INFO] src.sta: Timing FAILED: WNS=-0.10785 ns, TNS=-1.67568 ns
2026-08-13 22:06:44,112 [INFO] src.circuit: Preparing circuit c15_high_fanout_sizing_fabric (118 gates, 136 nets)
2026-08-13 22:06:44,112 [INFO] src.circuit: Building the gate topological order
2026-08-13 22:06:44,112 [INFO] src.circuit: Computing gate fanout capacitances
2026-08-13 22:06:44,113 [INFO] src.circuit: Computing gate rise/fall delays
2026-08-13 22:06:44,113 [INFO] src.circuit: Computing circuit power
2026-08-13 22:06:44,113 [INFO] src.sta: Running static timing analysis
2026-08-13 22:06:44,116 [INFO] src.sta: Timing FAILED: WNS=-0.111188 ns, TNS=-1.54651 ns
2026-08-13 22:06:44,116 [INFO] src.circuit: Preparing circuit c15_high_fanout_sizing_fabric (118 gates, 136 nets)
2026-08-13 22:06:44,116 [INFO] src.circuit: Building the gate topological order
2026-08-13 22:06:44,117 [INFO] src.circuit: Computing gate fanout capacitances
2026-08-13 22:06:44,117 [INFO] src.circuit: Computing gate rise/fall delays
2026-08-13 22:06:44,117 [INFO] src.circuit: Computing circuit power
2026-08-13 22:06:44,117 [INFO] src.sta: Running static timing analysis
2026-08-13 22:06:44,120 [INFO] src.sta: Timing FAILED: WNS=-0.0973565 ns, TNS=-1.37732 ns
2026-08-13 22:06:44,120 [INFO] src.circuit: Preparing circuit c15_high_fanout_sizing_fabric (118 gates, 136 nets)
2026-08-13 22:06:44,120 [INFO] src.circuit: Building the gate topological order
2026-08-13 22:06:44,121 [INFO] src.circuit: Computing gate fanout capacitances
2026-08-13 22:06:44,121 [INFO] src.circuit: Computing gate rise/fall delays
2026-08-13 22:06:44,121 [INFO] src.circuit: Computing circuit power
2026-08-13 22:06:44,121 [INFO] src.sta: Running static timing analysis
2026-08-13 22:06:44,124 [INFO] src.sta: Timing FAILED: WNS=-0.0973565 ns, TNS=-1.39265 ns
2026-08-13 22:06:44,124 [INFO] src.optimizer: Accepted timing repair: WNS -0.0973565 -> -0.0973505 ns, TNS -1.52101 -> -1.35866 ns
2026-08-13 22:06:44,124 [INFO] src.optimizer: Optimization attempt 3/100
2026-08-13 22:06:44,127 [INFO] src.circuit: Preparing circuit c15_high_fanout_sizing_fabric (118 gates, 136 nets)
2026-08-13 22:06:44,127 [INFO] src.circuit: Building the gate topological order
2026-08-13 22:06:44,127 [INFO] src.circuit: Computing gate fanout capacitances
2026-08-13 22:06:44,127 [INFO] src.circuit: Computing gate rise/fall delays
2026-08-13 22:06:44,128 [INFO] src.circuit: Computing circuit power
2026-08-13 22:06:44,128 [INFO] src.sta: Running static timing analysis
2026-08-13 22:06:44,131 [INFO] src.sta: Timing FAILED: WNS=-0.095853 ns, TNS=-1.21497 ns
2026-08-13 22:06:44,131 [INFO] src.circuit: Preparing circuit c15_high_fanout_sizing_fabric (118 gates, 136 nets)
2026-08-13 22:06:44,131 [INFO] src.circuit: Building the gate topological order
2026-08-13 22:06:44,132 [INFO] src.circuit: Computing gate fanout capacitances
2026-08-13 22:06:44,132 [INFO] src.circuit: Computing gate rise/fall delays
2026-08-13 22:06:44,132 [INFO] src.circuit: Computing circuit power
2026-08-13 22:06:44,132 [INFO] src.sta: Running static timing analysis
2026-08-13 22:06:44,135 [INFO] src.sta: Timing FAILED: WNS=-0.095853 ns, TNS=-1.2303 ns
2026-08-13 22:06:44,135 [INFO] src.circuit: Preparing circuit c15_high_fanout_sizing_fabric (118 gates, 136 nets)
2026-08-13 22:06:44,135 [INFO] src.circuit: Building the gate topological order
2026-08-13 22:06:44,135 [INFO] src.circuit: Computing gate fanout capacitances
2026-08-13 22:06:44,136 [INFO] src.circuit: Computing gate rise/fall delays
2026-08-13 22:06:44,136 [INFO] src.circuit: Computing circuit power
2026-08-13 22:06:44,136 [INFO] src.sta: Running static timing analysis
2026-08-13 22:06:44,139 [INFO] src.sta: Timing FAILED: WNS=-0.102349 ns, TNS=-1.43363 ns
2026-08-13 22:06:44,140 [INFO] src.circuit: Preparing circuit c15_high_fanout_sizing_fabric (118 gates, 136 nets)
2026-08-13 22:06:44,140 [INFO] src.circuit: Building the gate topological order
2026-08-13 22:06:44,140 [INFO] src.circuit: Computing gate fanout capacitances
2026-08-13 22:06:44,140 [INFO] src.circuit: Computing gate rise/fall delays
2026-08-13 22:06:44,141 [INFO] src.circuit: Computing circuit power
2026-08-13 22:06:44,141 [INFO] src.sta: Running static timing analysis
2026-08-13 22:06:44,144 [INFO] src.sta: Timing FAILED: WNS=-0.153176 ns, TNS=-2.01659 ns
2026-08-13 22:06:44,144 [INFO] src.circuit: Preparing circuit c15_high_fanout_sizing_fabric (118 gates, 136 nets)
2026-08-13 22:06:44,144 [INFO] src.circuit: Building the gate topological order
2026-08-13 22:06:44,145 [INFO] src.circuit: Computing gate fanout capacitances
2026-08-13 22:06:44,145 [INFO] src.circuit: Computing gate rise/fall delays
2026-08-13 22:06:44,145 [INFO] src.circuit: Computing circuit power
2026-08-13 22:06:44,145 [INFO] src.sta: Running static timing analysis
2026-08-13 22:06:44,148 [INFO] src.sta: Timing FAILED: WNS=-0.118685 ns, TNS=-1.40133 ns
2026-08-13 22:06:44,148 [INFO] src.circuit: Preparing circuit c15_high_fanout_sizing_fabric (118 gates, 136 nets)
2026-08-13 22:06:44,148 [INFO] src.circuit: Building the gate topological order
2026-08-13 22:06:44,149 [INFO] src.circuit: Computing gate fanout capacitances
2026-08-13 22:06:44,149 [INFO] src.circuit: Computing gate rise/fall delays
2026-08-13 22:06:44,149 [INFO] src.circuit: Computing circuit power
2026-08-13 22:06:44,149 [INFO] src.sta: Running static timing analysis
2026-08-13 22:06:44,152 [INFO] src.sta: Timing FAILED: WNS=-0.0973505 ns, TNS=-1.24066 ns
2026-08-13 22:06:44,152 [INFO] src.circuit: Preparing circuit c15_high_fanout_sizing_fabric (118 gates, 136 nets)
2026-08-13 22:06:44,152 [INFO] src.circuit: Building the gate topological order
2026-08-13 22:06:44,153 [INFO] src.circuit: Computing gate fanout capacitances
2026-08-13 22:06:44,153 [INFO] src.circuit: Computing gate rise/fall delays
2026-08-13 22:06:44,153 [INFO] src.circuit: Computing circuit power
2026-08-13 22:06:44,154 [INFO] src.sta: Running static timing analysis
2026-08-13 22:06:44,164 [INFO] src.sta: Timing FAILED: WNS=-0.0973505 ns, TNS=-1.23266 ns
2026-08-13 22:06:44,165 [INFO] src.optimizer: Accepted timing repair: WNS -0.0973505 -> -0.095853 ns, TNS -1.35866 -> -1.21497 ns
2026-08-13 22:06:44,165 [INFO] src.optimizer: Optimization attempt 4/100
2026-08-13 22:06:44,167 [INFO] src.circuit: Preparing circuit c15_high_fanout_sizing_fabric (118 gates, 136 nets)
2026-08-13 22:06:44,167 [INFO] src.circuit: Building the gate topological order
2026-08-13 22:06:44,167 [INFO] src.circuit: Computing gate fanout capacitances
2026-08-13 22:06:44,167 [INFO] src.circuit: Computing gate rise/fall delays
2026-08-13 22:06:44,168 [INFO] src.circuit: Computing circuit power
2026-08-13 22:06:44,168 [INFO] src.sta: Running static timing analysis
2026-08-13 22:06:44,170 [INFO] src.sta: Timing FAILED: WNS=-0.0953595 ns, TNS=-1.09697 ns
2026-08-13 22:06:44,171 [INFO] src.circuit: Preparing circuit c15_high_fanout_sizing_fabric (118 gates, 136 nets)
2026-08-13 22:06:44,171 [INFO] src.circuit: Building the gate topological order
2026-08-13 22:06:44,171 [INFO] src.circuit: Computing gate fanout capacitances
2026-08-13 22:06:44,172 [INFO] src.circuit: Computing gate rise/fall delays
2026-08-13 22:06:44,172 [INFO] src.circuit: Computing circuit power
2026-08-13 22:06:44,172 [INFO] src.sta: Running static timing analysis
2026-08-13 22:06:44,175 [INFO] src.sta: Timing FAILED: WNS=-0.0953595 ns, TNS=-1.08897 ns
2026-08-13 22:06:44,175 [INFO] src.circuit: Preparing circuit c15_high_fanout_sizing_fabric (118 gates, 136 nets)
2026-08-13 22:06:44,175 [INFO] src.circuit: Building the gate topological order
2026-08-13 22:06:44,176 [INFO] src.circuit: Computing gate fanout capacitances
2026-08-13 22:06:44,176 [INFO] src.circuit: Computing gate rise/fall delays
2026-08-13 22:06:44,176 [INFO] src.circuit: Computing circuit power
2026-08-13 22:06:44,176 [INFO] src.sta: Running static timing analysis
2026-08-13 22:06:44,179 [INFO] src.sta: Timing FAILED: WNS=-0.100851 ns, TNS=-1.28495 ns
2026-08-13 22:06:44,179 [INFO] src.circuit: Preparing circuit c15_high_fanout_sizing_fabric (118 gates, 136 nets)
2026-08-13 22:06:44,179 [INFO] src.circuit: Building the gate topological order
2026-08-13 22:06:44,180 [INFO] src.circuit: Computing gate fanout capacitances
2026-08-13 22:06:44,180 [INFO] src.circuit: Computing gate rise/fall delays
2026-08-13 22:06:44,180 [INFO] src.circuit: Computing circuit power
2026-08-13 22:06:44,180 [INFO] src.sta: Running static timing analysis
2026-08-13 22:06:44,183 [INFO] src.sta: Timing FAILED: WNS=-0.109685 ns, TNS=-1.24264 ns
2026-08-13 22:06:44,183 [INFO] src.circuit: Preparing circuit c15_high_fanout_sizing_fabric (118 gates, 136 nets)
2026-08-13 22:06:44,183 [INFO] src.circuit: Building the gate topological order
2026-08-13 22:06:44,183 [INFO] src.circuit: Computing gate fanout capacitances
2026-08-13 22:06:44,183 [INFO] src.circuit: Computing gate rise/fall delays
2026-08-13 22:06:44,183 [INFO] src.circuit: Computing circuit power
2026-08-13 22:06:44,184 [INFO] src.sta: Running static timing analysis
2026-08-13 22:06:44,186 [INFO] src.sta: Timing FAILED: WNS=-0.117188 ns, TNS=-1.25764 ns
2026-08-13 22:06:44,186 [INFO] src.circuit: Preparing circuit c15_high_fanout_sizing_fabric (118 gates, 136 nets)
2026-08-13 22:06:44,187 [INFO] src.circuit: Building the gate topological order
2026-08-13 22:06:44,187 [INFO] src.circuit: Computing gate fanout capacitances
2026-08-13 22:06:44,187 [INFO] src.circuit: Computing gate rise/fall delays
2026-08-13 22:06:44,188 [INFO] src.circuit: Computing circuit power
2026-08-13 22:06:44,188 [INFO] src.sta: Running static timing analysis
2026-08-13 22:06:44,191 [INFO] src.sta: Timing FAILED: WNS=-0.111179 ns, TNS=-1.24562 ns
2026-08-13 22:06:44,192 [INFO] src.optimizer: Accepted timing repair: WNS -0.095853 -> -0.0953595 ns, TNS -1.21497 -> -1.09697 ns
2026-08-13 22:06:44,192 [INFO] src.optimizer: Optimization attempt 5/100
2026-08-13 22:06:44,194 [INFO] src.circuit: Preparing circuit c15_high_fanout_sizing_fabric (118 gates, 136 nets)
2026-08-13 22:06:44,194 [INFO] src.circuit: Building the gate topological order
2026-08-13 22:06:44,195 [INFO] src.circuit: Computing gate fanout capacitances
2026-08-13 22:06:44,195 [INFO] src.circuit: Computing gate rise/fall delays
2026-08-13 22:06:44,195 [INFO] src.circuit: Computing circuit power
2026-08-13 22:06:44,195 [INFO] src.sta: Running static timing analysis
2026-08-13 22:06:44,198 [INFO] src.sta: Timing FAILED: WNS=-0.0953565 ns, TNS=-0.973133 ns
2026-08-13 22:06:44,199 [INFO] src.circuit: Preparing circuit c15_high_fanout_sizing_fabric (118 gates, 136 nets)
2026-08-13 22:06:44,199 [INFO] src.circuit: Building the gate topological order
2026-08-13 22:06:44,199 [INFO] src.circuit: Computing gate fanout capacitances
2026-08-13 22:06:44,199 [INFO] src.circuit: Computing gate rise/fall delays
2026-08-13 22:06:44,199 [INFO] src.circuit: Computing circuit power
2026-08-13 22:06:44,200 [INFO] src.sta: Running static timing analysis
2026-08-13 22:06:44,202 [INFO] src.sta: Timing FAILED: WNS=-0.0953565 ns, TNS=-0.965456 ns
2026-08-13 22:06:44,203 [INFO] src.circuit: Preparing circuit c15_high_fanout_sizing_fabric (118 gates, 136 nets)
2026-08-13 22:06:44,203 [INFO] src.circuit: Building the gate topological order
2026-08-13 22:06:44,204 [INFO] src.circuit: Computing gate fanout capacitances
2026-08-13 22:06:44,204 [INFO] src.circuit: Computing gate rise/fall delays
2026-08-13 22:06:44,204 [INFO] src.circuit: Computing circuit power
2026-08-13 22:06:44,204 [INFO] src.sta: Running static timing analysis
2026-08-13 22:06:44,207 [INFO] src.sta: Timing FAILED: WNS=-0.100358 ns, TNS=-1.16695 ns
2026-08-13 22:06:44,208 [INFO] src.circuit: Preparing circuit c15_high_fanout_sizing_fabric (118 gates, 136 nets)
2026-08-13 22:06:44,208 [INFO] src.circuit: Building the gate topological order
2026-08-13 22:06:44,208 [INFO] src.circuit: Computing gate fanout capacitances
2026-08-13 22:06:44,208 [INFO] src.circuit: Computing gate rise/fall delays
2026-08-13 22:06:44,208 [INFO] src.circuit: Computing circuit power
2026-08-13 22:06:44,208 [INFO] src.sta: Running static timing analysis
2026-08-13 22:06:44,211 [INFO] src.sta: Timing FAILED: WNS=-0.116694 ns, TNS=-1.13964 ns
2026-08-13 22:06:44,212 [INFO] src.circuit: Preparing circuit c15_high_fanout_sizing_fabric (118 gates, 136 nets)
2026-08-13 22:06:44,212 [INFO] src.circuit: Building the gate topological order
2026-08-13 22:06:44,212 [INFO] src.circuit: Computing gate fanout capacitances
2026-08-13 22:06:44,212 [INFO] src.circuit: Computing gate rise/fall delays
2026-08-13 22:06:44,212 [INFO] src.circuit: Computing circuit power
2026-08-13 22:06:44,213 [INFO] src.sta: Running static timing analysis
2026-08-13 22:06:44,216 [INFO] src.sta: Timing FAILED: WNS=-0.102355 ns, TNS=-1.17994 ns
2026-08-13 22:06:44,216 [INFO] src.circuit: Preparing circuit c15_high_fanout_sizing_fabric (118 gates, 136 nets)
2026-08-13 22:06:44,216 [INFO] src.circuit: Building the gate topological order
2026-08-13 22:06:44,217 [INFO] src.circuit: Computing gate fanout capacitances
2026-08-13 22:06:44,217 [INFO] src.circuit: Computing gate rise/fall delays
2026-08-13 22:06:44,217 [INFO] src.circuit: Computing circuit power
2026-08-13 22:06:44,217 [INFO] src.sta: Running static timing analysis
2026-08-13 22:06:44,221 [INFO] src.sta: Timing FAILED: WNS=-0.102021 ns, TNS=-1.1103 ns
2026-08-13 22:06:44,222 [INFO] src.optimizer: Accepted timing repair: WNS -0.0953595 -> -0.0953565 ns, TNS -1.09697 -> -0.973133 ns
2026-08-13 22:06:44,222 [INFO] src.optimizer: Optimization attempt 6/100
2026-08-13 22:06:44,224 [INFO] src.circuit: Preparing circuit c15_high_fanout_sizing_fabric (118 gates, 136 nets)
2026-08-13 22:06:44,224 [INFO] src.circuit: Building the gate topological order
2026-08-13 22:06:44,225 [INFO] src.circuit: Computing gate fanout capacitances
2026-08-13 22:06:44,225 [INFO] src.circuit: Computing gate rise/fall delays
2026-08-13 22:06:44,225 [INFO] src.circuit: Computing circuit power
2026-08-13 22:06:44,225 [INFO] src.sta: Running static timing analysis
2026-08-13 22:06:44,228 [INFO] src.sta: Timing FAILED: WNS=-0.0950205 ns, TNS=-0.876639 ns
2026-08-13 22:06:44,228 [INFO] src.circuit: Preparing circuit c15_high_fanout_sizing_fabric (118 gates, 136 nets)
2026-08-13 22:06:44,228 [INFO] src.circuit: Building the gate topological order
2026-08-13 22:06:44,228 [INFO] src.circuit: Computing gate fanout capacitances
2026-08-13 22:06:44,228 [INFO] src.circuit: Computing gate rise/fall delays
2026-08-13 22:06:44,228 [INFO] src.circuit: Computing circuit power
2026-08-13 22:06:44,229 [INFO] src.sta: Running static timing analysis
2026-08-13 22:06:44,231 [INFO] src.sta: Timing FAILED: WNS=-0.0950205 ns, TNS=-0.877152 ns
2026-08-13 22:06:44,231 [INFO] src.circuit: Preparing circuit c15_high_fanout_sizing_fabric (118 gates, 136 nets)
2026-08-13 22:06:44,231 [INFO] src.circuit: Building the gate topological order
2026-08-13 22:06:44,232 [INFO] src.circuit: Computing gate fanout capacitances
2026-08-13 22:06:44,232 [INFO] src.circuit: Computing gate rise/fall delays
2026-08-13 22:06:44,232 [INFO] src.circuit: Computing circuit power
2026-08-13 22:06:44,232 [INFO] src.sta: Running static timing analysis
2026-08-13 22:06:44,235 [INFO] src.sta: Timing FAILED: WNS=-0.100355 ns, TNS=-1.04311 ns
2026-08-13 22:06:44,235 [INFO] src.circuit: Preparing circuit c15_high_fanout_sizing_fabric (118 gates, 136 nets)
2026-08-13 22:06:44,235 [INFO] src.circuit: Building the gate topological order
2026-08-13 22:06:44,236 [INFO] src.circuit: Computing gate fanout capacitances
2026-08-13 22:06:44,236 [INFO] src.circuit: Computing gate rise/fall delays
2026-08-13 22:06:44,236 [INFO] src.circuit: Computing circuit power
2026-08-13 22:06:44,236 [INFO] src.sta: Running static timing analysis
2026-08-13 22:06:44,239 [INFO] src.sta: Timing FAILED: WNS=-0.10552 ns, TNS=-1.1068 ns
2026-08-13 22:06:44,239 [INFO] src.circuit: Preparing circuit c15_high_fanout_sizing_fabric (118 gates, 136 nets)
2026-08-13 22:06:44,239 [INFO] src.circuit: Building the gate topological order
2026-08-13 22:06:44,239 [INFO] src.circuit: Computing gate fanout capacitances
2026-08-13 22:06:44,239 [INFO] src.circuit: Computing gate rise/fall delays
2026-08-13 22:06:44,240 [INFO] src.circuit: Computing circuit power
2026-08-13 22:06:44,240 [INFO] src.sta: Running static timing analysis
2026-08-13 22:06:44,242 [INFO] src.sta: Timing FAILED: WNS=-0.109188 ns, TNS=-0.99863 ns
2026-08-13 22:06:44,242 [INFO] src.circuit: Preparing circuit c15_high_fanout_sizing_fabric (118 gates, 136 nets)
2026-08-13 22:06:44,242 [INFO] src.circuit: Building the gate topological order
2026-08-13 22:06:44,243 [INFO] src.circuit: Computing gate fanout capacitances
2026-08-13 22:06:44,243 [INFO] src.circuit: Computing gate rise/fall delays
2026-08-13 22:06:44,243 [INFO] src.circuit: Computing circuit power
2026-08-13 22:06:44,243 [INFO] src.sta: Running static timing analysis
2026-08-13 22:06:44,246 [INFO] src.sta: Timing FAILED: WNS=-0.0953565 ns, TNS=-0.895627 ns
2026-08-13 22:06:44,247 [INFO] src.circuit: Preparing circuit c15_high_fanout_sizing_fabric (118 gates, 136 nets)
2026-08-13 22:06:44,247 [INFO] src.circuit: Building the gate topological order
2026-08-13 22:06:44,248 [INFO] src.circuit: Computing gate fanout capacitances
2026-08-13 22:06:44,248 [INFO] src.circuit: Computing gate rise/fall delays
2026-08-13 22:06:44,248 [INFO] src.circuit: Computing circuit power
2026-08-13 22:06:44,249 [INFO] src.sta: Running static timing analysis
2026-08-13 22:06:44,254 [INFO] src.sta: Timing FAILED: WNS=-0.0953565 ns, TNS=-0.892865 ns
2026-08-13 22:06:44,255 [INFO] src.optimizer: Accepted timing repair: WNS -0.0953565 -> -0.0950205 ns, TNS -0.973133 -> -0.876639 ns
2026-08-13 22:06:44,255 [INFO] src.optimizer: Optimization attempt 7/100
2026-08-13 22:06:44,260 [INFO] src.circuit: Preparing circuit c15_high_fanout_sizing_fabric (118 gates, 136 nets)
2026-08-13 22:06:44,260 [INFO] src.circuit: Building the gate topological order
2026-08-13 22:06:44,260 [INFO] src.circuit: Computing gate fanout capacitances
2026-08-13 22:06:44,261 [INFO] src.circuit: Computing gate rise/fall delays
2026-08-13 22:06:44,261 [INFO] src.circuit: Computing circuit power
2026-08-13 22:06:44,261 [INFO] src.sta: Running static timing analysis
2026-08-13 22:06:44,267 [INFO] src.sta: Timing FAILED: WNS=-0.0950205 ns, TNS=-0.799133 ns
2026-08-13 22:06:44,267 [INFO] src.circuit: Preparing circuit c15_high_fanout_sizing_fabric (118 gates, 136 nets)
2026-08-13 22:06:44,267 [INFO] src.circuit: Building the gate topological order
2026-08-13 22:06:44,268 [INFO] src.circuit: Computing gate fanout capacitances
2026-08-13 22:06:44,268 [INFO] src.circuit: Computing gate rise/fall delays
2026-08-13 22:06:44,269 [INFO] src.circuit: Computing circuit power
2026-08-13 22:06:44,269 [INFO] src.sta: Running static timing analysis
2026-08-13 22:06:44,275 [INFO] src.sta: Timing FAILED: WNS=-0.0950205 ns, TNS=-0.796371 ns
2026-08-13 22:06:44,276 [INFO] src.circuit: Preparing circuit c15_high_fanout_sizing_fabric (118 gates, 136 nets)
2026-08-13 22:06:44,276 [INFO] src.circuit: Building the gate topological order
2026-08-13 22:06:44,277 [INFO] src.circuit: Computing gate fanout capacitances
2026-08-13 22:06:44,277 [INFO] src.circuit: Computing gate rise/fall delays
2026-08-13 22:06:44,277 [INFO] src.circuit: Computing circuit power
2026-08-13 22:06:44,278 [INFO] src.sta: Running static timing analysis
2026-08-13 22:06:44,282 [INFO] src.sta: Timing FAILED: WNS=-0.100019 ns, TNS=-0.946615 ns
2026-08-13 22:06:44,283 [INFO] src.circuit: Preparing circuit c15_high_fanout_sizing_fabric (118 gates, 136 nets)
2026-08-13 22:06:44,283 [INFO] src.circuit: Building the gate topological order
2026-08-13 22:06:44,283 [INFO] src.circuit: Computing gate fanout capacitances
2026-08-13 22:06:44,283 [INFO] src.circuit: Computing gate rise/fall delays
2026-08-13 22:06:44,283 [INFO] src.circuit: Computing circuit power
2026-08-13 22:06:44,284 [INFO] src.sta: Running static timing analysis
2026-08-13 22:06:44,287 [INFO] src.sta: Timing FAILED: WNS=-0.0950205 ns, TNS=-0.726633 ns
2026-08-13 22:06:44,287 [INFO] src.circuit: Preparing circuit c15_high_fanout_sizing_fabric (118 gates, 136 nets)
2026-08-13 22:06:44,287 [INFO] src.circuit: Building the gate topological order
2026-08-13 22:06:44,288 [INFO] src.circuit: Computing gate fanout capacitances
2026-08-13 22:06:44,288 [INFO] src.circuit: Computing gate rise/fall delays
2026-08-13 22:06:44,288 [INFO] src.circuit: Computing circuit power
2026-08-13 22:06:44,288 [INFO] src.sta: Running static timing analysis
2026-08-13 22:06:44,291 [INFO] src.sta: Timing FAILED: WNS=-0.0950205 ns, TNS=-0.696611 ns
2026-08-13 22:06:44,292 [INFO] src.circuit: Preparing circuit c15_high_fanout_sizing_fabric (118 gates, 136 nets)
2026-08-13 22:06:44,292 [INFO] src.circuit: Building the gate topological order
2026-08-13 22:06:44,294 [INFO] src.circuit: Computing gate fanout capacitances
2026-08-13 22:06:44,294 [INFO] src.circuit: Computing gate rise/fall delays
2026-08-13 22:06:44,294 [INFO] src.circuit: Computing circuit power
2026-08-13 22:06:44,294 [INFO] src.sta: Running static timing analysis
2026-08-13 22:06:44,300 [INFO] src.sta: Timing FAILED: WNS=-0.117022 ns, TNS=-0.920642 ns
2026-08-13 22:06:44,300 [INFO] src.circuit: Preparing circuit c15_high_fanout_sizing_fabric (118 gates, 136 nets)
2026-08-13 22:06:44,300 [INFO] src.circuit: Building the gate topological order
2026-08-13 22:06:44,301 [INFO] src.circuit: Computing gate fanout capacitances
2026-08-13 22:06:44,301 [INFO] src.circuit: Computing gate rise/fall delays
2026-08-13 22:06:44,301 [INFO] src.circuit: Computing circuit power
2026-08-13 22:06:44,301 [INFO] src.sta: Running static timing analysis
2026-08-13 22:06:44,304 [INFO] src.sta: Timing FAILED: WNS=-0.108852 ns, TNS=-0.904303 ns
2026-08-13 22:06:44,305 [INFO] src.optimizer: Accepted timing repair: WNS -0.0950205 -> -0.0950205 ns, TNS -0.876639 -> -0.726633 ns
2026-08-13 22:06:44,305 [INFO] src.optimizer: Optimization attempt 8/100
2026-08-13 22:06:44,307 [INFO] src.circuit: Preparing circuit c15_high_fanout_sizing_fabric (118 gates, 136 nets)
2026-08-13 22:06:44,307 [INFO] src.circuit: Building the gate topological order
2026-08-13 22:06:44,307 [INFO] src.circuit: Computing gate fanout capacitances
2026-08-13 22:06:44,308 [INFO] src.circuit: Computing gate rise/fall delays
2026-08-13 22:06:44,308 [INFO] src.circuit: Computing circuit power
2026-08-13 22:06:44,308 [INFO] src.sta: Running static timing analysis
2026-08-13 22:06:44,310 [INFO] src.sta: Timing FAILED: WNS=-0.0943595 ns, TNS=-0.649127 ns
2026-08-13 22:06:44,311 [INFO] src.circuit: Preparing circuit c15_high_fanout_sizing_fabric (118 gates, 136 nets)
2026-08-13 22:06:44,311 [INFO] src.circuit: Building the gate topological order
2026-08-13 22:06:44,311 [INFO] src.circuit: Computing gate fanout capacitances
2026-08-13 22:06:44,311 [INFO] src.circuit: Computing gate rise/fall delays
2026-08-13 22:06:44,311 [INFO] src.circuit: Computing circuit power
2026-08-13 22:06:44,312 [INFO] src.sta: Running static timing analysis
2026-08-13 22:06:44,314 [INFO] src.sta: Timing FAILED: WNS=-0.0943595 ns, TNS=-0.646365 ns
2026-08-13 22:06:44,314 [INFO] src.circuit: Preparing circuit c15_high_fanout_sizing_fabric (118 gates, 136 nets)
2026-08-13 22:06:44,314 [INFO] src.circuit: Building the gate topological order
2026-08-13 22:06:44,314 [INFO] src.circuit: Computing gate fanout capacitances
2026-08-13 22:06:44,315 [INFO] src.circuit: Computing gate rise/fall delays
2026-08-13 22:06:44,315 [INFO] src.circuit: Computing circuit power
2026-08-13 22:06:44,315 [INFO] src.sta: Running static timing analysis
2026-08-13 22:06:44,317 [INFO] src.sta: Timing FAILED: WNS=-0.100019 ns, TNS=-0.796609 ns
2026-08-13 22:06:44,318 [INFO] src.circuit: Preparing circuit c15_high_fanout_sizing_fabric (118 gates, 136 nets)
2026-08-13 22:06:44,318 [INFO] src.circuit: Building the gate topological order
2026-08-13 22:06:44,318 [INFO] src.circuit: Computing gate fanout capacitances
2026-08-13 22:06:44,318 [INFO] src.circuit: Computing gate rise/fall delays
2026-08-13 22:06:44,318 [INFO] src.circuit: Computing circuit power
2026-08-13 22:06:44,319 [INFO] src.sta: Running static timing analysis
2026-08-13 22:06:44,322 [INFO] src.sta: Timing FAILED: WNS=-0.117022 ns, TNS=-0.770636 ns
2026-08-13 22:06:44,322 [INFO] src.circuit: Preparing circuit c15_high_fanout_sizing_fabric (118 gates, 136 nets)
2026-08-13 22:06:44,322 [INFO] src.circuit: Building the gate topological order
2026-08-13 22:06:44,322 [INFO] src.circuit: Computing gate fanout capacitances
2026-08-13 22:06:44,323 [INFO] src.circuit: Computing gate rise/fall delays
2026-08-13 22:06:44,323 [INFO] src.circuit: Computing circuit power
2026-08-13 22:06:44,323 [INFO] src.sta: Running static timing analysis
2026-08-13 22:06:44,325 [INFO] src.sta: Timing FAILED: WNS=-0.108852 ns, TNS=-0.754297 ns
2026-08-13 22:06:44,326 [INFO] src.circuit: Preparing circuit c15_high_fanout_sizing_fabric (118 gates, 136 nets)
2026-08-13 22:06:44,326 [INFO] src.circuit: Building the gate topological order
2026-08-13 22:06:44,326 [INFO] src.circuit: Computing gate fanout capacitances
2026-08-13 22:06:44,326 [INFO] src.circuit: Computing gate rise/fall delays
2026-08-13 22:06:44,327 [INFO] src.circuit: Computing circuit power
2026-08-13 22:06:44,327 [INFO] src.sta: Running static timing analysis
2026-08-13 22:06:44,329 [INFO] src.sta: Timing FAILED: WNS=-0.0950205 ns, TNS=-0.726633 ns
2026-08-13 22:06:44,330 [INFO] src.optimizer: Accepted timing repair: WNS -0.0950205 -> -0.0943595 ns, TNS -0.726633 -> -0.649127 ns
2026-08-13 22:06:44,330 [INFO] src.optimizer: Optimization attempt 9/100
2026-08-13 22:06:44,332 [INFO] src.circuit: Preparing circuit c15_high_fanout_sizing_fabric (118 gates, 136 nets)
2026-08-13 22:06:44,332 [INFO] src.circuit: Building the gate topological order
2026-08-13 22:06:44,332 [INFO] src.circuit: Computing gate fanout capacitances
2026-08-13 22:06:44,332 [INFO] src.circuit: Computing gate rise/fall delays
2026-08-13 22:06:44,332 [INFO] src.circuit: Computing circuit power
2026-08-13 22:06:44,332 [INFO] src.sta: Running static timing analysis
2026-08-13 22:06:44,335 [INFO] src.sta: Timing FAILED: WNS=-0.074521 ns, TNS=-0.605289 ns
2026-08-13 22:06:44,335 [INFO] src.circuit: Preparing circuit c15_high_fanout_sizing_fabric (118 gates, 136 nets)
2026-08-13 22:06:44,335 [INFO] src.circuit: Building the gate topological order
2026-08-13 22:06:44,335 [INFO] src.circuit: Computing gate fanout capacitances
2026-08-13 22:06:44,335 [INFO] src.circuit: Computing gate rise/fall delays
2026-08-13 22:06:44,335 [INFO] src.circuit: Computing circuit power
2026-08-13 22:06:44,336 [INFO] src.sta: Running static timing analysis
2026-08-13 22:06:44,347 [INFO] src.sta: Timing FAILED: WNS=-0.089683 ns, TNS=-0.637612 ns
2026-08-13 22:06:44,347 [INFO] src.circuit: Preparing circuit c15_high_fanout_sizing_fabric (118 gates, 136 nets)
2026-08-13 22:06:44,347 [INFO] src.circuit: Building the gate topological order
2026-08-13 22:06:44,348 [INFO] src.circuit: Computing gate fanout capacitances
2026-08-13 22:06:44,348 [INFO] src.circuit: Computing gate rise/fall delays
2026-08-13 22:06:44,348 [INFO] src.circuit: Computing circuit power
2026-08-13 22:06:44,348 [INFO] src.sta: Running static timing analysis
2026-08-13 22:06:44,350 [INFO] src.sta: Timing FAILED: WNS=-0.0993577 ns, TNS=-0.719103 ns
2026-08-13 22:06:44,350 [INFO] src.circuit: Preparing circuit c15_high_fanout_sizing_fabric (118 gates, 136 nets)
2026-08-13 22:06:44,351 [INFO] src.circuit: Building the gate topological order
2026-08-13 22:06:44,351 [INFO] src.circuit: Computing gate fanout capacitances
2026-08-13 22:06:44,351 [INFO] src.circuit: Computing gate rise/fall delays
2026-08-13 22:06:44,351 [INFO] src.circuit: Computing circuit power
2026-08-13 22:06:44,351 [INFO] src.sta: Running static timing analysis
2026-08-13 22:06:44,354 [INFO] src.sta: Timing FAILED: WNS=-0.115694 ns, TNS=-0.691797 ns
2026-08-13 22:06:44,355 [INFO] src.circuit: Preparing circuit c15_high_fanout_sizing_fabric (118 gates, 136 nets)
2026-08-13 22:06:44,355 [INFO] src.circuit: Building the gate topological order
2026-08-13 22:06:44,355 [INFO] src.circuit: Computing gate fanout capacitances
2026-08-13 22:06:44,355 [INFO] src.circuit: Computing gate rise/fall delays
2026-08-13 22:06:44,355 [INFO] src.circuit: Computing circuit power
2026-08-13 22:06:44,355 [INFO] src.sta: Running static timing analysis
2026-08-13 22:06:44,358 [INFO] src.sta: Timing FAILED: WNS=-0.0938562 ns, TNS=-0.7321 ns
2026-08-13 22:06:44,358 [INFO] src.circuit: Preparing circuit c15_high_fanout_sizing_fabric (118 gates, 136 nets)
2026-08-13 22:06:44,358 [INFO] src.circuit: Building the gate topological order
2026-08-13 22:06:44,359 [INFO] src.circuit: Computing gate fanout capacitances
2026-08-13 22:06:44,359 [INFO] src.circuit: Computing gate rise/fall delays
2026-08-13 22:06:44,359 [INFO] src.circuit: Computing circuit power
2026-08-13 22:06:44,359 [INFO] src.sta: Running static timing analysis
2026-08-13 22:06:44,361 [INFO] src.sta: Timing FAILED: WNS=-0.101021 ns, TNS=-0.662451 ns
2026-08-13 22:06:44,362 [INFO] src.optimizer: Accepted timing repair: WNS -0.0943595 -> -0.074521 ns, TNS -0.649127 -> -0.605289 ns
2026-08-13 22:06:44,362 [INFO] src.optimizer: Optimization attempt 10/100
2026-08-13 22:06:44,364 [INFO] src.circuit: Preparing circuit c15_high_fanout_sizing_fabric (118 gates, 136 nets)
2026-08-13 22:06:44,364 [INFO] src.circuit: Building the gate topological order
2026-08-13 22:06:44,364 [INFO] src.circuit: Computing gate fanout capacitances
2026-08-13 22:06:44,365 [INFO] src.circuit: Computing gate rise/fall delays
2026-08-13 22:06:44,365 [INFO] src.circuit: Computing circuit power
2026-08-13 22:06:44,365 [INFO] src.sta: Running static timing analysis
2026-08-13 22:06:44,367 [INFO] src.sta: Timing FAILED: WNS=-0.0795192 ns, TNS=-0.675264 ns
2026-08-13 22:06:44,368 [INFO] src.circuit: Preparing circuit c15_high_fanout_sizing_fabric (118 gates, 136 nets)
2026-08-13 22:06:44,368 [INFO] src.circuit: Building the gate topological order
2026-08-13 22:06:44,368 [INFO] src.circuit: Computing gate fanout capacitances
2026-08-13 22:06:44,369 [INFO] src.circuit: Computing gate rise/fall delays
2026-08-13 22:06:44,369 [INFO] src.circuit: Computing circuit power
2026-08-13 22:06:44,369 [INFO] src.sta: Running static timing analysis
2026-08-13 22:06:44,373 [INFO] src.sta: Timing FAILED: WNS=-0.095856 ns, TNS=-0.647959 ns
2026-08-13 22:06:44,373 [INFO] src.circuit: Preparing circuit c15_high_fanout_sizing_fabric (118 gates, 136 nets)
2026-08-13 22:06:44,373 [INFO] src.circuit: Building the gate topological order
2026-08-13 22:06:44,373 [INFO] src.circuit: Computing gate fanout capacitances
2026-08-13 22:06:44,373 [INFO] src.circuit: Computing gate rise/fall delays
2026-08-13 22:06:44,374 [INFO] src.circuit: Computing circuit power
2026-08-13 22:06:44,374 [INFO] src.sta: Running static timing analysis
2026-08-13 22:06:44,376 [INFO] src.sta: Timing FAILED: WNS=-0.089683 ns, TNS=-0.637612 ns
2026-08-13 22:06:44,376 [INFO] src.circuit: Preparing circuit c15_high_fanout_sizing_fabric (118 gates, 136 nets)
2026-08-13 22:06:44,376 [INFO] src.circuit: Building the gate topological order
2026-08-13 22:06:44,377 [INFO] src.circuit: Computing gate fanout capacitances
2026-08-13 22:06:44,377 [INFO] src.circuit: Computing gate rise/fall delays
2026-08-13 22:06:44,377 [INFO] src.circuit: Computing circuit power
2026-08-13 22:06:44,377 [INFO] src.sta: Running static timing analysis
2026-08-13 22:06:44,380 [INFO] src.sta: Timing FAILED: WNS=-0.0793655 ns, TNS=-0.612469 ns
2026-08-13 22:06:44,380 [INFO] src.circuit: Preparing circuit c15_high_fanout_sizing_fabric (118 gates, 136 nets)
2026-08-13 22:06:44,380 [INFO] src.circuit: Building the gate topological order
2026-08-13 22:06:44,380 [INFO] src.circuit: Computing gate fanout capacitances
2026-08-13 22:06:44,381 [INFO] src.circuit: Computing gate rise/fall delays
2026-08-13 22:06:44,381 [INFO] src.circuit: Computing circuit power
2026-08-13 22:06:44,381 [INFO] src.sta: Running static timing analysis
2026-08-13 22:06:44,384 [INFO] src.sta: Timing FAILED: WNS=-0.0740177 ns, TNS=-0.688261 ns
2026-08-13 22:06:44,384 [INFO] src.optimizer: Accepted timing repair: WNS -0.074521 -> -0.0740177 ns, TNS -0.605289 -> -0.688261 ns
2026-08-13 22:06:44,384 [INFO] src.optimizer: Optimization attempt 11/100
2026-08-13 22:06:44,386 [INFO] src.circuit: Preparing circuit c15_high_fanout_sizing_fabric (118 gates, 136 nets)
2026-08-13 22:06:44,387 [INFO] src.circuit: Building the gate topological order
2026-08-13 22:06:44,387 [INFO] src.circuit: Computing gate fanout capacitances
2026-08-13 22:06:44,387 [INFO] src.circuit: Computing gate rise/fall delays
2026-08-13 22:06:44,387 [INFO] src.circuit: Computing circuit power
2026-08-13 22:06:44,388 [INFO] src.sta: Running static timing analysis
2026-08-13 22:06:44,390 [INFO] src.sta: Timing FAILED: WNS=-0.0755169 ns, TNS=-0.709249 ns
2026-08-13 22:06:44,391 [INFO] src.circuit: Preparing circuit c15_high_fanout_sizing_fabric (118 gates, 136 nets)
2026-08-13 22:06:44,391 [INFO] src.circuit: Building the gate topological order
2026-08-13 22:06:44,391 [INFO] src.circuit: Computing gate fanout capacitances
2026-08-13 22:06:44,391 [INFO] src.circuit: Computing gate rise/fall delays
2026-08-13 22:06:44,391 [INFO] src.circuit: Computing circuit power
2026-08-13 22:06:44,391 [INFO] src.sta: Running static timing analysis
2026-08-13 22:06:44,394 [INFO] src.sta: Timing FAILED: WNS=-0.074521 ns, TNS=-0.605289 ns
2026-08-13 22:06:44,394 [INFO] src.circuit: Preparing circuit c15_high_fanout_sizing_fabric (118 gates, 136 nets)
2026-08-13 22:06:44,394 [INFO] src.circuit: Building the gate topological order
2026-08-13 22:06:44,395 [INFO] src.circuit: Computing gate fanout capacitances
2026-08-13 22:06:44,395 [INFO] src.circuit: Computing gate rise/fall delays
2026-08-13 22:06:44,395 [INFO] src.circuit: Computing circuit power
2026-08-13 22:06:44,395 [INFO] src.sta: Running static timing analysis
2026-08-13 22:06:44,398 [INFO] src.sta: Timing FAILED: WNS=-0.0953527 ns, TNS=-0.730931 ns
2026-08-13 22:06:44,398 [INFO] src.circuit: Preparing circuit c15_high_fanout_sizing_fabric (118 gates, 136 nets)
2026-08-13 22:06:44,398 [INFO] src.circuit: Building the gate topological order
2026-08-13 22:06:44,399 [INFO] src.circuit: Computing gate fanout capacitances
2026-08-13 22:06:44,399 [INFO] src.circuit: Computing gate rise/fall delays
2026-08-13 22:06:44,399 [INFO] src.circuit: Computing circuit power
2026-08-13 22:06:44,399 [INFO] src.sta: Running static timing analysis
2026-08-13 22:06:44,402 [INFO] src.sta: Timing FAILED: WNS=-0.0891797 ns, TNS=-0.720584 ns
2026-08-13 22:06:44,402 [INFO] src.circuit: Preparing circuit c15_high_fanout_sizing_fabric (118 gates, 136 nets)
2026-08-13 22:06:44,402 [INFO] src.circuit: Building the gate topological order
2026-08-13 22:06:44,402 [INFO] src.circuit: Computing gate fanout capacitances
2026-08-13 22:06:44,403 [INFO] src.circuit: Computing gate rise/fall delays
2026-08-13 22:06:44,403 [INFO] src.circuit: Computing circuit power
2026-08-13 22:06:44,403 [INFO] src.sta: Running static timing analysis
2026-08-13 22:06:44,406 [INFO] src.sta: Timing FAILED: WNS=-0.0788622 ns, TNS=-0.695442 ns
2026-08-13 22:06:44,407 [INFO] src.optimizer: Optimization stopped: no candidate improves WNS or tied-WNS TNS
2026-08-13 22:06:44,407 [INFO] src.experiments: slack_weighted_capacitance optimization completed in 0.351657 s
2026-08-13 22:06:44,407 [INFO] src.experiments: Running random_greedy optimization
2026-08-13 22:06:44,407 [INFO] src.sta: Running static timing analysis
2026-08-13 22:06:44,409 [INFO] src.sta: Timing FAILED: WNS=-0.14736 ns, TNS=-2.32107 ns
2026-08-13 22:06:44,409 [INFO] src.optimizer: Starting circuit optimization with initial cost 1.77451
2026-08-13 22:06:44,409 [INFO] src.optimizer: Optimization attempt 1/100
2026-08-13 22:06:44,410 [INFO] src.circuit: Preparing circuit c15_high_fanout_sizing_fabric (118 gates, 136 nets)
2026-08-13 22:06:44,410 [INFO] src.circuit: Building the gate topological order
2026-08-13 22:06:44,410 [INFO] src.circuit: Computing gate fanout capacitances
2026-08-13 22:06:44,410 [INFO] src.circuit: Computing gate rise/fall delays
2026-08-13 22:06:44,410 [INFO] src.circuit: Computing circuit power
2026-08-13 22:06:44,410 [INFO] src.sta: Running static timing analysis
2026-08-13 22:06:44,413 [INFO] src.sta: Timing FAILED: WNS=-0.161192 ns, TNS=-2.34657 ns
2026-08-13 22:06:44,413 [INFO] src.optimizer: Optimization attempt 2/100
2026-08-13 22:06:44,414 [INFO] src.circuit: Preparing circuit c15_high_fanout_sizing_fabric (118 gates, 136 nets)
2026-08-13 22:06:44,414 [INFO] src.circuit: Building the gate topological order
2026-08-13 22:06:44,414 [INFO] src.circuit: Computing gate fanout capacitances
2026-08-13 22:06:44,414 [INFO] src.circuit: Computing gate rise/fall delays
2026-08-13 22:06:44,414 [INFO] src.circuit: Computing circuit power
2026-08-13 22:06:44,414 [INFO] src.sta: Running static timing analysis
2026-08-13 22:06:44,417 [INFO] src.sta: Timing FAILED: WNS=-0.147354 ns, TNS=-2.11707 ns
2026-08-13 22:06:44,417 [INFO] src.optimizer: Accepted timing repair: WNS -0.14736 -> -0.147354 ns, TNS -2.32107 -> -2.11707 ns
2026-08-13 22:06:44,417 [INFO] src.optimizer: Optimization attempt 3/100
2026-08-13 22:06:44,417 [INFO] src.circuit: Preparing circuit c15_high_fanout_sizing_fabric (118 gates, 136 nets)
2026-08-13 22:06:44,417 [INFO] src.circuit: Building the gate topological order
2026-08-13 22:06:44,418 [INFO] src.circuit: Computing gate fanout capacitances
2026-08-13 22:06:44,418 [INFO] src.circuit: Computing gate rise/fall delays
2026-08-13 22:06:44,418 [INFO] src.circuit: Computing circuit power
2026-08-13 22:06:44,418 [INFO] src.sta: Running static timing analysis
2026-08-13 22:06:44,421 [INFO] src.sta: Timing FAILED: WNS=-0.158354 ns, TNS=-2.29307 ns
2026-08-13 22:06:44,421 [INFO] src.optimizer: Optimization attempt 4/100
2026-08-13 22:06:44,422 [INFO] src.circuit: Preparing circuit c15_high_fanout_sizing_fabric (118 gates, 136 nets)
2026-08-13 22:06:44,422 [INFO] src.circuit: Building the gate topological order
2026-08-13 22:06:44,422 [INFO] src.circuit: Computing gate fanout capacitances
2026-08-13 22:06:44,422 [INFO] src.circuit: Computing gate rise/fall delays
2026-08-13 22:06:44,422 [INFO] src.circuit: Computing circuit power
2026-08-13 22:06:44,423 [INFO] src.sta: Running static timing analysis
2026-08-13 22:06:44,425 [INFO] src.sta: Timing FAILED: WNS=-0.168689 ns, TNS=-2.15974 ns
2026-08-13 22:06:44,425 [INFO] src.optimizer: Optimization attempt 5/100
2026-08-13 22:06:44,426 [INFO] src.circuit: Preparing circuit c15_high_fanout_sizing_fabric (118 gates, 136 nets)
2026-08-13 22:06:44,426 [INFO] src.circuit: Building the gate topological order
2026-08-13 22:06:44,426 [INFO] src.circuit: Computing gate fanout capacitances
2026-08-13 22:06:44,426 [INFO] src.circuit: Computing gate rise/fall delays
2026-08-13 22:06:44,426 [INFO] src.circuit: Computing circuit power
2026-08-13 22:06:44,426 [INFO] src.sta: Running static timing analysis
2026-08-13 22:06:44,429 [INFO] src.sta: Timing FAILED: WNS=-0.159688 ns, TNS=-2.14474 ns
2026-08-13 22:06:44,429 [INFO] src.optimizer: Optimization attempt 6/100
2026-08-13 22:06:44,429 [INFO] src.circuit: Preparing circuit c15_high_fanout_sizing_fabric (118 gates, 136 nets)
2026-08-13 22:06:44,429 [INFO] src.circuit: Building the gate topological order
2026-08-13 22:06:44,430 [INFO] src.circuit: Computing gate fanout capacitances
2026-08-13 22:06:44,430 [INFO] src.circuit: Computing gate rise/fall delays
2026-08-13 22:06:44,430 [INFO] src.circuit: Computing circuit power
2026-08-13 22:06:44,430 [INFO] src.sta: Running static timing analysis
2026-08-13 22:06:44,432 [INFO] src.sta: Timing FAILED: WNS=-0.165947 ns, TNS=-2.15726 ns
2026-08-13 22:06:44,432 [INFO] src.optimizer: Optimization attempt 7/100
2026-08-13 22:06:44,433 [INFO] src.circuit: Preparing circuit c15_high_fanout_sizing_fabric (118 gates, 136 nets)
2026-08-13 22:06:44,433 [INFO] src.circuit: Building the gate topological order
2026-08-13 22:06:44,433 [INFO] src.circuit: Computing gate fanout capacitances
2026-08-13 22:06:44,433 [INFO] src.circuit: Computing gate rise/fall delays
2026-08-13 22:06:44,433 [INFO] src.circuit: Computing circuit power
2026-08-13 22:06:44,433 [INFO] src.sta: Running static timing analysis
2026-08-13 22:06:44,436 [INFO] src.sta: Timing FAILED: WNS=-0.145856 ns, TNS=-1.93907 ns
2026-08-13 22:06:44,437 [INFO] src.optimizer: Accepted timing repair: WNS -0.147354 -> -0.145856 ns, TNS -2.11707 -> -1.93907 ns
2026-08-13 22:06:44,437 [INFO] src.optimizer: Optimization attempt 8/100
2026-08-13 22:06:44,437 [INFO] src.circuit: Preparing circuit c15_high_fanout_sizing_fabric (118 gates, 136 nets)
2026-08-13 22:06:44,437 [INFO] src.circuit: Building the gate topological order
2026-08-13 22:06:44,438 [INFO] src.circuit: Computing gate fanout capacitances
2026-08-13 22:06:44,438 [INFO] src.circuit: Computing gate rise/fall delays
2026-08-13 22:06:44,438 [INFO] src.circuit: Computing circuit power
2026-08-13 22:06:44,438 [INFO] src.sta: Running static timing analysis
2026-08-13 22:06:44,440 [INFO] src.sta: Timing FAILED: WNS=-0.145363 ns, TNS=-1.82107 ns
2026-08-13 22:06:44,441 [INFO] src.optimizer: Accepted timing repair: WNS -0.145856 -> -0.145363 ns, TNS -1.93907 -> -1.82107 ns
2026-08-13 22:06:44,441 [INFO] src.optimizer: Optimization attempt 9/100
2026-08-13 22:06:44,441 [INFO] src.circuit: Preparing circuit c15_high_fanout_sizing_fabric (118 gates, 136 nets)
2026-08-13 22:06:44,441 [INFO] src.circuit: Building the gate topological order
2026-08-13 22:06:44,441 [INFO] src.circuit: Computing gate fanout capacitances
2026-08-13 22:06:44,441 [INFO] src.circuit: Computing gate rise/fall delays
2026-08-13 22:06:44,442 [INFO] src.circuit: Computing circuit power
2026-08-13 22:06:44,442 [INFO] src.sta: Running static timing analysis
2026-08-13 22:06:44,444 [INFO] src.sta: Timing FAILED: WNS=-0.150199 ns, TNS=-1.83074 ns
2026-08-13 22:06:44,444 [INFO] src.optimizer: Optimization attempt 10/100
2026-08-13 22:06:44,445 [INFO] src.circuit: Preparing circuit c15_high_fanout_sizing_fabric (118 gates, 136 nets)
2026-08-13 22:06:44,445 [INFO] src.circuit: Building the gate topological order
2026-08-13 22:06:44,445 [INFO] src.circuit: Computing gate fanout capacitances
2026-08-13 22:06:44,445 [INFO] src.circuit: Computing gate rise/fall delays
2026-08-13 22:06:44,445 [INFO] src.circuit: Computing circuit power
2026-08-13 22:06:44,445 [INFO] src.sta: Running static timing analysis
2026-08-13 22:06:44,448 [INFO] src.sta: Timing FAILED: WNS=-0.152022 ns, TNS=-1.83439 ns
2026-08-13 22:06:44,448 [INFO] src.optimizer: Optimization attempt 11/100
2026-08-13 22:06:44,448 [INFO] src.circuit: Preparing circuit c15_high_fanout_sizing_fabric (118 gates, 136 nets)
2026-08-13 22:06:44,448 [INFO] src.circuit: Building the gate topological order
2026-08-13 22:06:44,449 [INFO] src.circuit: Computing gate fanout capacitances
2026-08-13 22:06:44,449 [INFO] src.circuit: Computing gate rise/fall delays
2026-08-13 22:06:44,449 [INFO] src.circuit: Computing circuit power
2026-08-13 22:06:44,449 [INFO] src.sta: Running static timing analysis
2026-08-13 22:06:44,452 [INFO] src.sta: Timing FAILED: WNS=-0.163188 ns, TNS=-1.85539 ns
2026-08-13 22:06:44,452 [INFO] src.optimizer: Optimization attempt 12/100
2026-08-13 22:06:44,452 [INFO] src.circuit: Preparing circuit c15_high_fanout_sizing_fabric (118 gates, 136 nets)
2026-08-13 22:06:44,452 [INFO] src.circuit: Building the gate topological order
2026-08-13 22:06:44,453 [INFO] src.circuit: Computing gate fanout capacitances
2026-08-13 22:06:44,453 [INFO] src.circuit: Computing gate rise/fall delays
2026-08-13 22:06:44,453 [INFO] src.circuit: Computing circuit power
2026-08-13 22:06:44,453 [INFO] src.sta: Running static timing analysis
2026-08-13 22:06:44,456 [INFO] src.sta: Timing FAILED: WNS=-0.195457 ns, TNS=-2.32642 ns
2026-08-13 22:06:44,456 [INFO] src.optimizer: Optimization attempt 13/100
2026-08-13 22:06:44,457 [INFO] src.circuit: Preparing circuit c15_high_fanout_sizing_fabric (118 gates, 136 nets)
2026-08-13 22:06:44,457 [INFO] src.circuit: Building the gate topological order
2026-08-13 22:06:44,457 [INFO] src.circuit: Computing gate fanout capacitances
2026-08-13 22:06:44,458 [INFO] src.circuit: Computing gate rise/fall delays
2026-08-13 22:06:44,458 [INFO] src.circuit: Computing circuit power
2026-08-13 22:06:44,458 [INFO] src.sta: Running static timing analysis
2026-08-13 22:06:44,461 [INFO] src.sta: Timing FAILED: WNS=-0.146366 ns, TNS=-1.82307 ns
2026-08-13 22:06:44,461 [INFO] src.optimizer: Optimization attempt 14/100
2026-08-13 22:06:44,462 [INFO] src.circuit: Preparing circuit c15_high_fanout_sizing_fabric (118 gates, 136 nets)
2026-08-13 22:06:44,462 [INFO] src.circuit: Building the gate topological order
2026-08-13 22:06:44,462 [INFO] src.circuit: Computing gate fanout capacitances
2026-08-13 22:06:44,462 [INFO] src.circuit: Computing gate rise/fall delays
2026-08-13 22:06:44,463 [INFO] src.circuit: Computing circuit power
2026-08-13 22:06:44,463 [INFO] src.sta: Running static timing analysis
2026-08-13 22:06:44,465 [INFO] src.sta: Timing FAILED: WNS=-0.16202 ns, TNS=-1.85539 ns
2026-08-13 22:06:44,465 [INFO] src.optimizer: Optimization attempt 15/100
2026-08-13 22:06:44,466 [INFO] src.circuit: Preparing circuit c15_high_fanout_sizing_fabric (118 gates, 136 nets)
2026-08-13 22:06:44,466 [INFO] src.circuit: Building the gate topological order
2026-08-13 22:06:44,466 [INFO] src.circuit: Computing gate fanout capacitances
2026-08-13 22:06:44,466 [INFO] src.circuit: Computing gate rise/fall delays
2026-08-13 22:06:44,467 [INFO] src.circuit: Computing circuit power
2026-08-13 22:06:44,467 [INFO] src.sta: Running static timing analysis
2026-08-13 22:06:44,469 [INFO] src.sta: Timing FAILED: WNS=-0.0953595 ns, TNS=-1.09697 ns
2026-08-13 22:06:44,470 [INFO] src.optimizer: Accepted timing repair: WNS -0.145363 -> -0.0953595 ns, TNS -1.82107 -> -1.09697 ns
2026-08-13 22:06:44,470 [INFO] src.optimizer: Optimization attempt 16/100
2026-08-13 22:06:44,470 [INFO] src.circuit: Preparing circuit c15_high_fanout_sizing_fabric (118 gates, 136 nets)
2026-08-13 22:06:44,470 [INFO] src.circuit: Building the gate topological order
2026-08-13 22:06:44,471 [INFO] src.circuit: Computing gate fanout capacitances
2026-08-13 22:06:44,471 [INFO] src.circuit: Computing gate rise/fall delays
2026-08-13 22:06:44,471 [INFO] src.circuit: Computing circuit power
2026-08-13 22:06:44,471 [INFO] src.sta: Running static timing analysis
2026-08-13 22:06:44,474 [INFO] src.sta: Timing FAILED: WNS=-0.100195 ns, TNS=-1.10664 ns
2026-08-13 22:06:44,474 [INFO] src.optimizer: Optimization attempt 17/100
2026-08-13 22:06:44,474 [INFO] src.circuit: Preparing circuit c15_high_fanout_sizing_fabric (118 gates, 136 nets)
2026-08-13 22:06:44,474 [INFO] src.circuit: Building the gate topological order
2026-08-13 22:06:44,475 [INFO] src.circuit: Computing gate fanout capacitances
2026-08-13 22:06:44,475 [INFO] src.circuit: Computing gate rise/fall delays
2026-08-13 22:06:44,475 [INFO] src.circuit: Computing circuit power
2026-08-13 22:06:44,475 [INFO] src.sta: Running static timing analysis
2026-08-13 22:06:44,477 [INFO] src.sta: Timing FAILED: WNS=-0.100358 ns, TNS=-1.16695 ns
2026-08-13 22:06:44,477 [INFO] src.optimizer: Optimization attempt 18/100
2026-08-13 22:06:44,478 [INFO] src.circuit: Preparing circuit c15_high_fanout_sizing_fabric (118 gates, 136 nets)
2026-08-13 22:06:44,478 [INFO] src.circuit: Building the gate topological order
2026-08-13 22:06:44,478 [INFO] src.circuit: Computing gate fanout capacitances
2026-08-13 22:06:44,478 [INFO] src.circuit: Computing gate rise/fall delays
2026-08-13 22:06:44,479 [INFO] src.circuit: Computing circuit power
2026-08-13 22:06:44,479 [INFO] src.sta: Running static timing analysis
2026-08-13 22:06:44,481 [INFO] src.sta: Timing FAILED: WNS=-0.0953595 ns, TNS=-1.09697 ns
2026-08-13 22:06:44,481 [INFO] src.optimizer: Optimization attempt 19/100
2026-08-13 22:06:44,481 [INFO] src.circuit: Preparing circuit c15_high_fanout_sizing_fabric (118 gates, 136 nets)
2026-08-13 22:06:44,481 [INFO] src.circuit: Building the gate topological order
2026-08-13 22:06:44,482 [INFO] src.circuit: Computing gate fanout capacitances
2026-08-13 22:06:44,482 [INFO] src.circuit: Computing gate rise/fall delays
2026-08-13 22:06:44,482 [INFO] src.circuit: Computing circuit power
2026-08-13 22:06:44,482 [INFO] src.sta: Running static timing analysis
2026-08-13 22:06:44,492 [INFO] src.sta: Timing FAILED: WNS=-0.109188 ns, TNS=-1.12247 ns
2026-08-13 22:06:44,492 [INFO] src.optimizer: Optimization attempt 20/100
2026-08-13 22:06:44,493 [INFO] src.circuit: Preparing circuit c15_high_fanout_sizing_fabric (118 gates, 136 nets)
2026-08-13 22:06:44,493 [INFO] src.circuit: Building the gate topological order
2026-08-13 22:06:44,493 [INFO] src.circuit: Computing gate fanout capacitances
2026-08-13 22:06:44,493 [INFO] src.circuit: Computing gate rise/fall delays
2026-08-13 22:06:44,493 [INFO] src.circuit: Computing circuit power
2026-08-13 22:06:44,494 [INFO] src.sta: Running static timing analysis
2026-08-13 22:06:44,496 [INFO] src.sta: Timing FAILED: WNS=-0.0976985 ns, TNS=-1.10065 ns
2026-08-13 22:06:44,496 [INFO] src.optimizer: Optimization attempt 21/100
2026-08-13 22:06:44,496 [INFO] src.circuit: Preparing circuit c15_high_fanout_sizing_fabric (118 gates, 136 nets)
2026-08-13 22:06:44,497 [INFO] src.circuit: Building the gate topological order
2026-08-13 22:06:44,497 [INFO] src.circuit: Computing gate fanout capacitances
2026-08-13 22:06:44,497 [INFO] src.circuit: Computing gate rise/fall delays
2026-08-13 22:06:44,497 [INFO] src.circuit: Computing circuit power
2026-08-13 22:06:44,497 [INFO] src.sta: Running static timing analysis
2026-08-13 22:06:44,499 [INFO] src.sta: Timing FAILED: WNS=-0.145453 ns, TNS=-1.54232 ns
2026-08-13 22:06:44,500 [INFO] src.optimizer: Optimization attempt 22/100
2026-08-13 22:06:44,500 [INFO] src.circuit: Preparing circuit c15_high_fanout_sizing_fabric (118 gates, 136 nets)
2026-08-13 22:06:44,500 [INFO] src.circuit: Building the gate topological order
2026-08-13 22:06:44,500 [INFO] src.circuit: Computing gate fanout capacitances
2026-08-13 22:06:44,500 [INFO] src.circuit: Computing gate rise/fall delays
2026-08-13 22:06:44,501 [INFO] src.circuit: Computing circuit power
2026-08-13 22:06:44,501 [INFO] src.sta: Running static timing analysis
2026-08-13 22:06:44,504 [INFO] src.sta: Timing FAILED: WNS=-0.0963625 ns, TNS=-1.09898 ns
2026-08-13 22:06:44,504 [INFO] src.optimizer: Optimization attempt 23/100
2026-08-13 22:06:44,505 [INFO] src.circuit: Preparing circuit c15_high_fanout_sizing_fabric (118 gates, 136 nets)
2026-08-13 22:06:44,505 [INFO] src.circuit: Building the gate topological order
2026-08-13 22:06:44,506 [INFO] src.circuit: Computing gate fanout capacitances
2026-08-13 22:06:44,506 [INFO] src.circuit: Computing gate rise/fall delays
2026-08-13 22:06:44,506 [INFO] src.circuit: Computing circuit power
2026-08-13 22:06:44,506 [INFO] src.sta: Running static timing analysis
2026-08-13 22:06:44,509 [INFO] src.sta: Timing FAILED: WNS=-0.0953565 ns, TNS=-0.973133 ns
2026-08-13 22:06:44,509 [INFO] src.optimizer: Accepted timing repair: WNS -0.0953595 -> -0.0953565 ns, TNS -1.09697 -> -0.973133 ns
2026-08-13 22:06:44,509 [INFO] src.optimizer: Optimization attempt 24/100
2026-08-13 22:06:44,510 [INFO] src.circuit: Preparing circuit c15_high_fanout_sizing_fabric (118 gates, 136 nets)
2026-08-13 22:06:44,510 [INFO] src.circuit: Building the gate topological order
2026-08-13 22:06:44,510 [INFO] src.circuit: Computing gate fanout capacitances
2026-08-13 22:06:44,510 [INFO] src.circuit: Computing gate rise/fall delays
2026-08-13 22:06:44,511 [INFO] src.circuit: Computing circuit power
2026-08-13 22:06:44,511 [INFO] src.sta: Running static timing analysis
2026-08-13 22:06:44,513 [INFO] src.sta: Timing FAILED: WNS=-0.0953565 ns, TNS=-0.973133 ns
2026-08-13 22:06:44,513 [INFO] src.optimizer: Optimization attempt 25/100
2026-08-13 22:06:44,514 [INFO] src.circuit: Preparing circuit c15_high_fanout_sizing_fabric (118 gates, 136 nets)
2026-08-13 22:06:44,514 [INFO] src.circuit: Building the gate topological order
2026-08-13 22:06:44,514 [INFO] src.circuit: Computing gate fanout capacitances
2026-08-13 22:06:44,514 [INFO] src.circuit: Computing gate rise/fall delays
2026-08-13 22:06:44,515 [INFO] src.circuit: Computing circuit power
2026-08-13 22:06:44,515 [INFO] src.sta: Running static timing analysis
2026-08-13 22:06:44,518 [INFO] src.sta: Timing FAILED: WNS=-0.0953565 ns, TNS=-0.895627 ns
2026-08-13 22:06:44,518 [INFO] src.optimizer: Accepted timing repair: WNS -0.0953565 -> -0.0953565 ns, TNS -0.973133 -> -0.895627 ns
2026-08-13 22:06:44,518 [INFO] src.optimizer: Optimization attempt 26/100
2026-08-13 22:06:44,518 [INFO] src.circuit: Preparing circuit c15_high_fanout_sizing_fabric (118 gates, 136 nets)
2026-08-13 22:06:44,518 [INFO] src.circuit: Building the gate topological order
2026-08-13 22:06:44,518 [INFO] src.circuit: Computing gate fanout capacitances
2026-08-13 22:06:44,519 [INFO] src.circuit: Computing gate rise/fall delays
2026-08-13 22:06:44,519 [INFO] src.circuit: Computing circuit power
2026-08-13 22:06:44,519 [INFO] src.sta: Running static timing analysis
2026-08-13 22:06:44,522 [INFO] src.sta: Timing FAILED: WNS=-0.105356 ns, TNS=-1.03563 ns
2026-08-13 22:06:44,522 [INFO] src.optimizer: Optimization attempt 27/100
2026-08-13 22:06:44,522 [INFO] src.circuit: Preparing circuit c15_high_fanout_sizing_fabric (118 gates, 136 nets)
2026-08-13 22:06:44,523 [INFO] src.circuit: Building the gate topological order
2026-08-13 22:06:44,523 [INFO] src.circuit: Computing gate fanout capacitances
2026-08-13 22:06:44,523 [INFO] src.circuit: Computing gate rise/fall delays
2026-08-13 22:06:44,523 [INFO] src.circuit: Computing circuit power
2026-08-13 22:06:44,523 [INFO] src.sta: Running static timing analysis
2026-08-13 22:06:44,526 [INFO] src.sta: Timing FAILED: WNS=-0.0960235 ns, TNS=-0.897633 ns
2026-08-13 22:06:44,526 [INFO] src.optimizer: Optimization attempt 28/100
2026-08-13 22:06:44,527 [INFO] src.circuit: Preparing circuit c15_high_fanout_sizing_fabric (118 gates, 136 nets)
2026-08-13 22:06:44,527 [INFO] src.circuit: Building the gate topological order
2026-08-13 22:06:44,527 [INFO] src.circuit: Computing gate fanout capacitances
2026-08-13 22:06:44,527 [INFO] src.circuit: Computing gate rise/fall delays
2026-08-13 22:06:44,527 [INFO] src.circuit: Computing circuit power
2026-08-13 22:06:44,527 [INFO] src.sta: Running static timing analysis
2026-08-13 22:06:44,530 [INFO] src.sta: Timing FAILED: WNS=-0.145453 ns, TNS=-1.34097 ns
2026-08-13 22:06:44,530 [INFO] src.optimizer: Optimization attempt 29/100
2026-08-13 22:06:44,531 [INFO] src.circuit: Preparing circuit c15_high_fanout_sizing_fabric (118 gates, 136 nets)
2026-08-13 22:06:44,531 [INFO] src.circuit: Building the gate topological order
2026-08-13 22:06:44,531 [INFO] src.circuit: Computing gate fanout capacitances
2026-08-13 22:06:44,531 [INFO] src.circuit: Computing gate rise/fall delays
2026-08-13 22:06:44,531 [INFO] src.circuit: Computing circuit power
2026-08-13 22:06:44,531 [INFO] src.sta: Running static timing analysis
2026-08-13 22:06:44,534 [INFO] src.sta: Timing FAILED: WNS=-0.127365 ns, TNS=-1.32039 ns
2026-08-13 22:06:44,534 [INFO] src.optimizer: Optimization attempt 30/100
2026-08-13 22:06:44,534 [INFO] src.circuit: Preparing circuit c15_high_fanout_sizing_fabric (118 gates, 136 nets)
2026-08-13 22:06:44,534 [INFO] src.circuit: Building the gate topological order
2026-08-13 22:06:44,534 [INFO] src.circuit: Computing gate fanout capacitances
2026-08-13 22:06:44,535 [INFO] src.circuit: Computing gate rise/fall delays
2026-08-13 22:06:44,535 [INFO] src.circuit: Computing circuit power
2026-08-13 22:06:44,535 [INFO] src.sta: Running static timing analysis
2026-08-13 22:06:44,538 [INFO] src.sta: Timing FAILED: WNS=-0.108852 ns, TNS=-0.923291 ns
2026-08-13 22:06:44,538 [INFO] src.optimizer: Optimization attempt 31/100
2026-08-13 22:06:44,538 [INFO] src.circuit: Preparing circuit c15_high_fanout_sizing_fabric (118 gates, 136 nets)
2026-08-13 22:06:44,539 [INFO] src.circuit: Building the gate topological order
2026-08-13 22:06:44,539 [INFO] src.circuit: Computing gate fanout capacitances
2026-08-13 22:06:44,539 [INFO] src.circuit: Computing gate rise/fall delays
2026-08-13 22:06:44,539 [INFO] src.circuit: Computing circuit power
2026-08-13 22:06:44,539 [INFO] src.sta: Running static timing analysis
2026-08-13 22:06:44,542 [INFO] src.sta: Timing FAILED: WNS=-0.100355 ns, TNS=-0.965602 ns
2026-08-13 22:06:44,542 [INFO] src.optimizer: Optimization attempt 32/100
2026-08-13 22:06:44,542 [INFO] src.circuit: Preparing circuit c15_high_fanout_sizing_fabric (118 gates, 136 nets)
2026-08-13 22:06:44,542 [INFO] src.circuit: Building the gate topological order
2026-08-13 22:06:44,543 [INFO] src.circuit: Computing gate fanout capacitances
2026-08-13 22:06:44,543 [INFO] src.circuit: Computing gate rise/fall delays
2026-08-13 22:06:44,543 [INFO] src.circuit: Computing circuit power
2026-08-13 22:06:44,543 [INFO] src.sta: Running static timing analysis
2026-08-13 22:06:44,545 [INFO] src.sta: Timing FAILED: WNS=-0.0950205 ns, TNS=-0.799133 ns
2026-08-13 22:06:44,546 [INFO] src.optimizer: Accepted timing repair: WNS -0.0953565 -> -0.0950205 ns, TNS -0.895627 -> -0.799133 ns
2026-08-13 22:06:44,546 [INFO] src.optimizer: Optimization attempt 33/100
2026-08-13 22:06:44,546 [INFO] src.circuit: Preparing circuit c15_high_fanout_sizing_fabric (118 gates, 136 nets)
2026-08-13 22:06:44,546 [INFO] src.circuit: Building the gate topological order
2026-08-13 22:06:44,546 [INFO] src.circuit: Computing gate fanout capacitances
2026-08-13 22:06:44,546 [INFO] src.circuit: Computing gate rise/fall delays
2026-08-13 22:06:44,547 [INFO] src.circuit: Computing circuit power
2026-08-13 22:06:44,547 [INFO] src.sta: Running static timing analysis
2026-08-13 22:06:44,549 [INFO] src.sta: Timing FAILED: WNS=-0.117022 ns, TNS=-0.843136 ns
2026-08-13 22:06:44,549 [INFO] src.optimizer: Optimization attempt 34/100
2026-08-13 22:06:44,550 [INFO] src.circuit: Preparing circuit c15_high_fanout_sizing_fabric (118 gates, 136 nets)
2026-08-13 22:06:44,550 [INFO] src.circuit: Building the gate topological order
2026-08-13 22:06:44,550 [INFO] src.circuit: Computing gate fanout capacitances
2026-08-13 22:06:44,550 [INFO] src.circuit: Computing gate rise/fall delays
2026-08-13 22:06:44,550 [INFO] src.circuit: Computing circuit power
2026-08-13 22:06:44,550 [INFO] src.sta: Running static timing analysis
2026-08-13 22:06:44,553 [INFO] src.sta: Timing FAILED: WNS=-0.108852 ns, TNS=-0.826797 ns
2026-08-13 22:06:44,553 [INFO] src.optimizer: Optimization attempt 35/100
2026-08-13 22:06:44,554 [INFO] src.circuit: Preparing circuit c15_high_fanout_sizing_fabric (118 gates, 136 nets)
2026-08-13 22:06:44,554 [INFO] src.circuit: Building the gate topological order
2026-08-13 22:06:44,554 [INFO] src.circuit: Computing gate fanout capacitances
2026-08-13 22:06:44,554 [INFO] src.circuit: Computing gate rise/fall delays
2026-08-13 22:06:44,555 [INFO] src.circuit: Computing circuit power
2026-08-13 22:06:44,555 [INFO] src.sta: Running static timing analysis
2026-08-13 22:06:44,557 [INFO] src.sta: Timing FAILED: WNS=-0.0966985 ns, TNS=-0.80281 ns
2026-08-13 22:06:44,557 [INFO] src.optimizer: Optimization attempt 36/100
2026-08-13 22:06:44,558 [INFO] src.circuit: Preparing circuit c15_high_fanout_sizing_fabric (118 gates, 136 nets)
2026-08-13 22:06:44,558 [INFO] src.circuit: Building the gate topological order
2026-08-13 22:06:44,558 [INFO] src.circuit: Computing gate fanout capacitances
2026-08-13 22:06:44,558 [INFO] src.circuit: Computing gate rise/fall delays
2026-08-13 22:06:44,558 [INFO] src.circuit: Computing circuit power
2026-08-13 22:06:44,558 [INFO] src.sta: Running static timing analysis
2026-08-13 22:06:44,560 [INFO] src.sta: Timing FAILED: WNS=-0.11445 ns, TNS=-0.824395 ns
2026-08-13 22:06:44,561 [INFO] src.optimizer: Optimization attempt 37/100
2026-08-13 22:06:44,561 [INFO] src.circuit: Preparing circuit c15_high_fanout_sizing_fabric (118 gates, 136 nets)
2026-08-13 22:06:44,561 [INFO] src.circuit: Building the gate topological order
2026-08-13 22:06:44,562 [INFO] src.circuit: Computing gate fanout capacitances
2026-08-13 22:06:44,562 [INFO] src.circuit: Computing gate rise/fall delays
2026-08-13 22:06:44,562 [INFO] src.circuit: Computing circuit power
2026-08-13 22:06:44,562 [INFO] src.sta: Running static timing analysis
2026-08-13 22:06:44,565 [INFO] src.sta: Timing FAILED: WNS=-0.103269 ns, TNS=-0.81563 ns
2026-08-13 22:06:44,565 [INFO] src.optimizer: Optimization attempt 38/100
2026-08-13 22:06:44,565 [INFO] src.circuit: Preparing circuit c15_high_fanout_sizing_fabric (118 gates, 136 nets)
2026-08-13 22:06:44,565 [INFO] src.circuit: Building the gate topological order
2026-08-13 22:06:44,566 [INFO] src.circuit: Computing gate fanout capacitances
2026-08-13 22:06:44,566 [INFO] src.circuit: Computing gate rise/fall delays
2026-08-13 22:06:44,566 [INFO] src.circuit: Computing circuit power
2026-08-13 22:06:44,566 [INFO] src.sta: Running static timing analysis
2026-08-13 22:06:44,568 [INFO] src.sta: Timing FAILED: WNS=-0.103105 ns, TNS=-0.817297 ns
2026-08-13 22:06:44,568 [INFO] src.optimizer: Optimization attempt 39/100
2026-08-13 22:06:44,569 [INFO] src.circuit: Preparing circuit c15_high_fanout_sizing_fabric (118 gates, 136 nets)
2026-08-13 22:06:44,569 [INFO] src.circuit: Building the gate topological order
2026-08-13 22:06:44,569 [INFO] src.circuit: Computing gate fanout capacitances
2026-08-13 22:06:44,570 [INFO] src.circuit: Computing gate rise/fall delays
2026-08-13 22:06:44,570 [INFO] src.circuit: Computing circuit power
2026-08-13 22:06:44,570 [INFO] src.sta: Running static timing analysis
2026-08-13 22:06:44,573 [INFO] src.sta: Timing FAILED: WNS=-0.101021 ns, TNS=-0.812457 ns
2026-08-13 22:06:44,573 [INFO] src.optimizer: Optimization attempt 40/100
2026-08-13 22:06:44,573 [INFO] src.circuit: Preparing circuit c15_high_fanout_sizing_fabric (118 gates, 136 nets)
2026-08-13 22:06:44,573 [INFO] src.circuit: Building the gate topological order
2026-08-13 22:06:44,574 [INFO] src.circuit: Computing gate fanout capacitances
2026-08-13 22:06:44,574 [INFO] src.circuit: Computing gate rise/fall delays
2026-08-13 22:06:44,574 [INFO] src.circuit: Computing circuit power
2026-08-13 22:06:44,574 [INFO] src.sta: Running static timing analysis
2026-08-13 22:06:44,577 [INFO] src.sta: Timing FAILED: WNS=-0.115694 ns, TNS=-0.841803 ns
2026-08-13 22:06:44,577 [INFO] src.optimizer: Optimization attempt 41/100
2026-08-13 22:06:44,577 [INFO] src.circuit: Preparing circuit c15_high_fanout_sizing_fabric (118 gates, 136 nets)
2026-08-13 22:06:44,577 [INFO] src.circuit: Building the gate topological order
2026-08-13 22:06:44,578 [INFO] src.circuit: Computing gate fanout capacitances
2026-08-13 22:06:44,578 [INFO] src.circuit: Computing gate rise/fall delays
2026-08-13 22:06:44,578 [INFO] src.circuit: Computing circuit power
2026-08-13 22:06:44,578 [INFO] src.sta: Running static timing analysis
2026-08-13 22:06:44,580 [INFO] src.sta: Timing FAILED: WNS=-0.0950205 ns, TNS=-0.755295 ns
2026-08-13 22:06:44,580 [INFO] src.optimizer: Accepted timing repair: WNS -0.0950205 -> -0.0950205 ns, TNS -0.799133 -> -0.755295 ns
2026-08-13 22:06:44,580 [INFO] src.optimizer: Optimization attempt 42/100
2026-08-13 22:06:44,581 [INFO] src.circuit: Preparing circuit c15_high_fanout_sizing_fabric (118 gates, 136 nets)
2026-08-13 22:06:44,581 [INFO] src.circuit: Building the gate topological order
2026-08-13 22:06:44,581 [INFO] src.circuit: Computing gate fanout capacitances
2026-08-13 22:06:44,581 [INFO] src.circuit: Computing gate rise/fall delays
2026-08-13 22:06:44,581 [INFO] src.circuit: Computing circuit power
2026-08-13 22:06:44,582 [INFO] src.sta: Running static timing analysis
2026-08-13 22:06:44,584 [INFO] src.sta: Timing FAILED: WNS=-0.100019 ns, TNS=-0.82527 ns
2026-08-13 22:06:44,584 [INFO] src.optimizer: Optimization attempt 43/100
2026-08-13 22:06:44,585 [INFO] src.circuit: Preparing circuit c15_high_fanout_sizing_fabric (118 gates, 136 nets)
2026-08-13 22:06:44,585 [INFO] src.circuit: Building the gate topological order
2026-08-13 22:06:44,585 [INFO] src.circuit: Computing gate fanout capacitances
2026-08-13 22:06:44,585 [INFO] src.circuit: Computing gate rise/fall delays
2026-08-13 22:06:44,585 [INFO] src.circuit: Computing circuit power
2026-08-13 22:06:44,586 [INFO] src.sta: Running static timing analysis
2026-08-13 22:06:44,588 [INFO] src.sta: Timing FAILED: WNS=-0.12052 ns, TNS=-1.11229 ns
2026-08-13 22:06:44,589 [INFO] src.optimizer: Optimization attempt 44/100
2026-08-13 22:06:44,589 [INFO] src.circuit: Preparing circuit c15_high_fanout_sizing_fabric (118 gates, 136 nets)
2026-08-13 22:06:44,589 [INFO] src.circuit: Building the gate topological order
2026-08-13 22:06:44,590 [INFO] src.circuit: Computing gate fanout capacitances
2026-08-13 22:06:44,590 [INFO] src.circuit: Computing gate rise/fall delays
2026-08-13 22:06:44,590 [INFO] src.circuit: Computing circuit power
2026-08-13 22:06:44,590 [INFO] src.sta: Running static timing analysis
2026-08-13 22:06:44,592 [INFO] src.sta: Timing FAILED: WNS=-0.074521 ns, TNS=-0.605289 ns
2026-08-13 22:06:44,592 [INFO] src.optimizer: Accepted timing repair: WNS -0.0950205 -> -0.074521 ns, TNS -0.755295 -> -0.605289 ns
2026-08-13 22:06:44,592 [INFO] src.optimizer: Optimization attempt 45/100
2026-08-13 22:06:44,593 [INFO] src.circuit: Preparing circuit c15_high_fanout_sizing_fabric (118 gates, 136 nets)
2026-08-13 22:06:44,593 [INFO] src.circuit: Building the gate topological order
2026-08-13 22:06:44,593 [INFO] src.circuit: Computing gate fanout capacitances
2026-08-13 22:06:44,593 [INFO] src.circuit: Computing gate rise/fall delays
2026-08-13 22:06:44,593 [INFO] src.circuit: Computing circuit power
2026-08-13 22:06:44,594 [INFO] src.sta: Running static timing analysis
2026-08-13 22:06:44,596 [INFO] src.sta: Timing FAILED: WNS=-0.089683 ns, TNS=-0.637612 ns
2026-08-13 22:06:44,596 [INFO] src.optimizer: Optimization attempt 46/100
2026-08-13 22:06:44,596 [INFO] src.circuit: Preparing circuit c15_high_fanout_sizing_fabric (118 gates, 136 nets)
2026-08-13 22:06:44,596 [INFO] src.circuit: Building the gate topological order
2026-08-13 22:06:44,597 [INFO] src.circuit: Computing gate fanout capacitances
2026-08-13 22:06:44,597 [INFO] src.circuit: Computing gate rise/fall delays
2026-08-13 22:06:44,597 [INFO] src.circuit: Computing circuit power
2026-08-13 22:06:44,597 [INFO] src.sta: Running static timing analysis
2026-08-13 22:06:44,600 [INFO] src.sta: Timing FAILED: WNS=-0.081183 ns, TNS=-0.618613 ns
2026-08-13 22:06:44,600 [INFO] src.optimizer: Optimization attempt 47/100
2026-08-13 22:06:44,600 [INFO] src.circuit: Preparing circuit c15_high_fanout_sizing_fabric (118 gates, 136 nets)
2026-08-13 22:06:44,600 [INFO] src.circuit: Building the gate topological order
2026-08-13 22:06:44,601 [INFO] src.circuit: Computing gate fanout capacitances
2026-08-13 22:06:44,601 [INFO] src.circuit: Computing gate rise/fall delays
2026-08-13 22:06:44,601 [INFO] src.circuit: Computing circuit power
2026-08-13 22:06:44,601 [INFO] src.sta: Running static timing analysis
2026-08-13 22:06:44,604 [INFO] src.sta: Timing FAILED: WNS=-0.100021 ns, TNS=-0.962289 ns
2026-08-13 22:06:44,605 [INFO] src.optimizer: Optimization attempt 48/100
2026-08-13 22:06:44,605 [INFO] src.circuit: Preparing circuit c15_high_fanout_sizing_fabric (118 gates, 136 nets)
2026-08-13 22:06:44,605 [INFO] src.circuit: Building the gate topological order
2026-08-13 22:06:44,606 [INFO] src.circuit: Computing gate fanout capacitances
2026-08-13 22:06:44,606 [INFO] src.circuit: Computing gate rise/fall delays
2026-08-13 22:06:44,606 [INFO] src.circuit: Computing circuit power
2026-08-13 22:06:44,606 [INFO] src.sta: Running static timing analysis
2026-08-13 22:06:44,609 [INFO] src.sta: Timing FAILED: WNS=-0.084521 ns, TNS=-0.745289 ns
2026-08-13 22:06:44,609 [INFO] src.optimizer: Optimization attempt 49/100
2026-08-13 22:06:44,609 [INFO] src.circuit: Preparing circuit c15_high_fanout_sizing_fabric (118 gates, 136 nets)
2026-08-13 22:06:44,609 [INFO] src.circuit: Building the gate topological order
2026-08-13 22:06:44,609 [INFO] src.circuit: Computing gate fanout capacitances
2026-08-13 22:06:44,610 [INFO] src.circuit: Computing gate rise/fall delays
2026-08-13 22:06:44,610 [INFO] src.circuit: Computing circuit power
2026-08-13 22:06:44,610 [INFO] src.sta: Running static timing analysis
2026-08-13 22:06:44,613 [INFO] src.sta: Timing FAILED: WNS=-0.109363 ns, TNS=-1.03504 ns
2026-08-13 22:06:44,613 [INFO] src.optimizer: Optimization attempt 50/100
2026-08-13 22:06:44,613 [INFO] src.circuit: Preparing circuit c15_high_fanout_sizing_fabric (118 gates, 136 nets)
2026-08-13 22:06:44,613 [INFO] src.circuit: Building the gate topological order
2026-08-13 22:06:44,614 [INFO] src.circuit: Computing gate fanout capacitances
2026-08-13 22:06:44,614 [INFO] src.circuit: Computing gate rise/fall delays
2026-08-13 22:06:44,614 [INFO] src.circuit: Computing circuit power
2026-08-13 22:06:44,614 [INFO] src.sta: Running static timing analysis
2026-08-13 22:06:44,616 [INFO] src.sta: Timing FAILED: WNS=-0.085521 ns, TNS=-0.759289 ns
2026-08-13 22:06:44,616 [INFO] src.optimizer: Optimization attempt 51/100
2026-08-13 22:06:44,617 [INFO] src.circuit: Preparing circuit c15_high_fanout_sizing_fabric (118 gates, 136 nets)
2026-08-13 22:06:44,617 [INFO] src.circuit: Building the gate topological order
2026-08-13 22:06:44,617 [INFO] src.circuit: Computing gate fanout capacitances
2026-08-13 22:06:44,617 [INFO] src.circuit: Computing gate rise/fall delays
2026-08-13 22:06:44,617 [INFO] src.circuit: Computing circuit power
2026-08-13 22:06:44,617 [INFO] src.sta: Running static timing analysis
2026-08-13 22:06:44,620 [INFO] src.sta: Timing FAILED: WNS=-0.093516 ns, TNS=-0.63961 ns
2026-08-13 22:06:44,620 [INFO] src.optimizer: Optimization attempt 52/100
2026-08-13 22:06:44,621 [INFO] src.circuit: Preparing circuit c15_high_fanout_sizing_fabric (118 gates, 136 nets)
2026-08-13 22:06:44,621 [INFO] src.circuit: Building the gate topological order
2026-08-13 22:06:44,621 [INFO] src.circuit: Computing gate fanout capacitances
2026-08-13 22:06:44,621 [INFO] src.circuit: Computing gate rise/fall delays
2026-08-13 22:06:44,621 [INFO] src.circuit: Computing circuit power
2026-08-13 22:06:44,621 [INFO] src.sta: Running static timing analysis
2026-08-13 22:06:44,629 [INFO] src.sta: Timing FAILED: WNS=-0.0844362 ns, TNS=-0.623452 ns
2026-08-13 22:06:44,629 [INFO] src.optimizer: Optimization attempt 53/100
2026-08-13 22:06:44,630 [INFO] src.circuit: Preparing circuit c15_high_fanout_sizing_fabric (118 gates, 136 nets)
2026-08-13 22:06:44,630 [INFO] src.circuit: Building the gate topological order
2026-08-13 22:06:44,630 [INFO] src.circuit: Computing gate fanout capacitances
2026-08-13 22:06:44,630 [INFO] src.circuit: Computing gate rise/fall delays
2026-08-13 22:06:44,630 [INFO] src.circuit: Computing circuit power
2026-08-13 22:06:44,631 [INFO] src.sta: Running static timing analysis
2026-08-13 22:06:44,633 [INFO] src.sta: Timing FAILED: WNS=-0.0795192 ns, TNS=-0.675264 ns
2026-08-13 22:06:44,633 [INFO] src.optimizer: Optimization attempt 54/100
2026-08-13 22:06:44,634 [INFO] src.circuit: Preparing circuit c15_high_fanout_sizing_fabric (118 gates, 136 nets)
2026-08-13 22:06:44,634 [INFO] src.circuit: Building the gate topological order
2026-08-13 22:06:44,634 [INFO] src.circuit: Computing gate fanout capacitances
2026-08-13 22:06:44,634 [INFO] src.circuit: Computing gate rise/fall delays
2026-08-13 22:06:44,634 [INFO] src.circuit: Computing circuit power
2026-08-13 22:06:44,634 [INFO] src.sta: Running static timing analysis
2026-08-13 22:06:44,637 [INFO] src.sta: Timing FAILED: WNS=-0.0793655 ns, TNS=-0.612469 ns
2026-08-13 22:06:44,637 [INFO] src.optimizer: Optimization attempt 55/100
2026-08-13 22:06:44,638 [INFO] src.circuit: Preparing circuit c15_high_fanout_sizing_fabric (118 gates, 136 nets)
2026-08-13 22:06:44,638 [INFO] src.circuit: Building the gate topological order
2026-08-13 22:06:44,638 [INFO] src.circuit: Computing gate fanout capacitances
2026-08-13 22:06:44,638 [INFO] src.circuit: Computing gate rise/fall delays
2026-08-13 22:06:44,638 [INFO] src.circuit: Computing circuit power
2026-08-13 22:06:44,639 [INFO] src.sta: Running static timing analysis
2026-08-13 22:06:44,641 [INFO] src.sta: Timing FAILED: WNS=-0.075524 ns, TNS=-0.607295 ns
2026-08-13 22:06:44,641 [INFO] src.optimizer: Optimization attempt 56/100
2026-08-13 22:06:44,642 [INFO] src.circuit: Preparing circuit c15_high_fanout_sizing_fabric (118 gates, 136 nets)
2026-08-13 22:06:44,642 [INFO] src.circuit: Building the gate topological order
2026-08-13 22:06:44,642 [INFO] src.circuit: Computing gate fanout capacitances
2026-08-13 22:06:44,642 [INFO] src.circuit: Computing gate rise/fall delays
2026-08-13 22:06:44,642 [INFO] src.circuit: Computing circuit power
2026-08-13 22:06:44,643 [INFO] src.sta: Running static timing analysis
2026-08-13 22:06:44,645 [INFO] src.sta: Timing FAILED: WNS=-0.074521 ns, TNS=-0.605289 ns
2026-08-13 22:06:44,645 [INFO] src.optimizer: Optimization attempt 57/100
2026-08-13 22:06:44,645 [INFO] src.circuit: Preparing circuit c15_high_fanout_sizing_fabric (118 gates, 136 nets)
2026-08-13 22:06:44,645 [INFO] src.circuit: Building the gate topological order
2026-08-13 22:06:44,646 [INFO] src.circuit: Computing gate fanout capacitances
2026-08-13 22:06:44,646 [INFO] src.circuit: Computing gate rise/fall delays
2026-08-13 22:06:44,646 [INFO] src.circuit: Computing circuit power
2026-08-13 22:06:44,646 [INFO] src.sta: Running static timing analysis
2026-08-13 22:06:44,648 [INFO] src.sta: Timing FAILED: WNS=-0.0740177 ns, TNS=-0.688261 ns
2026-08-13 22:06:44,648 [INFO] src.optimizer: Accepted timing repair: WNS -0.074521 -> -0.0740177 ns, TNS -0.605289 -> -0.688261 ns
2026-08-13 22:06:44,649 [INFO] src.optimizer: Optimization attempt 58/100
2026-08-13 22:06:44,649 [INFO] src.circuit: Preparing circuit c15_high_fanout_sizing_fabric (118 gates, 136 nets)
2026-08-13 22:06:44,649 [INFO] src.circuit: Building the gate topological order
2026-08-13 22:06:44,649 [INFO] src.circuit: Computing gate fanout capacitances
2026-08-13 22:06:44,649 [INFO] src.circuit: Computing gate rise/fall delays
2026-08-13 22:06:44,650 [INFO] src.circuit: Computing circuit power
2026-08-13 22:06:44,650 [INFO] src.sta: Running static timing analysis
2026-08-13 22:06:44,652 [INFO] src.sta: Timing FAILED: WNS=-0.0824385 ns, TNS=-0.706425 ns
2026-08-13 22:06:44,653 [INFO] src.optimizer: Optimization attempt 59/100
2026-08-13 22:06:44,653 [INFO] src.circuit: Preparing circuit c15_high_fanout_sizing_fabric (118 gates, 136 nets)
2026-08-13 22:06:44,653 [INFO] src.circuit: Building the gate topological order
2026-08-13 22:06:44,654 [INFO] src.circuit: Computing gate fanout capacitances
2026-08-13 22:06:44,654 [INFO] src.circuit: Computing gate rise/fall delays
2026-08-13 22:06:44,654 [INFO] src.circuit: Computing circuit power
2026-08-13 22:06:44,654 [INFO] src.sta: Running static timing analysis
2026-08-13 22:06:44,656 [INFO] src.sta: Timing FAILED: WNS=-0.0953527 ns, TNS=-0.730931 ns
2026-08-13 22:06:44,657 [INFO] src.optimizer: Optimization attempt 60/100
2026-08-13 22:06:44,657 [INFO] src.circuit: Preparing circuit c15_high_fanout_sizing_fabric (118 gates, 136 nets)
2026-08-13 22:06:44,657 [INFO] src.circuit: Building the gate topological order
2026-08-13 22:06:44,657 [INFO] src.circuit: Computing gate fanout capacitances
2026-08-13 22:06:44,657 [INFO] src.circuit: Computing gate rise/fall delays
2026-08-13 22:06:44,658 [INFO] src.circuit: Computing circuit power
2026-08-13 22:06:44,658 [INFO] src.sta: Running static timing analysis
2026-08-13 22:06:44,660 [INFO] src.sta: Timing FAILED: WNS=-0.0806797 ns, TNS=-0.701585 ns
2026-08-13 22:06:44,660 [INFO] src.optimizer: Optimization attempt 61/100
2026-08-13 22:06:44,661 [INFO] src.circuit: Preparing circuit c15_high_fanout_sizing_fabric (118 gates, 136 nets)
2026-08-13 22:06:44,661 [INFO] src.circuit: Building the gate topological order
2026-08-13 22:06:44,661 [INFO] src.circuit: Computing gate fanout capacitances
2026-08-13 22:06:44,661 [INFO] src.circuit: Computing gate rise/fall delays
2026-08-13 22:06:44,661 [INFO] src.circuit: Computing circuit power
2026-08-13 22:06:44,661 [INFO] src.sta: Running static timing analysis
2026-08-13 22:06:44,664 [INFO] src.sta: Timing FAILED: WNS=-0.0755169 ns, TNS=-0.709249 ns
2026-08-13 22:06:44,664 [INFO] src.optimizer: Optimization attempt 62/100
2026-08-13 22:06:44,665 [INFO] src.circuit: Preparing circuit c15_high_fanout_sizing_fabric (118 gates, 136 nets)
2026-08-13 22:06:44,665 [INFO] src.circuit: Building the gate topological order
2026-08-13 22:06:44,665 [INFO] src.circuit: Computing gate fanout capacitances
2026-08-13 22:06:44,665 [INFO] src.circuit: Computing gate rise/fall delays
2026-08-13 22:06:44,665 [INFO] src.circuit: Computing circuit power
2026-08-13 22:06:44,665 [INFO] src.sta: Running static timing analysis
2026-08-13 22:06:44,667 [INFO] src.sta: Timing FAILED: WNS=-0.1077 ns, TNS=-1.13629 ns
2026-08-13 22:06:44,667 [INFO] src.optimizer: Optimization attempt 63/100
2026-08-13 22:06:44,668 [INFO] src.circuit: Preparing circuit c15_high_fanout_sizing_fabric (118 gates, 136 nets)
2026-08-13 22:06:44,668 [INFO] src.circuit: Building the gate topological order
2026-08-13 22:06:44,668 [INFO] src.circuit: Computing gate fanout capacitances
2026-08-13 22:06:44,668 [INFO] src.circuit: Computing gate rise/fall delays
2026-08-13 22:06:44,669 [INFO] src.circuit: Computing circuit power
2026-08-13 22:06:44,669 [INFO] src.sta: Running static timing analysis
2026-08-13 22:06:44,671 [INFO] src.sta: Timing FAILED: WNS=-0.0773592 ns, TNS=-0.697933 ns
2026-08-13 22:06:44,671 [INFO] src.optimizer: Optimization attempt 64/100
2026-08-13 22:06:44,672 [INFO] src.circuit: Preparing circuit c15_high_fanout_sizing_fabric (118 gates, 136 nets)
2026-08-13 22:06:44,672 [INFO] src.circuit: Building the gate topological order
2026-08-13 22:06:44,672 [INFO] src.circuit: Computing gate fanout capacitances
2026-08-13 22:06:44,672 [INFO] src.circuit: Computing gate rise/fall delays
2026-08-13 22:06:44,672 [INFO] src.circuit: Computing circuit power
2026-08-13 22:06:44,673 [INFO] src.sta: Running static timing analysis
2026-08-13 22:06:44,675 [INFO] src.sta: Timing FAILED: WNS=-0.0840177 ns, TNS=-0.828261 ns
2026-08-13 22:06:44,675 [INFO] src.optimizer: Optimization attempt 65/100
2026-08-13 22:06:44,676 [INFO] src.circuit: Preparing circuit c15_high_fanout_sizing_fabric (118 gates, 136 nets)
2026-08-13 22:06:44,676 [INFO] src.circuit: Building the gate topological order
2026-08-13 22:06:44,676 [INFO] src.circuit: Computing gate fanout capacitances
2026-08-13 22:06:44,676 [INFO] src.circuit: Computing gate rise/fall delays
2026-08-13 22:06:44,676 [INFO] src.circuit: Computing circuit power
2026-08-13 22:06:44,676 [INFO] src.sta: Running static timing analysis
2026-08-13 22:06:44,679 [INFO] src.sta: Timing FAILED: WNS=-0.0740177 ns, TNS=-0.688261 ns
2026-08-13 22:06:44,679 [INFO] src.optimizer: Optimization attempt 66/100
2026-08-13 22:06:44,679 [INFO] src.circuit: Preparing circuit c15_high_fanout_sizing_fabric (118 gates, 136 nets)
2026-08-13 22:06:44,679 [INFO] src.circuit: Building the gate topological order
2026-08-13 22:06:44,680 [INFO] src.circuit: Computing gate fanout capacitances
2026-08-13 22:06:44,680 [INFO] src.circuit: Computing gate rise/fall delays
2026-08-13 22:06:44,680 [INFO] src.circuit: Computing circuit power
2026-08-13 22:06:44,680 [INFO] src.sta: Running static timing analysis
2026-08-13 22:06:44,682 [INFO] src.sta: Timing FAILED: WNS=-0.0845177 ns, TNS=-0.821931 ns
2026-08-13 22:06:44,682 [INFO] src.optimizer: Optimization attempt 67/100
2026-08-13 22:06:44,683 [INFO] src.circuit: Preparing circuit c15_high_fanout_sizing_fabric (118 gates, 136 nets)
2026-08-13 22:06:44,683 [INFO] src.circuit: Building the gate topological order
2026-08-13 22:06:44,683 [INFO] src.circuit: Computing gate fanout capacitances
2026-08-13 22:06:44,683 [INFO] src.circuit: Computing gate rise/fall delays
2026-08-13 22:06:44,683 [INFO] src.circuit: Computing circuit power
2026-08-13 22:06:44,684 [INFO] src.sta: Running static timing analysis
2026-08-13 22:06:44,686 [INFO] src.sta: Timing FAILED: WNS=-0.0850302 ns, TNS=-0.688774 ns
2026-08-13 22:06:44,686 [INFO] src.optimizer: Optimization attempt 68/100
2026-08-13 22:06:44,687 [INFO] src.circuit: Preparing circuit c15_high_fanout_sizing_fabric (118 gates, 136 nets)
2026-08-13 22:06:44,687 [INFO] src.circuit: Building the gate topological order
2026-08-13 22:06:44,687 [INFO] src.circuit: Computing gate fanout capacitances
2026-08-13 22:06:44,688 [INFO] src.circuit: Computing gate rise/fall delays
2026-08-13 22:06:44,688 [INFO] src.circuit: Computing circuit power
2026-08-13 22:06:44,688 [INFO] src.sta: Running static timing analysis
2026-08-13 22:06:44,690 [INFO] src.sta: Timing FAILED: WNS=-0.0850177 ns, TNS=-0.842261 ns
2026-08-13 22:06:44,690 [INFO] src.optimizer: Optimization attempt 69/100
2026-08-13 22:06:44,691 [INFO] src.circuit: Preparing circuit c15_high_fanout_sizing_fabric (118 gates, 136 nets)
2026-08-13 22:06:44,691 [INFO] src.circuit: Building the gate topological order
2026-08-13 22:06:44,691 [INFO] src.circuit: Computing gate fanout capacitances
2026-08-13 22:06:44,691 [INFO] src.circuit: Computing gate rise/fall delays
2026-08-13 22:06:44,691 [INFO] src.circuit: Computing circuit power
2026-08-13 22:06:44,691 [INFO] src.sta: Running static timing analysis
2026-08-13 22:06:44,694 [INFO] src.sta: Timing FAILED: WNS=-0.083933 ns, TNS=-0.706425 ns
2026-08-13 22:06:44,694 [INFO] src.optimizer: Optimization attempt 70/100
2026-08-13 22:06:44,694 [INFO] src.circuit: Preparing circuit c15_high_fanout_sizing_fabric (118 gates, 136 nets)
2026-08-13 22:06:44,694 [INFO] src.circuit: Building the gate topological order
2026-08-13 22:06:44,695 [INFO] src.circuit: Computing gate fanout capacitances
2026-08-13 22:06:44,695 [INFO] src.circuit: Computing gate rise/fall delays
2026-08-13 22:06:44,695 [INFO] src.circuit: Computing circuit power
2026-08-13 22:06:44,695 [INFO] src.sta: Running static timing analysis
2026-08-13 22:06:44,697 [INFO] src.sta: Timing FAILED: WNS=-0.0791852 ns, TNS=-0.701585 ns
2026-08-13 22:06:44,698 [INFO] src.optimizer: Optimization attempt 71/100
2026-08-13 22:06:44,698 [INFO] src.circuit: Preparing circuit c15_high_fanout_sizing_fabric (118 gates, 136 nets)
2026-08-13 22:06:44,698 [INFO] src.circuit: Building the gate topological order
2026-08-13 22:06:44,698 [INFO] src.circuit: Computing gate fanout capacitances
2026-08-13 22:06:44,698 [INFO] src.circuit: Computing gate rise/fall delays
2026-08-13 22:06:44,699 [INFO] src.circuit: Computing circuit power
2026-08-13 22:06:44,699 [INFO] src.sta: Running static timing analysis
2026-08-13 22:06:44,701 [INFO] src.sta: Timing FAILED: WNS=-0.0753557 ns, TNS=-0.691938 ns
2026-08-13 22:06:44,701 [INFO] src.optimizer: Optimization attempt 72/100
2026-08-13 22:06:44,702 [INFO] src.circuit: Preparing circuit c15_high_fanout_sizing_fabric (118 gates, 136 nets)
2026-08-13 22:06:44,702 [INFO] src.circuit: Building the gate topological order
2026-08-13 22:06:44,702 [INFO] src.circuit: Computing gate fanout capacitances
2026-08-13 22:06:44,702 [INFO] src.circuit: Computing gate rise/fall delays
2026-08-13 22:06:44,702 [INFO] src.circuit: Computing circuit power
2026-08-13 22:06:44,702 [INFO] src.sta: Running static timing analysis
2026-08-13 22:06:44,705 [INFO] src.sta: Timing FAILED: WNS=-0.0865197 ns, TNS=-0.876711 ns
2026-08-13 22:06:44,705 [INFO] src.optimizer: Optimization attempt 73/100
2026-08-13 22:06:44,705 [INFO] src.circuit: Preparing circuit c15_high_fanout_sizing_fabric (118 gates, 136 nets)
2026-08-13 22:06:44,706 [INFO] src.circuit: Building the gate topological order
2026-08-13 22:06:44,706 [INFO] src.circuit: Computing gate fanout capacitances
2026-08-13 22:06:44,706 [INFO] src.circuit: Computing gate rise/fall delays
2026-08-13 22:06:44,706 [INFO] src.circuit: Computing circuit power
2026-08-13 22:06:44,706 [INFO] src.sta: Running static timing analysis
2026-08-13 22:06:44,709 [INFO] src.sta: Timing FAILED: WNS=-0.0841887 ns, TNS=-0.713759 ns
2026-08-13 22:06:44,709 [INFO] src.optimizer: Optimization attempt 74/100
2026-08-13 22:06:44,709 [INFO] src.circuit: Preparing circuit c15_high_fanout_sizing_fabric (118 gates, 136 nets)
2026-08-13 22:06:44,710 [INFO] src.circuit: Building the gate topological order
2026-08-13 22:06:44,710 [INFO] src.circuit: Computing gate fanout capacitances
2026-08-13 22:06:44,710 [INFO] src.circuit: Computing gate rise/fall delays
2026-08-13 22:06:44,710 [INFO] src.circuit: Computing circuit power
2026-08-13 22:06:44,710 [INFO] src.sta: Running static timing analysis
2026-08-13 22:06:44,712 [INFO] src.sta: Timing FAILED: WNS=-0.0891797 ns, TNS=-0.720584 ns
2026-08-13 22:06:44,713 [INFO] src.optimizer: Optimization attempt 75/100
2026-08-13 22:06:44,713 [INFO] src.circuit: Preparing circuit c15_high_fanout_sizing_fabric (118 gates, 136 nets)
2026-08-13 22:06:44,713 [INFO] src.circuit: Building the gate topological order
2026-08-13 22:06:44,713 [INFO] src.circuit: Computing gate fanout capacitances
2026-08-13 22:06:44,714 [INFO] src.circuit: Computing gate rise/fall delays
2026-08-13 22:06:44,714 [INFO] src.circuit: Computing circuit power
2026-08-13 22:06:44,714 [INFO] src.sta: Running static timing analysis
2026-08-13 22:06:44,716 [INFO] src.sta: Timing FAILED: WNS=-0.0930127 ns, TNS=-0.722582 ns
2026-08-13 22:06:44,716 [INFO] src.optimizer: Optimization attempt 76/100
2026-08-13 22:06:44,717 [INFO] src.circuit: Preparing circuit c15_high_fanout_sizing_fabric (118 gates, 136 nets)
2026-08-13 22:06:44,717 [INFO] src.circuit: Building the gate topological order
2026-08-13 22:06:44,717 [INFO] src.circuit: Computing gate fanout capacitances
2026-08-13 22:06:44,717 [INFO] src.circuit: Computing gate rise/fall delays
2026-08-13 22:06:44,717 [INFO] src.circuit: Computing circuit power
2026-08-13 22:06:44,717 [INFO] src.sta: Running static timing analysis
2026-08-13 22:06:44,720 [INFO] src.sta: Timing FAILED: WNS=-0.0740177 ns, TNS=-0.677083 ns
2026-08-13 22:06:44,720 [INFO] src.optimizer: Accepted timing repair: WNS -0.0740177 -> -0.0740177 ns, TNS -0.688261 -> -0.677083 ns
2026-08-13 22:06:44,720 [INFO] src.optimizer: Optimization attempt 77/100
2026-08-13 22:06:44,721 [INFO] src.circuit: Preparing circuit c15_high_fanout_sizing_fabric (118 gates, 136 nets)
2026-08-13 22:06:44,721 [INFO] src.circuit: Building the gate topological order
2026-08-13 22:06:44,721 [INFO] src.circuit: Computing gate fanout capacitances
2026-08-13 22:06:44,721 [INFO] src.circuit: Computing gate rise/fall delays
2026-08-13 22:06:44,722 [INFO] src.circuit: Computing circuit power
2026-08-13 22:06:44,722 [INFO] src.sta: Running static timing analysis
2026-08-13 22:06:44,725 [INFO] src.sta: Timing FAILED: WNS=-0.10886 ns, TNS=-1.10952 ns
2026-08-13 22:06:44,725 [INFO] src.optimizer: Optimization attempt 78/100
2026-08-13 22:06:44,725 [INFO] src.circuit: Preparing circuit c15_high_fanout_sizing_fabric (118 gates, 136 nets)
2026-08-13 22:06:44,725 [INFO] src.circuit: Building the gate topological order
2026-08-13 22:06:44,726 [INFO] src.circuit: Computing gate fanout capacitances
2026-08-13 22:06:44,726 [INFO] src.circuit: Computing gate rise/fall delays
2026-08-13 22:06:44,726 [INFO] src.circuit: Computing circuit power
2026-08-13 22:06:44,726 [INFO] src.sta: Running static timing analysis
2026-08-13 22:06:44,729 [INFO] src.sta: Timing FAILED: WNS=-0.0806797 ns, TNS=-0.690407 ns
2026-08-13 22:06:44,729 [INFO] src.optimizer: Optimization attempt 79/100
2026-08-13 22:06:44,729 [INFO] src.circuit: Preparing circuit c15_high_fanout_sizing_fabric (118 gates, 136 nets)
2026-08-13 22:06:44,729 [INFO] src.circuit: Building the gate topological order
2026-08-13 22:06:44,730 [INFO] src.circuit: Computing gate fanout capacitances
2026-08-13 22:06:44,730 [INFO] src.circuit: Computing gate rise/fall delays
2026-08-13 22:06:44,730 [INFO] src.circuit: Computing circuit power
2026-08-13 22:06:44,730 [INFO] src.sta: Running static timing analysis
2026-08-13 22:06:44,733 [INFO] src.sta: Timing FAILED: WNS=-0.0753557 ns, TNS=-0.68076 ns
2026-08-13 22:06:44,733 [INFO] src.optimizer: Optimization attempt 80/100
2026-08-13 22:06:44,734 [INFO] src.circuit: Preparing circuit c15_high_fanout_sizing_fabric (118 gates, 136 nets)
2026-08-13 22:06:44,734 [INFO] src.circuit: Building the gate topological order
2026-08-13 22:06:44,734 [INFO] src.circuit: Computing gate fanout capacitances
2026-08-13 22:06:44,734 [INFO] src.circuit: Computing gate rise/fall delays
2026-08-13 22:06:44,734 [INFO] src.circuit: Computing circuit power
2026-08-13 22:06:44,734 [INFO] src.sta: Running static timing analysis
2026-08-13 22:06:44,737 [INFO] src.sta: Timing FAILED: WNS=-0.0755169 ns, TNS=-0.698071 ns
2026-08-13 22:06:44,737 [INFO] src.optimizer: Optimization attempt 81/100
2026-08-13 22:06:44,737 [INFO] src.circuit: Preparing circuit c15_high_fanout_sizing_fabric (118 gates, 136 nets)
2026-08-13 22:06:44,737 [INFO] src.circuit: Building the gate topological order
2026-08-13 22:06:44,738 [INFO] src.circuit: Computing gate fanout capacitances
2026-08-13 22:06:44,738 [INFO] src.circuit: Computing gate rise/fall delays
2026-08-13 22:06:44,738 [INFO] src.circuit: Computing circuit power
2026-08-13 22:06:44,738 [INFO] src.sta: Running static timing analysis
2026-08-13 22:06:44,740 [INFO] src.sta: Timing FAILED: WNS=-0.083933 ns, TNS=-0.695246 ns
2026-08-13 22:06:44,740 [INFO] src.optimizer: Optimization attempt 82/100
2026-08-13 22:06:44,741 [INFO] src.circuit: Preparing circuit c15_high_fanout_sizing_fabric (118 gates, 136 nets)
2026-08-13 22:06:44,741 [INFO] src.circuit: Building the gate topological order
2026-08-13 22:06:44,741 [INFO] src.circuit: Computing gate fanout capacitances
2026-08-13 22:06:44,741 [INFO] src.circuit: Computing gate rise/fall delays
2026-08-13 22:06:44,741 [INFO] src.circuit: Computing circuit power
2026-08-13 22:06:44,741 [INFO] src.sta: Running static timing analysis
2026-08-13 22:06:44,744 [INFO] src.sta: Timing FAILED: WNS=-0.0850177 ns, TNS=-0.831083 ns
2026-08-13 22:06:44,744 [INFO] src.optimizer: Optimization attempt 83/100
2026-08-13 22:06:44,744 [INFO] src.circuit: Preparing circuit c15_high_fanout_sizing_fabric (118 gates, 136 nets)
2026-08-13 22:06:44,744 [INFO] src.circuit: Building the gate topological order
2026-08-13 22:06:44,745 [INFO] src.circuit: Computing gate fanout capacitances
2026-08-13 22:06:44,745 [INFO] src.circuit: Computing gate rise/fall delays
2026-08-13 22:06:44,745 [INFO] src.circuit: Computing circuit power
2026-08-13 22:06:44,745 [INFO] src.sta: Running static timing analysis
2026-08-13 22:06:44,748 [INFO] src.sta: Timing FAILED: WNS=-0.0930127 ns, TNS=-0.711404 ns
2026-08-13 22:06:44,748 [INFO] src.optimizer: Optimization attempt 84/100
2026-08-13 22:06:44,748 [INFO] src.circuit: Preparing circuit c15_high_fanout_sizing_fabric (118 gates, 136 nets)
2026-08-13 22:06:44,748 [INFO] src.circuit: Building the gate topological order
2026-08-13 22:06:44,748 [INFO] src.circuit: Computing gate fanout capacitances
2026-08-13 22:06:44,749 [INFO] src.circuit: Computing gate rise/fall delays
2026-08-13 22:06:44,749 [INFO] src.circuit: Computing circuit power
2026-08-13 22:06:44,749 [INFO] src.sta: Running static timing analysis
2026-08-13 22:06:44,751 [INFO] src.sta: Timing FAILED: WNS=-0.0953527 ns, TNS=-0.719753 ns
2026-08-13 22:06:44,751 [INFO] src.optimizer: Optimization attempt 85/100
2026-08-13 22:06:44,752 [INFO] src.circuit: Preparing circuit c15_high_fanout_sizing_fabric (118 gates, 136 nets)
2026-08-13 22:06:44,752 [INFO] src.circuit: Building the gate topological order
2026-08-13 22:06:44,752 [INFO] src.circuit: Computing gate fanout capacitances
2026-08-13 22:06:44,752 [INFO] src.circuit: Computing gate rise/fall delays
2026-08-13 22:06:44,752 [INFO] src.circuit: Computing circuit power
2026-08-13 22:06:44,753 [INFO] src.sta: Running static timing analysis
2026-08-13 22:06:44,756 [INFO] src.sta: Timing FAILED: WNS=-0.0675192 ns, TNS=-0.664086 ns
2026-08-13 22:06:44,756 [INFO] src.optimizer: Accepted timing repair: WNS -0.0740177 -> -0.0675192 ns, TNS -0.677083 -> -0.664086 ns
2026-08-13 22:06:44,756 [INFO] src.optimizer: Optimization attempt 86/100
2026-08-13 22:06:44,756 [INFO] src.circuit: Preparing circuit c15_high_fanout_sizing_fabric (118 gates, 136 nets)
2026-08-13 22:06:44,756 [INFO] src.circuit: Building the gate topological order
2026-08-13 22:06:44,761 [INFO] src.circuit: Computing gate fanout capacitances
2026-08-13 22:06:44,761 [INFO] src.circuit: Computing gate rise/fall delays
2026-08-13 22:06:44,761 [INFO] src.circuit: Computing circuit power
2026-08-13 22:06:44,761 [INFO] src.sta: Running static timing analysis
2026-08-13 22:06:44,764 [INFO] src.sta: Timing FAILED: WNS=-0.0748542 ns, TNS=-0.678756 ns
2026-08-13 22:06:44,764 [INFO] src.optimizer: Optimization attempt 87/100
2026-08-13 22:06:44,764 [INFO] src.circuit: Preparing circuit c15_high_fanout_sizing_fabric (118 gates, 136 nets)
2026-08-13 22:06:44,764 [INFO] src.circuit: Building the gate topological order
2026-08-13 22:06:44,765 [INFO] src.circuit: Computing gate fanout capacitances
2026-08-13 22:06:44,765 [INFO] src.circuit: Computing gate rise/fall delays
2026-08-13 22:06:44,765 [INFO] src.circuit: Computing circuit power
2026-08-13 22:06:44,765 [INFO] src.sta: Running static timing analysis
2026-08-13 22:06:44,767 [INFO] src.sta: Timing FAILED: WNS=-0.0774345 ns, TNS=-0.682249 ns
2026-08-13 22:06:44,767 [INFO] src.optimizer: Optimization attempt 88/100
2026-08-13 22:06:44,768 [INFO] src.circuit: Preparing circuit c15_high_fanout_sizing_fabric (118 gates, 136 nets)
2026-08-13 22:06:44,768 [INFO] src.circuit: Building the gate topological order
2026-08-13 22:06:44,768 [INFO] src.circuit: Computing gate fanout capacitances
2026-08-13 22:06:44,768 [INFO] src.circuit: Computing gate rise/fall delays
2026-08-13 22:06:44,768 [INFO] src.circuit: Computing circuit power
2026-08-13 22:06:44,769 [INFO] src.sta: Running static timing analysis
2026-08-13 22:06:44,771 [INFO] src.sta: Timing FAILED: WNS=-0.0805132 ns, TNS=-0.845034 ns
2026-08-13 22:06:44,771 [INFO] src.optimizer: Optimization attempt 89/100
2026-08-13 22:06:44,772 [INFO] src.circuit: Preparing circuit c15_high_fanout_sizing_fabric (118 gates, 136 nets)
2026-08-13 22:06:44,772 [INFO] src.circuit: Building the gate topological order
2026-08-13 22:06:44,772 [INFO] src.circuit: Computing gate fanout capacitances
2026-08-13 22:06:44,772 [INFO] src.circuit: Computing gate rise/fall delays
2026-08-13 22:06:44,772 [INFO] src.circuit: Computing circuit power
2026-08-13 22:06:44,773 [INFO] src.sta: Running static timing analysis
2026-08-13 22:06:44,775 [INFO] src.sta: Timing FAILED: WNS=-0.0741812 ns, TNS=-0.67741 ns
2026-08-13 22:06:44,775 [INFO] src.optimizer: Optimization attempt 90/100
2026-08-13 22:06:44,775 [INFO] src.circuit: Preparing circuit c15_high_fanout_sizing_fabric (118 gates, 136 nets)
2026-08-13 22:06:44,775 [INFO] src.circuit: Building the gate topological order
2026-08-13 22:06:44,776 [INFO] src.circuit: Computing gate fanout capacitances
2026-08-13 22:06:44,776 [INFO] src.circuit: Computing gate rise/fall delays
2026-08-13 22:06:44,776 [INFO] src.circuit: Computing circuit power
2026-08-13 22:06:44,776 [INFO] src.sta: Running static timing analysis
2026-08-13 22:06:44,778 [INFO] src.sta: Timing FAILED: WNS=-0.0755222 ns, TNS=-0.680092 ns
2026-08-13 22:06:44,778 [INFO] src.optimizer: Optimization attempt 91/100
2026-08-13 22:06:44,779 [INFO] src.circuit: Preparing circuit c15_high_fanout_sizing_fabric (118 gates, 136 nets)
2026-08-13 22:06:44,779 [INFO] src.circuit: Building the gate topological order
2026-08-13 22:06:44,779 [INFO] src.circuit: Computing gate fanout capacitances
2026-08-13 22:06:44,779 [INFO] src.circuit: Computing gate rise/fall delays
2026-08-13 22:06:44,779 [INFO] src.circuit: Computing circuit power
2026-08-13 22:06:44,780 [INFO] src.sta: Running static timing analysis
2026-08-13 22:06:44,782 [INFO] src.sta: Timing FAILED: WNS=-0.0785193 ns, TNS=-0.818086 ns
2026-08-13 22:06:44,782 [INFO] src.optimizer: Optimization attempt 92/100
2026-08-13 22:06:44,782 [INFO] src.circuit: Preparing circuit c15_high_fanout_sizing_fabric (118 gates, 136 nets)
2026-08-13 22:06:44,782 [INFO] src.circuit: Building the gate topological order
2026-08-13 22:06:44,782 [INFO] src.circuit: Computing gate fanout capacitances
2026-08-13 22:06:44,783 [INFO] src.circuit: Computing gate rise/fall delays
2026-08-13 22:06:44,783 [INFO] src.circuit: Computing circuit power
2026-08-13 22:06:44,783 [INFO] src.sta: Running static timing analysis
2026-08-13 22:06:44,786 [INFO] src.sta: Timing FAILED: WNS=-0.0826812 ns, TNS=-0.696409 ns
2026-08-13 22:06:44,786 [INFO] src.optimizer: Optimization attempt 93/100
2026-08-13 22:06:44,786 [INFO] src.circuit: Preparing circuit c15_high_fanout_sizing_fabric (118 gates, 136 nets)
2026-08-13 22:06:44,786 [INFO] src.circuit: Building the gate topological order
2026-08-13 22:06:44,787 [INFO] src.circuit: Computing gate fanout capacitances
2026-08-13 22:06:44,787 [INFO] src.circuit: Computing gate rise/fall delays
2026-08-13 22:06:44,787 [INFO] src.circuit: Computing circuit power
2026-08-13 22:06:44,787 [INFO] src.sta: Running static timing analysis
2026-08-13 22:06:44,790 [INFO] src.sta: Timing FAILED: WNS=-0.0675197 ns, TNS=-0.666092 ns
2026-08-13 22:06:44,790 [INFO] src.optimizer: Optimization attempt 94/100
2026-08-13 22:06:44,790 [INFO] src.circuit: Preparing circuit c15_high_fanout_sizing_fabric (118 gates, 136 nets)
2026-08-13 22:06:44,790 [INFO] src.circuit: Building the gate topological order
2026-08-13 22:06:44,791 [INFO] src.circuit: Computing gate fanout capacitances
2026-08-13 22:06:44,791 [INFO] src.circuit: Computing gate rise/fall delays
2026-08-13 22:06:44,791 [INFO] src.circuit: Computing circuit power
2026-08-13 22:06:44,791 [INFO] src.sta: Running static timing analysis
2026-08-13 22:06:44,793 [INFO] src.sta: Timing FAILED: WNS=-0.0675192 ns, TNS=-0.664086 ns
2026-08-13 22:06:44,793 [INFO] src.optimizer: Optimization attempt 95/100
2026-08-13 22:06:44,794 [INFO] src.circuit: Preparing circuit c15_high_fanout_sizing_fabric (118 gates, 136 nets)
2026-08-13 22:06:44,794 [INFO] src.circuit: Building the gate topological order
2026-08-13 22:06:44,794 [INFO] src.circuit: Computing gate fanout capacitances
2026-08-13 22:06:44,794 [INFO] src.circuit: Computing gate rise/fall delays
2026-08-13 22:06:44,794 [INFO] src.circuit: Computing circuit power
2026-08-13 22:06:44,794 [INFO] src.sta: Running static timing analysis
2026-08-13 22:06:44,797 [INFO] src.sta: Timing FAILED: WNS=-0.0690184 ns, TNS=-0.685074 ns
2026-08-13 22:06:44,797 [INFO] src.optimizer: Optimization attempt 96/100
2026-08-13 22:06:44,798 [INFO] src.circuit: Preparing circuit c15_high_fanout_sizing_fabric (118 gates, 136 nets)
2026-08-13 22:06:44,798 [INFO] src.circuit: Building the gate topological order
2026-08-13 22:06:44,798 [INFO] src.circuit: Computing gate fanout capacitances
2026-08-13 22:06:44,798 [INFO] src.circuit: Computing gate rise/fall delays
2026-08-13 22:06:44,798 [INFO] src.circuit: Computing circuit power
2026-08-13 22:06:44,798 [INFO] src.sta: Running static timing analysis
2026-08-13 22:06:44,801 [INFO] src.sta: Timing FAILED: WNS=-0.0866075 ns, TNS=-0.704267 ns
2026-08-13 22:06:44,801 [INFO] src.optimizer: Optimization attempt 97/100
2026-08-13 22:06:44,801 [INFO] src.circuit: Preparing circuit c15_high_fanout_sizing_fabric (118 gates, 136 nets)
2026-08-13 22:06:44,801 [INFO] src.circuit: Building the gate topological order
2026-08-13 22:06:44,802 [INFO] src.circuit: Computing gate fanout capacitances
2026-08-13 22:06:44,802 [INFO] src.circuit: Computing gate rise/fall delays
2026-08-13 22:06:44,802 [INFO] src.circuit: Computing circuit power
2026-08-13 22:06:44,802 [INFO] src.sta: Running static timing analysis
2026-08-13 22:06:44,805 [INFO] src.sta: Timing FAILED: WNS=-0.0838527 ns, TNS=-0.696092 ns
2026-08-13 22:06:44,805 [INFO] src.optimizer: Optimization attempt 98/100
2026-08-13 22:06:44,805 [INFO] src.circuit: Preparing circuit c15_high_fanout_sizing_fabric (118 gates, 136 nets)
2026-08-13 22:06:44,805 [INFO] src.circuit: Building the gate topological order
2026-08-13 22:06:44,806 [INFO] src.circuit: Computing gate fanout capacitances
2026-08-13 22:06:44,806 [INFO] src.circuit: Computing gate rise/fall delays
2026-08-13 22:06:44,806 [INFO] src.circuit: Computing circuit power
2026-08-13 22:06:44,806 [INFO] src.sta: Running static timing analysis
2026-08-13 22:06:44,809 [INFO] src.sta: Timing FAILED: WNS=-0.102361 ns, TNS=-1.09653 ns
2026-08-13 22:06:44,809 [INFO] src.optimizer: Optimization attempt 99/100
2026-08-13 22:06:44,809 [INFO] src.circuit: Preparing circuit c15_high_fanout_sizing_fabric (118 gates, 136 nets)
2026-08-13 22:06:44,809 [INFO] src.circuit: Building the gate topological order
2026-08-13 22:06:44,809 [INFO] src.circuit: Computing gate fanout capacitances
2026-08-13 22:06:44,810 [INFO] src.circuit: Computing gate rise/fall delays
2026-08-13 22:06:44,810 [INFO] src.circuit: Computing circuit power
2026-08-13 22:06:44,810 [INFO] src.sta: Running static timing analysis
2026-08-13 22:06:44,812 [INFO] src.sta: Timing FAILED: WNS=-0.0688572 ns, TNS=-0.667763 ns
2026-08-13 22:06:44,812 [INFO] src.optimizer: Optimization attempt 100/100
2026-08-13 22:06:44,813 [INFO] src.circuit: Preparing circuit c15_high_fanout_sizing_fabric (118 gates, 136 nets)
2026-08-13 22:06:44,813 [INFO] src.circuit: Building the gate topological order
2026-08-13 22:06:44,813 [INFO] src.circuit: Computing gate fanout capacitances
2026-08-13 22:06:44,813 [INFO] src.circuit: Computing gate rise/fall delays
2026-08-13 22:06:44,813 [INFO] src.circuit: Computing circuit power
2026-08-13 22:06:44,814 [INFO] src.sta: Running static timing analysis
2026-08-13 22:06:44,816 [INFO] src.sta: Timing FAILED: WNS=-0.0930192 ns, TNS=-1.02109 ns
2026-08-13 22:06:44,816 [INFO] src.optimizer: Optimization stopped after reaching the maximum of 100 iterations
2026-08-13 22:06:44,816 [INFO] src.experiments: random_greedy optimization completed in 0.409253 s
2026-08-13 22:06:44,818 [INFO] src.experiments: Running experiment: topology_export
2026-08-13 22:06:44,825 [INFO] src.experiments: Running experiment: visualization
2026-08-13 22:06:51,006 [INFO] src.experiments: Running experiment: monte_carlo
2026-08-13 22:06:51,007 [INFO] src.experiments: Monte Carlo experiment is disabled by configuration
2026-08-13 22:06:51,007 [INFO] src.experiments: Running experiment: summary
2026-08-13 22:06:51,008 [INFO] src.experiments: Circuit experiments completed; results are in /home/halfblood/common/uni/master/VLSI/project/impl/outputs/c15_high_fanout_sizing_fabric
